scenario_id,sheet,trailer_id,trailer_name,variant,length,width,height,section_excel,section_mes,excel_total,mes_total,variance_pct,status,reason,likely_cause,accepted_reason
EXPLOSIVE_UP_TO_2.7~L1.8~W1.2~H1.6~as_sheet,EXPLOSIVE UP TO 2.7,34,EXPLOSIVE UP TO 2.7,as_sheet,1.8,1.2,1.6,FRONT,FRONT,3643.15819,3643.16,0.0,PASS,,,
EXPLOSIVE_UP_TO_2.7~L1.8~W1.2~H1.6~as_sheet,EXPLOSIVE UP TO 2.7,34,EXPLOSIVE UP TO 2.7,as_sheet,1.8,1.2,1.6,SRD,,0.0,,,SKIP,,,
EXPLOSIVE_UP_TO_2.7~L1.8~W1.2~H1.6~as_sheet,EXPLOSIVE UP TO 2.7,34,EXPLOSIVE UP TO 2.7,as_sheet,1.8,1.2,1.6,SRD DOOR FITTINGS,,0.0,,,SKIP,,,
EXPLOSIVE_UP_TO_2.7~L1.8~W1.2~H1.6~as_sheet,EXPLOSIVE UP TO 2.7,34,EXPLOSIVE UP TO 2.7,as_sheet,1.8,1.2,1.6,DRD,DRD,5227.411821,5227.39,0.0,PASS,,,
EXPLOSIVE_UP_TO_2.7~L1.8~W1.2~H1.6~as_sheet,EXPLOSIVE UP TO 2.7,34,EXPLOSIVE UP TO 2.7,as_sheet,1.8,1.2,1.6,DRD DOOR FITTINGS,DRD DOOR FITTINGS,4076.53113,4076.53,0.0,PASS,,,
EXPLOSIVE_UP_TO_2.7~L1.8~W1.2~H1.6~as_sheet,EXPLOSIVE UP TO 2.7,34,EXPLOSIVE UP TO 2.7,as_sheet,1.8,1.2,1.6,SIDES,SIDES,9675.046154,9674.98,0.001,PASS,,,
EXPLOSIVE_UP_TO_2.7~L1.8~W1.2~H1.6~as_sheet,EXPLOSIVE UP TO 2.7,34,EXPLOSIVE UP TO 2.7,as_sheet,1.8,1.2,1.6,ROOF,ROOF,3148.497037,3148.47,0.001,PASS,,,
EXPLOSIVE_UP_TO_2.7~L1.8~W1.2~H1.6~as_sheet,EXPLOSIVE UP TO 2.7,34,EXPLOSIVE UP TO 2.7,as_sheet,1.8,1.2,1.6,FLOOR,FLOOR,12804.40734,12804.4,0.0,PASS,,,
EXPLOSIVE_UP_TO_2.7~L1.8~W1.2~H1.6~as_sheet,EXPLOSIVE UP TO 2.7,34,EXPLOSIVE UP TO 2.7,as_sheet,1.8,1.2,1.6,ALUMINIUM,ALUMINIUM,3785.508,3810.1,0.65,PASS,,,
EXPLOSIVE_UP_TO_2.7~L1.8~W1.2~H1.6~as_sheet,EXPLOSIVE UP TO 2.7,34,EXPLOSIVE UP TO 2.7,as_sheet,1.8,1.2,1.6,SUB FRAME + LIGHT BOX ASSY,SUB FRAME + LIGHT BOX ASSY,3036.955218,2880.4,5.155,ACCEPTED,,MISSING_IN_MES 1MM GALV PLATE (-156.55),"[DATA] Burt's 1MM GALV PLATE (FREEZER MEDIUM, explosive bodies) / MOUNTING CLEATS (EXPLOSIVE 2.7 TO 4.8) lines have no MES line on prod."
EXPLOSIVE_UP_TO_2.7~L1.8~W1.2~H1.6~as_sheet,EXPLOSIVE UP TO 2.7,34,EXPLOSIVE UP TO 2.7,as_sheet,1.8,1.2,1.6,REAR FRAME + FLOOR PLATE,REAR FRAME & FLOOR PLATE,2454.146126,2454.15,0.0,PASS,,,
EXPLOSIVE_UP_TO_2.7~L1.8~W1.2~H1.6~as_sheet,EXPLOSIVE UP TO 2.7,34,EXPLOSIVE UP TO 2.7,as_sheet,1.8,1.2,1.6,SPRAY PAINTING,SPRAY PAINTING,750.0,750.0,0.0,PASS,,,
EXPLOSIVE_UP_TO_2.7~L1.8~W1.2~H1.6~all_eps,EXPLOSIVE UP TO 2.7,34,EXPLOSIVE UP TO 2.7,all_eps,1.8,1.2,1.6,FRONT,FRONT,2606.413105,2606.41,,UNVERIFIABLE,EXCEL_NO_PRICE:EPS,,
EXPLOSIVE_UP_TO_2.7~L1.8~W1.2~H1.6~all_eps,EXPLOSIVE UP TO 2.7,34,EXPLOSIVE UP TO 2.7,all_eps,1.8,1.2,1.6,SRD,,0.0,,,SKIP,,,
EXPLOSIVE_UP_TO_2.7~L1.8~W1.2~H1.6~all_eps,EXPLOSIVE UP TO 2.7,34,EXPLOSIVE UP TO 2.7,all_eps,1.8,1.2,1.6,SRD DOOR FITTINGS,,0.0,,,SKIP,,,
EXPLOSIVE_UP_TO_2.7~L1.8~W1.2~H1.6~all_eps,EXPLOSIVE UP TO 2.7,34,EXPLOSIVE UP TO 2.7,all_eps,1.8,1.2,1.6,DRD,DRD,4201.134155,4601.84,,UNVERIFIABLE,EXCEL_NO_PRICE:EPS,,
EXPLOSIVE_UP_TO_2.7~L1.8~W1.2~H1.6~all_eps,EXPLOSIVE UP TO 2.7,34,EXPLOSIVE UP TO 2.7,all_eps,1.8,1.2,1.6,DRD DOOR FITTINGS,DRD DOOR FITTINGS,4046.63674,4076.53,0.739,PASS,,,
EXPLOSIVE_UP_TO_2.7~L1.8~W1.2~H1.6~all_eps,EXPLOSIVE UP TO 2.7,34,EXPLOSIVE UP TO 2.7,all_eps,1.8,1.2,1.6,SIDES,SIDES,8111.458072,8159.0,,UNVERIFIABLE,EXCEL_NO_PRICE:EPS,,
EXPLOSIVE_UP_TO_2.7~L1.8~W1.2~H1.6~all_eps,EXPLOSIVE UP TO 2.7,34,EXPLOSIVE UP TO 2.7,all_eps,1.8,1.2,1.6,ROOF,ROOF,2390.508459,2390.48,,UNVERIFIABLE,EXCEL_NO_PRICE:EPS,,
EXPLOSIVE_UP_TO_2.7~L1.8~W1.2~H1.6~all_eps,EXPLOSIVE UP TO 2.7,34,EXPLOSIVE UP TO 2.7,all_eps,1.8,1.2,1.6,FLOOR,FLOOR,12804.40734,12804.4,0.0,PASS,,,
EXPLOSIVE_UP_TO_2.7~L1.8~W1.2~H1.6~all_eps,EXPLOSIVE UP TO 2.7,34,EXPLOSIVE UP TO 2.7,all_eps,1.8,1.2,1.6,ALUMINIUM,ALUMINIUM,3785.508,3810.1,0.65,PASS,,,
EXPLOSIVE_UP_TO_2.7~L1.8~W1.2~H1.6~all_eps,EXPLOSIVE UP TO 2.7,34,EXPLOSIVE UP TO 2.7,all_eps,1.8,1.2,1.6,SUB FRAME + LIGHT BOX ASSY,SUB FRAME + LIGHT BOX ASSY,3036.955218,2880.4,5.155,ACCEPTED,,MISSING_IN_MES 1MM GALV PLATE (-156.55),"[DATA] Burt's 1MM GALV PLATE (FREEZER MEDIUM, explosive bodies) / MOUNTING CLEATS (EXPLOSIVE 2.7 TO 4.8) lines have no MES line on prod."
EXPLOSIVE_UP_TO_2.7~L1.8~W1.2~H1.6~all_eps,EXPLOSIVE UP TO 2.7,34,EXPLOSIVE UP TO 2.7,all_eps,1.8,1.2,1.6,REAR FRAME + FLOOR PLATE,REAR FRAME & FLOOR PLATE,2434.145236,2454.15,0.822,PASS,,,
EXPLOSIVE_UP_TO_2.7~L1.8~W1.2~H1.6~all_eps,EXPLOSIVE UP TO 2.7,34,EXPLOSIVE UP TO 2.7,all_eps,1.8,1.2,1.6,SPRAY PAINTING,SPRAY PAINTING,750.0,750.0,0.0,PASS,,,
EXPLOSIVE_UP_TO_2.7~L1.8~W1.2~H1.6~all_pu,EXPLOSIVE UP TO 2.7,34,EXPLOSIVE UP TO 2.7,all_pu,1.8,1.2,1.6,FRONT,FRONT,3643.15819,3643.16,0.0,PASS,,,
EXPLOSIVE_UP_TO_2.7~L1.8~W1.2~H1.6~all_pu,EXPLOSIVE UP TO 2.7,34,EXPLOSIVE UP TO 2.7,all_pu,1.8,1.2,1.6,SRD,,0.0,,,SKIP,,,
EXPLOSIVE_UP_TO_2.7~L1.8~W1.2~H1.6~all_pu,EXPLOSIVE UP TO 2.7,34,EXPLOSIVE UP TO 2.7,all_pu,1.8,1.2,1.6,SRD DOOR FITTINGS,,0.0,,,SKIP,,,
EXPLOSIVE_UP_TO_2.7~L1.8~W1.2~H1.6~all_pu,EXPLOSIVE UP TO 2.7,34,EXPLOSIVE UP TO 2.7,all_pu,1.8,1.2,1.6,DRD,DRD,5227.411821,5227.39,0.0,PASS,,,
EXPLOSIVE_UP_TO_2.7~L1.8~W1.2~H1.6~all_pu,EXPLOSIVE UP TO 2.7,34,EXPLOSIVE UP TO 2.7,all_pu,1.8,1.2,1.6,DRD DOOR FITTINGS,DRD DOOR FITTINGS,4076.53113,4076.53,0.0,PASS,,,
EXPLOSIVE_UP_TO_2.7~L1.8~W1.2~H1.6~all_pu,EXPLOSIVE UP TO 2.7,34,EXPLOSIVE UP TO 2.7,all_pu,1.8,1.2,1.6,SIDES,SIDES,9675.046154,9674.98,0.001,PASS,,,
EXPLOSIVE_UP_TO_2.7~L1.8~W1.2~H1.6~all_pu,EXPLOSIVE UP TO 2.7,34,EXPLOSIVE UP TO 2.7,all_pu,1.8,1.2,1.6,ROOF,ROOF,3148.497037,3148.47,0.001,PASS,,,
EXPLOSIVE_UP_TO_2.7~L1.8~W1.2~H1.6~all_pu,EXPLOSIVE UP TO 2.7,34,EXPLOSIVE UP TO 2.7,all_pu,1.8,1.2,1.6,FLOOR,FLOOR,12804.40734,12804.4,0.0,PASS,,,
EXPLOSIVE_UP_TO_2.7~L1.8~W1.2~H1.6~all_pu,EXPLOSIVE UP TO 2.7,34,EXPLOSIVE UP TO 2.7,all_pu,1.8,1.2,1.6,ALUMINIUM,ALUMINIUM,3785.508,3810.1,0.65,PASS,,,
EXPLOSIVE_UP_TO_2.7~L1.8~W1.2~H1.6~all_pu,EXPLOSIVE UP TO 2.7,34,EXPLOSIVE UP TO 2.7,all_pu,1.8,1.2,1.6,SUB FRAME + LIGHT BOX ASSY,SUB FRAME + LIGHT BOX ASSY,3036.955218,2880.4,5.155,ACCEPTED,,MISSING_IN_MES 1MM GALV PLATE (-156.55),"[DATA] Burt's 1MM GALV PLATE (FREEZER MEDIUM, explosive bodies) / MOUNTING CLEATS (EXPLOSIVE 2.7 TO 4.8) lines have no MES line on prod."
EXPLOSIVE_UP_TO_2.7~L1.8~W1.2~H1.6~all_pu,EXPLOSIVE UP TO 2.7,34,EXPLOSIVE UP TO 2.7,all_pu,1.8,1.2,1.6,REAR FRAME + FLOOR PLATE,REAR FRAME & FLOOR PLATE,2454.146126,2454.15,0.0,PASS,,,
EXPLOSIVE_UP_TO_2.7~L1.8~W1.2~H1.6~all_pu,EXPLOSIVE UP TO 2.7,34,EXPLOSIVE UP TO 2.7,all_pu,1.8,1.2,1.6,SPRAY PAINTING,SPRAY PAINTING,750.0,750.0,0.0,PASS,,,
EXPLOSIVE_UP_TO_2.7~L1.8~W1.2~H1.6~srd,EXPLOSIVE UP TO 2.7,34,EXPLOSIVE UP TO 2.7,srd,1.8,1.2,1.6,FRONT,FRONT,3643.15819,3643.16,0.0,PASS,,,
EXPLOSIVE_UP_TO_2.7~L1.8~W1.2~H1.6~srd,EXPLOSIVE UP TO 2.7,34,EXPLOSIVE UP TO 2.7,srd,1.8,1.2,1.6,SRD,SRD,4886.445605,4449.77,8.936,ACCEPTED,,BOTH 0.9 MM ALU PLATE (-325.42),"[DATA] 0.9 MM ALU PLATE on the EXPLOSIVE UP TO 2.7 single rear door priced/quantified differently from Burt's sheet (-R325), prod as dev."
EXPLOSIVE_UP_TO_2.7~L1.8~W1.2~H1.6~srd,EXPLOSIVE UP TO 2.7,34,EXPLOSIVE UP TO 2.7,srd,1.8,1.2,1.6,SRD DOOR FITTINGS,SRD DOOR FITTINGS,5059.26105,4887.3,3.399,ACCEPTED,,PRICE_DIFF 28779 DOOR CAPPING (-132.20),"[DATA] SRD DOOR FITTINGS on every body: MES CSLB HINGES R293.46 x2 (Excel R146.73 x2 - the pair price applied per hinge) and SILPLUS X WHITE R232.30 (Excel R116.15); per body also 34MM LOCKING POLE, 28782 BIG HORIZ CAPPING, ALU CORNERS, 28780/28778 BIG VERTICAL."
EXPLOSIVE_UP_TO_2.7~L1.8~W1.2~H1.6~srd,EXPLOSIVE UP TO 2.7,34,EXPLOSIVE UP TO 2.7,srd,1.8,1.2,1.6,DRD,,0.0,,,SKIP,,,
EXPLOSIVE_UP_TO_2.7~L1.8~W1.2~H1.6~srd,EXPLOSIVE UP TO 2.7,34,EXPLOSIVE UP TO 2.7,srd,1.8,1.2,1.6,DRD DOOR FITTINGS,,0.0,,,SKIP,,,
EXPLOSIVE_UP_TO_2.7~L1.8~W1.2~H1.6~srd,EXPLOSIVE UP TO 2.7,34,EXPLOSIVE UP TO 2.7,srd,1.8,1.2,1.6,SIDES,SIDES,9675.046154,9674.98,0.001,PASS,,,
EXPLOSIVE_UP_TO_2.7~L1.8~W1.2~H1.6~srd,EXPLOSIVE UP TO 2.7,34,EXPLOSIVE UP TO 2.7,srd,1.8,1.2,1.6,ROOF,ROOF,3148.497037,3148.47,0.001,PASS,,,
EXPLOSIVE_UP_TO_2.7~L1.8~W1.2~H1.6~srd,EXPLOSIVE UP TO 2.7,34,EXPLOSIVE UP TO 2.7,srd,1.8,1.2,1.6,FLOOR,FLOOR,12804.40734,12804.4,0.0,PASS,,,
EXPLOSIVE_UP_TO_2.7~L1.8~W1.2~H1.6~srd,EXPLOSIVE UP TO 2.7,34,EXPLOSIVE UP TO 2.7,srd,1.8,1.2,1.6,ALUMINIUM,ALUMINIUM,3785.508,3810.1,0.65,PASS,,,
EXPLOSIVE_UP_TO_2.7~L1.8~W1.2~H1.6~srd,EXPLOSIVE UP TO 2.7,34,EXPLOSIVE UP TO 2.7,srd,1.8,1.2,1.6,SUB FRAME + LIGHT BOX ASSY,SUB FRAME + LIGHT BOX ASSY,3036.955218,2880.4,5.155,ACCEPTED,,MISSING_IN_MES 1MM GALV PLATE (-156.55),"[DATA] Burt's 1MM GALV PLATE (FREEZER MEDIUM, explosive bodies) / MOUNTING CLEATS (EXPLOSIVE 2.7 TO 4.8) lines have no MES line on prod."
EXPLOSIVE_UP_TO_2.7~L1.8~W1.2~H1.6~srd,EXPLOSIVE UP TO 2.7,34,EXPLOSIVE UP TO 2.7,srd,1.8,1.2,1.6,REAR FRAME + FLOOR PLATE,,0.0,,,SKIP,,,
EXPLOSIVE_UP_TO_2.7~L1.8~W1.2~H1.6~srd,EXPLOSIVE UP TO 2.7,34,EXPLOSIVE UP TO 2.7,srd,1.8,1.2,1.6,SPRAY PAINTING,SPRAY PAINTING,750.0,750.0,0.0,PASS,,,
EXPLOSIVE_UP_TO_2.7~L1.8~W1.2~H1.6~drd,EXPLOSIVE UP TO 2.7,34,EXPLOSIVE UP TO 2.7,drd,1.8,1.2,1.6,FRONT,FRONT,3643.15819,3643.16,0.0,PASS,,,
EXPLOSIVE_UP_TO_2.7~L1.8~W1.2~H1.6~drd,EXPLOSIVE UP TO 2.7,34,EXPLOSIVE UP TO 2.7,drd,1.8,1.2,1.6,SRD,,0.0,,,SKIP,,,
EXPLOSIVE_UP_TO_2.7~L1.8~W1.2~H1.6~drd,EXPLOSIVE UP TO 2.7,34,EXPLOSIVE UP TO 2.7,drd,1.8,1.2,1.6,SRD DOOR FITTINGS,,0.0,,,SKIP,,,
EXPLOSIVE_UP_TO_2.7~L1.8~W1.2~H1.6~drd,EXPLOSIVE UP TO 2.7,34,EXPLOSIVE UP TO 2.7,drd,1.8,1.2,1.6,DRD,DRD,5227.411821,5227.39,0.0,PASS,,,
EXPLOSIVE_UP_TO_2.7~L1.8~W1.2~H1.6~drd,EXPLOSIVE UP TO 2.7,34,EXPLOSIVE UP TO 2.7,drd,1.8,1.2,1.6,DRD DOOR FITTINGS,DRD DOOR FITTINGS,4076.53113,4076.53,0.0,PASS,,,
EXPLOSIVE_UP_TO_2.7~L1.8~W1.2~H1.6~drd,EXPLOSIVE UP TO 2.7,34,EXPLOSIVE UP TO 2.7,drd,1.8,1.2,1.6,SIDES,SIDES,9675.046154,9674.98,0.001,PASS,,,
EXPLOSIVE_UP_TO_2.7~L1.8~W1.2~H1.6~drd,EXPLOSIVE UP TO 2.7,34,EXPLOSIVE UP TO 2.7,drd,1.8,1.2,1.6,ROOF,ROOF,3148.497037,3148.47,0.001,PASS,,,
EXPLOSIVE_UP_TO_2.7~L1.8~W1.2~H1.6~drd,EXPLOSIVE UP TO 2.7,34,EXPLOSIVE UP TO 2.7,drd,1.8,1.2,1.6,FLOOR,FLOOR,12804.40734,12804.4,0.0,PASS,,,
EXPLOSIVE_UP_TO_2.7~L1.8~W1.2~H1.6~drd,EXPLOSIVE UP TO 2.7,34,EXPLOSIVE UP TO 2.7,drd,1.8,1.2,1.6,ALUMINIUM,ALUMINIUM,3785.508,3810.1,0.65,PASS,,,
EXPLOSIVE_UP_TO_2.7~L1.8~W1.2~H1.6~drd,EXPLOSIVE UP TO 2.7,34,EXPLOSIVE UP TO 2.7,drd,1.8,1.2,1.6,SUB FRAME + LIGHT BOX ASSY,SUB FRAME + LIGHT BOX ASSY,3036.955218,2880.4,5.155,ACCEPTED,,MISSING_IN_MES 1MM GALV PLATE (-156.55),"[DATA] Burt's 1MM GALV PLATE (FREEZER MEDIUM, explosive bodies) / MOUNTING CLEATS (EXPLOSIVE 2.7 TO 4.8) lines have no MES line on prod."
EXPLOSIVE_UP_TO_2.7~L1.8~W1.2~H1.6~drd,EXPLOSIVE UP TO 2.7,34,EXPLOSIVE UP TO 2.7,drd,1.8,1.2,1.6,REAR FRAME + FLOOR PLATE,REAR FRAME & FLOOR PLATE,2454.146126,2454.15,0.0,PASS,,,
EXPLOSIVE_UP_TO_2.7~L1.8~W1.2~H1.6~drd,EXPLOSIVE UP TO 2.7,34,EXPLOSIVE UP TO 2.7,drd,1.8,1.2,1.6,SPRAY PAINTING,SPRAY PAINTING,750.0,750.0,0.0,PASS,,,
EXPLOSIVE_UP_TO_2.7~L1.8~W1.2~H1.6~foam_4g,EXPLOSIVE UP TO 2.7,34,EXPLOSIVE UP TO 2.7,foam_4g,1.8,1.2,1.6,FRONT,FRONT,3960.144316,4004.28,1.114,ACCEPTED,,BOTH PU (+44.14),"[RULING] Manifests F + F2 (RT1 ruling 3 and addendum): prod prices 4G PU foam at Burt's 21 Sep 4G, R5 581 = the PU material's R4 100 (Burt's corrected 32D) x 5581/4100; the golden is his September workbook (4G R5 400), so every costed 4G PU foam line reads +3.35 % against it (32D matches the golden: both R4 100). A stop-gap: rebuild the golden from the 21 Sep workbooks, then remove this entry. EXPIRED means the golden refresh has not shipped."
EXPLOSIVE_UP_TO_2.7~L1.8~W1.2~H1.6~foam_4g,EXPLOSIVE UP TO 2.7,34,EXPLOSIVE UP TO 2.7,foam_4g,1.8,1.2,1.6,SRD,,0.0,,,SKIP,,,
EXPLOSIVE_UP_TO_2.7~L1.8~W1.2~H1.6~foam_4g,EXPLOSIVE UP TO 2.7,34,EXPLOSIVE UP TO 2.7,foam_4g,1.8,1.2,1.6,SRD DOOR FITTINGS,,0.0,,,SKIP,,,
EXPLOSIVE_UP_TO_2.7~L1.8~W1.2~H1.6~foam_4g,EXPLOSIVE UP TO 2.7,34,EXPLOSIVE UP TO 2.7,foam_4g,1.8,1.2,1.6,DRD,DRD,5544.397947,5588.51,0.796,PASS,,,
EXPLOSIVE_UP_TO_2.7~L1.8~W1.2~H1.6~foam_4g,EXPLOSIVE UP TO 2.7,34,EXPLOSIVE UP TO 2.7,foam_4g,1.8,1.2,1.6,DRD DOOR FITTINGS,DRD DOOR FITTINGS,4076.53113,4076.53,0.0,PASS,,,
EXPLOSIVE_UP_TO_2.7~L1.8~W1.2~H1.6~foam_4g,EXPLOSIVE UP TO 2.7,34,EXPLOSIVE UP TO 2.7,foam_4g,1.8,1.2,1.6,SIDES,SIDES,10155.721837,10222.58,0.658,PASS,,,
EXPLOSIVE_UP_TO_2.7~L1.8~W1.2~H1.6~foam_4g,EXPLOSIVE UP TO 2.7,34,EXPLOSIVE UP TO 2.7,foam_4g,1.8,1.2,1.6,ROOF,ROOF,3388.834878,3422.27,0.987,PASS,,,
EXPLOSIVE_UP_TO_2.7~L1.8~W1.2~H1.6~foam_4g,EXPLOSIVE UP TO 2.7,34,EXPLOSIVE UP TO 2.7,foam_4g,1.8,1.2,1.6,FLOOR,FLOOR,12804.40734,12804.4,0.0,PASS,,,
EXPLOSIVE_UP_TO_2.7~L1.8~W1.2~H1.6~foam_4g,EXPLOSIVE UP TO 2.7,34,EXPLOSIVE UP TO 2.7,foam_4g,1.8,1.2,1.6,ALUMINIUM,ALUMINIUM,3785.508,3810.1,0.65,PASS,,,
EXPLOSIVE_UP_TO_2.7~L1.8~W1.2~H1.6~foam_4g,EXPLOSIVE UP TO 2.7,34,EXPLOSIVE UP TO 2.7,foam_4g,1.8,1.2,1.6,SUB FRAME + LIGHT BOX ASSY,SUB FRAME + LIGHT BOX ASSY,3036.955218,2880.4,5.155,ACCEPTED,,MISSING_IN_MES 1MM GALV PLATE (-156.55),"[DATA] Burt's 1MM GALV PLATE (FREEZER MEDIUM, explosive bodies) / MOUNTING CLEATS (EXPLOSIVE 2.7 TO 4.8) lines have no MES line on prod."
EXPLOSIVE_UP_TO_2.7~L1.8~W1.2~H1.6~foam_4g,EXPLOSIVE UP TO 2.7,34,EXPLOSIVE UP TO 2.7,foam_4g,1.8,1.2,1.6,REAR FRAME + FLOOR PLATE,REAR FRAME & FLOOR PLATE,2454.146126,2454.15,0.0,PASS,,,
EXPLOSIVE_UP_TO_2.7~L1.8~W1.2~H1.6~foam_4g,EXPLOSIVE UP TO 2.7,34,EXPLOSIVE UP TO 2.7,foam_4g,1.8,1.2,1.6,SPRAY PAINTING,SPRAY PAINTING,750.0,750.0,0.0,PASS,,,
EXPLOSIVE_UP_TO_2.7~L2.3~W1.2~H1.6~as_sheet,EXPLOSIVE UP TO 2.7,34,EXPLOSIVE UP TO 2.7,as_sheet,2.3,1.2,1.6,FRONT,FRONT,3643.15819,3643.16,0.0,PASS,,,
EXPLOSIVE_UP_TO_2.7~L2.3~W1.2~H1.6~as_sheet,EXPLOSIVE UP TO 2.7,34,EXPLOSIVE UP TO 2.7,as_sheet,2.3,1.2,1.6,SRD,,0.0,,,SKIP,,,
EXPLOSIVE_UP_TO_2.7~L2.3~W1.2~H1.6~as_sheet,EXPLOSIVE UP TO 2.7,34,EXPLOSIVE UP TO 2.7,as_sheet,2.3,1.2,1.6,SRD DOOR FITTINGS,,0.0,,,SKIP,,,
EXPLOSIVE_UP_TO_2.7~L2.3~W1.2~H1.6~as_sheet,EXPLOSIVE UP TO 2.7,34,EXPLOSIVE UP TO 2.7,as_sheet,2.3,1.2,1.6,DRD,DRD,5227.411821,5227.39,0.0,PASS,,,
EXPLOSIVE_UP_TO_2.7~L2.3~W1.2~H1.6~as_sheet,EXPLOSIVE UP TO 2.7,34,EXPLOSIVE UP TO 2.7,as_sheet,2.3,1.2,1.6,DRD DOOR FITTINGS,DRD DOOR FITTINGS,4076.53113,4076.53,0.0,PASS,,,
EXPLOSIVE_UP_TO_2.7~L2.3~W1.2~H1.6~as_sheet,EXPLOSIVE UP TO 2.7,34,EXPLOSIVE UP TO 2.7,as_sheet,2.3,1.2,1.6,SIDES,SIDES,12238.321691,12238.24,0.001,PASS,,,
EXPLOSIVE_UP_TO_2.7~L2.3~W1.2~H1.6~as_sheet,EXPLOSIVE UP TO 2.7,34,EXPLOSIVE UP TO 2.7,as_sheet,2.3,1.2,1.6,ROOF,ROOF,3973.641281,3973.61,0.001,PASS,,,
EXPLOSIVE_UP_TO_2.7~L2.3~W1.2~H1.6~as_sheet,EXPLOSIVE UP TO 2.7,34,EXPLOSIVE UP TO 2.7,as_sheet,2.3,1.2,1.6,FLOOR,FLOOR,13675.515674,13675.51,0.0,PASS,,,
EXPLOSIVE_UP_TO_2.7~L2.3~W1.2~H1.6~as_sheet,EXPLOSIVE UP TO 2.7,34,EXPLOSIVE UP TO 2.7,as_sheet,2.3,1.2,1.6,ALUMINIUM,ALUMINIUM,4403.418,4432.65,0.664,PASS,,,
EXPLOSIVE_UP_TO_2.7~L2.3~W1.2~H1.6~as_sheet,EXPLOSIVE UP TO 2.7,34,EXPLOSIVE UP TO 2.7,as_sheet,2.3,1.2,1.6,SUB FRAME + LIGHT BOX ASSY,SUB FRAME + LIGHT BOX ASSY,3290.860218,3134.31,4.757,ACCEPTED,,MISSING_IN_MES 1MM GALV PLATE (-156.55),"[DATA] Burt's 1MM GALV PLATE (FREEZER MEDIUM, explosive bodies) / MOUNTING CLEATS (EXPLOSIVE 2.7 TO 4.8) lines have no MES line on prod."
EXPLOSIVE_UP_TO_2.7~L2.3~W1.2~H1.6~as_sheet,EXPLOSIVE UP TO 2.7,34,EXPLOSIVE UP TO 2.7,as_sheet,2.3,1.2,1.6,REAR FRAME + FLOOR PLATE,REAR FRAME & FLOOR PLATE,2454.146126,2454.15,0.0,PASS,,,
EXPLOSIVE_UP_TO_2.7~L2.3~W1.2~H1.6~as_sheet,EXPLOSIVE UP TO 2.7,34,EXPLOSIVE UP TO 2.7,as_sheet,2.3,1.2,1.6,SPRAY PAINTING,SPRAY PAINTING,750.0,750.0,0.0,PASS,,,
EXPLOSIVE_UP_TO_2.7~L2.3~W1.2~H1.6~all_eps,EXPLOSIVE UP TO 2.7,34,EXPLOSIVE UP TO 2.7,all_eps,2.3,1.2,1.6,FRONT,FRONT,2606.413105,2606.41,,UNVERIFIABLE,EXCEL_NO_PRICE:EPS,,
EXPLOSIVE_UP_TO_2.7~L2.3~W1.2~H1.6~all_eps,EXPLOSIVE UP TO 2.7,34,EXPLOSIVE UP TO 2.7,all_eps,2.3,1.2,1.6,SRD,,0.0,,,SKIP,,,
EXPLOSIVE_UP_TO_2.7~L2.3~W1.2~H1.6~all_eps,EXPLOSIVE UP TO 2.7,34,EXPLOSIVE UP TO 2.7,all_eps,2.3,1.2,1.6,SRD DOOR FITTINGS,,0.0,,,SKIP,,,
EXPLOSIVE_UP_TO_2.7~L2.3~W1.2~H1.6~all_eps,EXPLOSIVE UP TO 2.7,34,EXPLOSIVE UP TO 2.7,all_eps,2.3,1.2,1.6,DRD,DRD,4201.134155,4601.84,,UNVERIFIABLE,EXCEL_NO_PRICE:EPS,,
EXPLOSIVE_UP_TO_2.7~L2.3~W1.2~H1.6~all_eps,EXPLOSIVE UP TO 2.7,34,EXPLOSIVE UP TO 2.7,all_eps,2.3,1.2,1.6,DRD DOOR FITTINGS,DRD DOOR FITTINGS,4046.63674,4076.53,0.739,PASS,,,
EXPLOSIVE_UP_TO_2.7~L2.3~W1.2~H1.6~all_eps,EXPLOSIVE UP TO 2.7,34,EXPLOSIVE UP TO 2.7,all_eps,2.3,1.2,1.6,SIDES,SIDES,10252.142235,10312.54,,UNVERIFIABLE,EXCEL_NO_PRICE:EPS,,
EXPLOSIVE_UP_TO_2.7~L2.3~W1.2~H1.6~all_eps,EXPLOSIVE UP TO 2.7,34,EXPLOSIVE UP TO 2.7,all_eps,2.3,1.2,1.6,ROOF,ROOF,3010.790926,3010.76,,UNVERIFIABLE,EXCEL_NO_PRICE:EPS,,
EXPLOSIVE_UP_TO_2.7~L2.3~W1.2~H1.6~all_eps,EXPLOSIVE UP TO 2.7,34,EXPLOSIVE UP TO 2.7,all_eps,2.3,1.2,1.6,FLOOR,FLOOR,13675.515674,13675.51,0.0,PASS,,,
EXPLOSIVE_UP_TO_2.7~L2.3~W1.2~H1.6~all_eps,EXPLOSIVE UP TO 2.7,34,EXPLOSIVE UP TO 2.7,all_eps,2.3,1.2,1.6,ALUMINIUM,ALUMINIUM,4403.418,4432.65,0.664,PASS,,,
EXPLOSIVE_UP_TO_2.7~L2.3~W1.2~H1.6~all_eps,EXPLOSIVE UP TO 2.7,34,EXPLOSIVE UP TO 2.7,all_eps,2.3,1.2,1.6,SUB FRAME + LIGHT BOX ASSY,SUB FRAME + LIGHT BOX ASSY,3290.860218,3134.31,4.757,ACCEPTED,,MISSING_IN_MES 1MM GALV PLATE (-156.55),"[DATA] Burt's 1MM GALV PLATE (FREEZER MEDIUM, explosive bodies) / MOUNTING CLEATS (EXPLOSIVE 2.7 TO 4.8) lines have no MES line on prod."
EXPLOSIVE_UP_TO_2.7~L2.3~W1.2~H1.6~all_eps,EXPLOSIVE UP TO 2.7,34,EXPLOSIVE UP TO 2.7,all_eps,2.3,1.2,1.6,REAR FRAME + FLOOR PLATE,REAR FRAME & FLOOR PLATE,2434.145236,2454.15,0.822,PASS,,,
EXPLOSIVE_UP_TO_2.7~L2.3~W1.2~H1.6~all_eps,EXPLOSIVE UP TO 2.7,34,EXPLOSIVE UP TO 2.7,all_eps,2.3,1.2,1.6,SPRAY PAINTING,SPRAY PAINTING,750.0,750.0,0.0,PASS,,,
EXPLOSIVE_UP_TO_2.7~L2.3~W1.2~H1.6~all_pu,EXPLOSIVE UP TO 2.7,34,EXPLOSIVE UP TO 2.7,all_pu,2.3,1.2,1.6,FRONT,FRONT,3643.15819,3643.16,0.0,PASS,,,
EXPLOSIVE_UP_TO_2.7~L2.3~W1.2~H1.6~all_pu,EXPLOSIVE UP TO 2.7,34,EXPLOSIVE UP TO 2.7,all_pu,2.3,1.2,1.6,SRD,,0.0,,,SKIP,,,
EXPLOSIVE_UP_TO_2.7~L2.3~W1.2~H1.6~all_pu,EXPLOSIVE UP TO 2.7,34,EXPLOSIVE UP TO 2.7,all_pu,2.3,1.2,1.6,SRD DOOR FITTINGS,,0.0,,,SKIP,,,
EXPLOSIVE_UP_TO_2.7~L2.3~W1.2~H1.6~all_pu,EXPLOSIVE UP TO 2.7,34,EXPLOSIVE UP TO 2.7,all_pu,2.3,1.2,1.6,DRD,DRD,5227.411821,5227.39,0.0,PASS,,,
EXPLOSIVE_UP_TO_2.7~L2.3~W1.2~H1.6~all_pu,EXPLOSIVE UP TO 2.7,34,EXPLOSIVE UP TO 2.7,all_pu,2.3,1.2,1.6,DRD DOOR FITTINGS,DRD DOOR FITTINGS,4076.53113,4076.53,0.0,PASS,,,
EXPLOSIVE_UP_TO_2.7~L2.3~W1.2~H1.6~all_pu,EXPLOSIVE UP TO 2.7,34,EXPLOSIVE UP TO 2.7,all_pu,2.3,1.2,1.6,SIDES,SIDES,12238.321691,12238.24,0.001,PASS,,,
EXPLOSIVE_UP_TO_2.7~L2.3~W1.2~H1.6~all_pu,EXPLOSIVE UP TO 2.7,34,EXPLOSIVE UP TO 2.7,all_pu,2.3,1.2,1.6,ROOF,ROOF,3973.641281,3973.61,0.001,PASS,,,
EXPLOSIVE_UP_TO_2.7~L2.3~W1.2~H1.6~all_pu,EXPLOSIVE UP TO 2.7,34,EXPLOSIVE UP TO 2.7,all_pu,2.3,1.2,1.6,FLOOR,FLOOR,13675.515674,13675.51,0.0,PASS,,,
EXPLOSIVE_UP_TO_2.7~L2.3~W1.2~H1.6~all_pu,EXPLOSIVE UP TO 2.7,34,EXPLOSIVE UP TO 2.7,all_pu,2.3,1.2,1.6,ALUMINIUM,ALUMINIUM,4403.418,4432.65,0.664,PASS,,,
EXPLOSIVE_UP_TO_2.7~L2.3~W1.2~H1.6~all_pu,EXPLOSIVE UP TO 2.7,34,EXPLOSIVE UP TO 2.7,all_pu,2.3,1.2,1.6,SUB FRAME + LIGHT BOX ASSY,SUB FRAME + LIGHT BOX ASSY,3290.860218,3134.31,4.757,ACCEPTED,,MISSING_IN_MES 1MM GALV PLATE (-156.55),"[DATA] Burt's 1MM GALV PLATE (FREEZER MEDIUM, explosive bodies) / MOUNTING CLEATS (EXPLOSIVE 2.7 TO 4.8) lines have no MES line on prod."
EXPLOSIVE_UP_TO_2.7~L2.3~W1.2~H1.6~all_pu,EXPLOSIVE UP TO 2.7,34,EXPLOSIVE UP TO 2.7,all_pu,2.3,1.2,1.6,REAR FRAME + FLOOR PLATE,REAR FRAME & FLOOR PLATE,2454.146126,2454.15,0.0,PASS,,,
EXPLOSIVE_UP_TO_2.7~L2.3~W1.2~H1.6~all_pu,EXPLOSIVE UP TO 2.7,34,EXPLOSIVE UP TO 2.7,all_pu,2.3,1.2,1.6,SPRAY PAINTING,SPRAY PAINTING,750.0,750.0,0.0,PASS,,,
EXPLOSIVE_UP_TO_2.7~L2.3~W1.2~H1.6~srd,EXPLOSIVE UP TO 2.7,34,EXPLOSIVE UP TO 2.7,srd,2.3,1.2,1.6,FRONT,FRONT,3643.15819,3643.16,0.0,PASS,,,
EXPLOSIVE_UP_TO_2.7~L2.3~W1.2~H1.6~srd,EXPLOSIVE UP TO 2.7,34,EXPLOSIVE UP TO 2.7,srd,2.3,1.2,1.6,SRD,SRD,4886.445605,4449.77,8.936,ACCEPTED,,BOTH 0.9 MM ALU PLATE (-325.42),"[DATA] 0.9 MM ALU PLATE on the EXPLOSIVE UP TO 2.7 single rear door priced/quantified differently from Burt's sheet (-R325), prod as dev."
EXPLOSIVE_UP_TO_2.7~L2.3~W1.2~H1.6~srd,EXPLOSIVE UP TO 2.7,34,EXPLOSIVE UP TO 2.7,srd,2.3,1.2,1.6,SRD DOOR FITTINGS,SRD DOOR FITTINGS,5059.26105,4887.3,3.399,ACCEPTED,,PRICE_DIFF 28779 DOOR CAPPING (-132.20),"[DATA] SRD DOOR FITTINGS on every body: MES CSLB HINGES R293.46 x2 (Excel R146.73 x2 - the pair price applied per hinge) and SILPLUS X WHITE R232.30 (Excel R116.15); per body also 34MM LOCKING POLE, 28782 BIG HORIZ CAPPING, ALU CORNERS, 28780/28778 BIG VERTICAL."
EXPLOSIVE_UP_TO_2.7~L2.3~W1.2~H1.6~srd,EXPLOSIVE UP TO 2.7,34,EXPLOSIVE UP TO 2.7,srd,2.3,1.2,1.6,DRD,,0.0,,,SKIP,,,
EXPLOSIVE_UP_TO_2.7~L2.3~W1.2~H1.6~srd,EXPLOSIVE UP TO 2.7,34,EXPLOSIVE UP TO 2.7,srd,2.3,1.2,1.6,DRD DOOR FITTINGS,,0.0,,,SKIP,,,
EXPLOSIVE_UP_TO_2.7~L2.3~W1.2~H1.6~srd,EXPLOSIVE UP TO 2.7,34,EXPLOSIVE UP TO 2.7,srd,2.3,1.2,1.6,SIDES,SIDES,12238.321691,12238.24,0.001,PASS,,,
EXPLOSIVE_UP_TO_2.7~L2.3~W1.2~H1.6~srd,EXPLOSIVE UP TO 2.7,34,EXPLOSIVE UP TO 2.7,srd,2.3,1.2,1.6,ROOF,ROOF,3973.641281,3973.61,0.001,PASS,,,
EXPLOSIVE_UP_TO_2.7~L2.3~W1.2~H1.6~srd,EXPLOSIVE UP TO 2.7,34,EXPLOSIVE UP TO 2.7,srd,2.3,1.2,1.6,FLOOR,FLOOR,13675.515674,13675.51,0.0,PASS,,,
EXPLOSIVE_UP_TO_2.7~L2.3~W1.2~H1.6~srd,EXPLOSIVE UP TO 2.7,34,EXPLOSIVE UP TO 2.7,srd,2.3,1.2,1.6,ALUMINIUM,ALUMINIUM,4403.418,4432.65,0.664,PASS,,,
EXPLOSIVE_UP_TO_2.7~L2.3~W1.2~H1.6~srd,EXPLOSIVE UP TO 2.7,34,EXPLOSIVE UP TO 2.7,srd,2.3,1.2,1.6,SUB FRAME + LIGHT BOX ASSY,SUB FRAME + LIGHT BOX ASSY,3290.860218,3134.31,4.757,ACCEPTED,,MISSING_IN_MES 1MM GALV PLATE (-156.55),"[DATA] Burt's 1MM GALV PLATE (FREEZER MEDIUM, explosive bodies) / MOUNTING CLEATS (EXPLOSIVE 2.7 TO 4.8) lines have no MES line on prod."
EXPLOSIVE_UP_TO_2.7~L2.3~W1.2~H1.6~srd,EXPLOSIVE UP TO 2.7,34,EXPLOSIVE UP TO 2.7,srd,2.3,1.2,1.6,REAR FRAME + FLOOR PLATE,,0.0,,,SKIP,,,
EXPLOSIVE_UP_TO_2.7~L2.3~W1.2~H1.6~srd,EXPLOSIVE UP TO 2.7,34,EXPLOSIVE UP TO 2.7,srd,2.3,1.2,1.6,SPRAY PAINTING,SPRAY PAINTING,750.0,750.0,0.0,PASS,,,
EXPLOSIVE_UP_TO_2.7~L2.3~W1.2~H1.6~drd,EXPLOSIVE UP TO 2.7,34,EXPLOSIVE UP TO 2.7,drd,2.3,1.2,1.6,FRONT,FRONT,3643.15819,3643.16,0.0,PASS,,,
EXPLOSIVE_UP_TO_2.7~L2.3~W1.2~H1.6~drd,EXPLOSIVE UP TO 2.7,34,EXPLOSIVE UP TO 2.7,drd,2.3,1.2,1.6,SRD,,0.0,,,SKIP,,,
EXPLOSIVE_UP_TO_2.7~L2.3~W1.2~H1.6~drd,EXPLOSIVE UP TO 2.7,34,EXPLOSIVE UP TO 2.7,drd,2.3,1.2,1.6,SRD DOOR FITTINGS,,0.0,,,SKIP,,,
EXPLOSIVE_UP_TO_2.7~L2.3~W1.2~H1.6~drd,EXPLOSIVE UP TO 2.7,34,EXPLOSIVE UP TO 2.7,drd,2.3,1.2,1.6,DRD,DRD,5227.411821,5227.39,0.0,PASS,,,
EXPLOSIVE_UP_TO_2.7~L2.3~W1.2~H1.6~drd,EXPLOSIVE UP TO 2.7,34,EXPLOSIVE UP TO 2.7,drd,2.3,1.2,1.6,DRD DOOR FITTINGS,DRD DOOR FITTINGS,4076.53113,4076.53,0.0,PASS,,,
EXPLOSIVE_UP_TO_2.7~L2.3~W1.2~H1.6~drd,EXPLOSIVE UP TO 2.7,34,EXPLOSIVE UP TO 2.7,drd,2.3,1.2,1.6,SIDES,SIDES,12238.321691,12238.24,0.001,PASS,,,
EXPLOSIVE_UP_TO_2.7~L2.3~W1.2~H1.6~drd,EXPLOSIVE UP TO 2.7,34,EXPLOSIVE UP TO 2.7,drd,2.3,1.2,1.6,ROOF,ROOF,3973.641281,3973.61,0.001,PASS,,,
EXPLOSIVE_UP_TO_2.7~L2.3~W1.2~H1.6~drd,EXPLOSIVE UP TO 2.7,34,EXPLOSIVE UP TO 2.7,drd,2.3,1.2,1.6,FLOOR,FLOOR,13675.515674,13675.51,0.0,PASS,,,
EXPLOSIVE_UP_TO_2.7~L2.3~W1.2~H1.6~drd,EXPLOSIVE UP TO 2.7,34,EXPLOSIVE UP TO 2.7,drd,2.3,1.2,1.6,ALUMINIUM,ALUMINIUM,4403.418,4432.65,0.664,PASS,,,
EXPLOSIVE_UP_TO_2.7~L2.3~W1.2~H1.6~drd,EXPLOSIVE UP TO 2.7,34,EXPLOSIVE UP TO 2.7,drd,2.3,1.2,1.6,SUB FRAME + LIGHT BOX ASSY,SUB FRAME + LIGHT BOX ASSY,3290.860218,3134.31,4.757,ACCEPTED,,MISSING_IN_MES 1MM GALV PLATE (-156.55),"[DATA] Burt's 1MM GALV PLATE (FREEZER MEDIUM, explosive bodies) / MOUNTING CLEATS (EXPLOSIVE 2.7 TO 4.8) lines have no MES line on prod."
EXPLOSIVE_UP_TO_2.7~L2.3~W1.2~H1.6~drd,EXPLOSIVE UP TO 2.7,34,EXPLOSIVE UP TO 2.7,drd,2.3,1.2,1.6,REAR FRAME + FLOOR PLATE,REAR FRAME & FLOOR PLATE,2454.146126,2454.15,0.0,PASS,,,
EXPLOSIVE_UP_TO_2.7~L2.3~W1.2~H1.6~drd,EXPLOSIVE UP TO 2.7,34,EXPLOSIVE UP TO 2.7,drd,2.3,1.2,1.6,SPRAY PAINTING,SPRAY PAINTING,750.0,750.0,0.0,PASS,,,
EXPLOSIVE_UP_TO_2.7~L2.3~W1.2~H1.6~foam_4g,EXPLOSIVE UP TO 2.7,34,EXPLOSIVE UP TO 2.7,foam_4g,2.3,1.2,1.6,FRONT,FRONT,3960.144316,4004.28,1.114,ACCEPTED,,BOTH PU (+44.14),"[RULING] Manifests F + F2 (RT1 ruling 3 and addendum): prod prices 4G PU foam at Burt's 21 Sep 4G, R5 581 = the PU material's R4 100 (Burt's corrected 32D) x 5581/4100; the golden is his September workbook (4G R5 400), so every costed 4G PU foam line reads +3.35 % against it (32D matches the golden: both R4 100). A stop-gap: rebuild the golden from the 21 Sep workbooks, then remove this entry. EXPIRED means the golden refresh has not shipped."
EXPLOSIVE_UP_TO_2.7~L2.3~W1.2~H1.6~foam_4g,EXPLOSIVE UP TO 2.7,34,EXPLOSIVE UP TO 2.7,foam_4g,2.3,1.2,1.6,SRD,,0.0,,,SKIP,,,
EXPLOSIVE_UP_TO_2.7~L2.3~W1.2~H1.6~foam_4g,EXPLOSIVE UP TO 2.7,34,EXPLOSIVE UP TO 2.7,foam_4g,2.3,1.2,1.6,SRD DOOR FITTINGS,,0.0,,,SKIP,,,
EXPLOSIVE_UP_TO_2.7~L2.3~W1.2~H1.6~foam_4g,EXPLOSIVE UP TO 2.7,34,EXPLOSIVE UP TO 2.7,foam_4g,2.3,1.2,1.6,DRD,DRD,5544.397947,5588.51,0.796,PASS,,,
EXPLOSIVE_UP_TO_2.7~L2.3~W1.2~H1.6~foam_4g,EXPLOSIVE UP TO 2.7,34,EXPLOSIVE UP TO 2.7,foam_4g,2.3,1.2,1.6,DRD DOOR FITTINGS,DRD DOOR FITTINGS,4076.53113,4076.53,0.0,PASS,,,
EXPLOSIVE_UP_TO_2.7~L2.3~W1.2~H1.6~foam_4g,EXPLOSIVE UP TO 2.7,34,EXPLOSIVE UP TO 2.7,foam_4g,2.3,1.2,1.6,SIDES,SIDES,12848.909721,12933.84,0.661,PASS,,,
EXPLOSIVE_UP_TO_2.7~L2.3~W1.2~H1.6~foam_4g,EXPLOSIVE UP TO 2.7,34,EXPLOSIVE UP TO 2.7,foam_4g,2.3,1.2,1.6,ROOF,ROOF,4278.935296,4321.41,0.993,PASS,,,
EXPLOSIVE_UP_TO_2.7~L2.3~W1.2~H1.6~foam_4g,EXPLOSIVE UP TO 2.7,34,EXPLOSIVE UP TO 2.7,foam_4g,2.3,1.2,1.6,FLOOR,FLOOR,13675.515674,13675.51,0.0,PASS,,,
EXPLOSIVE_UP_TO_2.7~L2.3~W1.2~H1.6~foam_4g,EXPLOSIVE UP TO 2.7,34,EXPLOSIVE UP TO 2.7,foam_4g,2.3,1.2,1.6,ALUMINIUM,ALUMINIUM,4403.418,4432.65,0.664,PASS,,,
EXPLOSIVE_UP_TO_2.7~L2.3~W1.2~H1.6~foam_4g,EXPLOSIVE UP TO 2.7,34,EXPLOSIVE UP TO 2.7,foam_4g,2.3,1.2,1.6,SUB FRAME + LIGHT BOX ASSY,SUB FRAME + LIGHT BOX ASSY,3290.860218,3134.31,4.757,ACCEPTED,,MISSING_IN_MES 1MM GALV PLATE (-156.55),"[DATA] Burt's 1MM GALV PLATE (FREEZER MEDIUM, explosive bodies) / MOUNTING CLEATS (EXPLOSIVE 2.7 TO 4.8) lines have no MES line on prod."
EXPLOSIVE_UP_TO_2.7~L2.3~W1.2~H1.6~foam_4g,EXPLOSIVE UP TO 2.7,34,EXPLOSIVE UP TO 2.7,foam_4g,2.3,1.2,1.6,REAR FRAME + FLOOR PLATE,REAR FRAME & FLOOR PLATE,2454.146126,2454.15,0.0,PASS,,,
EXPLOSIVE_UP_TO_2.7~L2.3~W1.2~H1.6~foam_4g,EXPLOSIVE UP TO 2.7,34,EXPLOSIVE UP TO 2.7,foam_4g,2.3,1.2,1.6,SPRAY PAINTING,SPRAY PAINTING,750.0,750.0,0.0,PASS,,,
EXPLOSIVE_UP_TO_2.7~L2.7~W1.2~H1.6~as_sheet,EXPLOSIVE UP TO 2.7,34,EXPLOSIVE UP TO 2.7,as_sheet,2.7,1.2,1.6,FRONT,FRONT,3643.15819,3643.16,0.0,PASS,,,
EXPLOSIVE_UP_TO_2.7~L2.7~W1.2~H1.6~as_sheet,EXPLOSIVE UP TO 2.7,34,EXPLOSIVE UP TO 2.7,as_sheet,2.7,1.2,1.6,SRD,,0.0,,,SKIP,,,
EXPLOSIVE_UP_TO_2.7~L2.7~W1.2~H1.6~as_sheet,EXPLOSIVE UP TO 2.7,34,EXPLOSIVE UP TO 2.7,as_sheet,2.7,1.2,1.6,SRD DOOR FITTINGS,,0.0,,,SKIP,,,
EXPLOSIVE_UP_TO_2.7~L2.7~W1.2~H1.6~as_sheet,EXPLOSIVE UP TO 2.7,34,EXPLOSIVE UP TO 2.7,as_sheet,2.7,1.2,1.6,DRD,DRD,5227.411821,5227.39,0.0,PASS,,,
EXPLOSIVE_UP_TO_2.7~L2.7~W1.2~H1.6~as_sheet,EXPLOSIVE UP TO 2.7,34,EXPLOSIVE UP TO 2.7,as_sheet,2.7,1.2,1.6,DRD DOOR FITTINGS,DRD DOOR FITTINGS,4076.53113,4076.53,0.0,PASS,,,
EXPLOSIVE_UP_TO_2.7~L2.7~W1.2~H1.6~as_sheet,EXPLOSIVE UP TO 2.7,34,EXPLOSIVE UP TO 2.7,as_sheet,2.7,1.2,1.6,SIDES,SIDES,14288.94212,14288.85,0.001,PASS,,,
EXPLOSIVE_UP_TO_2.7~L2.7~W1.2~H1.6~as_sheet,EXPLOSIVE UP TO 2.7,34,EXPLOSIVE UP TO 2.7,as_sheet,2.7,1.2,1.6,ROOF,ROOF,4633.756676,4633.72,0.001,PASS,,,
EXPLOSIVE_UP_TO_2.7~L2.7~W1.2~H1.6~as_sheet,EXPLOSIVE UP TO 2.7,34,EXPLOSIVE UP TO 2.7,as_sheet,2.7,1.2,1.6,FLOOR,FLOOR,14372.40234,14372.4,0.0,PASS,,,
EXPLOSIVE_UP_TO_2.7~L2.7~W1.2~H1.6~as_sheet,EXPLOSIVE UP TO 2.7,34,EXPLOSIVE UP TO 2.7,as_sheet,2.7,1.2,1.6,ALUMINIUM,ALUMINIUM,4897.746,4930.69,0.673,PASS,,,
EXPLOSIVE_UP_TO_2.7~L2.7~W1.2~H1.6~as_sheet,EXPLOSIVE UP TO 2.7,34,EXPLOSIVE UP TO 2.7,as_sheet,2.7,1.2,1.6,SUB FRAME + LIGHT BOX ASSY,SUB FRAME + LIGHT BOX ASSY,3493.984218,3337.43,4.481,ACCEPTED,,MISSING_IN_MES 1MM GALV PLATE (-156.55),"[DATA] Burt's 1MM GALV PLATE (FREEZER MEDIUM, explosive bodies) / MOUNTING CLEATS (EXPLOSIVE 2.7 TO 4.8) lines have no MES line on prod."
EXPLOSIVE_UP_TO_2.7~L2.7~W1.2~H1.6~as_sheet,EXPLOSIVE UP TO 2.7,34,EXPLOSIVE UP TO 2.7,as_sheet,2.7,1.2,1.6,REAR FRAME + FLOOR PLATE,REAR FRAME & FLOOR PLATE,2454.146126,2454.15,0.0,PASS,,,
EXPLOSIVE_UP_TO_2.7~L2.7~W1.2~H1.6~as_sheet,EXPLOSIVE UP TO 2.7,34,EXPLOSIVE UP TO 2.7,as_sheet,2.7,1.2,1.6,SPRAY PAINTING,SPRAY PAINTING,750.0,750.0,0.0,PASS,,,
EXPLOSIVE_UP_TO_2.7~L2.7~W1.2~H1.6~all_eps,EXPLOSIVE UP TO 2.7,34,EXPLOSIVE UP TO 2.7,all_eps,2.7,1.2,1.6,FRONT,FRONT,2606.413105,2606.41,,UNVERIFIABLE,EXCEL_NO_PRICE:EPS,,
EXPLOSIVE_UP_TO_2.7~L2.7~W1.2~H1.6~all_eps,EXPLOSIVE UP TO 2.7,34,EXPLOSIVE UP TO 2.7,all_eps,2.7,1.2,1.6,SRD,,0.0,,,SKIP,,,
EXPLOSIVE_UP_TO_2.7~L2.7~W1.2~H1.6~all_eps,EXPLOSIVE UP TO 2.7,34,EXPLOSIVE UP TO 2.7,all_eps,2.7,1.2,1.6,SRD DOOR FITTINGS,,0.0,,,SKIP,,,
EXPLOSIVE_UP_TO_2.7~L2.7~W1.2~H1.6~all_eps,EXPLOSIVE UP TO 2.7,34,EXPLOSIVE UP TO 2.7,all_eps,2.7,1.2,1.6,DRD,DRD,4201.134155,4601.84,,UNVERIFIABLE,EXCEL_NO_PRICE:EPS,,
EXPLOSIVE_UP_TO_2.7~L2.7~W1.2~H1.6~all_eps,EXPLOSIVE UP TO 2.7,34,EXPLOSIVE UP TO 2.7,all_eps,2.7,1.2,1.6,DRD DOOR FITTINGS,DRD DOOR FITTINGS,4046.63674,4076.53,0.739,PASS,,,
EXPLOSIVE_UP_TO_2.7~L2.7~W1.2~H1.6~all_eps,EXPLOSIVE UP TO 2.7,34,EXPLOSIVE UP TO 2.7,all_eps,2.7,1.2,1.6,SIDES,SIDES,11964.689566,12035.37,,UNVERIFIABLE,EXCEL_NO_PRICE:EPS,,
EXPLOSIVE_UP_TO_2.7~L2.7~W1.2~H1.6~all_eps,EXPLOSIVE UP TO 2.7,34,EXPLOSIVE UP TO 2.7,all_eps,2.7,1.2,1.6,ROOF,ROOF,3507.016899,3506.98,,UNVERIFIABLE,EXCEL_NO_PRICE:EPS,,
EXPLOSIVE_UP_TO_2.7~L2.7~W1.2~H1.6~all_eps,EXPLOSIVE UP TO 2.7,34,EXPLOSIVE UP TO 2.7,all_eps,2.7,1.2,1.6,FLOOR,FLOOR,14372.40234,14372.4,0.0,PASS,,,
EXPLOSIVE_UP_TO_2.7~L2.7~W1.2~H1.6~all_eps,EXPLOSIVE UP TO 2.7,34,EXPLOSIVE UP TO 2.7,all_eps,2.7,1.2,1.6,ALUMINIUM,ALUMINIUM,4897.746,4930.69,0.673,PASS,,,
EXPLOSIVE_UP_TO_2.7~L2.7~W1.2~H1.6~all_eps,EXPLOSIVE UP TO 2.7,34,EXPLOSIVE UP TO 2.7,all_eps,2.7,1.2,1.6,SUB FRAME + LIGHT BOX ASSY,SUB FRAME + LIGHT BOX ASSY,3493.984218,3337.43,4.481,ACCEPTED,,MISSING_IN_MES 1MM GALV PLATE (-156.55),"[DATA] Burt's 1MM GALV PLATE (FREEZER MEDIUM, explosive bodies) / MOUNTING CLEATS (EXPLOSIVE 2.7 TO 4.8) lines have no MES line on prod."
EXPLOSIVE_UP_TO_2.7~L2.7~W1.2~H1.6~all_eps,EXPLOSIVE UP TO 2.7,34,EXPLOSIVE UP TO 2.7,all_eps,2.7,1.2,1.6,REAR FRAME + FLOOR PLATE,REAR FRAME & FLOOR PLATE,2434.145236,2454.15,0.822,PASS,,,
EXPLOSIVE_UP_TO_2.7~L2.7~W1.2~H1.6~all_eps,EXPLOSIVE UP TO 2.7,34,EXPLOSIVE UP TO 2.7,all_eps,2.7,1.2,1.6,SPRAY PAINTING,SPRAY PAINTING,750.0,750.0,0.0,PASS,,,
EXPLOSIVE_UP_TO_2.7~L2.7~W1.2~H1.6~all_pu,EXPLOSIVE UP TO 2.7,34,EXPLOSIVE UP TO 2.7,all_pu,2.7,1.2,1.6,FRONT,FRONT,3643.15819,3643.16,0.0,PASS,,,
EXPLOSIVE_UP_TO_2.7~L2.7~W1.2~H1.6~all_pu,EXPLOSIVE UP TO 2.7,34,EXPLOSIVE UP TO 2.7,all_pu,2.7,1.2,1.6,SRD,,0.0,,,SKIP,,,
EXPLOSIVE_UP_TO_2.7~L2.7~W1.2~H1.6~all_pu,EXPLOSIVE UP TO 2.7,34,EXPLOSIVE UP TO 2.7,all_pu,2.7,1.2,1.6,SRD DOOR FITTINGS,,0.0,,,SKIP,,,
EXPLOSIVE_UP_TO_2.7~L2.7~W1.2~H1.6~all_pu,EXPLOSIVE UP TO 2.7,34,EXPLOSIVE UP TO 2.7,all_pu,2.7,1.2,1.6,DRD,DRD,5227.411821,5227.39,0.0,PASS,,,
EXPLOSIVE_UP_TO_2.7~L2.7~W1.2~H1.6~all_pu,EXPLOSIVE UP TO 2.7,34,EXPLOSIVE UP TO 2.7,all_pu,2.7,1.2,1.6,DRD DOOR FITTINGS,DRD DOOR FITTINGS,4076.53113,4076.53,0.0,PASS,,,
EXPLOSIVE_UP_TO_2.7~L2.7~W1.2~H1.6~all_pu,EXPLOSIVE UP TO 2.7,34,EXPLOSIVE UP TO 2.7,all_pu,2.7,1.2,1.6,SIDES,SIDES,14288.94212,14288.85,0.001,PASS,,,
EXPLOSIVE_UP_TO_2.7~L2.7~W1.2~H1.6~all_pu,EXPLOSIVE UP TO 2.7,34,EXPLOSIVE UP TO 2.7,all_pu,2.7,1.2,1.6,ROOF,ROOF,4633.756676,4633.72,0.001,PASS,,,
EXPLOSIVE_UP_TO_2.7~L2.7~W1.2~H1.6~all_pu,EXPLOSIVE UP TO 2.7,34,EXPLOSIVE UP TO 2.7,all_pu,2.7,1.2,1.6,FLOOR,FLOOR,14372.40234,14372.4,0.0,PASS,,,
EXPLOSIVE_UP_TO_2.7~L2.7~W1.2~H1.6~all_pu,EXPLOSIVE UP TO 2.7,34,EXPLOSIVE UP TO 2.7,all_pu,2.7,1.2,1.6,ALUMINIUM,ALUMINIUM,4897.746,4930.69,0.673,PASS,,,
EXPLOSIVE_UP_TO_2.7~L2.7~W1.2~H1.6~all_pu,EXPLOSIVE UP TO 2.7,34,EXPLOSIVE UP TO 2.7,all_pu,2.7,1.2,1.6,SUB FRAME + LIGHT BOX ASSY,SUB FRAME + LIGHT BOX ASSY,3493.984218,3337.43,4.481,ACCEPTED,,MISSING_IN_MES 1MM GALV PLATE (-156.55),"[DATA] Burt's 1MM GALV PLATE (FREEZER MEDIUM, explosive bodies) / MOUNTING CLEATS (EXPLOSIVE 2.7 TO 4.8) lines have no MES line on prod."
EXPLOSIVE_UP_TO_2.7~L2.7~W1.2~H1.6~all_pu,EXPLOSIVE UP TO 2.7,34,EXPLOSIVE UP TO 2.7,all_pu,2.7,1.2,1.6,REAR FRAME + FLOOR PLATE,REAR FRAME & FLOOR PLATE,2454.146126,2454.15,0.0,PASS,,,
EXPLOSIVE_UP_TO_2.7~L2.7~W1.2~H1.6~all_pu,EXPLOSIVE UP TO 2.7,34,EXPLOSIVE UP TO 2.7,all_pu,2.7,1.2,1.6,SPRAY PAINTING,SPRAY PAINTING,750.0,750.0,0.0,PASS,,,
EXPLOSIVE_UP_TO_2.7~L2.7~W1.2~H1.6~srd,EXPLOSIVE UP TO 2.7,34,EXPLOSIVE UP TO 2.7,srd,2.7,1.2,1.6,FRONT,FRONT,3643.15819,3643.16,0.0,PASS,,,
EXPLOSIVE_UP_TO_2.7~L2.7~W1.2~H1.6~srd,EXPLOSIVE UP TO 2.7,34,EXPLOSIVE UP TO 2.7,srd,2.7,1.2,1.6,SRD,SRD,4886.445605,4449.77,8.936,ACCEPTED,,BOTH 0.9 MM ALU PLATE (-325.42),"[DATA] 0.9 MM ALU PLATE on the EXPLOSIVE UP TO 2.7 single rear door priced/quantified differently from Burt's sheet (-R325), prod as dev."
EXPLOSIVE_UP_TO_2.7~L2.7~W1.2~H1.6~srd,EXPLOSIVE UP TO 2.7,34,EXPLOSIVE UP TO 2.7,srd,2.7,1.2,1.6,SRD DOOR FITTINGS,SRD DOOR FITTINGS,5059.26105,4887.3,3.399,ACCEPTED,,PRICE_DIFF 28779 DOOR CAPPING (-132.20),"[DATA] SRD DOOR FITTINGS on every body: MES CSLB HINGES R293.46 x2 (Excel R146.73 x2 - the pair price applied per hinge) and SILPLUS X WHITE R232.30 (Excel R116.15); per body also 34MM LOCKING POLE, 28782 BIG HORIZ CAPPING, ALU CORNERS, 28780/28778 BIG VERTICAL."
EXPLOSIVE_UP_TO_2.7~L2.7~W1.2~H1.6~srd,EXPLOSIVE UP TO 2.7,34,EXPLOSIVE UP TO 2.7,srd,2.7,1.2,1.6,DRD,,0.0,,,SKIP,,,
EXPLOSIVE_UP_TO_2.7~L2.7~W1.2~H1.6~srd,EXPLOSIVE UP TO 2.7,34,EXPLOSIVE UP TO 2.7,srd,2.7,1.2,1.6,DRD DOOR FITTINGS,,0.0,,,SKIP,,,
EXPLOSIVE_UP_TO_2.7~L2.7~W1.2~H1.6~srd,EXPLOSIVE UP TO 2.7,34,EXPLOSIVE UP TO 2.7,srd,2.7,1.2,1.6,SIDES,SIDES,14288.94212,14288.85,0.001,PASS,,,
EXPLOSIVE_UP_TO_2.7~L2.7~W1.2~H1.6~srd,EXPLOSIVE UP TO 2.7,34,EXPLOSIVE UP TO 2.7,srd,2.7,1.2,1.6,ROOF,ROOF,4633.756676,4633.72,0.001,PASS,,,
EXPLOSIVE_UP_TO_2.7~L2.7~W1.2~H1.6~srd,EXPLOSIVE UP TO 2.7,34,EXPLOSIVE UP TO 2.7,srd,2.7,1.2,1.6,FLOOR,FLOOR,14372.40234,14372.4,0.0,PASS,,,
EXPLOSIVE_UP_TO_2.7~L2.7~W1.2~H1.6~srd,EXPLOSIVE UP TO 2.7,34,EXPLOSIVE UP TO 2.7,srd,2.7,1.2,1.6,ALUMINIUM,ALUMINIUM,4897.746,4930.69,0.673,PASS,,,
EXPLOSIVE_UP_TO_2.7~L2.7~W1.2~H1.6~srd,EXPLOSIVE UP TO 2.7,34,EXPLOSIVE UP TO 2.7,srd,2.7,1.2,1.6,SUB FRAME + LIGHT BOX ASSY,SUB FRAME + LIGHT BOX ASSY,3493.984218,3337.43,4.481,ACCEPTED,,MISSING_IN_MES 1MM GALV PLATE (-156.55),"[DATA] Burt's 1MM GALV PLATE (FREEZER MEDIUM, explosive bodies) / MOUNTING CLEATS (EXPLOSIVE 2.7 TO 4.8) lines have no MES line on prod."
EXPLOSIVE_UP_TO_2.7~L2.7~W1.2~H1.6~srd,EXPLOSIVE UP TO 2.7,34,EXPLOSIVE UP TO 2.7,srd,2.7,1.2,1.6,REAR FRAME + FLOOR PLATE,,0.0,,,SKIP,,,
EXPLOSIVE_UP_TO_2.7~L2.7~W1.2~H1.6~srd,EXPLOSIVE UP TO 2.7,34,EXPLOSIVE UP TO 2.7,srd,2.7,1.2,1.6,SPRAY PAINTING,SPRAY PAINTING,750.0,750.0,0.0,PASS,,,
EXPLOSIVE_UP_TO_2.7~L2.7~W1.2~H1.6~drd,EXPLOSIVE UP TO 2.7,34,EXPLOSIVE UP TO 2.7,drd,2.7,1.2,1.6,FRONT,FRONT,3643.15819,3643.16,0.0,PASS,,,
EXPLOSIVE_UP_TO_2.7~L2.7~W1.2~H1.6~drd,EXPLOSIVE UP TO 2.7,34,EXPLOSIVE UP TO 2.7,drd,2.7,1.2,1.6,SRD,,0.0,,,SKIP,,,
EXPLOSIVE_UP_TO_2.7~L2.7~W1.2~H1.6~drd,EXPLOSIVE UP TO 2.7,34,EXPLOSIVE UP TO 2.7,drd,2.7,1.2,1.6,SRD DOOR FITTINGS,,0.0,,,SKIP,,,
EXPLOSIVE_UP_TO_2.7~L2.7~W1.2~H1.6~drd,EXPLOSIVE UP TO 2.7,34,EXPLOSIVE UP TO 2.7,drd,2.7,1.2,1.6,DRD,DRD,5227.411821,5227.39,0.0,PASS,,,
EXPLOSIVE_UP_TO_2.7~L2.7~W1.2~H1.6~drd,EXPLOSIVE UP TO 2.7,34,EXPLOSIVE UP TO 2.7,drd,2.7,1.2,1.6,DRD DOOR FITTINGS,DRD DOOR FITTINGS,4076.53113,4076.53,0.0,PASS,,,
EXPLOSIVE_UP_TO_2.7~L2.7~W1.2~H1.6~drd,EXPLOSIVE UP TO 2.7,34,EXPLOSIVE UP TO 2.7,drd,2.7,1.2,1.6,SIDES,SIDES,14288.94212,14288.85,0.001,PASS,,,
EXPLOSIVE_UP_TO_2.7~L2.7~W1.2~H1.6~drd,EXPLOSIVE UP TO 2.7,34,EXPLOSIVE UP TO 2.7,drd,2.7,1.2,1.6,ROOF,ROOF,4633.756676,4633.72,0.001,PASS,,,
EXPLOSIVE_UP_TO_2.7~L2.7~W1.2~H1.6~drd,EXPLOSIVE UP TO 2.7,34,EXPLOSIVE UP TO 2.7,drd,2.7,1.2,1.6,FLOOR,FLOOR,14372.40234,14372.4,0.0,PASS,,,
EXPLOSIVE_UP_TO_2.7~L2.7~W1.2~H1.6~drd,EXPLOSIVE UP TO 2.7,34,EXPLOSIVE UP TO 2.7,drd,2.7,1.2,1.6,ALUMINIUM,ALUMINIUM,4897.746,4930.69,0.673,PASS,,,
EXPLOSIVE_UP_TO_2.7~L2.7~W1.2~H1.6~drd,EXPLOSIVE UP TO 2.7,34,EXPLOSIVE UP TO 2.7,drd,2.7,1.2,1.6,SUB FRAME + LIGHT BOX ASSY,SUB FRAME + LIGHT BOX ASSY,3493.984218,3337.43,4.481,ACCEPTED,,MISSING_IN_MES 1MM GALV PLATE (-156.55),"[DATA] Burt's 1MM GALV PLATE (FREEZER MEDIUM, explosive bodies) / MOUNTING CLEATS (EXPLOSIVE 2.7 TO 4.8) lines have no MES line on prod."
EXPLOSIVE_UP_TO_2.7~L2.7~W1.2~H1.6~drd,EXPLOSIVE UP TO 2.7,34,EXPLOSIVE UP TO 2.7,drd,2.7,1.2,1.6,REAR FRAME + FLOOR PLATE,REAR FRAME & FLOOR PLATE,2454.146126,2454.15,0.0,PASS,,,
EXPLOSIVE_UP_TO_2.7~L2.7~W1.2~H1.6~drd,EXPLOSIVE UP TO 2.7,34,EXPLOSIVE UP TO 2.7,drd,2.7,1.2,1.6,SPRAY PAINTING,SPRAY PAINTING,750.0,750.0,0.0,PASS,,,
EXPLOSIVE_UP_TO_2.7~L2.7~W1.2~H1.6~foam_4g,EXPLOSIVE UP TO 2.7,34,EXPLOSIVE UP TO 2.7,foam_4g,2.7,1.2,1.6,FRONT,FRONT,3960.144316,4004.28,1.114,ACCEPTED,,BOTH PU (+44.14),"[RULING] Manifests F + F2 (RT1 ruling 3 and addendum): prod prices 4G PU foam at Burt's 21 Sep 4G, R5 581 = the PU material's R4 100 (Burt's corrected 32D) x 5581/4100; the golden is his September workbook (4G R5 400), so every costed 4G PU foam line reads +3.35 % against it (32D matches the golden: both R4 100). A stop-gap: rebuild the golden from the 21 Sep workbooks, then remove this entry. EXPIRED means the golden refresh has not shipped."
EXPLOSIVE_UP_TO_2.7~L2.7~W1.2~H1.6~foam_4g,EXPLOSIVE UP TO 2.7,34,EXPLOSIVE UP TO 2.7,foam_4g,2.7,1.2,1.6,SRD,,0.0,,,SKIP,,,
EXPLOSIVE_UP_TO_2.7~L2.7~W1.2~H1.6~foam_4g,EXPLOSIVE UP TO 2.7,34,EXPLOSIVE UP TO 2.7,foam_4g,2.7,1.2,1.6,SRD DOOR FITTINGS,,0.0,,,SKIP,,,
EXPLOSIVE_UP_TO_2.7~L2.7~W1.2~H1.6~foam_4g,EXPLOSIVE UP TO 2.7,34,EXPLOSIVE UP TO 2.7,foam_4g,2.7,1.2,1.6,DRD,DRD,5544.397947,5588.51,0.796,PASS,,,
EXPLOSIVE_UP_TO_2.7~L2.7~W1.2~H1.6~foam_4g,EXPLOSIVE UP TO 2.7,34,EXPLOSIVE UP TO 2.7,foam_4g,2.7,1.2,1.6,DRD DOOR FITTINGS,DRD DOOR FITTINGS,4076.53113,4076.53,0.0,PASS,,,
EXPLOSIVE_UP_TO_2.7~L2.7~W1.2~H1.6~foam_4g,EXPLOSIVE UP TO 2.7,34,EXPLOSIVE UP TO 2.7,foam_4g,2.7,1.2,1.6,SIDES,SIDES,15003.460028,15102.85,0.662,PASS,,,
EXPLOSIVE_UP_TO_2.7~L2.7~W1.2~H1.6~foam_4g,EXPLOSIVE UP TO 2.7,34,EXPLOSIVE UP TO 2.7,foam_4g,2.7,1.2,1.6,ROOF,ROOF,4991.01563,5040.72,0.996,PASS,,,
EXPLOSIVE_UP_TO_2.7~L2.7~W1.2~H1.6~foam_4g,EXPLOSIVE UP TO 2.7,34,EXPLOSIVE UP TO 2.7,foam_4g,2.7,1.2,1.6,FLOOR,FLOOR,14372.40234,14372.4,0.0,PASS,,,
EXPLOSIVE_UP_TO_2.7~L2.7~W1.2~H1.6~foam_4g,EXPLOSIVE UP TO 2.7,34,EXPLOSIVE UP TO 2.7,foam_4g,2.7,1.2,1.6,ALUMINIUM,ALUMINIUM,4897.746,4930.69,0.673,PASS,,,
EXPLOSIVE_UP_TO_2.7~L2.7~W1.2~H1.6~foam_4g,EXPLOSIVE UP TO 2.7,34,EXPLOSIVE UP TO 2.7,foam_4g,2.7,1.2,1.6,SUB FRAME + LIGHT BOX ASSY,SUB FRAME + LIGHT BOX ASSY,3493.984218,3337.43,4.481,ACCEPTED,,MISSING_IN_MES 1MM GALV PLATE (-156.55),"[DATA] Burt's 1MM GALV PLATE (FREEZER MEDIUM, explosive bodies) / MOUNTING CLEATS (EXPLOSIVE 2.7 TO 4.8) lines have no MES line on prod."
EXPLOSIVE_UP_TO_2.7~L2.7~W1.2~H1.6~foam_4g,EXPLOSIVE UP TO 2.7,34,EXPLOSIVE UP TO 2.7,foam_4g,2.7,1.2,1.6,REAR FRAME + FLOOR PLATE,REAR FRAME & FLOOR PLATE,2454.146126,2454.15,0.0,PASS,,,
EXPLOSIVE_UP_TO_2.7~L2.7~W1.2~H1.6~foam_4g,EXPLOSIVE UP TO 2.7,34,EXPLOSIVE UP TO 2.7,foam_4g,2.7,1.2,1.6,SPRAY PAINTING,SPRAY PAINTING,750.0,750.0,0.0,PASS,,,
EXPLOSIVE_2.7_TO_4.8~L2.7~W2.3~H2.2~as_sheet,EXPLOSIVE 2.7 TO 4.8,37,EXPLOSIVE 2.7 TO 4.8,as_sheet,2.7,2.3,2.2,FRONT,FRONT,4727.070378,4727.02,0.001,PASS,,,
EXPLOSIVE_2.7_TO_4.8~L2.7~W2.3~H2.2~as_sheet,EXPLOSIVE 2.7 TO 4.8,37,EXPLOSIVE 2.7 TO 4.8,as_sheet,2.7,2.3,2.2,SRD,,0.0,,,SKIP,,,
EXPLOSIVE_2.7_TO_4.8~L2.7~W2.3~H2.2~as_sheet,EXPLOSIVE 2.7 TO 4.8,37,EXPLOSIVE 2.7 TO 4.8,as_sheet,2.7,2.3,2.2,SRD DOOR FITTINGS,,0.0,,,SKIP,,,
EXPLOSIVE_2.7_TO_4.8~L2.7~W2.3~H2.2~as_sheet,EXPLOSIVE 2.7 TO 4.8,37,EXPLOSIVE 2.7 TO 4.8,as_sheet,2.7,2.3,2.2,DRD,DRD,6321.979038,6368.15,0.73,PASS,,,
EXPLOSIVE_2.7_TO_4.8~L2.7~W2.3~H2.2~as_sheet,EXPLOSIVE 2.7 TO 4.8,37,EXPLOSIVE 2.7 TO 4.8,as_sheet,2.7,2.3,2.2,DRD DOOR FITTINGS,DRD DOOR FITTINGS,4434.47931,4434.48,0.0,PASS,,,
EXPLOSIVE_2.7_TO_4.8~L2.7~W2.3~H2.2~as_sheet,EXPLOSIVE 2.7 TO 4.8,37,EXPLOSIVE 2.7 TO 4.8,as_sheet,2.7,2.3,2.2,SIDES,SIDES,10641.775255,10751.73,1.033,ACCEPTED,,GROUP_DIFF 4MM PF PLYWOOD ~ 6MM PF PLYWOOD (+110.08),"[DATA] PROD explosive bodies carry a 6MM PF PLYWOOD line on ROOF/SIDES where Burt has 4MM PF PLYWOOD (+R60 to +R1.3k), and EXPLOSIVE 4.9 AND UP prices PU as 12.08 x R234.15 per panel where Burt has 2.98 x R172 (+R370 front, +R1.5k sides, +R750 roof, +R487 double rear door)."
EXPLOSIVE_2.7_TO_4.8~L2.7~W2.3~H2.2~as_sheet,EXPLOSIVE 2.7 TO 4.8,37,EXPLOSIVE 2.7 TO 4.8,as_sheet,2.7,2.3,2.2,ROOF,ROOF,5502.882561,5561.39,1.063,ACCEPTED,,GROUP_DIFF 4MM PF PLYWOOD ~ 6MM PF PLYWOOD (+58.56),"[DATA] PROD explosive bodies carry a 6MM PF PLYWOOD line on ROOF/SIDES where Burt has 4MM PF PLYWOOD (+R60 to +R1.3k), and EXPLOSIVE 4.9 AND UP prices PU as 12.08 x R234.15 per panel where Burt has 2.98 x R172 (+R370 front, +R1.5k sides, +R750 roof, +R487 double rear door)."
EXPLOSIVE_2.7_TO_4.8~L2.7~W2.3~H2.2~as_sheet,EXPLOSIVE 2.7 TO 4.8,37,EXPLOSIVE 2.7 TO 4.8,as_sheet,2.7,2.3,2.2,FLOOR,FLOOR,18606.278241,18606.27,0.0,PASS,,,
EXPLOSIVE_2.7_TO_4.8~L2.7~W2.3~H2.2~as_sheet,EXPLOSIVE 2.7 TO 4.8,37,EXPLOSIVE 2.7 TO 4.8,as_sheet,2.7,2.3,2.2,ALUMINIUM,ALUMINIUM,5517.863,5517.86,0.0,PASS,,,
EXPLOSIVE_2.7_TO_4.8~L2.7~W2.3~H2.2~as_sheet,EXPLOSIVE 2.7 TO 4.8,37,EXPLOSIVE 2.7 TO 4.8,as_sheet,2.7,2.3,2.2,SUB FRAME + LIGHT BOX ASSY,SUB FRAME + LIGHT BOX ASSY,5972.656924,5732.94,4.014,ACCEPTED,,MISSING_IN_MES MOUNTING CLEATS (-818.36),"[DATA] Burt's 1MM GALV PLATE (FREEZER MEDIUM, explosive bodies) / MOUNTING CLEATS (EXPLOSIVE 2.7 TO 4.8) lines have no MES line on prod."
EXPLOSIVE_2.7_TO_4.8~L2.7~W2.3~H2.2~as_sheet,EXPLOSIVE 2.7 TO 4.8,37,EXPLOSIVE 2.7 TO 4.8,as_sheet,2.7,2.3,2.2,REAR FRAME + FLOOR PLATE,REAR FRAME & FLOOR PLATE,3616.051456,3616.05,0.0,PASS,,,
EXPLOSIVE_2.7_TO_4.8~L2.7~W2.3~H2.2~as_sheet,EXPLOSIVE 2.7 TO 4.8,37,EXPLOSIVE 2.7 TO 4.8,as_sheet,2.7,2.3,2.2,SPRAY PAINTING,SPRAY PAINTING,750.0,750.0,0.0,PASS,,,
EXPLOSIVE_2.7_TO_4.8~L2.7~W2.3~H2.2~as_sheet,EXPLOSIVE 2.7 TO 4.8,37,EXPLOSIVE 2.7 TO 4.8,as_sheet,2.7,2.3,2.2,REFLEXITE TAPE,REFLEXITE TAPE,138.6,138.6,0.0,PASS,,,
EXPLOSIVE_2.7_TO_4.8~L2.7~W2.3~H2.2~all_eps,EXPLOSIVE 2.7 TO 4.8,37,EXPLOSIVE 2.7 TO 4.8,all_eps,2.7,2.3,2.2,FRONT,FRONT,3664.907163,4284.05,,UNVERIFIABLE,EXCEL_NO_PRICE:EPS,,
EXPLOSIVE_2.7_TO_4.8~L2.7~W2.3~H2.2~all_eps,EXPLOSIVE 2.7 TO 4.8,37,EXPLOSIVE 2.7 TO 4.8,all_eps,2.7,2.3,2.2,SRD,,0.0,,,SKIP,,,
EXPLOSIVE_2.7_TO_4.8~L2.7~W2.3~H2.2~all_eps,EXPLOSIVE 2.7 TO 4.8,37,EXPLOSIVE 2.7 TO 4.8,all_eps,2.7,2.3,2.2,SRD DOOR FITTINGS,,0.0,,,SKIP,,,
EXPLOSIVE_2.7_TO_4.8~L2.7~W2.3~H2.2~all_eps,EXPLOSIVE 2.7 TO 4.8,37,EXPLOSIVE 2.7 TO 4.8,all_eps,2.7,2.3,2.2,DRD,DRD,5275.183589,5320.25,,UNVERIFIABLE,EXCEL_NO_PRICE:EPS,,
EXPLOSIVE_2.7_TO_4.8~L2.7~W2.3~H2.2~all_eps,EXPLOSIVE 2.7 TO 4.8,37,EXPLOSIVE 2.7 TO 4.8,all_eps,2.7,2.3,2.2,DRD DOOR FITTINGS,DRD DOOR FITTINGS,4412.77422,4434.48,0.492,PASS,,,
EXPLOSIVE_2.7_TO_4.8~L2.7~W2.3~H2.2~all_eps,EXPLOSIVE 2.7 TO 4.8,37,EXPLOSIVE 2.7 TO 4.8,all_eps,2.7,2.3,2.2,SIDES,SIDES,8314.099042,10049.99,,UNVERIFIABLE,EXCEL_NO_PRICE:EPS,,
EXPLOSIVE_2.7_TO_4.8~L2.7~W2.3~H2.2~all_eps,EXPLOSIVE 2.7 TO 4.8,37,EXPLOSIVE 2.7 TO 4.8,all_eps,2.7,2.3,2.2,ROOF,ROOF,4376.142784,5446.42,,UNVERIFIABLE,EXCEL_NO_PRICE:EPS,,
EXPLOSIVE_2.7_TO_4.8~L2.7~W2.3~H2.2~all_eps,EXPLOSIVE 2.7 TO 4.8,37,EXPLOSIVE 2.7 TO 4.8,all_eps,2.7,2.3,2.2,FLOOR,FLOOR,18606.278241,18606.27,0.0,PASS,,,
EXPLOSIVE_2.7_TO_4.8~L2.7~W2.3~H2.2~all_eps,EXPLOSIVE 2.7 TO 4.8,37,EXPLOSIVE 2.7 TO 4.8,all_eps,2.7,2.3,2.2,ALUMINIUM,ALUMINIUM,5517.863,5517.86,0.0,PASS,,,
EXPLOSIVE_2.7_TO_4.8~L2.7~W2.3~H2.2~all_eps,EXPLOSIVE 2.7 TO 4.8,37,EXPLOSIVE 2.7 TO 4.8,all_eps,2.7,2.3,2.2,SUB FRAME + LIGHT BOX ASSY,SUB FRAME + LIGHT BOX ASSY,5972.656924,5732.94,4.014,ACCEPTED,,MISSING_IN_MES MOUNTING CLEATS (-818.36),"[DATA] Burt's 1MM GALV PLATE (FREEZER MEDIUM, explosive bodies) / MOUNTING CLEATS (EXPLOSIVE 2.7 TO 4.8) lines have no MES line on prod."
EXPLOSIVE_2.7_TO_4.8~L2.7~W2.3~H2.2~all_eps,EXPLOSIVE 2.7 TO 4.8,37,EXPLOSIVE 2.7 TO 4.8,all_eps,2.7,2.3,2.2,REAR FRAME + FLOOR PLATE,REAR FRAME & FLOOR PLATE,3616.051456,3616.05,0.0,PASS,,,
EXPLOSIVE_2.7_TO_4.8~L2.7~W2.3~H2.2~all_eps,EXPLOSIVE 2.7 TO 4.8,37,EXPLOSIVE 2.7 TO 4.8,all_eps,2.7,2.3,2.2,SPRAY PAINTING,SPRAY PAINTING,750.0,750.0,0.0,PASS,,,
EXPLOSIVE_2.7_TO_4.8~L2.7~W2.3~H2.2~all_eps,EXPLOSIVE 2.7 TO 4.8,37,EXPLOSIVE 2.7 TO 4.8,all_eps,2.7,2.3,2.2,REFLEXITE TAPE,REFLEXITE TAPE,138.6,138.6,0.0,PASS,,,
EXPLOSIVE_2.7_TO_4.8~L2.7~W2.3~H2.2~all_pu,EXPLOSIVE 2.7 TO 4.8,37,EXPLOSIVE 2.7 TO 4.8,all_pu,2.7,2.3,2.2,FRONT,FRONT,4727.070378,4727.02,0.001,PASS,,,
EXPLOSIVE_2.7_TO_4.8~L2.7~W2.3~H2.2~all_pu,EXPLOSIVE 2.7 TO 4.8,37,EXPLOSIVE 2.7 TO 4.8,all_pu,2.7,2.3,2.2,SRD,,0.0,,,SKIP,,,
EXPLOSIVE_2.7_TO_4.8~L2.7~W2.3~H2.2~all_pu,EXPLOSIVE 2.7 TO 4.8,37,EXPLOSIVE 2.7 TO 4.8,all_pu,2.7,2.3,2.2,SRD DOOR FITTINGS,,0.0,,,SKIP,,,
EXPLOSIVE_2.7_TO_4.8~L2.7~W2.3~H2.2~all_pu,EXPLOSIVE 2.7 TO 4.8,37,EXPLOSIVE 2.7 TO 4.8,all_pu,2.7,2.3,2.2,DRD,DRD,6321.979038,6368.15,0.73,PASS,,,
EXPLOSIVE_2.7_TO_4.8~L2.7~W2.3~H2.2~all_pu,EXPLOSIVE 2.7 TO 4.8,37,EXPLOSIVE 2.7 TO 4.8,all_pu,2.7,2.3,2.2,DRD DOOR FITTINGS,DRD DOOR FITTINGS,4434.47931,4434.48,0.0,PASS,,,
EXPLOSIVE_2.7_TO_4.8~L2.7~W2.3~H2.2~all_pu,EXPLOSIVE 2.7 TO 4.8,37,EXPLOSIVE 2.7 TO 4.8,all_pu,2.7,2.3,2.2,SIDES,SIDES,10641.775255,10751.73,1.033,ACCEPTED,,GROUP_DIFF 4MM PF PLYWOOD ~ 6MM PF PLYWOOD (+110.08),"[DATA] PROD explosive bodies carry a 6MM PF PLYWOOD line on ROOF/SIDES where Burt has 4MM PF PLYWOOD (+R60 to +R1.3k), and EXPLOSIVE 4.9 AND UP prices PU as 12.08 x R234.15 per panel where Burt has 2.98 x R172 (+R370 front, +R1.5k sides, +R750 roof, +R487 double rear door)."
EXPLOSIVE_2.7_TO_4.8~L2.7~W2.3~H2.2~all_pu,EXPLOSIVE 2.7 TO 4.8,37,EXPLOSIVE 2.7 TO 4.8,all_pu,2.7,2.3,2.2,ROOF,ROOF,5502.882561,5561.39,1.063,ACCEPTED,,GROUP_DIFF 4MM PF PLYWOOD ~ 6MM PF PLYWOOD (+58.56),"[DATA] PROD explosive bodies carry a 6MM PF PLYWOOD line on ROOF/SIDES where Burt has 4MM PF PLYWOOD (+R60 to +R1.3k), and EXPLOSIVE 4.9 AND UP prices PU as 12.08 x R234.15 per panel where Burt has 2.98 x R172 (+R370 front, +R1.5k sides, +R750 roof, +R487 double rear door)."
EXPLOSIVE_2.7_TO_4.8~L2.7~W2.3~H2.2~all_pu,EXPLOSIVE 2.7 TO 4.8,37,EXPLOSIVE 2.7 TO 4.8,all_pu,2.7,2.3,2.2,FLOOR,FLOOR,18606.278241,18606.27,0.0,PASS,,,
EXPLOSIVE_2.7_TO_4.8~L2.7~W2.3~H2.2~all_pu,EXPLOSIVE 2.7 TO 4.8,37,EXPLOSIVE 2.7 TO 4.8,all_pu,2.7,2.3,2.2,ALUMINIUM,ALUMINIUM,5517.863,5517.86,0.0,PASS,,,
EXPLOSIVE_2.7_TO_4.8~L2.7~W2.3~H2.2~all_pu,EXPLOSIVE 2.7 TO 4.8,37,EXPLOSIVE 2.7 TO 4.8,all_pu,2.7,2.3,2.2,SUB FRAME + LIGHT BOX ASSY,SUB FRAME + LIGHT BOX ASSY,5972.656924,5732.94,4.014,ACCEPTED,,MISSING_IN_MES MOUNTING CLEATS (-818.36),"[DATA] Burt's 1MM GALV PLATE (FREEZER MEDIUM, explosive bodies) / MOUNTING CLEATS (EXPLOSIVE 2.7 TO 4.8) lines have no MES line on prod."
EXPLOSIVE_2.7_TO_4.8~L2.7~W2.3~H2.2~all_pu,EXPLOSIVE 2.7 TO 4.8,37,EXPLOSIVE 2.7 TO 4.8,all_pu,2.7,2.3,2.2,REAR FRAME + FLOOR PLATE,REAR FRAME & FLOOR PLATE,3616.051456,3616.05,0.0,PASS,,,
EXPLOSIVE_2.7_TO_4.8~L2.7~W2.3~H2.2~all_pu,EXPLOSIVE 2.7 TO 4.8,37,EXPLOSIVE 2.7 TO 4.8,all_pu,2.7,2.3,2.2,SPRAY PAINTING,SPRAY PAINTING,750.0,750.0,0.0,PASS,,,
EXPLOSIVE_2.7_TO_4.8~L2.7~W2.3~H2.2~all_pu,EXPLOSIVE 2.7 TO 4.8,37,EXPLOSIVE 2.7 TO 4.8,all_pu,2.7,2.3,2.2,REFLEXITE TAPE,REFLEXITE TAPE,138.6,138.6,0.0,PASS,,,
EXPLOSIVE_2.7_TO_4.8~L2.7~W2.3~H2.2~srd,EXPLOSIVE 2.7 TO 4.8,37,EXPLOSIVE 2.7 TO 4.8,srd,2.7,2.3,2.2,FRONT,FRONT,4727.070378,4727.02,0.001,PASS,,,
EXPLOSIVE_2.7_TO_4.8~L2.7~W2.3~H2.2~srd,EXPLOSIVE 2.7 TO 4.8,37,EXPLOSIVE 2.7 TO 4.8,srd,2.7,2.3,2.2,SRD,SRD,5970.357794,5954.13,0.272,PASS,,,
EXPLOSIVE_2.7_TO_4.8~L2.7~W2.3~H2.2~srd,EXPLOSIVE 2.7 TO 4.8,37,EXPLOSIVE 2.7 TO 4.8,srd,2.7,2.3,2.2,SRD DOOR FITTINGS,SRD DOOR FITTINGS,6824.69172,6824.69,0.0,PASS,,,
EXPLOSIVE_2.7_TO_4.8~L2.7~W2.3~H2.2~srd,EXPLOSIVE 2.7 TO 4.8,37,EXPLOSIVE 2.7 TO 4.8,srd,2.7,2.3,2.2,DRD,,0.0,,,SKIP,,,
EXPLOSIVE_2.7_TO_4.8~L2.7~W2.3~H2.2~srd,EXPLOSIVE 2.7 TO 4.8,37,EXPLOSIVE 2.7 TO 4.8,srd,2.7,2.3,2.2,DRD DOOR FITTINGS,,0.0,,,SKIP,,,
EXPLOSIVE_2.7_TO_4.8~L2.7~W2.3~H2.2~srd,EXPLOSIVE 2.7 TO 4.8,37,EXPLOSIVE 2.7 TO 4.8,srd,2.7,2.3,2.2,SIDES,SIDES,10641.775255,10751.73,1.033,ACCEPTED,,GROUP_DIFF 4MM PF PLYWOOD ~ 6MM PF PLYWOOD (+110.08),"[DATA] PROD explosive bodies carry a 6MM PF PLYWOOD line on ROOF/SIDES where Burt has 4MM PF PLYWOOD (+R60 to +R1.3k), and EXPLOSIVE 4.9 AND UP prices PU as 12.08 x R234.15 per panel where Burt has 2.98 x R172 (+R370 front, +R1.5k sides, +R750 roof, +R487 double rear door)."
EXPLOSIVE_2.7_TO_4.8~L2.7~W2.3~H2.2~srd,EXPLOSIVE 2.7 TO 4.8,37,EXPLOSIVE 2.7 TO 4.8,srd,2.7,2.3,2.2,ROOF,ROOF,5502.882561,5561.39,1.063,ACCEPTED,,GROUP_DIFF 4MM PF PLYWOOD ~ 6MM PF PLYWOOD (+58.56),"[DATA] PROD explosive bodies carry a 6MM PF PLYWOOD line on ROOF/SIDES where Burt has 4MM PF PLYWOOD (+R60 to +R1.3k), and EXPLOSIVE 4.9 AND UP prices PU as 12.08 x R234.15 per panel where Burt has 2.98 x R172 (+R370 front, +R1.5k sides, +R750 roof, +R487 double rear door)."
EXPLOSIVE_2.7_TO_4.8~L2.7~W2.3~H2.2~srd,EXPLOSIVE 2.7 TO 4.8,37,EXPLOSIVE 2.7 TO 4.8,srd,2.7,2.3,2.2,FLOOR,FLOOR,18606.278241,18606.27,0.0,PASS,,,
EXPLOSIVE_2.7_TO_4.8~L2.7~W2.3~H2.2~srd,EXPLOSIVE 2.7 TO 4.8,37,EXPLOSIVE 2.7 TO 4.8,srd,2.7,2.3,2.2,ALUMINIUM,ALUMINIUM,5517.863,5517.86,0.0,PASS,,,
EXPLOSIVE_2.7_TO_4.8~L2.7~W2.3~H2.2~srd,EXPLOSIVE 2.7 TO 4.8,37,EXPLOSIVE 2.7 TO 4.8,srd,2.7,2.3,2.2,SUB FRAME + LIGHT BOX ASSY,SUB FRAME + LIGHT BOX ASSY,5972.656924,5732.94,4.014,ACCEPTED,,MISSING_IN_MES MOUNTING CLEATS (-818.36),"[DATA] Burt's 1MM GALV PLATE (FREEZER MEDIUM, explosive bodies) / MOUNTING CLEATS (EXPLOSIVE 2.7 TO 4.8) lines have no MES line on prod."
EXPLOSIVE_2.7_TO_4.8~L2.7~W2.3~H2.2~srd,EXPLOSIVE 2.7 TO 4.8,37,EXPLOSIVE 2.7 TO 4.8,srd,2.7,2.3,2.2,REAR FRAME + FLOOR PLATE,,0.0,,,SKIP,,,
EXPLOSIVE_2.7_TO_4.8~L2.7~W2.3~H2.2~srd,EXPLOSIVE 2.7 TO 4.8,37,EXPLOSIVE 2.7 TO 4.8,srd,2.7,2.3,2.2,SPRAY PAINTING,SPRAY PAINTING,750.0,750.0,0.0,PASS,,,
EXPLOSIVE_2.7_TO_4.8~L2.7~W2.3~H2.2~srd,EXPLOSIVE 2.7 TO 4.8,37,EXPLOSIVE 2.7 TO 4.8,srd,2.7,2.3,2.2,REFLEXITE TAPE,REFLEXITE TAPE,138.6,138.6,0.0,PASS,,,
EXPLOSIVE_2.7_TO_4.8~L2.7~W2.3~H2.2~drd,EXPLOSIVE 2.7 TO 4.8,37,EXPLOSIVE 2.7 TO 4.8,drd,2.7,2.3,2.2,FRONT,FRONT,4727.070378,4727.02,0.001,PASS,,,
EXPLOSIVE_2.7_TO_4.8~L2.7~W2.3~H2.2~drd,EXPLOSIVE 2.7 TO 4.8,37,EXPLOSIVE 2.7 TO 4.8,drd,2.7,2.3,2.2,SRD,,0.0,,,SKIP,,,
EXPLOSIVE_2.7_TO_4.8~L2.7~W2.3~H2.2~drd,EXPLOSIVE 2.7 TO 4.8,37,EXPLOSIVE 2.7 TO 4.8,drd,2.7,2.3,2.2,SRD DOOR FITTINGS,,0.0,,,SKIP,,,
EXPLOSIVE_2.7_TO_4.8~L2.7~W2.3~H2.2~drd,EXPLOSIVE 2.7 TO 4.8,37,EXPLOSIVE 2.7 TO 4.8,drd,2.7,2.3,2.2,DRD,DRD,6321.979038,6368.15,0.73,PASS,,,
EXPLOSIVE_2.7_TO_4.8~L2.7~W2.3~H2.2~drd,EXPLOSIVE 2.7 TO 4.8,37,EXPLOSIVE 2.7 TO 4.8,drd,2.7,2.3,2.2,DRD DOOR FITTINGS,DRD DOOR FITTINGS,4434.47931,4434.48,0.0,PASS,,,
EXPLOSIVE_2.7_TO_4.8~L2.7~W2.3~H2.2~drd,EXPLOSIVE 2.7 TO 4.8,37,EXPLOSIVE 2.7 TO 4.8,drd,2.7,2.3,2.2,SIDES,SIDES,10641.775255,10751.73,1.033,ACCEPTED,,GROUP_DIFF 4MM PF PLYWOOD ~ 6MM PF PLYWOOD (+110.08),"[DATA] PROD explosive bodies carry a 6MM PF PLYWOOD line on ROOF/SIDES where Burt has 4MM PF PLYWOOD (+R60 to +R1.3k), and EXPLOSIVE 4.9 AND UP prices PU as 12.08 x R234.15 per panel where Burt has 2.98 x R172 (+R370 front, +R1.5k sides, +R750 roof, +R487 double rear door)."
EXPLOSIVE_2.7_TO_4.8~L2.7~W2.3~H2.2~drd,EXPLOSIVE 2.7 TO 4.8,37,EXPLOSIVE 2.7 TO 4.8,drd,2.7,2.3,2.2,ROOF,ROOF,5502.882561,5561.39,1.063,ACCEPTED,,GROUP_DIFF 4MM PF PLYWOOD ~ 6MM PF PLYWOOD (+58.56),"[DATA] PROD explosive bodies carry a 6MM PF PLYWOOD line on ROOF/SIDES where Burt has 4MM PF PLYWOOD (+R60 to +R1.3k), and EXPLOSIVE 4.9 AND UP prices PU as 12.08 x R234.15 per panel where Burt has 2.98 x R172 (+R370 front, +R1.5k sides, +R750 roof, +R487 double rear door)."
EXPLOSIVE_2.7_TO_4.8~L2.7~W2.3~H2.2~drd,EXPLOSIVE 2.7 TO 4.8,37,EXPLOSIVE 2.7 TO 4.8,drd,2.7,2.3,2.2,FLOOR,FLOOR,18606.278241,18606.27,0.0,PASS,,,
EXPLOSIVE_2.7_TO_4.8~L2.7~W2.3~H2.2~drd,EXPLOSIVE 2.7 TO 4.8,37,EXPLOSIVE 2.7 TO 4.8,drd,2.7,2.3,2.2,ALUMINIUM,ALUMINIUM,5517.863,5517.86,0.0,PASS,,,
EXPLOSIVE_2.7_TO_4.8~L2.7~W2.3~H2.2~drd,EXPLOSIVE 2.7 TO 4.8,37,EXPLOSIVE 2.7 TO 4.8,drd,2.7,2.3,2.2,SUB FRAME + LIGHT BOX ASSY,SUB FRAME + LIGHT BOX ASSY,5972.656924,5732.94,4.014,ACCEPTED,,MISSING_IN_MES MOUNTING CLEATS (-818.36),"[DATA] Burt's 1MM GALV PLATE (FREEZER MEDIUM, explosive bodies) / MOUNTING CLEATS (EXPLOSIVE 2.7 TO 4.8) lines have no MES line on prod."
EXPLOSIVE_2.7_TO_4.8~L2.7~W2.3~H2.2~drd,EXPLOSIVE 2.7 TO 4.8,37,EXPLOSIVE 2.7 TO 4.8,drd,2.7,2.3,2.2,REAR FRAME + FLOOR PLATE,REAR FRAME & FLOOR PLATE,3616.051456,3616.05,0.0,PASS,,,
EXPLOSIVE_2.7_TO_4.8~L2.7~W2.3~H2.2~drd,EXPLOSIVE 2.7 TO 4.8,37,EXPLOSIVE 2.7 TO 4.8,drd,2.7,2.3,2.2,SPRAY PAINTING,SPRAY PAINTING,750.0,750.0,0.0,PASS,,,
EXPLOSIVE_2.7_TO_4.8~L2.7~W2.3~H2.2~drd,EXPLOSIVE 2.7 TO 4.8,37,EXPLOSIVE 2.7 TO 4.8,drd,2.7,2.3,2.2,REFLEXITE TAPE,REFLEXITE TAPE,138.6,138.6,0.0,PASS,,,
EXPLOSIVE_2.7_TO_4.8~L2.7~W2.3~H2.2~foam_4g,EXPLOSIVE 2.7 TO 4.8,37,EXPLOSIVE 2.7 TO 4.8,foam_4g,2.7,2.3,2.2,FRONT,FRONT,5044.056505,5088.14,0.874,PASS,,,
EXPLOSIVE_2.7_TO_4.8~L2.7~W2.3~H2.2~foam_4g,EXPLOSIVE 2.7 TO 4.8,37,EXPLOSIVE 2.7 TO 4.8,foam_4g,2.7,2.3,2.2,SRD,,0.0,,,SKIP,,,
EXPLOSIVE_2.7_TO_4.8~L2.7~W2.3~H2.2~foam_4g,EXPLOSIVE 2.7 TO 4.8,37,EXPLOSIVE 2.7 TO 4.8,foam_4g,2.7,2.3,2.2,SRD DOOR FITTINGS,,0.0,,,SKIP,,,
EXPLOSIVE_2.7_TO_4.8~L2.7~W2.3~H2.2~foam_4g,EXPLOSIVE 2.7 TO 4.8,37,EXPLOSIVE 2.7 TO 4.8,foam_4g,2.7,2.3,2.2,DRD,DRD,6638.965165,6729.27,1.36,ACCEPTED,,GROUP_DIFF 4MM PF PLYWOOD ~ 6MM PF PLYWOOD (+46.23),"[DATA] PROD explosive bodies carry a 6MM PF PLYWOOD line on ROOF/SIDES where Burt has 4MM PF PLYWOOD (+R60 to +R1.3k), and EXPLOSIVE 4.9 AND UP prices PU as 12.08 x R234.15 per panel where Burt has 2.98 x R172 (+R370 front, +R1.5k sides, +R750 roof, +R487 double rear door)."
EXPLOSIVE_2.7_TO_4.8~L2.7~W2.3~H2.2~foam_4g,EXPLOSIVE 2.7 TO 4.8,37,EXPLOSIVE 2.7 TO 4.8,foam_4g,2.7,2.3,2.2,DRD DOOR FITTINGS,DRD DOOR FITTINGS,4434.47931,4434.48,0.0,PASS,,,
EXPLOSIVE_2.7_TO_4.8~L2.7~W2.3~H2.2~foam_4g,EXPLOSIVE 2.7 TO 4.8,37,EXPLOSIVE 2.7 TO 4.8,foam_4g,2.7,2.3,2.2,SIDES,SIDES,11356.293162,11565.73,1.844,ACCEPTED,,GROUP_DIFF 4MM PF PLYWOOD ~ 6MM PF PLYWOOD (+110.08),"[DATA] PROD explosive bodies carry a 6MM PF PLYWOOD line on ROOF/SIDES where Burt has 4MM PF PLYWOOD (+R60 to +R1.3k), and EXPLOSIVE 4.9 AND UP prices PU as 12.08 x R234.15 per panel where Burt has 2.98 x R172 (+R370 front, +R1.5k sides, +R750 roof, +R487 double rear door)."
EXPLOSIVE_2.7_TO_4.8~L2.7~W2.3~H2.2~foam_4g,EXPLOSIVE 2.7 TO 4.8,37,EXPLOSIVE 2.7 TO 4.8,foam_4g,2.7,2.3,2.2,ROOF,ROOF,5860.141515,5968.39,1.847,ACCEPTED,,GROUP_DIFF 4MM PF PLYWOOD ~ 6MM PF PLYWOOD (+58.56),"[DATA] PROD explosive bodies carry a 6MM PF PLYWOOD line on ROOF/SIDES where Burt has 4MM PF PLYWOOD (+R60 to +R1.3k), and EXPLOSIVE 4.9 AND UP prices PU as 12.08 x R234.15 per panel where Burt has 2.98 x R172 (+R370 front, +R1.5k sides, +R750 roof, +R487 double rear door)."
EXPLOSIVE_2.7_TO_4.8~L2.7~W2.3~H2.2~foam_4g,EXPLOSIVE 2.7 TO 4.8,37,EXPLOSIVE 2.7 TO 4.8,foam_4g,2.7,2.3,2.2,FLOOR,FLOOR,18606.278241,18606.27,0.0,PASS,,,
EXPLOSIVE_2.7_TO_4.8~L2.7~W2.3~H2.2~foam_4g,EXPLOSIVE 2.7 TO 4.8,37,EXPLOSIVE 2.7 TO 4.8,foam_4g,2.7,2.3,2.2,ALUMINIUM,ALUMINIUM,5517.863,5517.86,0.0,PASS,,,
EXPLOSIVE_2.7_TO_4.8~L2.7~W2.3~H2.2~foam_4g,EXPLOSIVE 2.7 TO 4.8,37,EXPLOSIVE 2.7 TO 4.8,foam_4g,2.7,2.3,2.2,SUB FRAME + LIGHT BOX ASSY,SUB FRAME + LIGHT BOX ASSY,5972.656924,5732.94,4.014,ACCEPTED,,MISSING_IN_MES MOUNTING CLEATS (-818.36),"[DATA] Burt's 1MM GALV PLATE (FREEZER MEDIUM, explosive bodies) / MOUNTING CLEATS (EXPLOSIVE 2.7 TO 4.8) lines have no MES line on prod."
EXPLOSIVE_2.7_TO_4.8~L2.7~W2.3~H2.2~foam_4g,EXPLOSIVE 2.7 TO 4.8,37,EXPLOSIVE 2.7 TO 4.8,foam_4g,2.7,2.3,2.2,REAR FRAME + FLOOR PLATE,REAR FRAME & FLOOR PLATE,3616.051456,3616.05,0.0,PASS,,,
EXPLOSIVE_2.7_TO_4.8~L2.7~W2.3~H2.2~foam_4g,EXPLOSIVE 2.7 TO 4.8,37,EXPLOSIVE 2.7 TO 4.8,foam_4g,2.7,2.3,2.2,SPRAY PAINTING,SPRAY PAINTING,750.0,750.0,0.0,PASS,,,
EXPLOSIVE_2.7_TO_4.8~L2.7~W2.3~H2.2~foam_4g,EXPLOSIVE 2.7 TO 4.8,37,EXPLOSIVE 2.7 TO 4.8,foam_4g,2.7,2.3,2.2,REFLEXITE TAPE,REFLEXITE TAPE,138.6,138.6,0.0,PASS,,,
EXPLOSIVE_2.7_TO_4.8~L4.2~W2.3~H2.2~as_sheet,EXPLOSIVE 2.7 TO 4.8,37,EXPLOSIVE 2.7 TO 4.8,as_sheet,4.2,2.3,2.2,FRONT,FRONT,4727.070378,4727.02,0.001,PASS,,,
EXPLOSIVE_2.7_TO_4.8~L4.2~W2.3~H2.2~as_sheet,EXPLOSIVE 2.7 TO 4.8,37,EXPLOSIVE 2.7 TO 4.8,as_sheet,4.2,2.3,2.2,SRD,,0.0,,,SKIP,,,
EXPLOSIVE_2.7_TO_4.8~L4.2~W2.3~H2.2~as_sheet,EXPLOSIVE 2.7 TO 4.8,37,EXPLOSIVE 2.7 TO 4.8,as_sheet,4.2,2.3,2.2,SRD DOOR FITTINGS,,0.0,,,SKIP,,,
EXPLOSIVE_2.7_TO_4.8~L4.2~W2.3~H2.2~as_sheet,EXPLOSIVE 2.7 TO 4.8,37,EXPLOSIVE 2.7 TO 4.8,as_sheet,4.2,2.3,2.2,DRD,DRD,6321.979038,6368.15,0.73,PASS,,,
EXPLOSIVE_2.7_TO_4.8~L4.2~W2.3~H2.2~as_sheet,EXPLOSIVE 2.7 TO 4.8,37,EXPLOSIVE 2.7 TO 4.8,as_sheet,4.2,2.3,2.2,DRD DOOR FITTINGS,DRD DOOR FITTINGS,4434.47931,4434.48,0.0,PASS,,,
EXPLOSIVE_2.7_TO_4.8~L4.2~W2.3~H2.2~as_sheet,EXPLOSIVE 2.7 TO 4.8,37,EXPLOSIVE 2.7 TO 4.8,as_sheet,4.2,2.3,2.2,SIDES,SIDES,16377.738121,16547.67,1.038,ACCEPTED,,GROUP_DIFF 4MM PF PLYWOOD ~ 6MM PF PLYWOOD (+170.12),"[DATA] PROD explosive bodies carry a 6MM PF PLYWOOD line on ROOF/SIDES where Burt has 4MM PF PLYWOOD (+R60 to +R1.3k), and EXPLOSIVE 4.9 AND UP prices PU as 12.08 x R234.15 per panel where Burt has 2.98 x R172 (+R370 front, +R1.5k sides, +R750 roof, +R487 double rear door)."
EXPLOSIVE_2.7_TO_4.8~L4.2~W2.3~H2.2~as_sheet,EXPLOSIVE 2.7 TO 4.8,37,EXPLOSIVE 2.7 TO 4.8,as_sheet,4.2,2.3,2.2,ROOF,ROOF,8452.383958,8542.8,1.07,ACCEPTED,,GROUP_DIFF 4MM PF PLYWOOD ~ 6MM PF PLYWOOD (+90.51),"[DATA] PROD explosive bodies carry a 6MM PF PLYWOOD line on ROOF/SIDES where Burt has 4MM PF PLYWOOD (+R60 to +R1.3k), and EXPLOSIVE 4.9 AND UP prices PU as 12.08 x R234.15 per panel where Burt has 2.98 x R172 (+R370 front, +R1.5k sides, +R750 roof, +R487 double rear door)."
EXPLOSIVE_2.7_TO_4.8~L4.2~W2.3~H2.2~as_sheet,EXPLOSIVE 2.7 TO 4.8,37,EXPLOSIVE 2.7 TO 4.8,as_sheet,4.2,2.3,2.2,FLOOR,FLOOR,27402.293645,27402.28,0.0,PASS,,,
EXPLOSIVE_2.7_TO_4.8~L4.2~W2.3~H2.2~as_sheet,EXPLOSIVE 2.7 TO 4.8,37,EXPLOSIVE 2.7 TO 4.8,as_sheet,4.2,2.3,2.2,ALUMINIUM,ALUMINIUM,7340.693,7340.69,0.0,PASS,,,
EXPLOSIVE_2.7_TO_4.8~L4.2~W2.3~H2.2~as_sheet,EXPLOSIVE 2.7 TO 4.8,37,EXPLOSIVE 2.7 TO 4.8,as_sheet,4.2,2.3,2.2,SUB FRAME + LIGHT BOX ASSY,SUB FRAME + LIGHT BOX ASSY,7082.290531,6842.57,3.385,ACCEPTED,,MISSING_IN_MES MOUNTING CLEATS (-818.36),"[DATA] Burt's 1MM GALV PLATE (FREEZER MEDIUM, explosive bodies) / MOUNTING CLEATS (EXPLOSIVE 2.7 TO 4.8) lines have no MES line on prod."
EXPLOSIVE_2.7_TO_4.8~L4.2~W2.3~H2.2~as_sheet,EXPLOSIVE 2.7 TO 4.8,37,EXPLOSIVE 2.7 TO 4.8,as_sheet,4.2,2.3,2.2,REAR FRAME + FLOOR PLATE,REAR FRAME & FLOOR PLATE,3616.051456,3616.05,0.0,PASS,,,
EXPLOSIVE_2.7_TO_4.8~L4.2~W2.3~H2.2~as_sheet,EXPLOSIVE 2.7 TO 4.8,37,EXPLOSIVE 2.7 TO 4.8,as_sheet,4.2,2.3,2.2,SPRAY PAINTING,SPRAY PAINTING,750.0,750.0,0.0,PASS,,,
EXPLOSIVE_2.7_TO_4.8~L4.2~W2.3~H2.2~as_sheet,EXPLOSIVE 2.7 TO 4.8,37,EXPLOSIVE 2.7 TO 4.8,as_sheet,4.2,2.3,2.2,REFLEXITE TAPE,REFLEXITE TAPE,192.6,192.6,0.0,PASS,,,
EXPLOSIVE_2.7_TO_4.8~L4.2~W2.3~H2.2~all_eps,EXPLOSIVE 2.7 TO 4.8,37,EXPLOSIVE 2.7 TO 4.8,all_eps,4.2,2.3,2.2,FRONT,FRONT,3664.907163,4284.05,,UNVERIFIABLE,EXCEL_NO_PRICE:EPS,,
EXPLOSIVE_2.7_TO_4.8~L4.2~W2.3~H2.2~all_eps,EXPLOSIVE 2.7 TO 4.8,37,EXPLOSIVE 2.7 TO 4.8,all_eps,4.2,2.3,2.2,SRD,,0.0,,,SKIP,,,
EXPLOSIVE_2.7_TO_4.8~L4.2~W2.3~H2.2~all_eps,EXPLOSIVE 2.7 TO 4.8,37,EXPLOSIVE 2.7 TO 4.8,all_eps,4.2,2.3,2.2,SRD DOOR FITTINGS,,0.0,,,SKIP,,,
EXPLOSIVE_2.7_TO_4.8~L4.2~W2.3~H2.2~all_eps,EXPLOSIVE 2.7 TO 4.8,37,EXPLOSIVE 2.7 TO 4.8,all_eps,4.2,2.3,2.2,DRD,DRD,5275.183589,5320.25,,UNVERIFIABLE,EXCEL_NO_PRICE:EPS,,
EXPLOSIVE_2.7_TO_4.8~L4.2~W2.3~H2.2~all_eps,EXPLOSIVE 2.7 TO 4.8,37,EXPLOSIVE 2.7 TO 4.8,all_eps,4.2,2.3,2.2,DRD DOOR FITTINGS,DRD DOOR FITTINGS,4412.77422,4434.48,0.492,PASS,,,
EXPLOSIVE_2.7_TO_4.8~L4.2~W2.3~H2.2~all_eps,EXPLOSIVE 2.7 TO 4.8,37,EXPLOSIVE 2.7 TO 4.8,all_eps,4.2,2.3,2.2,SIDES,SIDES,12780.420338,15463.16,,UNVERIFIABLE,EXCEL_NO_PRICE:EPS,,
EXPLOSIVE_2.7_TO_4.8~L4.2~W2.3~H2.2~all_eps,EXPLOSIVE 2.7 TO 4.8,37,EXPLOSIVE 2.7 TO 4.8,all_eps,4.2,2.3,2.2,ROOF,ROOF,6711.058847,8365.12,,UNVERIFIABLE,EXCEL_NO_PRICE:EPS,,
EXPLOSIVE_2.7_TO_4.8~L4.2~W2.3~H2.2~all_eps,EXPLOSIVE 2.7 TO 4.8,37,EXPLOSIVE 2.7 TO 4.8,all_eps,4.2,2.3,2.2,FLOOR,FLOOR,27402.293645,27402.28,0.0,PASS,,,
EXPLOSIVE_2.7_TO_4.8~L4.2~W2.3~H2.2~all_eps,EXPLOSIVE 2.7 TO 4.8,37,EXPLOSIVE 2.7 TO 4.8,all_eps,4.2,2.3,2.2,ALUMINIUM,ALUMINIUM,7340.693,7340.69,0.0,PASS,,,
EXPLOSIVE_2.7_TO_4.8~L4.2~W2.3~H2.2~all_eps,EXPLOSIVE 2.7 TO 4.8,37,EXPLOSIVE 2.7 TO 4.8,all_eps,4.2,2.3,2.2,SUB FRAME + LIGHT BOX ASSY,SUB FRAME + LIGHT BOX ASSY,7082.290531,6842.57,3.385,ACCEPTED,,MISSING_IN_MES MOUNTING CLEATS (-818.36),"[DATA] Burt's 1MM GALV PLATE (FREEZER MEDIUM, explosive bodies) / MOUNTING CLEATS (EXPLOSIVE 2.7 TO 4.8) lines have no MES line on prod."
EXPLOSIVE_2.7_TO_4.8~L4.2~W2.3~H2.2~all_eps,EXPLOSIVE 2.7 TO 4.8,37,EXPLOSIVE 2.7 TO 4.8,all_eps,4.2,2.3,2.2,REAR FRAME + FLOOR PLATE,REAR FRAME & FLOOR PLATE,3616.051456,3616.05,0.0,PASS,,,
EXPLOSIVE_2.7_TO_4.8~L4.2~W2.3~H2.2~all_eps,EXPLOSIVE 2.7 TO 4.8,37,EXPLOSIVE 2.7 TO 4.8,all_eps,4.2,2.3,2.2,SPRAY PAINTING,SPRAY PAINTING,750.0,750.0,0.0,PASS,,,
EXPLOSIVE_2.7_TO_4.8~L4.2~W2.3~H2.2~all_eps,EXPLOSIVE 2.7 TO 4.8,37,EXPLOSIVE 2.7 TO 4.8,all_eps,4.2,2.3,2.2,REFLEXITE TAPE,REFLEXITE TAPE,192.6,192.6,0.0,PASS,,,
EXPLOSIVE_2.7_TO_4.8~L4.2~W2.3~H2.2~all_pu,EXPLOSIVE 2.7 TO 4.8,37,EXPLOSIVE 2.7 TO 4.8,all_pu,4.2,2.3,2.2,FRONT,FRONT,4727.070378,4727.02,0.001,PASS,,,
EXPLOSIVE_2.7_TO_4.8~L4.2~W2.3~H2.2~all_pu,EXPLOSIVE 2.7 TO 4.8,37,EXPLOSIVE 2.7 TO 4.8,all_pu,4.2,2.3,2.2,SRD,,0.0,,,SKIP,,,
EXPLOSIVE_2.7_TO_4.8~L4.2~W2.3~H2.2~all_pu,EXPLOSIVE 2.7 TO 4.8,37,EXPLOSIVE 2.7 TO 4.8,all_pu,4.2,2.3,2.2,SRD DOOR FITTINGS,,0.0,,,SKIP,,,
EXPLOSIVE_2.7_TO_4.8~L4.2~W2.3~H2.2~all_pu,EXPLOSIVE 2.7 TO 4.8,37,EXPLOSIVE 2.7 TO 4.8,all_pu,4.2,2.3,2.2,DRD,DRD,6321.979038,6368.15,0.73,PASS,,,
EXPLOSIVE_2.7_TO_4.8~L4.2~W2.3~H2.2~all_pu,EXPLOSIVE 2.7 TO 4.8,37,EXPLOSIVE 2.7 TO 4.8,all_pu,4.2,2.3,2.2,DRD DOOR FITTINGS,DRD DOOR FITTINGS,4434.47931,4434.48,0.0,PASS,,,
EXPLOSIVE_2.7_TO_4.8~L4.2~W2.3~H2.2~all_pu,EXPLOSIVE 2.7 TO 4.8,37,EXPLOSIVE 2.7 TO 4.8,all_pu,4.2,2.3,2.2,SIDES,SIDES,16377.738121,16547.67,1.038,ACCEPTED,,GROUP_DIFF 4MM PF PLYWOOD ~ 6MM PF PLYWOOD (+170.12),"[DATA] PROD explosive bodies carry a 6MM PF PLYWOOD line on ROOF/SIDES where Burt has 4MM PF PLYWOOD (+R60 to +R1.3k), and EXPLOSIVE 4.9 AND UP prices PU as 12.08 x R234.15 per panel where Burt has 2.98 x R172 (+R370 front, +R1.5k sides, +R750 roof, +R487 double rear door)."
EXPLOSIVE_2.7_TO_4.8~L4.2~W2.3~H2.2~all_pu,EXPLOSIVE 2.7 TO 4.8,37,EXPLOSIVE 2.7 TO 4.8,all_pu,4.2,2.3,2.2,ROOF,ROOF,8452.383958,8542.8,1.07,ACCEPTED,,GROUP_DIFF 4MM PF PLYWOOD ~ 6MM PF PLYWOOD (+90.51),"[DATA] PROD explosive bodies carry a 6MM PF PLYWOOD line on ROOF/SIDES where Burt has 4MM PF PLYWOOD (+R60 to +R1.3k), and EXPLOSIVE 4.9 AND UP prices PU as 12.08 x R234.15 per panel where Burt has 2.98 x R172 (+R370 front, +R1.5k sides, +R750 roof, +R487 double rear door)."
EXPLOSIVE_2.7_TO_4.8~L4.2~W2.3~H2.2~all_pu,EXPLOSIVE 2.7 TO 4.8,37,EXPLOSIVE 2.7 TO 4.8,all_pu,4.2,2.3,2.2,FLOOR,FLOOR,27402.293645,27402.28,0.0,PASS,,,
EXPLOSIVE_2.7_TO_4.8~L4.2~W2.3~H2.2~all_pu,EXPLOSIVE 2.7 TO 4.8,37,EXPLOSIVE 2.7 TO 4.8,all_pu,4.2,2.3,2.2,ALUMINIUM,ALUMINIUM,7340.693,7340.69,0.0,PASS,,,
EXPLOSIVE_2.7_TO_4.8~L4.2~W2.3~H2.2~all_pu,EXPLOSIVE 2.7 TO 4.8,37,EXPLOSIVE 2.7 TO 4.8,all_pu,4.2,2.3,2.2,SUB FRAME + LIGHT BOX ASSY,SUB FRAME + LIGHT BOX ASSY,7082.290531,6842.57,3.385,ACCEPTED,,MISSING_IN_MES MOUNTING CLEATS (-818.36),"[DATA] Burt's 1MM GALV PLATE (FREEZER MEDIUM, explosive bodies) / MOUNTING CLEATS (EXPLOSIVE 2.7 TO 4.8) lines have no MES line on prod."
EXPLOSIVE_2.7_TO_4.8~L4.2~W2.3~H2.2~all_pu,EXPLOSIVE 2.7 TO 4.8,37,EXPLOSIVE 2.7 TO 4.8,all_pu,4.2,2.3,2.2,REAR FRAME + FLOOR PLATE,REAR FRAME & FLOOR PLATE,3616.051456,3616.05,0.0,PASS,,,
EXPLOSIVE_2.7_TO_4.8~L4.2~W2.3~H2.2~all_pu,EXPLOSIVE 2.7 TO 4.8,37,EXPLOSIVE 2.7 TO 4.8,all_pu,4.2,2.3,2.2,SPRAY PAINTING,SPRAY PAINTING,750.0,750.0,0.0,PASS,,,
EXPLOSIVE_2.7_TO_4.8~L4.2~W2.3~H2.2~all_pu,EXPLOSIVE 2.7 TO 4.8,37,EXPLOSIVE 2.7 TO 4.8,all_pu,4.2,2.3,2.2,REFLEXITE TAPE,REFLEXITE TAPE,192.6,192.6,0.0,PASS,,,
EXPLOSIVE_2.7_TO_4.8~L4.2~W2.3~H2.2~srd,EXPLOSIVE 2.7 TO 4.8,37,EXPLOSIVE 2.7 TO 4.8,srd,4.2,2.3,2.2,FRONT,FRONT,4727.070378,4727.02,0.001,PASS,,,
EXPLOSIVE_2.7_TO_4.8~L4.2~W2.3~H2.2~srd,EXPLOSIVE 2.7 TO 4.8,37,EXPLOSIVE 2.7 TO 4.8,srd,4.2,2.3,2.2,SRD,SRD,5970.357794,5954.13,0.272,PASS,,,
EXPLOSIVE_2.7_TO_4.8~L4.2~W2.3~H2.2~srd,EXPLOSIVE 2.7 TO 4.8,37,EXPLOSIVE 2.7 TO 4.8,srd,4.2,2.3,2.2,SRD DOOR FITTINGS,SRD DOOR FITTINGS,6824.69172,6824.69,0.0,PASS,,,
EXPLOSIVE_2.7_TO_4.8~L4.2~W2.3~H2.2~srd,EXPLOSIVE 2.7 TO 4.8,37,EXPLOSIVE 2.7 TO 4.8,srd,4.2,2.3,2.2,DRD,,0.0,,,SKIP,,,
EXPLOSIVE_2.7_TO_4.8~L4.2~W2.3~H2.2~srd,EXPLOSIVE 2.7 TO 4.8,37,EXPLOSIVE 2.7 TO 4.8,srd,4.2,2.3,2.2,DRD DOOR FITTINGS,,0.0,,,SKIP,,,
EXPLOSIVE_2.7_TO_4.8~L4.2~W2.3~H2.2~srd,EXPLOSIVE 2.7 TO 4.8,37,EXPLOSIVE 2.7 TO 4.8,srd,4.2,2.3,2.2,SIDES,SIDES,16377.738121,16547.67,1.038,ACCEPTED,,GROUP_DIFF 4MM PF PLYWOOD ~ 6MM PF PLYWOOD (+170.12),"[DATA] PROD explosive bodies carry a 6MM PF PLYWOOD line on ROOF/SIDES where Burt has 4MM PF PLYWOOD (+R60 to +R1.3k), and EXPLOSIVE 4.9 AND UP prices PU as 12.08 x R234.15 per panel where Burt has 2.98 x R172 (+R370 front, +R1.5k sides, +R750 roof, +R487 double rear door)."
EXPLOSIVE_2.7_TO_4.8~L4.2~W2.3~H2.2~srd,EXPLOSIVE 2.7 TO 4.8,37,EXPLOSIVE 2.7 TO 4.8,srd,4.2,2.3,2.2,ROOF,ROOF,8452.383958,8542.8,1.07,ACCEPTED,,GROUP_DIFF 4MM PF PLYWOOD ~ 6MM PF PLYWOOD (+90.51),"[DATA] PROD explosive bodies carry a 6MM PF PLYWOOD line on ROOF/SIDES where Burt has 4MM PF PLYWOOD (+R60 to +R1.3k), and EXPLOSIVE 4.9 AND UP prices PU as 12.08 x R234.15 per panel where Burt has 2.98 x R172 (+R370 front, +R1.5k sides, +R750 roof, +R487 double rear door)."
EXPLOSIVE_2.7_TO_4.8~L4.2~W2.3~H2.2~srd,EXPLOSIVE 2.7 TO 4.8,37,EXPLOSIVE 2.7 TO 4.8,srd,4.2,2.3,2.2,FLOOR,FLOOR,27402.293645,27402.28,0.0,PASS,,,
EXPLOSIVE_2.7_TO_4.8~L4.2~W2.3~H2.2~srd,EXPLOSIVE 2.7 TO 4.8,37,EXPLOSIVE 2.7 TO 4.8,srd,4.2,2.3,2.2,ALUMINIUM,ALUMINIUM,7340.693,7340.69,0.0,PASS,,,
EXPLOSIVE_2.7_TO_4.8~L4.2~W2.3~H2.2~srd,EXPLOSIVE 2.7 TO 4.8,37,EXPLOSIVE 2.7 TO 4.8,srd,4.2,2.3,2.2,SUB FRAME + LIGHT BOX ASSY,SUB FRAME + LIGHT BOX ASSY,7082.290531,6842.57,3.385,ACCEPTED,,MISSING_IN_MES MOUNTING CLEATS (-818.36),"[DATA] Burt's 1MM GALV PLATE (FREEZER MEDIUM, explosive bodies) / MOUNTING CLEATS (EXPLOSIVE 2.7 TO 4.8) lines have no MES line on prod."
EXPLOSIVE_2.7_TO_4.8~L4.2~W2.3~H2.2~srd,EXPLOSIVE 2.7 TO 4.8,37,EXPLOSIVE 2.7 TO 4.8,srd,4.2,2.3,2.2,REAR FRAME + FLOOR PLATE,,0.0,,,SKIP,,,
EXPLOSIVE_2.7_TO_4.8~L4.2~W2.3~H2.2~srd,EXPLOSIVE 2.7 TO 4.8,37,EXPLOSIVE 2.7 TO 4.8,srd,4.2,2.3,2.2,SPRAY PAINTING,SPRAY PAINTING,750.0,750.0,0.0,PASS,,,
EXPLOSIVE_2.7_TO_4.8~L4.2~W2.3~H2.2~srd,EXPLOSIVE 2.7 TO 4.8,37,EXPLOSIVE 2.7 TO 4.8,srd,4.2,2.3,2.2,REFLEXITE TAPE,REFLEXITE TAPE,192.6,192.6,0.0,PASS,,,
EXPLOSIVE_2.7_TO_4.8~L4.2~W2.3~H2.2~drd,EXPLOSIVE 2.7 TO 4.8,37,EXPLOSIVE 2.7 TO 4.8,drd,4.2,2.3,2.2,FRONT,FRONT,4727.070378,4727.02,0.001,PASS,,,
EXPLOSIVE_2.7_TO_4.8~L4.2~W2.3~H2.2~drd,EXPLOSIVE 2.7 TO 4.8,37,EXPLOSIVE 2.7 TO 4.8,drd,4.2,2.3,2.2,SRD,,0.0,,,SKIP,,,
EXPLOSIVE_2.7_TO_4.8~L4.2~W2.3~H2.2~drd,EXPLOSIVE 2.7 TO 4.8,37,EXPLOSIVE 2.7 TO 4.8,drd,4.2,2.3,2.2,SRD DOOR FITTINGS,,0.0,,,SKIP,,,
EXPLOSIVE_2.7_TO_4.8~L4.2~W2.3~H2.2~drd,EXPLOSIVE 2.7 TO 4.8,37,EXPLOSIVE 2.7 TO 4.8,drd,4.2,2.3,2.2,DRD,DRD,6321.979038,6368.15,0.73,PASS,,,
EXPLOSIVE_2.7_TO_4.8~L4.2~W2.3~H2.2~drd,EXPLOSIVE 2.7 TO 4.8,37,EXPLOSIVE 2.7 TO 4.8,drd,4.2,2.3,2.2,DRD DOOR FITTINGS,DRD DOOR FITTINGS,4434.47931,4434.48,0.0,PASS,,,
EXPLOSIVE_2.7_TO_4.8~L4.2~W2.3~H2.2~drd,EXPLOSIVE 2.7 TO 4.8,37,EXPLOSIVE 2.7 TO 4.8,drd,4.2,2.3,2.2,SIDES,SIDES,16377.738121,16547.67,1.038,ACCEPTED,,GROUP_DIFF 4MM PF PLYWOOD ~ 6MM PF PLYWOOD (+170.12),"[DATA] PROD explosive bodies carry a 6MM PF PLYWOOD line on ROOF/SIDES where Burt has 4MM PF PLYWOOD (+R60 to +R1.3k), and EXPLOSIVE 4.9 AND UP prices PU as 12.08 x R234.15 per panel where Burt has 2.98 x R172 (+R370 front, +R1.5k sides, +R750 roof, +R487 double rear door)."
EXPLOSIVE_2.7_TO_4.8~L4.2~W2.3~H2.2~drd,EXPLOSIVE 2.7 TO 4.8,37,EXPLOSIVE 2.7 TO 4.8,drd,4.2,2.3,2.2,ROOF,ROOF,8452.383958,8542.8,1.07,ACCEPTED,,GROUP_DIFF 4MM PF PLYWOOD ~ 6MM PF PLYWOOD (+90.51),"[DATA] PROD explosive bodies carry a 6MM PF PLYWOOD line on ROOF/SIDES where Burt has 4MM PF PLYWOOD (+R60 to +R1.3k), and EXPLOSIVE 4.9 AND UP prices PU as 12.08 x R234.15 per panel where Burt has 2.98 x R172 (+R370 front, +R1.5k sides, +R750 roof, +R487 double rear door)."
EXPLOSIVE_2.7_TO_4.8~L4.2~W2.3~H2.2~drd,EXPLOSIVE 2.7 TO 4.8,37,EXPLOSIVE 2.7 TO 4.8,drd,4.2,2.3,2.2,FLOOR,FLOOR,27402.293645,27402.28,0.0,PASS,,,
EXPLOSIVE_2.7_TO_4.8~L4.2~W2.3~H2.2~drd,EXPLOSIVE 2.7 TO 4.8,37,EXPLOSIVE 2.7 TO 4.8,drd,4.2,2.3,2.2,ALUMINIUM,ALUMINIUM,7340.693,7340.69,0.0,PASS,,,
EXPLOSIVE_2.7_TO_4.8~L4.2~W2.3~H2.2~drd,EXPLOSIVE 2.7 TO 4.8,37,EXPLOSIVE 2.7 TO 4.8,drd,4.2,2.3,2.2,SUB FRAME + LIGHT BOX ASSY,SUB FRAME + LIGHT BOX ASSY,7082.290531,6842.57,3.385,ACCEPTED,,MISSING_IN_MES MOUNTING CLEATS (-818.36),"[DATA] Burt's 1MM GALV PLATE (FREEZER MEDIUM, explosive bodies) / MOUNTING CLEATS (EXPLOSIVE 2.7 TO 4.8) lines have no MES line on prod."
EXPLOSIVE_2.7_TO_4.8~L4.2~W2.3~H2.2~drd,EXPLOSIVE 2.7 TO 4.8,37,EXPLOSIVE 2.7 TO 4.8,drd,4.2,2.3,2.2,REAR FRAME + FLOOR PLATE,REAR FRAME & FLOOR PLATE,3616.051456,3616.05,0.0,PASS,,,
EXPLOSIVE_2.7_TO_4.8~L4.2~W2.3~H2.2~drd,EXPLOSIVE 2.7 TO 4.8,37,EXPLOSIVE 2.7 TO 4.8,drd,4.2,2.3,2.2,SPRAY PAINTING,SPRAY PAINTING,750.0,750.0,0.0,PASS,,,
EXPLOSIVE_2.7_TO_4.8~L4.2~W2.3~H2.2~drd,EXPLOSIVE 2.7 TO 4.8,37,EXPLOSIVE 2.7 TO 4.8,drd,4.2,2.3,2.2,REFLEXITE TAPE,REFLEXITE TAPE,192.6,192.6,0.0,PASS,,,
EXPLOSIVE_2.7_TO_4.8~L4.2~W2.3~H2.2~foam_4g,EXPLOSIVE 2.7 TO 4.8,37,EXPLOSIVE 2.7 TO 4.8,foam_4g,4.2,2.3,2.2,FRONT,FRONT,5044.056505,5088.14,0.874,PASS,,,
EXPLOSIVE_2.7_TO_4.8~L4.2~W2.3~H2.2~foam_4g,EXPLOSIVE 2.7 TO 4.8,37,EXPLOSIVE 2.7 TO 4.8,foam_4g,4.2,2.3,2.2,SRD,,0.0,,,SKIP,,,
EXPLOSIVE_2.7_TO_4.8~L4.2~W2.3~H2.2~foam_4g,EXPLOSIVE 2.7 TO 4.8,37,EXPLOSIVE 2.7 TO 4.8,foam_4g,4.2,2.3,2.2,SRD DOOR FITTINGS,,0.0,,,SKIP,,,
EXPLOSIVE_2.7_TO_4.8~L4.2~W2.3~H2.2~foam_4g,EXPLOSIVE 2.7 TO 4.8,37,EXPLOSIVE 2.7 TO 4.8,foam_4g,4.2,2.3,2.2,DRD,DRD,6638.965165,6729.27,1.36,ACCEPTED,,GROUP_DIFF 4MM PF PLYWOOD ~ 6MM PF PLYWOOD (+46.23),"[DATA] PROD explosive bodies carry a 6MM PF PLYWOOD line on ROOF/SIDES where Burt has 4MM PF PLYWOOD (+R60 to +R1.3k), and EXPLOSIVE 4.9 AND UP prices PU as 12.08 x R234.15 per panel where Burt has 2.98 x R172 (+R370 front, +R1.5k sides, +R750 roof, +R487 double rear door)."
EXPLOSIVE_2.7_TO_4.8~L4.2~W2.3~H2.2~foam_4g,EXPLOSIVE 2.7 TO 4.8,37,EXPLOSIVE 2.7 TO 4.8,foam_4g,4.2,2.3,2.2,DRD DOOR FITTINGS,DRD DOOR FITTINGS,4434.47931,4434.48,0.0,PASS,,,
EXPLOSIVE_2.7_TO_4.8~L4.2~W2.3~H2.2~foam_4g,EXPLOSIVE 2.7 TO 4.8,37,EXPLOSIVE 2.7 TO 4.8,foam_4g,4.2,2.3,2.2,SIDES,SIDES,17481.993069,17805.67,1.851,ACCEPTED,,GROUP_DIFF 4MM PF PLYWOOD ~ 6MM PF PLYWOOD (+170.12),"[DATA] PROD explosive bodies carry a 6MM PF PLYWOOD line on ROOF/SIDES where Burt has 4MM PF PLYWOOD (+R60 to +R1.3k), and EXPLOSIVE 4.9 AND UP prices PU as 12.08 x R234.15 per panel where Burt has 2.98 x R172 (+R370 front, +R1.5k sides, +R750 roof, +R487 double rear door)."
EXPLOSIVE_2.7_TO_4.8~L4.2~W2.3~H2.2~foam_4g,EXPLOSIVE 2.7 TO 4.8,37,EXPLOSIVE 2.7 TO 4.8,foam_4g,4.2,2.3,2.2,ROOF,ROOF,9004.511432,9171.8,1.858,ACCEPTED,,GROUP_DIFF 4MM PF PLYWOOD ~ 6MM PF PLYWOOD (+90.51),"[DATA] PROD explosive bodies carry a 6MM PF PLYWOOD line on ROOF/SIDES where Burt has 4MM PF PLYWOOD (+R60 to +R1.3k), and EXPLOSIVE 4.9 AND UP prices PU as 12.08 x R234.15 per panel where Burt has 2.98 x R172 (+R370 front, +R1.5k sides, +R750 roof, +R487 double rear door)."
EXPLOSIVE_2.7_TO_4.8~L4.2~W2.3~H2.2~foam_4g,EXPLOSIVE 2.7 TO 4.8,37,EXPLOSIVE 2.7 TO 4.8,foam_4g,4.2,2.3,2.2,FLOOR,FLOOR,27402.293645,27402.28,0.0,PASS,,,
EXPLOSIVE_2.7_TO_4.8~L4.2~W2.3~H2.2~foam_4g,EXPLOSIVE 2.7 TO 4.8,37,EXPLOSIVE 2.7 TO 4.8,foam_4g,4.2,2.3,2.2,ALUMINIUM,ALUMINIUM,7340.693,7340.69,0.0,PASS,,,
EXPLOSIVE_2.7_TO_4.8~L4.2~W2.3~H2.2~foam_4g,EXPLOSIVE 2.7 TO 4.8,37,EXPLOSIVE 2.7 TO 4.8,foam_4g,4.2,2.3,2.2,SUB FRAME + LIGHT BOX ASSY,SUB FRAME + LIGHT BOX ASSY,7082.290531,6842.57,3.385,ACCEPTED,,MISSING_IN_MES MOUNTING CLEATS (-818.36),"[DATA] Burt's 1MM GALV PLATE (FREEZER MEDIUM, explosive bodies) / MOUNTING CLEATS (EXPLOSIVE 2.7 TO 4.8) lines have no MES line on prod."
EXPLOSIVE_2.7_TO_4.8~L4.2~W2.3~H2.2~foam_4g,EXPLOSIVE 2.7 TO 4.8,37,EXPLOSIVE 2.7 TO 4.8,foam_4g,4.2,2.3,2.2,REAR FRAME + FLOOR PLATE,REAR FRAME & FLOOR PLATE,3616.051456,3616.05,0.0,PASS,,,
EXPLOSIVE_2.7_TO_4.8~L4.2~W2.3~H2.2~foam_4g,EXPLOSIVE 2.7 TO 4.8,37,EXPLOSIVE 2.7 TO 4.8,foam_4g,4.2,2.3,2.2,SPRAY PAINTING,SPRAY PAINTING,750.0,750.0,0.0,PASS,,,
EXPLOSIVE_2.7_TO_4.8~L4.2~W2.3~H2.2~foam_4g,EXPLOSIVE 2.7 TO 4.8,37,EXPLOSIVE 2.7 TO 4.8,foam_4g,4.2,2.3,2.2,REFLEXITE TAPE,REFLEXITE TAPE,192.6,192.6,0.0,PASS,,,
EXPLOSIVE_2.7_TO_4.8~L4.8~W2.3~H2.2~as_sheet,EXPLOSIVE 2.7 TO 4.8,37,EXPLOSIVE 2.7 TO 4.8,as_sheet,4.8,2.3,2.2,FRONT,FRONT,4727.070378,4727.02,0.001,PASS,,,
EXPLOSIVE_2.7_TO_4.8~L4.8~W2.3~H2.2~as_sheet,EXPLOSIVE 2.7 TO 4.8,37,EXPLOSIVE 2.7 TO 4.8,as_sheet,4.8,2.3,2.2,SRD,,0.0,,,SKIP,,,
EXPLOSIVE_2.7_TO_4.8~L4.8~W2.3~H2.2~as_sheet,EXPLOSIVE 2.7 TO 4.8,37,EXPLOSIVE 2.7 TO 4.8,as_sheet,4.8,2.3,2.2,SRD DOOR FITTINGS,,0.0,,,SKIP,,,
EXPLOSIVE_2.7_TO_4.8~L4.8~W2.3~H2.2~as_sheet,EXPLOSIVE 2.7 TO 4.8,37,EXPLOSIVE 2.7 TO 4.8,as_sheet,4.8,2.3,2.2,DRD,DRD,6321.979038,6368.15,0.73,PASS,,,
EXPLOSIVE_2.7_TO_4.8~L4.8~W2.3~H2.2~as_sheet,EXPLOSIVE 2.7 TO 4.8,37,EXPLOSIVE 2.7 TO 4.8,as_sheet,4.8,2.3,2.2,DRD DOOR FITTINGS,DRD DOOR FITTINGS,4434.47931,4434.48,0.0,PASS,,,
EXPLOSIVE_2.7_TO_4.8~L4.8~W2.3~H2.2~as_sheet,EXPLOSIVE 2.7 TO 4.8,37,EXPLOSIVE 2.7 TO 4.8,as_sheet,4.8,2.3,2.2,SIDES,SIDES,18672.123267,18866.05,1.039,ACCEPTED,,GROUP_DIFF 4MM PF PLYWOOD ~ 6MM PF PLYWOOD (+194.14),"[DATA] PROD explosive bodies carry a 6MM PF PLYWOOD line on ROOF/SIDES where Burt has 4MM PF PLYWOOD (+R60 to +R1.3k), and EXPLOSIVE 4.9 AND UP prices PU as 12.08 x R234.15 per panel where Burt has 2.98 x R172 (+R370 front, +R1.5k sides, +R750 roof, +R487 double rear door)."
EXPLOSIVE_2.7_TO_4.8~L4.8~W2.3~H2.2~as_sheet,EXPLOSIVE 2.7 TO 4.8,37,EXPLOSIVE 2.7 TO 4.8,as_sheet,4.8,2.3,2.2,ROOF,ROOF,9632.184517,9735.36,1.071,ACCEPTED,,GROUP_DIFF 4MM PF PLYWOOD ~ 6MM PF PLYWOOD (+103.30),"[DATA] PROD explosive bodies carry a 6MM PF PLYWOOD line on ROOF/SIDES where Burt has 4MM PF PLYWOOD (+R60 to +R1.3k), and EXPLOSIVE 4.9 AND UP prices PU as 12.08 x R234.15 per panel where Burt has 2.98 x R172 (+R370 front, +R1.5k sides, +R750 roof, +R487 double rear door)."
EXPLOSIVE_2.7_TO_4.8~L4.8~W2.3~H2.2~as_sheet,EXPLOSIVE 2.7 TO 4.8,37,EXPLOSIVE 2.7 TO 4.8,as_sheet,4.8,2.3,2.2,FLOOR,FLOOR,30920.699807,30920.69,0.0,PASS,,,
EXPLOSIVE_2.7_TO_4.8~L4.8~W2.3~H2.2~as_sheet,EXPLOSIVE 2.7 TO 4.8,37,EXPLOSIVE 2.7 TO 4.8,as_sheet,4.8,2.3,2.2,ALUMINIUM,ALUMINIUM,8069.825,8069.82,0.0,PASS,,,
EXPLOSIVE_2.7_TO_4.8~L4.8~W2.3~H2.2~as_sheet,EXPLOSIVE 2.7 TO 4.8,37,EXPLOSIVE 2.7 TO 4.8,as_sheet,4.8,2.3,2.2,SUB FRAME + LIGHT BOX ASSY,SUB FRAME + LIGHT BOX ASSY,7526.143973,7286.42,3.185,ACCEPTED,,MISSING_IN_MES MOUNTING CLEATS (-818.36),"[DATA] Burt's 1MM GALV PLATE (FREEZER MEDIUM, explosive bodies) / MOUNTING CLEATS (EXPLOSIVE 2.7 TO 4.8) lines have no MES line on prod."
EXPLOSIVE_2.7_TO_4.8~L4.8~W2.3~H2.2~as_sheet,EXPLOSIVE 2.7 TO 4.8,37,EXPLOSIVE 2.7 TO 4.8,as_sheet,4.8,2.3,2.2,REAR FRAME + FLOOR PLATE,REAR FRAME & FLOOR PLATE,3616.051456,3616.05,0.0,PASS,,,
EXPLOSIVE_2.7_TO_4.8~L4.8~W2.3~H2.2~as_sheet,EXPLOSIVE 2.7 TO 4.8,37,EXPLOSIVE 2.7 TO 4.8,as_sheet,4.8,2.3,2.2,SPRAY PAINTING,SPRAY PAINTING,750.0,750.0,0.0,PASS,,,
EXPLOSIVE_2.7_TO_4.8~L4.8~W2.3~H2.2~as_sheet,EXPLOSIVE 2.7 TO 4.8,37,EXPLOSIVE 2.7 TO 4.8,as_sheet,4.8,2.3,2.2,REFLEXITE TAPE,REFLEXITE TAPE,214.2,214.2,0.0,PASS,,,
EXPLOSIVE_2.7_TO_4.8~L4.8~W2.3~H2.2~all_eps,EXPLOSIVE 2.7 TO 4.8,37,EXPLOSIVE 2.7 TO 4.8,all_eps,4.8,2.3,2.2,FRONT,FRONT,3664.907163,4284.05,,UNVERIFIABLE,EXCEL_NO_PRICE:EPS,,
EXPLOSIVE_2.7_TO_4.8~L4.8~W2.3~H2.2~all_eps,EXPLOSIVE 2.7 TO 4.8,37,EXPLOSIVE 2.7 TO 4.8,all_eps,4.8,2.3,2.2,SRD,,0.0,,,SKIP,,,
EXPLOSIVE_2.7_TO_4.8~L4.8~W2.3~H2.2~all_eps,EXPLOSIVE 2.7 TO 4.8,37,EXPLOSIVE 2.7 TO 4.8,all_eps,4.8,2.3,2.2,SRD DOOR FITTINGS,,0.0,,,SKIP,,,
EXPLOSIVE_2.7_TO_4.8~L4.8~W2.3~H2.2~all_eps,EXPLOSIVE 2.7 TO 4.8,37,EXPLOSIVE 2.7 TO 4.8,all_eps,4.8,2.3,2.2,DRD,DRD,5275.183589,5320.25,,UNVERIFIABLE,EXCEL_NO_PRICE:EPS,,
EXPLOSIVE_2.7_TO_4.8~L4.8~W2.3~H2.2~all_eps,EXPLOSIVE 2.7 TO 4.8,37,EXPLOSIVE 2.7 TO 4.8,all_eps,4.8,2.3,2.2,DRD DOOR FITTINGS,DRD DOOR FITTINGS,4412.77422,4434.48,0.492,PASS,,,
EXPLOSIVE_2.7_TO_4.8~L4.8~W2.3~H2.2~all_eps,EXPLOSIVE 2.7 TO 4.8,37,EXPLOSIVE 2.7 TO 4.8,all_eps,4.8,2.3,2.2,SIDES,SIDES,14566.948857,17628.43,,UNVERIFIABLE,EXCEL_NO_PRICE:EPS,,
EXPLOSIVE_2.7_TO_4.8~L4.8~W2.3~H2.2~all_eps,EXPLOSIVE 2.7 TO 4.8,37,EXPLOSIVE 2.7 TO 4.8,all_eps,4.8,2.3,2.2,ROOF,ROOF,7645.025273,9532.6,,UNVERIFIABLE,EXCEL_NO_PRICE:EPS,,
EXPLOSIVE_2.7_TO_4.8~L4.8~W2.3~H2.2~all_eps,EXPLOSIVE 2.7 TO 4.8,37,EXPLOSIVE 2.7 TO 4.8,all_eps,4.8,2.3,2.2,FLOOR,FLOOR,30920.699807,30920.69,0.0,PASS,,,
EXPLOSIVE_2.7_TO_4.8~L4.8~W2.3~H2.2~all_eps,EXPLOSIVE 2.7 TO 4.8,37,EXPLOSIVE 2.7 TO 4.8,all_eps,4.8,2.3,2.2,ALUMINIUM,ALUMINIUM,8069.825,8069.82,0.0,PASS,,,
EXPLOSIVE_2.7_TO_4.8~L4.8~W2.3~H2.2~all_eps,EXPLOSIVE 2.7 TO 4.8,37,EXPLOSIVE 2.7 TO 4.8,all_eps,4.8,2.3,2.2,SUB FRAME + LIGHT BOX ASSY,SUB FRAME + LIGHT BOX ASSY,7526.143973,7286.42,3.185,ACCEPTED,,MISSING_IN_MES MOUNTING CLEATS (-818.36),"[DATA] Burt's 1MM GALV PLATE (FREEZER MEDIUM, explosive bodies) / MOUNTING CLEATS (EXPLOSIVE 2.7 TO 4.8) lines have no MES line on prod."
EXPLOSIVE_2.7_TO_4.8~L4.8~W2.3~H2.2~all_eps,EXPLOSIVE 2.7 TO 4.8,37,EXPLOSIVE 2.7 TO 4.8,all_eps,4.8,2.3,2.2,REAR FRAME + FLOOR PLATE,REAR FRAME & FLOOR PLATE,3616.051456,3616.05,0.0,PASS,,,
EXPLOSIVE_2.7_TO_4.8~L4.8~W2.3~H2.2~all_eps,EXPLOSIVE 2.7 TO 4.8,37,EXPLOSIVE 2.7 TO 4.8,all_eps,4.8,2.3,2.2,SPRAY PAINTING,SPRAY PAINTING,750.0,750.0,0.0,PASS,,,
EXPLOSIVE_2.7_TO_4.8~L4.8~W2.3~H2.2~all_eps,EXPLOSIVE 2.7 TO 4.8,37,EXPLOSIVE 2.7 TO 4.8,all_eps,4.8,2.3,2.2,REFLEXITE TAPE,REFLEXITE TAPE,214.2,214.2,0.0,PASS,,,
EXPLOSIVE_2.7_TO_4.8~L4.8~W2.3~H2.2~all_pu,EXPLOSIVE 2.7 TO 4.8,37,EXPLOSIVE 2.7 TO 4.8,all_pu,4.8,2.3,2.2,FRONT,FRONT,4727.070378,4727.02,0.001,PASS,,,
EXPLOSIVE_2.7_TO_4.8~L4.8~W2.3~H2.2~all_pu,EXPLOSIVE 2.7 TO 4.8,37,EXPLOSIVE 2.7 TO 4.8,all_pu,4.8,2.3,2.2,SRD,,0.0,,,SKIP,,,
EXPLOSIVE_2.7_TO_4.8~L4.8~W2.3~H2.2~all_pu,EXPLOSIVE 2.7 TO 4.8,37,EXPLOSIVE 2.7 TO 4.8,all_pu,4.8,2.3,2.2,SRD DOOR FITTINGS,,0.0,,,SKIP,,,
EXPLOSIVE_2.7_TO_4.8~L4.8~W2.3~H2.2~all_pu,EXPLOSIVE 2.7 TO 4.8,37,EXPLOSIVE 2.7 TO 4.8,all_pu,4.8,2.3,2.2,DRD,DRD,6321.979038,6368.15,0.73,PASS,,,
EXPLOSIVE_2.7_TO_4.8~L4.8~W2.3~H2.2~all_pu,EXPLOSIVE 2.7 TO 4.8,37,EXPLOSIVE 2.7 TO 4.8,all_pu,4.8,2.3,2.2,DRD DOOR FITTINGS,DRD DOOR FITTINGS,4434.47931,4434.48,0.0,PASS,,,
EXPLOSIVE_2.7_TO_4.8~L4.8~W2.3~H2.2~all_pu,EXPLOSIVE 2.7 TO 4.8,37,EXPLOSIVE 2.7 TO 4.8,all_pu,4.8,2.3,2.2,SIDES,SIDES,18672.123267,18866.05,1.039,ACCEPTED,,GROUP_DIFF 4MM PF PLYWOOD ~ 6MM PF PLYWOOD (+194.14),"[DATA] PROD explosive bodies carry a 6MM PF PLYWOOD line on ROOF/SIDES where Burt has 4MM PF PLYWOOD (+R60 to +R1.3k), and EXPLOSIVE 4.9 AND UP prices PU as 12.08 x R234.15 per panel where Burt has 2.98 x R172 (+R370 front, +R1.5k sides, +R750 roof, +R487 double rear door)."
EXPLOSIVE_2.7_TO_4.8~L4.8~W2.3~H2.2~all_pu,EXPLOSIVE 2.7 TO 4.8,37,EXPLOSIVE 2.7 TO 4.8,all_pu,4.8,2.3,2.2,ROOF,ROOF,9632.184517,9735.36,1.071,ACCEPTED,,GROUP_DIFF 4MM PF PLYWOOD ~ 6MM PF PLYWOOD (+103.30),"[DATA] PROD explosive bodies carry a 6MM PF PLYWOOD line on ROOF/SIDES where Burt has 4MM PF PLYWOOD (+R60 to +R1.3k), and EXPLOSIVE 4.9 AND UP prices PU as 12.08 x R234.15 per panel where Burt has 2.98 x R172 (+R370 front, +R1.5k sides, +R750 roof, +R487 double rear door)."
EXPLOSIVE_2.7_TO_4.8~L4.8~W2.3~H2.2~all_pu,EXPLOSIVE 2.7 TO 4.8,37,EXPLOSIVE 2.7 TO 4.8,all_pu,4.8,2.3,2.2,FLOOR,FLOOR,30920.699807,30920.69,0.0,PASS,,,
EXPLOSIVE_2.7_TO_4.8~L4.8~W2.3~H2.2~all_pu,EXPLOSIVE 2.7 TO 4.8,37,EXPLOSIVE 2.7 TO 4.8,all_pu,4.8,2.3,2.2,ALUMINIUM,ALUMINIUM,8069.825,8069.82,0.0,PASS,,,
EXPLOSIVE_2.7_TO_4.8~L4.8~W2.3~H2.2~all_pu,EXPLOSIVE 2.7 TO 4.8,37,EXPLOSIVE 2.7 TO 4.8,all_pu,4.8,2.3,2.2,SUB FRAME + LIGHT BOX ASSY,SUB FRAME + LIGHT BOX ASSY,7526.143973,7286.42,3.185,ACCEPTED,,MISSING_IN_MES MOUNTING CLEATS (-818.36),"[DATA] Burt's 1MM GALV PLATE (FREEZER MEDIUM, explosive bodies) / MOUNTING CLEATS (EXPLOSIVE 2.7 TO 4.8) lines have no MES line on prod."
EXPLOSIVE_2.7_TO_4.8~L4.8~W2.3~H2.2~all_pu,EXPLOSIVE 2.7 TO 4.8,37,EXPLOSIVE 2.7 TO 4.8,all_pu,4.8,2.3,2.2,REAR FRAME + FLOOR PLATE,REAR FRAME & FLOOR PLATE,3616.051456,3616.05,0.0,PASS,,,
EXPLOSIVE_2.7_TO_4.8~L4.8~W2.3~H2.2~all_pu,EXPLOSIVE 2.7 TO 4.8,37,EXPLOSIVE 2.7 TO 4.8,all_pu,4.8,2.3,2.2,SPRAY PAINTING,SPRAY PAINTING,750.0,750.0,0.0,PASS,,,
EXPLOSIVE_2.7_TO_4.8~L4.8~W2.3~H2.2~all_pu,EXPLOSIVE 2.7 TO 4.8,37,EXPLOSIVE 2.7 TO 4.8,all_pu,4.8,2.3,2.2,REFLEXITE TAPE,REFLEXITE TAPE,214.2,214.2,0.0,PASS,,,
EXPLOSIVE_2.7_TO_4.8~L4.8~W2.3~H2.2~srd,EXPLOSIVE 2.7 TO 4.8,37,EXPLOSIVE 2.7 TO 4.8,srd,4.8,2.3,2.2,FRONT,FRONT,4727.070378,4727.02,0.001,PASS,,,
EXPLOSIVE_2.7_TO_4.8~L4.8~W2.3~H2.2~srd,EXPLOSIVE 2.7 TO 4.8,37,EXPLOSIVE 2.7 TO 4.8,srd,4.8,2.3,2.2,SRD,SRD,5970.357794,5954.13,0.272,PASS,,,
EXPLOSIVE_2.7_TO_4.8~L4.8~W2.3~H2.2~srd,EXPLOSIVE 2.7 TO 4.8,37,EXPLOSIVE 2.7 TO 4.8,srd,4.8,2.3,2.2,SRD DOOR FITTINGS,SRD DOOR FITTINGS,6824.69172,6824.69,0.0,PASS,,,
EXPLOSIVE_2.7_TO_4.8~L4.8~W2.3~H2.2~srd,EXPLOSIVE 2.7 TO 4.8,37,EXPLOSIVE 2.7 TO 4.8,srd,4.8,2.3,2.2,DRD,,0.0,,,SKIP,,,
EXPLOSIVE_2.7_TO_4.8~L4.8~W2.3~H2.2~srd,EXPLOSIVE 2.7 TO 4.8,37,EXPLOSIVE 2.7 TO 4.8,srd,4.8,2.3,2.2,DRD DOOR FITTINGS,,0.0,,,SKIP,,,
EXPLOSIVE_2.7_TO_4.8~L4.8~W2.3~H2.2~srd,EXPLOSIVE 2.7 TO 4.8,37,EXPLOSIVE 2.7 TO 4.8,srd,4.8,2.3,2.2,SIDES,SIDES,18672.123267,18866.05,1.039,ACCEPTED,,GROUP_DIFF 4MM PF PLYWOOD ~ 6MM PF PLYWOOD (+194.14),"[DATA] PROD explosive bodies carry a 6MM PF PLYWOOD line on ROOF/SIDES where Burt has 4MM PF PLYWOOD (+R60 to +R1.3k), and EXPLOSIVE 4.9 AND UP prices PU as 12.08 x R234.15 per panel where Burt has 2.98 x R172 (+R370 front, +R1.5k sides, +R750 roof, +R487 double rear door)."
EXPLOSIVE_2.7_TO_4.8~L4.8~W2.3~H2.2~srd,EXPLOSIVE 2.7 TO 4.8,37,EXPLOSIVE 2.7 TO 4.8,srd,4.8,2.3,2.2,ROOF,ROOF,9632.184517,9735.36,1.071,ACCEPTED,,GROUP_DIFF 4MM PF PLYWOOD ~ 6MM PF PLYWOOD (+103.30),"[DATA] PROD explosive bodies carry a 6MM PF PLYWOOD line on ROOF/SIDES where Burt has 4MM PF PLYWOOD (+R60 to +R1.3k), and EXPLOSIVE 4.9 AND UP prices PU as 12.08 x R234.15 per panel where Burt has 2.98 x R172 (+R370 front, +R1.5k sides, +R750 roof, +R487 double rear door)."
EXPLOSIVE_2.7_TO_4.8~L4.8~W2.3~H2.2~srd,EXPLOSIVE 2.7 TO 4.8,37,EXPLOSIVE 2.7 TO 4.8,srd,4.8,2.3,2.2,FLOOR,FLOOR,30920.699807,30920.69,0.0,PASS,,,
EXPLOSIVE_2.7_TO_4.8~L4.8~W2.3~H2.2~srd,EXPLOSIVE 2.7 TO 4.8,37,EXPLOSIVE 2.7 TO 4.8,srd,4.8,2.3,2.2,ALUMINIUM,ALUMINIUM,8069.825,8069.82,0.0,PASS,,,
EXPLOSIVE_2.7_TO_4.8~L4.8~W2.3~H2.2~srd,EXPLOSIVE 2.7 TO 4.8,37,EXPLOSIVE 2.7 TO 4.8,srd,4.8,2.3,2.2,SUB FRAME + LIGHT BOX ASSY,SUB FRAME + LIGHT BOX ASSY,7526.143973,7286.42,3.185,ACCEPTED,,MISSING_IN_MES MOUNTING CLEATS (-818.36),"[DATA] Burt's 1MM GALV PLATE (FREEZER MEDIUM, explosive bodies) / MOUNTING CLEATS (EXPLOSIVE 2.7 TO 4.8) lines have no MES line on prod."
EXPLOSIVE_2.7_TO_4.8~L4.8~W2.3~H2.2~srd,EXPLOSIVE 2.7 TO 4.8,37,EXPLOSIVE 2.7 TO 4.8,srd,4.8,2.3,2.2,REAR FRAME + FLOOR PLATE,,0.0,,,SKIP,,,
EXPLOSIVE_2.7_TO_4.8~L4.8~W2.3~H2.2~srd,EXPLOSIVE 2.7 TO 4.8,37,EXPLOSIVE 2.7 TO 4.8,srd,4.8,2.3,2.2,SPRAY PAINTING,SPRAY PAINTING,750.0,750.0,0.0,PASS,,,
EXPLOSIVE_2.7_TO_4.8~L4.8~W2.3~H2.2~srd,EXPLOSIVE 2.7 TO 4.8,37,EXPLOSIVE 2.7 TO 4.8,srd,4.8,2.3,2.2,REFLEXITE TAPE,REFLEXITE TAPE,214.2,214.2,0.0,PASS,,,
EXPLOSIVE_2.7_TO_4.8~L4.8~W2.3~H2.2~drd,EXPLOSIVE 2.7 TO 4.8,37,EXPLOSIVE 2.7 TO 4.8,drd,4.8,2.3,2.2,FRONT,FRONT,4727.070378,4727.02,0.001,PASS,,,
EXPLOSIVE_2.7_TO_4.8~L4.8~W2.3~H2.2~drd,EXPLOSIVE 2.7 TO 4.8,37,EXPLOSIVE 2.7 TO 4.8,drd,4.8,2.3,2.2,SRD,,0.0,,,SKIP,,,
EXPLOSIVE_2.7_TO_4.8~L4.8~W2.3~H2.2~drd,EXPLOSIVE 2.7 TO 4.8,37,EXPLOSIVE 2.7 TO 4.8,drd,4.8,2.3,2.2,SRD DOOR FITTINGS,,0.0,,,SKIP,,,
EXPLOSIVE_2.7_TO_4.8~L4.8~W2.3~H2.2~drd,EXPLOSIVE 2.7 TO 4.8,37,EXPLOSIVE 2.7 TO 4.8,drd,4.8,2.3,2.2,DRD,DRD,6321.979038,6368.15,0.73,PASS,,,
EXPLOSIVE_2.7_TO_4.8~L4.8~W2.3~H2.2~drd,EXPLOSIVE 2.7 TO 4.8,37,EXPLOSIVE 2.7 TO 4.8,drd,4.8,2.3,2.2,DRD DOOR FITTINGS,DRD DOOR FITTINGS,4434.47931,4434.48,0.0,PASS,,,
EXPLOSIVE_2.7_TO_4.8~L4.8~W2.3~H2.2~drd,EXPLOSIVE 2.7 TO 4.8,37,EXPLOSIVE 2.7 TO 4.8,drd,4.8,2.3,2.2,SIDES,SIDES,18672.123267,18866.05,1.039,ACCEPTED,,GROUP_DIFF 4MM PF PLYWOOD ~ 6MM PF PLYWOOD (+194.14),"[DATA] PROD explosive bodies carry a 6MM PF PLYWOOD line on ROOF/SIDES where Burt has 4MM PF PLYWOOD (+R60 to +R1.3k), and EXPLOSIVE 4.9 AND UP prices PU as 12.08 x R234.15 per panel where Burt has 2.98 x R172 (+R370 front, +R1.5k sides, +R750 roof, +R487 double rear door)."
EXPLOSIVE_2.7_TO_4.8~L4.8~W2.3~H2.2~drd,EXPLOSIVE 2.7 TO 4.8,37,EXPLOSIVE 2.7 TO 4.8,drd,4.8,2.3,2.2,ROOF,ROOF,9632.184517,9735.36,1.071,ACCEPTED,,GROUP_DIFF 4MM PF PLYWOOD ~ 6MM PF PLYWOOD (+103.30),"[DATA] PROD explosive bodies carry a 6MM PF PLYWOOD line on ROOF/SIDES where Burt has 4MM PF PLYWOOD (+R60 to +R1.3k), and EXPLOSIVE 4.9 AND UP prices PU as 12.08 x R234.15 per panel where Burt has 2.98 x R172 (+R370 front, +R1.5k sides, +R750 roof, +R487 double rear door)."
EXPLOSIVE_2.7_TO_4.8~L4.8~W2.3~H2.2~drd,EXPLOSIVE 2.7 TO 4.8,37,EXPLOSIVE 2.7 TO 4.8,drd,4.8,2.3,2.2,FLOOR,FLOOR,30920.699807,30920.69,0.0,PASS,,,
EXPLOSIVE_2.7_TO_4.8~L4.8~W2.3~H2.2~drd,EXPLOSIVE 2.7 TO 4.8,37,EXPLOSIVE 2.7 TO 4.8,drd,4.8,2.3,2.2,ALUMINIUM,ALUMINIUM,8069.825,8069.82,0.0,PASS,,,
EXPLOSIVE_2.7_TO_4.8~L4.8~W2.3~H2.2~drd,EXPLOSIVE 2.7 TO 4.8,37,EXPLOSIVE 2.7 TO 4.8,drd,4.8,2.3,2.2,SUB FRAME + LIGHT BOX ASSY,SUB FRAME + LIGHT BOX ASSY,7526.143973,7286.42,3.185,ACCEPTED,,MISSING_IN_MES MOUNTING CLEATS (-818.36),"[DATA] Burt's 1MM GALV PLATE (FREEZER MEDIUM, explosive bodies) / MOUNTING CLEATS (EXPLOSIVE 2.7 TO 4.8) lines have no MES line on prod."
EXPLOSIVE_2.7_TO_4.8~L4.8~W2.3~H2.2~drd,EXPLOSIVE 2.7 TO 4.8,37,EXPLOSIVE 2.7 TO 4.8,drd,4.8,2.3,2.2,REAR FRAME + FLOOR PLATE,REAR FRAME & FLOOR PLATE,3616.051456,3616.05,0.0,PASS,,,
EXPLOSIVE_2.7_TO_4.8~L4.8~W2.3~H2.2~drd,EXPLOSIVE 2.7 TO 4.8,37,EXPLOSIVE 2.7 TO 4.8,drd,4.8,2.3,2.2,SPRAY PAINTING,SPRAY PAINTING,750.0,750.0,0.0,PASS,,,
EXPLOSIVE_2.7_TO_4.8~L4.8~W2.3~H2.2~drd,EXPLOSIVE 2.7 TO 4.8,37,EXPLOSIVE 2.7 TO 4.8,drd,4.8,2.3,2.2,REFLEXITE TAPE,REFLEXITE TAPE,214.2,214.2,0.0,PASS,,,
EXPLOSIVE_2.7_TO_4.8~L4.8~W2.3~H2.2~foam_4g,EXPLOSIVE 2.7 TO 4.8,37,EXPLOSIVE 2.7 TO 4.8,foam_4g,4.8,2.3,2.2,FRONT,FRONT,5044.056505,5088.14,0.874,PASS,,,
EXPLOSIVE_2.7_TO_4.8~L4.8~W2.3~H2.2~foam_4g,EXPLOSIVE 2.7 TO 4.8,37,EXPLOSIVE 2.7 TO 4.8,foam_4g,4.8,2.3,2.2,SRD,,0.0,,,SKIP,,,
EXPLOSIVE_2.7_TO_4.8~L4.8~W2.3~H2.2~foam_4g,EXPLOSIVE 2.7 TO 4.8,37,EXPLOSIVE 2.7 TO 4.8,foam_4g,4.8,2.3,2.2,SRD DOOR FITTINGS,,0.0,,,SKIP,,,
EXPLOSIVE_2.7_TO_4.8~L4.8~W2.3~H2.2~foam_4g,EXPLOSIVE 2.7 TO 4.8,37,EXPLOSIVE 2.7 TO 4.8,foam_4g,4.8,2.3,2.2,DRD,DRD,6638.965165,6729.27,1.36,ACCEPTED,,GROUP_DIFF 4MM PF PLYWOOD ~ 6MM PF PLYWOOD (+46.23),"[DATA] PROD explosive bodies carry a 6MM PF PLYWOOD line on ROOF/SIDES where Burt has 4MM PF PLYWOOD (+R60 to +R1.3k), and EXPLOSIVE 4.9 AND UP prices PU as 12.08 x R234.15 per panel where Burt has 2.98 x R172 (+R370 front, +R1.5k sides, +R750 roof, +R487 double rear door)."
EXPLOSIVE_2.7_TO_4.8~L4.8~W2.3~H2.2~foam_4g,EXPLOSIVE 2.7 TO 4.8,37,EXPLOSIVE 2.7 TO 4.8,foam_4g,4.8,2.3,2.2,DRD DOOR FITTINGS,DRD DOOR FITTINGS,4434.47931,4434.48,0.0,PASS,,,
EXPLOSIVE_2.7_TO_4.8~L4.8~W2.3~H2.2~foam_4g,EXPLOSIVE 2.7 TO 4.8,37,EXPLOSIVE 2.7 TO 4.8,foam_4g,4.8,2.3,2.2,SIDES,SIDES,19932.273032,20301.65,1.853,ACCEPTED,,GROUP_DIFF 4MM PF PLYWOOD ~ 6MM PF PLYWOOD (+194.14),"[DATA] PROD explosive bodies carry a 6MM PF PLYWOOD line on ROOF/SIDES where Burt has 4MM PF PLYWOOD (+R60 to +R1.3k), and EXPLOSIVE 4.9 AND UP prices PU as 12.08 x R234.15 per panel where Burt has 2.98 x R172 (+R370 front, +R1.5k sides, +R750 roof, +R487 double rear door)."
EXPLOSIVE_2.7_TO_4.8~L4.8~W2.3~H2.2~foam_4g,EXPLOSIVE 2.7 TO 4.8,37,EXPLOSIVE 2.7 TO 4.8,foam_4g,4.8,2.3,2.2,ROOF,ROOF,10262.259399,10453.16,1.86,ACCEPTED,,GROUP_DIFF 4MM PF PLYWOOD ~ 6MM PF PLYWOOD (+103.30),"[DATA] PROD explosive bodies carry a 6MM PF PLYWOOD line on ROOF/SIDES where Burt has 4MM PF PLYWOOD (+R60 to +R1.3k), and EXPLOSIVE 4.9 AND UP prices PU as 12.08 x R234.15 per panel where Burt has 2.98 x R172 (+R370 front, +R1.5k sides, +R750 roof, +R487 double rear door)."
EXPLOSIVE_2.7_TO_4.8~L4.8~W2.3~H2.2~foam_4g,EXPLOSIVE 2.7 TO 4.8,37,EXPLOSIVE 2.7 TO 4.8,foam_4g,4.8,2.3,2.2,FLOOR,FLOOR,30920.699807,30920.69,0.0,PASS,,,
EXPLOSIVE_2.7_TO_4.8~L4.8~W2.3~H2.2~foam_4g,EXPLOSIVE 2.7 TO 4.8,37,EXPLOSIVE 2.7 TO 4.8,foam_4g,4.8,2.3,2.2,ALUMINIUM,ALUMINIUM,8069.825,8069.82,0.0,PASS,,,
EXPLOSIVE_2.7_TO_4.8~L4.8~W2.3~H2.2~foam_4g,EXPLOSIVE 2.7 TO 4.8,37,EXPLOSIVE 2.7 TO 4.8,foam_4g,4.8,2.3,2.2,SUB FRAME + LIGHT BOX ASSY,SUB FRAME + LIGHT BOX ASSY,7526.143973,7286.42,3.185,ACCEPTED,,MISSING_IN_MES MOUNTING CLEATS (-818.36),"[DATA] Burt's 1MM GALV PLATE (FREEZER MEDIUM, explosive bodies) / MOUNTING CLEATS (EXPLOSIVE 2.7 TO 4.8) lines have no MES line on prod."
EXPLOSIVE_2.7_TO_4.8~L4.8~W2.3~H2.2~foam_4g,EXPLOSIVE 2.7 TO 4.8,37,EXPLOSIVE 2.7 TO 4.8,foam_4g,4.8,2.3,2.2,REAR FRAME + FLOOR PLATE,REAR FRAME & FLOOR PLATE,3616.051456,3616.05,0.0,PASS,,,
EXPLOSIVE_2.7_TO_4.8~L4.8~W2.3~H2.2~foam_4g,EXPLOSIVE 2.7 TO 4.8,37,EXPLOSIVE 2.7 TO 4.8,foam_4g,4.8,2.3,2.2,SPRAY PAINTING,SPRAY PAINTING,750.0,750.0,0.0,PASS,,,
EXPLOSIVE_2.7_TO_4.8~L4.8~W2.3~H2.2~foam_4g,EXPLOSIVE 2.7 TO 4.8,37,EXPLOSIVE 2.7 TO 4.8,foam_4g,4.8,2.3,2.2,REFLEXITE TAPE,REFLEXITE TAPE,214.2,214.2,0.0,PASS,,,
EXPLOSIVE_4.9_AND_UP~L4.9~W2.6~H2.1~as_sheet,EXPLOSIVE 4.9 AND UP,24,EXPLOSIVE 4.9 AND UP,as_sheet,4.9,2.6,2.1,FRONT,FRONT,4798.79966,5168.67,7.708,ACCEPTED,,BOTH PU (+369.93),"[DATA] PROD explosive bodies carry a 6MM PF PLYWOOD line on ROOF/SIDES where Burt has 4MM PF PLYWOOD (+R60 to +R1.3k), and EXPLOSIVE 4.9 AND UP prices PU as 12.08 x R234.15 per panel where Burt has 2.98 x R172 (+R370 front, +R1.5k sides, +R750 roof, +R487 double rear door)."
EXPLOSIVE_4.9_AND_UP~L4.9~W2.6~H2.1~as_sheet,EXPLOSIVE 4.9 AND UP,24,EXPLOSIVE 4.9 AND UP,as_sheet,4.9,2.6,2.1,SRD,,0.0,,,SKIP,,,
EXPLOSIVE_4.9_AND_UP~L4.9~W2.6~H2.1~as_sheet,EXPLOSIVE 4.9 AND UP,24,EXPLOSIVE 4.9 AND UP,as_sheet,4.9,2.6,2.1,SRD DOOR FITTINGS,,0.0,,,SKIP,,,
EXPLOSIVE_4.9_AND_UP~L4.9~W2.6~H2.1~as_sheet,EXPLOSIVE 4.9 AND UP,24,EXPLOSIVE 4.9 AND UP,as_sheet,4.9,2.6,2.1,DRD,DRD,6420.583372,6640.28,3.422,ACCEPTED,,BOTH PU (+369.93),"[DATA] PROD explosive bodies carry a 6MM PF PLYWOOD line on ROOF/SIDES where Burt has 4MM PF PLYWOOD (+R60 to +R1.3k), and EXPLOSIVE 4.9 AND UP prices PU as 12.08 x R234.15 per panel where Burt has 2.98 x R172 (+R370 front, +R1.5k sides, +R750 roof, +R487 double rear door)."
EXPLOSIVE_4.9_AND_UP~L4.9~W2.6~H2.1~as_sheet,EXPLOSIVE 4.9 AND UP,24,EXPLOSIVE 4.9 AND UP,as_sheet,4.9,2.6,2.1,DRD DOOR FITTINGS,DRD DOOR FITTINGS,5831.01018,5831.01,0.0,PASS,,,
EXPLOSIVE_4.9_AND_UP~L4.9~W2.6~H2.1~as_sheet,EXPLOSIVE 4.9 AND UP,24,EXPLOSIVE 4.9 AND UP,as_sheet,4.9,2.6,2.1,SIDES,SIDES,18909.426816,20410.15,7.936,ACCEPTED,,BOTH PU (+1500.93),"[DATA] PROD explosive bodies carry a 6MM PF PLYWOOD line on ROOF/SIDES where Burt has 4MM PF PLYWOOD (+R60 to +R1.3k), and EXPLOSIVE 4.9 AND UP prices PU as 12.08 x R234.15 per panel where Burt has 2.98 x R172 (+R370 front, +R1.5k sides, +R750 roof, +R487 double rear door)."
EXPLOSIVE_4.9_AND_UP~L4.9~W2.6~H2.1~as_sheet,EXPLOSIVE 4.9 AND UP,24,EXPLOSIVE 4.9 AND UP,as_sheet,4.9,2.6,2.1,ROOF,ROOF,11326.940782,12196.16,7.674,ACCEPTED,,BOTH PU (+750.46),"[DATA] PROD explosive bodies carry a 6MM PF PLYWOOD line on ROOF/SIDES where Burt has 4MM PF PLYWOOD (+R60 to +R1.3k), and EXPLOSIVE 4.9 AND UP prices PU as 12.08 x R234.15 per panel where Burt has 2.98 x R172 (+R370 front, +R1.5k sides, +R750 roof, +R487 double rear door)."
EXPLOSIVE_4.9_AND_UP~L4.9~W2.6~H2.1~as_sheet,EXPLOSIVE 4.9 AND UP,24,EXPLOSIVE 4.9 AND UP,as_sheet,4.9,2.6,2.1,FLOOR,FLOOR,32302.165559,32302.15,0.0,PASS,,,
EXPLOSIVE_4.9_AND_UP~L4.9~W2.6~H2.1~as_sheet,EXPLOSIVE 4.9 AND UP,24,EXPLOSIVE 4.9 AND UP,as_sheet,4.9,2.6,2.1,ALUMINIUM,ALUMINIUM,8254.359,8254.36,0.0,PASS,,,
EXPLOSIVE_4.9_AND_UP~L4.9~W2.6~H2.1~as_sheet,EXPLOSIVE 4.9 AND UP,24,EXPLOSIVE 4.9 AND UP,as_sheet,4.9,2.6,2.1,SUB FRAME + LIGHT BOX ASSY,SUB FRAME + LIGHT BOX ASSY,8747.061871,8507.34,2.741,ACCEPTED,,MISSING_IN_MES 1MM GALV PLATE (-239.72),"[DATA] Burt's 1MM GALV PLATE (FREEZER MEDIUM, explosive bodies) / MOUNTING CLEATS (EXPLOSIVE 2.7 TO 4.8) lines have no MES line on prod."
EXPLOSIVE_4.9_AND_UP~L4.9~W2.6~H2.1~as_sheet,EXPLOSIVE 4.9 AND UP,24,EXPLOSIVE 4.9 AND UP,as_sheet,4.9,2.6,2.1,REAR FRAME + FLOOR PLATE,REAR FRAME & FLOOR PLATE,10501.597443,10501.6,0.0,PASS,,,
EXPLOSIVE_4.9_AND_UP~L4.9~W2.6~H2.1~as_sheet,EXPLOSIVE 4.9 AND UP,24,EXPLOSIVE 4.9 AND UP,as_sheet,4.9,2.6,2.1,SPRAY PAINTING,SPRAY PAINTING,750.0,750.0,0.0,PASS,,,
EXPLOSIVE_4.9_AND_UP~L4.9~W2.6~H2.1~as_sheet,EXPLOSIVE 4.9 AND UP,24,EXPLOSIVE 4.9 AND UP,as_sheet,4.9,2.6,2.1,REFLEXITE TAPE,REFLEXITE TAPE,225.9,225.9,0.0,PASS,,,
EXPLOSIVE_4.9_AND_UP~L4.9~W2.6~H2.1~all_eps,EXPLOSIVE 4.9 AND UP,24,EXPLOSIVE 4.9 AND UP,all_eps,4.9,2.6,2.1,FRONT,FRONT,3661.705214,3661.65,,UNVERIFIABLE,EXCEL_NO_PRICE:EPS,,
EXPLOSIVE_4.9_AND_UP~L4.9~W2.6~H2.1~all_eps,EXPLOSIVE 4.9 AND UP,24,EXPLOSIVE 4.9 AND UP,all_eps,4.9,2.6,2.1,SRD,,0.0,,,SKIP,,,
EXPLOSIVE_4.9_AND_UP~L4.9~W2.6~H2.1~all_eps,EXPLOSIVE 4.9 AND UP,24,EXPLOSIVE 4.9 AND UP,all_eps,4.9,2.6,2.1,SRD DOOR FITTINGS,,0.0,,,SKIP,,,
EXPLOSIVE_4.9_AND_UP~L4.9~W2.6~H2.1~all_eps,EXPLOSIVE 4.9 AND UP,24,EXPLOSIVE 4.9 AND UP,all_eps,4.9,2.6,2.1,DRD,DRD,5308.544073,5160.77,,UNVERIFIABLE,EXCEL_NO_PRICE:EPS,,
EXPLOSIVE_4.9_AND_UP~L4.9~W2.6~H2.1~all_eps,EXPLOSIVE 4.9 AND UP,24,EXPLOSIVE 4.9 AND UP,all_eps,4.9,2.6,2.1,DRD DOOR FITTINGS,DRD DOOR FITTINGS,5831.01018,5831.01,0.0,PASS,,,
EXPLOSIVE_4.9_AND_UP~L4.9~W2.6~H2.1~all_eps,EXPLOSIVE 4.9 AND UP,24,EXPLOSIVE 4.9 AND UP,all_eps,4.9,2.6,2.1,SIDES,SIDES,14519.338374,14754.02,,UNVERIFIABLE,EXCEL_NO_PRICE:EPS,,
EXPLOSIVE_4.9_AND_UP~L4.9~W2.6~H2.1~all_eps,EXPLOSIVE 4.9 AND UP,24,EXPLOSIVE 4.9 AND UP,all_eps,4.9,2.6,2.1,ROOF,ROOF,9249.342558,9368.09,,UNVERIFIABLE,EXCEL_NO_PRICE:EPS,,
EXPLOSIVE_4.9_AND_UP~L4.9~W2.6~H2.1~all_eps,EXPLOSIVE 4.9 AND UP,24,EXPLOSIVE 4.9 AND UP,all_eps,4.9,2.6,2.1,FLOOR,FLOOR,32302.165559,32302.15,0.0,PASS,,,
EXPLOSIVE_4.9_AND_UP~L4.9~W2.6~H2.1~all_eps,EXPLOSIVE 4.9 AND UP,24,EXPLOSIVE 4.9 AND UP,all_eps,4.9,2.6,2.1,ALUMINIUM,ALUMINIUM,8254.359,8254.36,0.0,PASS,,,
EXPLOSIVE_4.9_AND_UP~L4.9~W2.6~H2.1~all_eps,EXPLOSIVE 4.9 AND UP,24,EXPLOSIVE 4.9 AND UP,all_eps,4.9,2.6,2.1,SUB FRAME + LIGHT BOX ASSY,SUB FRAME + LIGHT BOX ASSY,8747.061871,8507.34,2.741,ACCEPTED,,MISSING_IN_MES 1MM GALV PLATE (-239.72),"[DATA] Burt's 1MM GALV PLATE (FREEZER MEDIUM, explosive bodies) / MOUNTING CLEATS (EXPLOSIVE 2.7 TO 4.8) lines have no MES line on prod."
EXPLOSIVE_4.9_AND_UP~L4.9~W2.6~H2.1~all_eps,EXPLOSIVE 4.9 AND UP,24,EXPLOSIVE 4.9 AND UP,all_eps,4.9,2.6,2.1,REAR FRAME + FLOOR PLATE,REAR FRAME & FLOOR PLATE,10409.990864,10501.6,0.88,PASS,,,
EXPLOSIVE_4.9_AND_UP~L4.9~W2.6~H2.1~all_eps,EXPLOSIVE 4.9 AND UP,24,EXPLOSIVE 4.9 AND UP,all_eps,4.9,2.6,2.1,SPRAY PAINTING,SPRAY PAINTING,750.0,750.0,0.0,PASS,,,
EXPLOSIVE_4.9_AND_UP~L4.9~W2.6~H2.1~all_eps,EXPLOSIVE 4.9 AND UP,24,EXPLOSIVE 4.9 AND UP,all_eps,4.9,2.6,2.1,REFLEXITE TAPE,REFLEXITE TAPE,225.9,225.9,0.0,PASS,,,
EXPLOSIVE_4.9_AND_UP~L4.9~W2.6~H2.1~all_pu,EXPLOSIVE 4.9 AND UP,24,EXPLOSIVE 4.9 AND UP,all_pu,4.9,2.6,2.1,FRONT,FRONT,4798.79966,5168.67,7.708,ACCEPTED,,BOTH PU (+369.93),"[DATA] PROD explosive bodies carry a 6MM PF PLYWOOD line on ROOF/SIDES where Burt has 4MM PF PLYWOOD (+R60 to +R1.3k), and EXPLOSIVE 4.9 AND UP prices PU as 12.08 x R234.15 per panel where Burt has 2.98 x R172 (+R370 front, +R1.5k sides, +R750 roof, +R487 double rear door)."
EXPLOSIVE_4.9_AND_UP~L4.9~W2.6~H2.1~all_pu,EXPLOSIVE 4.9 AND UP,24,EXPLOSIVE 4.9 AND UP,all_pu,4.9,2.6,2.1,SRD,,0.0,,,SKIP,,,
EXPLOSIVE_4.9_AND_UP~L4.9~W2.6~H2.1~all_pu,EXPLOSIVE 4.9 AND UP,24,EXPLOSIVE 4.9 AND UP,all_pu,4.9,2.6,2.1,SRD DOOR FITTINGS,,0.0,,,SKIP,,,
EXPLOSIVE_4.9_AND_UP~L4.9~W2.6~H2.1~all_pu,EXPLOSIVE 4.9 AND UP,24,EXPLOSIVE 4.9 AND UP,all_pu,4.9,2.6,2.1,DRD,DRD,6420.583372,6640.28,3.422,ACCEPTED,,BOTH PU (+369.93),"[DATA] PROD explosive bodies carry a 6MM PF PLYWOOD line on ROOF/SIDES where Burt has 4MM PF PLYWOOD (+R60 to +R1.3k), and EXPLOSIVE 4.9 AND UP prices PU as 12.08 x R234.15 per panel where Burt has 2.98 x R172 (+R370 front, +R1.5k sides, +R750 roof, +R487 double rear door)."
EXPLOSIVE_4.9_AND_UP~L4.9~W2.6~H2.1~all_pu,EXPLOSIVE 4.9 AND UP,24,EXPLOSIVE 4.9 AND UP,all_pu,4.9,2.6,2.1,DRD DOOR FITTINGS,DRD DOOR FITTINGS,5831.01018,5831.01,0.0,PASS,,,
EXPLOSIVE_4.9_AND_UP~L4.9~W2.6~H2.1~all_pu,EXPLOSIVE 4.9 AND UP,24,EXPLOSIVE 4.9 AND UP,all_pu,4.9,2.6,2.1,SIDES,SIDES,18909.426816,20410.15,7.936,ACCEPTED,,BOTH PU (+1500.93),"[DATA] PROD explosive bodies carry a 6MM PF PLYWOOD line on ROOF/SIDES where Burt has 4MM PF PLYWOOD (+R60 to +R1.3k), and EXPLOSIVE 4.9 AND UP prices PU as 12.08 x R234.15 per panel where Burt has 2.98 x R172 (+R370 front, +R1.5k sides, +R750 roof, +R487 double rear door)."
EXPLOSIVE_4.9_AND_UP~L4.9~W2.6~H2.1~all_pu,EXPLOSIVE 4.9 AND UP,24,EXPLOSIVE 4.9 AND UP,all_pu,4.9,2.6,2.1,ROOF,ROOF,11326.940782,12196.16,7.674,ACCEPTED,,BOTH PU (+750.46),"[DATA] PROD explosive bodies carry a 6MM PF PLYWOOD line on ROOF/SIDES where Burt has 4MM PF PLYWOOD (+R60 to +R1.3k), and EXPLOSIVE 4.9 AND UP prices PU as 12.08 x R234.15 per panel where Burt has 2.98 x R172 (+R370 front, +R1.5k sides, +R750 roof, +R487 double rear door)."
EXPLOSIVE_4.9_AND_UP~L4.9~W2.6~H2.1~all_pu,EXPLOSIVE 4.9 AND UP,24,EXPLOSIVE 4.9 AND UP,all_pu,4.9,2.6,2.1,FLOOR,FLOOR,32302.165559,32302.15,0.0,PASS,,,
EXPLOSIVE_4.9_AND_UP~L4.9~W2.6~H2.1~all_pu,EXPLOSIVE 4.9 AND UP,24,EXPLOSIVE 4.9 AND UP,all_pu,4.9,2.6,2.1,ALUMINIUM,ALUMINIUM,8254.359,8254.36,0.0,PASS,,,
EXPLOSIVE_4.9_AND_UP~L4.9~W2.6~H2.1~all_pu,EXPLOSIVE 4.9 AND UP,24,EXPLOSIVE 4.9 AND UP,all_pu,4.9,2.6,2.1,SUB FRAME + LIGHT BOX ASSY,SUB FRAME + LIGHT BOX ASSY,8747.061871,8507.34,2.741,ACCEPTED,,MISSING_IN_MES 1MM GALV PLATE (-239.72),"[DATA] Burt's 1MM GALV PLATE (FREEZER MEDIUM, explosive bodies) / MOUNTING CLEATS (EXPLOSIVE 2.7 TO 4.8) lines have no MES line on prod."
EXPLOSIVE_4.9_AND_UP~L4.9~W2.6~H2.1~all_pu,EXPLOSIVE 4.9 AND UP,24,EXPLOSIVE 4.9 AND UP,all_pu,4.9,2.6,2.1,REAR FRAME + FLOOR PLATE,REAR FRAME & FLOOR PLATE,10501.597443,10501.6,0.0,PASS,,,
EXPLOSIVE_4.9_AND_UP~L4.9~W2.6~H2.1~all_pu,EXPLOSIVE 4.9 AND UP,24,EXPLOSIVE 4.9 AND UP,all_pu,4.9,2.6,2.1,SPRAY PAINTING,SPRAY PAINTING,750.0,750.0,0.0,PASS,,,
EXPLOSIVE_4.9_AND_UP~L4.9~W2.6~H2.1~all_pu,EXPLOSIVE 4.9 AND UP,24,EXPLOSIVE 4.9 AND UP,all_pu,4.9,2.6,2.1,REFLEXITE TAPE,REFLEXITE TAPE,225.9,225.9,0.0,PASS,,,
EXPLOSIVE_4.9_AND_UP~L4.9~W2.6~H2.1~srd,EXPLOSIVE 4.9 AND UP,24,EXPLOSIVE 4.9 AND UP,srd,4.9,2.6,2.1,FRONT,FRONT,4798.79966,5168.67,7.708,ACCEPTED,,BOTH PU (+369.93),"[DATA] PROD explosive bodies carry a 6MM PF PLYWOOD line on ROOF/SIDES where Burt has 4MM PF PLYWOOD (+R60 to +R1.3k), and EXPLOSIVE 4.9 AND UP prices PU as 12.08 x R234.15 per panel where Burt has 2.98 x R172 (+R370 front, +R1.5k sides, +R750 roof, +R487 double rear door)."
EXPLOSIVE_4.9_AND_UP~L4.9~W2.6~H2.1~srd,EXPLOSIVE 4.9 AND UP,24,EXPLOSIVE 4.9 AND UP,srd,4.9,2.6,2.1,SRD,SRD,6017.703527,5891.17,2.103,ACCEPTED,,GROUP_DIFF 130*62MM TAPPING BLOCKS ~ 1 MES line(s) (-100.00),[DATA] 130*62MM TAPPING BLOCKS: on prod the icecream and EXPLOSIVE 4.9 AND UP bodies price them differently from Burt (missing or one size only); the chillers/freezers match.
EXPLOSIVE_4.9_AND_UP~L4.9~W2.6~H2.1~srd,EXPLOSIVE 4.9 AND UP,24,EXPLOSIVE 4.9 AND UP,srd,4.9,2.6,2.1,SRD DOOR FITTINGS,SRD DOOR FITTINGS,5840.59824,5840.6,0.0,PASS,,,
EXPLOSIVE_4.9_AND_UP~L4.9~W2.6~H2.1~srd,EXPLOSIVE 4.9 AND UP,24,EXPLOSIVE 4.9 AND UP,srd,4.9,2.6,2.1,DRD,,0.0,,,SKIP,,,
EXPLOSIVE_4.9_AND_UP~L4.9~W2.6~H2.1~srd,EXPLOSIVE 4.9 AND UP,24,EXPLOSIVE 4.9 AND UP,srd,4.9,2.6,2.1,DRD DOOR FITTINGS,,0.0,,,SKIP,,,
EXPLOSIVE_4.9_AND_UP~L4.9~W2.6~H2.1~srd,EXPLOSIVE 4.9 AND UP,24,EXPLOSIVE 4.9 AND UP,srd,4.9,2.6,2.1,SIDES,SIDES,18909.426816,20410.15,7.936,ACCEPTED,,BOTH PU (+1500.93),"[DATA] PROD explosive bodies carry a 6MM PF PLYWOOD line on ROOF/SIDES where Burt has 4MM PF PLYWOOD (+R60 to +R1.3k), and EXPLOSIVE 4.9 AND UP prices PU as 12.08 x R234.15 per panel where Burt has 2.98 x R172 (+R370 front, +R1.5k sides, +R750 roof, +R487 double rear door)."
EXPLOSIVE_4.9_AND_UP~L4.9~W2.6~H2.1~srd,EXPLOSIVE 4.9 AND UP,24,EXPLOSIVE 4.9 AND UP,srd,4.9,2.6,2.1,ROOF,ROOF,11326.940782,12196.16,7.674,ACCEPTED,,BOTH PU (+750.46),"[DATA] PROD explosive bodies carry a 6MM PF PLYWOOD line on ROOF/SIDES where Burt has 4MM PF PLYWOOD (+R60 to +R1.3k), and EXPLOSIVE 4.9 AND UP prices PU as 12.08 x R234.15 per panel where Burt has 2.98 x R172 (+R370 front, +R1.5k sides, +R750 roof, +R487 double rear door)."
EXPLOSIVE_4.9_AND_UP~L4.9~W2.6~H2.1~srd,EXPLOSIVE 4.9 AND UP,24,EXPLOSIVE 4.9 AND UP,srd,4.9,2.6,2.1,FLOOR,FLOOR,32302.165559,32302.15,0.0,PASS,,,
EXPLOSIVE_4.9_AND_UP~L4.9~W2.6~H2.1~srd,EXPLOSIVE 4.9 AND UP,24,EXPLOSIVE 4.9 AND UP,srd,4.9,2.6,2.1,ALUMINIUM,ALUMINIUM,8254.359,8254.36,0.0,PASS,,,
EXPLOSIVE_4.9_AND_UP~L4.9~W2.6~H2.1~srd,EXPLOSIVE 4.9 AND UP,24,EXPLOSIVE 4.9 AND UP,srd,4.9,2.6,2.1,SUB FRAME + LIGHT BOX ASSY,SUB FRAME + LIGHT BOX ASSY,8747.061871,8507.34,2.741,ACCEPTED,,MISSING_IN_MES 1MM GALV PLATE (-239.72),"[DATA] Burt's 1MM GALV PLATE (FREEZER MEDIUM, explosive bodies) / MOUNTING CLEATS (EXPLOSIVE 2.7 TO 4.8) lines have no MES line on prod."
EXPLOSIVE_4.9_AND_UP~L4.9~W2.6~H2.1~srd,EXPLOSIVE 4.9 AND UP,24,EXPLOSIVE 4.9 AND UP,srd,4.9,2.6,2.1,REAR FRAME + FLOOR PLATE,,0.0,,,SKIP,,,
EXPLOSIVE_4.9_AND_UP~L4.9~W2.6~H2.1~srd,EXPLOSIVE 4.9 AND UP,24,EXPLOSIVE 4.9 AND UP,srd,4.9,2.6,2.1,SPRAY PAINTING,SPRAY PAINTING,750.0,750.0,0.0,PASS,,,
EXPLOSIVE_4.9_AND_UP~L4.9~W2.6~H2.1~srd,EXPLOSIVE 4.9 AND UP,24,EXPLOSIVE 4.9 AND UP,srd,4.9,2.6,2.1,REFLEXITE TAPE,REFLEXITE TAPE,225.9,225.9,0.0,PASS,,,
EXPLOSIVE_4.9_AND_UP~L4.9~W2.6~H2.1~drd,EXPLOSIVE 4.9 AND UP,24,EXPLOSIVE 4.9 AND UP,drd,4.9,2.6,2.1,FRONT,FRONT,4798.79966,5168.67,7.708,ACCEPTED,,BOTH PU (+369.93),"[DATA] PROD explosive bodies carry a 6MM PF PLYWOOD line on ROOF/SIDES where Burt has 4MM PF PLYWOOD (+R60 to +R1.3k), and EXPLOSIVE 4.9 AND UP prices PU as 12.08 x R234.15 per panel where Burt has 2.98 x R172 (+R370 front, +R1.5k sides, +R750 roof, +R487 double rear door)."
EXPLOSIVE_4.9_AND_UP~L4.9~W2.6~H2.1~drd,EXPLOSIVE 4.9 AND UP,24,EXPLOSIVE 4.9 AND UP,drd,4.9,2.6,2.1,SRD,,0.0,,,SKIP,,,
EXPLOSIVE_4.9_AND_UP~L4.9~W2.6~H2.1~drd,EXPLOSIVE 4.9 AND UP,24,EXPLOSIVE 4.9 AND UP,drd,4.9,2.6,2.1,SRD DOOR FITTINGS,,0.0,,,SKIP,,,
EXPLOSIVE_4.9_AND_UP~L4.9~W2.6~H2.1~drd,EXPLOSIVE 4.9 AND UP,24,EXPLOSIVE 4.9 AND UP,drd,4.9,2.6,2.1,DRD,DRD,6420.583372,6640.28,3.422,ACCEPTED,,BOTH PU (+369.93),"[DATA] PROD explosive bodies carry a 6MM PF PLYWOOD line on ROOF/SIDES where Burt has 4MM PF PLYWOOD (+R60 to +R1.3k), and EXPLOSIVE 4.9 AND UP prices PU as 12.08 x R234.15 per panel where Burt has 2.98 x R172 (+R370 front, +R1.5k sides, +R750 roof, +R487 double rear door)."
EXPLOSIVE_4.9_AND_UP~L4.9~W2.6~H2.1~drd,EXPLOSIVE 4.9 AND UP,24,EXPLOSIVE 4.9 AND UP,drd,4.9,2.6,2.1,DRD DOOR FITTINGS,DRD DOOR FITTINGS,5831.01018,5831.01,0.0,PASS,,,
EXPLOSIVE_4.9_AND_UP~L4.9~W2.6~H2.1~drd,EXPLOSIVE 4.9 AND UP,24,EXPLOSIVE 4.9 AND UP,drd,4.9,2.6,2.1,SIDES,SIDES,18909.426816,20410.15,7.936,ACCEPTED,,BOTH PU (+1500.93),"[DATA] PROD explosive bodies carry a 6MM PF PLYWOOD line on ROOF/SIDES where Burt has 4MM PF PLYWOOD (+R60 to +R1.3k), and EXPLOSIVE 4.9 AND UP prices PU as 12.08 x R234.15 per panel where Burt has 2.98 x R172 (+R370 front, +R1.5k sides, +R750 roof, +R487 double rear door)."
EXPLOSIVE_4.9_AND_UP~L4.9~W2.6~H2.1~drd,EXPLOSIVE 4.9 AND UP,24,EXPLOSIVE 4.9 AND UP,drd,4.9,2.6,2.1,ROOF,ROOF,11326.940782,12196.16,7.674,ACCEPTED,,BOTH PU (+750.46),"[DATA] PROD explosive bodies carry a 6MM PF PLYWOOD line on ROOF/SIDES where Burt has 4MM PF PLYWOOD (+R60 to +R1.3k), and EXPLOSIVE 4.9 AND UP prices PU as 12.08 x R234.15 per panel where Burt has 2.98 x R172 (+R370 front, +R1.5k sides, +R750 roof, +R487 double rear door)."
EXPLOSIVE_4.9_AND_UP~L4.9~W2.6~H2.1~drd,EXPLOSIVE 4.9 AND UP,24,EXPLOSIVE 4.9 AND UP,drd,4.9,2.6,2.1,FLOOR,FLOOR,32302.165559,32302.15,0.0,PASS,,,
EXPLOSIVE_4.9_AND_UP~L4.9~W2.6~H2.1~drd,EXPLOSIVE 4.9 AND UP,24,EXPLOSIVE 4.9 AND UP,drd,4.9,2.6,2.1,ALUMINIUM,ALUMINIUM,8254.359,8254.36,0.0,PASS,,,
EXPLOSIVE_4.9_AND_UP~L4.9~W2.6~H2.1~drd,EXPLOSIVE 4.9 AND UP,24,EXPLOSIVE 4.9 AND UP,drd,4.9,2.6,2.1,SUB FRAME + LIGHT BOX ASSY,SUB FRAME + LIGHT BOX ASSY,8747.061871,8507.34,2.741,ACCEPTED,,MISSING_IN_MES 1MM GALV PLATE (-239.72),"[DATA] Burt's 1MM GALV PLATE (FREEZER MEDIUM, explosive bodies) / MOUNTING CLEATS (EXPLOSIVE 2.7 TO 4.8) lines have no MES line on prod."
EXPLOSIVE_4.9_AND_UP~L4.9~W2.6~H2.1~drd,EXPLOSIVE 4.9 AND UP,24,EXPLOSIVE 4.9 AND UP,drd,4.9,2.6,2.1,REAR FRAME + FLOOR PLATE,REAR FRAME & FLOOR PLATE,10501.597443,10501.6,0.0,PASS,,,
EXPLOSIVE_4.9_AND_UP~L4.9~W2.6~H2.1~drd,EXPLOSIVE 4.9 AND UP,24,EXPLOSIVE 4.9 AND UP,drd,4.9,2.6,2.1,SPRAY PAINTING,SPRAY PAINTING,750.0,750.0,0.0,PASS,,,
EXPLOSIVE_4.9_AND_UP~L4.9~W2.6~H2.1~drd,EXPLOSIVE 4.9 AND UP,24,EXPLOSIVE 4.9 AND UP,drd,4.9,2.6,2.1,REFLEXITE TAPE,REFLEXITE TAPE,225.9,225.9,0.0,PASS,,,
EXPLOSIVE_4.9_AND_UP~L4.9~W2.6~H2.1~foam_4g,EXPLOSIVE 4.9 AND UP,24,EXPLOSIVE 4.9 AND UP,foam_4g,4.9,2.6,2.1,FRONT,FRONT,5123.517155,5672.22,10.709,ACCEPTED,,BOTH PU (+548.76),"[DATA] PROD explosive bodies carry a 6MM PF PLYWOOD line on ROOF/SIDES where Burt has 4MM PF PLYWOOD (+R60 to +R1.3k), and EXPLOSIVE 4.9 AND UP prices PU as 12.08 x R234.15 per panel where Burt has 2.98 x R172 (+R370 front, +R1.5k sides, +R750 roof, +R487 double rear door)."
EXPLOSIVE_4.9_AND_UP~L4.9~W2.6~H2.1~foam_4g,EXPLOSIVE 4.9 AND UP,24,EXPLOSIVE 4.9 AND UP,foam_4g,4.9,2.6,2.1,SRD,,0.0,,,SKIP,,,
EXPLOSIVE_4.9_AND_UP~L4.9~W2.6~H2.1~foam_4g,EXPLOSIVE 4.9 AND UP,24,EXPLOSIVE 4.9 AND UP,foam_4g,4.9,2.6,2.1,SRD DOOR FITTINGS,,0.0,,,SKIP,,,
EXPLOSIVE_4.9_AND_UP~L4.9~W2.6~H2.1~foam_4g,EXPLOSIVE 4.9 AND UP,24,EXPLOSIVE 4.9 AND UP,foam_4g,4.9,2.6,2.1,DRD,DRD,6745.300868,7143.83,5.908,ACCEPTED,,BOTH PU (+548.76),"[DATA] PROD explosive bodies carry a 6MM PF PLYWOOD line on ROOF/SIDES where Burt has 4MM PF PLYWOOD (+R60 to +R1.3k), and EXPLOSIVE 4.9 AND UP prices PU as 12.08 x R234.15 per panel where Burt has 2.98 x R172 (+R370 front, +R1.5k sides, +R750 roof, +R487 double rear door)."
EXPLOSIVE_4.9_AND_UP~L4.9~W2.6~H2.1~foam_4g,EXPLOSIVE 4.9 AND UP,24,EXPLOSIVE 4.9 AND UP,foam_4g,4.9,2.6,2.1,DRD DOOR FITTINGS,DRD DOOR FITTINGS,5831.01018,5831.01,0.0,PASS,,,
EXPLOSIVE_4.9_AND_UP~L4.9~W2.6~H2.1~foam_4g,EXPLOSIVE 4.9 AND UP,24,EXPLOSIVE 4.9 AND UP,foam_4g,4.9,2.6,2.1,SIDES,SIDES,20226.928129,22453.25,11.007,ACCEPTED,,BOTH PU (+2226.53),"[DATA] PROD explosive bodies carry a 6MM PF PLYWOOD line on ROOF/SIDES where Burt has 4MM PF PLYWOOD (+R60 to +R1.3k), and EXPLOSIVE 4.9 AND UP prices PU as 12.08 x R234.15 per panel where Burt has 2.98 x R172 (+R370 front, +R1.5k sides, +R750 roof, +R487 double rear door)."
EXPLOSIVE_4.9_AND_UP~L4.9~W2.6~H2.1~foam_4g,EXPLOSIVE 4.9 AND UP,24,EXPLOSIVE 4.9 AND UP,foam_4g,4.9,2.6,2.1,ROOF,ROOF,11985.691438,13217.71,10.279,ACCEPTED,,BOTH PU (+1113.27),"[DATA] PROD explosive bodies carry a 6MM PF PLYWOOD line on ROOF/SIDES where Burt has 4MM PF PLYWOOD (+R60 to +R1.3k), and EXPLOSIVE 4.9 AND UP prices PU as 12.08 x R234.15 per panel where Burt has 2.98 x R172 (+R370 front, +R1.5k sides, +R750 roof, +R487 double rear door)."
EXPLOSIVE_4.9_AND_UP~L4.9~W2.6~H2.1~foam_4g,EXPLOSIVE 4.9 AND UP,24,EXPLOSIVE 4.9 AND UP,foam_4g,4.9,2.6,2.1,FLOOR,FLOOR,32302.165559,32302.15,0.0,PASS,,,
EXPLOSIVE_4.9_AND_UP~L4.9~W2.6~H2.1~foam_4g,EXPLOSIVE 4.9 AND UP,24,EXPLOSIVE 4.9 AND UP,foam_4g,4.9,2.6,2.1,ALUMINIUM,ALUMINIUM,8254.359,8254.36,0.0,PASS,,,
EXPLOSIVE_4.9_AND_UP~L4.9~W2.6~H2.1~foam_4g,EXPLOSIVE 4.9 AND UP,24,EXPLOSIVE 4.9 AND UP,foam_4g,4.9,2.6,2.1,SUB FRAME + LIGHT BOX ASSY,SUB FRAME + LIGHT BOX ASSY,8747.061871,8507.34,2.741,ACCEPTED,,MISSING_IN_MES 1MM GALV PLATE (-239.72),"[DATA] Burt's 1MM GALV PLATE (FREEZER MEDIUM, explosive bodies) / MOUNTING CLEATS (EXPLOSIVE 2.7 TO 4.8) lines have no MES line on prod."
EXPLOSIVE_4.9_AND_UP~L4.9~W2.6~H2.1~foam_4g,EXPLOSIVE 4.9 AND UP,24,EXPLOSIVE 4.9 AND UP,foam_4g,4.9,2.6,2.1,REAR FRAME + FLOOR PLATE,REAR FRAME & FLOOR PLATE,10501.597443,10501.6,0.0,PASS,,,
EXPLOSIVE_4.9_AND_UP~L4.9~W2.6~H2.1~foam_4g,EXPLOSIVE 4.9 AND UP,24,EXPLOSIVE 4.9 AND UP,foam_4g,4.9,2.6,2.1,SPRAY PAINTING,SPRAY PAINTING,750.0,750.0,0.0,PASS,,,
EXPLOSIVE_4.9_AND_UP~L4.9~W2.6~H2.1~foam_4g,EXPLOSIVE 4.9 AND UP,24,EXPLOSIVE 4.9 AND UP,foam_4g,4.9,2.6,2.1,REFLEXITE TAPE,REFLEXITE TAPE,225.9,225.9,0.0,PASS,,,
EXPLOSIVE_4.9_AND_UP~L8~W2.6~H2.1~as_sheet,EXPLOSIVE 4.9 AND UP,24,EXPLOSIVE 4.9 AND UP,as_sheet,8.0,2.6,2.1,FRONT,FRONT,4798.79966,5168.67,7.708,ACCEPTED,,BOTH PU (+369.93),"[DATA] PROD explosive bodies carry a 6MM PF PLYWOOD line on ROOF/SIDES where Burt has 4MM PF PLYWOOD (+R60 to +R1.3k), and EXPLOSIVE 4.9 AND UP prices PU as 12.08 x R234.15 per panel where Burt has 2.98 x R172 (+R370 front, +R1.5k sides, +R750 roof, +R487 double rear door)."
EXPLOSIVE_4.9_AND_UP~L8~W2.6~H2.1~as_sheet,EXPLOSIVE 4.9 AND UP,24,EXPLOSIVE 4.9 AND UP,as_sheet,8.0,2.6,2.1,SRD,,0.0,,,SKIP,,,
EXPLOSIVE_4.9_AND_UP~L8~W2.6~H2.1~as_sheet,EXPLOSIVE 4.9 AND UP,24,EXPLOSIVE 4.9 AND UP,as_sheet,8.0,2.6,2.1,SRD DOOR FITTINGS,,0.0,,,SKIP,,,
EXPLOSIVE_4.9_AND_UP~L8~W2.6~H2.1~as_sheet,EXPLOSIVE 4.9 AND UP,24,EXPLOSIVE 4.9 AND UP,as_sheet,8.0,2.6,2.1,DRD,DRD,6420.583372,6640.28,3.422,ACCEPTED,,BOTH PU (+369.93),"[DATA] PROD explosive bodies carry a 6MM PF PLYWOOD line on ROOF/SIDES where Burt has 4MM PF PLYWOOD (+R60 to +R1.3k), and EXPLOSIVE 4.9 AND UP prices PU as 12.08 x R234.15 per panel where Burt has 2.98 x R172 (+R370 front, +R1.5k sides, +R750 roof, +R487 double rear door)."
EXPLOSIVE_4.9_AND_UP~L8~W2.6~H2.1~as_sheet,EXPLOSIVE 4.9 AND UP,24,EXPLOSIVE 4.9 AND UP,as_sheet,8.0,2.6,2.1,DRD DOOR FITTINGS,DRD DOOR FITTINGS,5831.01018,5831.01,0.0,PASS,,,
EXPLOSIVE_4.9_AND_UP~L8~W2.6~H2.1~as_sheet,EXPLOSIVE 4.9 AND UP,24,EXPLOSIVE 4.9 AND UP,as_sheet,8.0,2.6,2.1,SIDES,SIDES,30632.12388,33072.69,7.967,ACCEPTED,,BOTH PU (+2440.91),"[DATA] PROD explosive bodies carry a 6MM PF PLYWOOD line on ROOF/SIDES where Burt has 4MM PF PLYWOOD (+R60 to +R1.3k), and EXPLOSIVE 4.9 AND UP prices PU as 12.08 x R234.15 per panel where Burt has 2.98 x R172 (+R370 front, +R1.5k sides, +R750 roof, +R487 double rear door)."
EXPLOSIVE_4.9_AND_UP~L8~W2.6~H2.1~as_sheet,EXPLOSIVE 4.9 AND UP,24,EXPLOSIVE 4.9 AND UP,as_sheet,8.0,2.6,2.1,ROOF,ROOF,18360.795345,19774.37,7.699,ACCEPTED,,BOTH PU (+1220.45),"[DATA] PROD explosive bodies carry a 6MM PF PLYWOOD line on ROOF/SIDES where Burt has 4MM PF PLYWOOD (+R60 to +R1.3k), and EXPLOSIVE 4.9 AND UP prices PU as 12.08 x R234.15 per panel where Burt has 2.98 x R172 (+R370 front, +R1.5k sides, +R750 roof, +R487 double rear door)."
EXPLOSIVE_4.9_AND_UP~L8~W2.6~H2.1~as_sheet,EXPLOSIVE 4.9 AND UP,24,EXPLOSIVE 4.9 AND UP,as_sheet,8.0,2.6,2.1,FLOOR,FLOOR,50885.319444,50885.3,0.0,PASS,,,
EXPLOSIVE_4.9_AND_UP~L8~W2.6~H2.1~as_sheet,EXPLOSIVE 4.9 AND UP,24,EXPLOSIVE 4.9 AND UP,as_sheet,8.0,2.6,2.1,ALUMINIUM,ALUMINIUM,12021.541,12021.54,0.0,PASS,,,
EXPLOSIVE_4.9_AND_UP~L8~W2.6~H2.1~as_sheet,EXPLOSIVE 4.9 AND UP,24,EXPLOSIVE 4.9 AND UP,as_sheet,8.0,2.6,2.1,SUB FRAME + LIGHT BOX ASSY,SUB FRAME + LIGHT BOX ASSY,11523.495406,11283.77,2.08,ACCEPTED,,MISSING_IN_MES 1MM GALV PLATE (-239.72),"[DATA] Burt's 1MM GALV PLATE (FREEZER MEDIUM, explosive bodies) / MOUNTING CLEATS (EXPLOSIVE 2.7 TO 4.8) lines have no MES line on prod."
EXPLOSIVE_4.9_AND_UP~L8~W2.6~H2.1~as_sheet,EXPLOSIVE 4.9 AND UP,24,EXPLOSIVE 4.9 AND UP,as_sheet,8.0,2.6,2.1,REAR FRAME + FLOOR PLATE,REAR FRAME & FLOOR PLATE,10501.597443,10501.6,0.0,PASS,,,
EXPLOSIVE_4.9_AND_UP~L8~W2.6~H2.1~as_sheet,EXPLOSIVE 4.9 AND UP,24,EXPLOSIVE 4.9 AND UP,as_sheet,8.0,2.6,2.1,SPRAY PAINTING,SPRAY PAINTING,750.0,750.0,0.0,PASS,,,
EXPLOSIVE_4.9_AND_UP~L8~W2.6~H2.1~as_sheet,EXPLOSIVE 4.9 AND UP,24,EXPLOSIVE 4.9 AND UP,as_sheet,8.0,2.6,2.1,REFLEXITE TAPE,REFLEXITE TAPE,337.5,337.5,0.0,PASS,,,
EXPLOSIVE_4.9_AND_UP~L8~W2.6~H2.1~all_eps,EXPLOSIVE 4.9 AND UP,24,EXPLOSIVE 4.9 AND UP,all_eps,8.0,2.6,2.1,FRONT,FRONT,3661.705214,3661.65,,UNVERIFIABLE,EXCEL_NO_PRICE:EPS,,
EXPLOSIVE_4.9_AND_UP~L8~W2.6~H2.1~all_eps,EXPLOSIVE 4.9 AND UP,24,EXPLOSIVE 4.9 AND UP,all_eps,8.0,2.6,2.1,SRD,,0.0,,,SKIP,,,
EXPLOSIVE_4.9_AND_UP~L8~W2.6~H2.1~all_eps,EXPLOSIVE 4.9 AND UP,24,EXPLOSIVE 4.9 AND UP,all_eps,8.0,2.6,2.1,SRD DOOR FITTINGS,,0.0,,,SKIP,,,
EXPLOSIVE_4.9_AND_UP~L8~W2.6~H2.1~all_eps,EXPLOSIVE 4.9 AND UP,24,EXPLOSIVE 4.9 AND UP,all_eps,8.0,2.6,2.1,DRD,DRD,5308.544073,5160.77,,UNVERIFIABLE,EXCEL_NO_PRICE:EPS,,
EXPLOSIVE_4.9_AND_UP~L8~W2.6~H2.1~all_eps,EXPLOSIVE 4.9 AND UP,24,EXPLOSIVE 4.9 AND UP,all_eps,8.0,2.6,2.1,DRD DOOR FITTINGS,DRD DOOR FITTINGS,5831.01018,5831.01,0.0,PASS,,,
EXPLOSIVE_4.9_AND_UP~L8~W2.6~H2.1~all_eps,EXPLOSIVE 4.9 AND UP,24,EXPLOSIVE 4.9 AND UP,all_eps,8.0,2.6,2.1,SIDES,SIDES,23492.687119,23874.34,,UNVERIFIABLE,EXCEL_NO_PRICE:EPS,,
EXPLOSIVE_4.9_AND_UP~L8~W2.6~H2.1~all_eps,EXPLOSIVE 4.9 AND UP,24,EXPLOSIVE 4.9 AND UP,all_eps,8.0,2.6,2.1,ROOF,ROOF,14982.075001,15175.19,,UNVERIFIABLE,EXCEL_NO_PRICE:EPS,,
EXPLOSIVE_4.9_AND_UP~L8~W2.6~H2.1~all_eps,EXPLOSIVE 4.9 AND UP,24,EXPLOSIVE 4.9 AND UP,all_eps,8.0,2.6,2.1,FLOOR,FLOOR,50885.319444,50885.3,0.0,PASS,,,
EXPLOSIVE_4.9_AND_UP~L8~W2.6~H2.1~all_eps,EXPLOSIVE 4.9 AND UP,24,EXPLOSIVE 4.9 AND UP,all_eps,8.0,2.6,2.1,ALUMINIUM,ALUMINIUM,12021.541,12021.54,0.0,PASS,,,
EXPLOSIVE_4.9_AND_UP~L8~W2.6~H2.1~all_eps,EXPLOSIVE 4.9 AND UP,24,EXPLOSIVE 4.9 AND UP,all_eps,8.0,2.6,2.1,SUB FRAME + LIGHT BOX ASSY,SUB FRAME + LIGHT BOX ASSY,11523.495406,11283.77,2.08,ACCEPTED,,MISSING_IN_MES 1MM GALV PLATE (-239.72),"[DATA] Burt's 1MM GALV PLATE (FREEZER MEDIUM, explosive bodies) / MOUNTING CLEATS (EXPLOSIVE 2.7 TO 4.8) lines have no MES line on prod."
EXPLOSIVE_4.9_AND_UP~L8~W2.6~H2.1~all_eps,EXPLOSIVE 4.9 AND UP,24,EXPLOSIVE 4.9 AND UP,all_eps,8.0,2.6,2.1,REAR FRAME + FLOOR PLATE,REAR FRAME & FLOOR PLATE,10409.990864,10501.6,0.88,PASS,,,
EXPLOSIVE_4.9_AND_UP~L8~W2.6~H2.1~all_eps,EXPLOSIVE 4.9 AND UP,24,EXPLOSIVE 4.9 AND UP,all_eps,8.0,2.6,2.1,SPRAY PAINTING,SPRAY PAINTING,750.0,750.0,0.0,PASS,,,
EXPLOSIVE_4.9_AND_UP~L8~W2.6~H2.1~all_eps,EXPLOSIVE 4.9 AND UP,24,EXPLOSIVE 4.9 AND UP,all_eps,8.0,2.6,2.1,REFLEXITE TAPE,REFLEXITE TAPE,337.5,337.5,0.0,PASS,,,
EXPLOSIVE_4.9_AND_UP~L8~W2.6~H2.1~all_pu,EXPLOSIVE 4.9 AND UP,24,EXPLOSIVE 4.9 AND UP,all_pu,8.0,2.6,2.1,FRONT,FRONT,4798.79966,5168.67,7.708,ACCEPTED,,BOTH PU (+369.93),"[DATA] PROD explosive bodies carry a 6MM PF PLYWOOD line on ROOF/SIDES where Burt has 4MM PF PLYWOOD (+R60 to +R1.3k), and EXPLOSIVE 4.9 AND UP prices PU as 12.08 x R234.15 per panel where Burt has 2.98 x R172 (+R370 front, +R1.5k sides, +R750 roof, +R487 double rear door)."
EXPLOSIVE_4.9_AND_UP~L8~W2.6~H2.1~all_pu,EXPLOSIVE 4.9 AND UP,24,EXPLOSIVE 4.9 AND UP,all_pu,8.0,2.6,2.1,SRD,,0.0,,,SKIP,,,
EXPLOSIVE_4.9_AND_UP~L8~W2.6~H2.1~all_pu,EXPLOSIVE 4.9 AND UP,24,EXPLOSIVE 4.9 AND UP,all_pu,8.0,2.6,2.1,SRD DOOR FITTINGS,,0.0,,,SKIP,,,
EXPLOSIVE_4.9_AND_UP~L8~W2.6~H2.1~all_pu,EXPLOSIVE 4.9 AND UP,24,EXPLOSIVE 4.9 AND UP,all_pu,8.0,2.6,2.1,DRD,DRD,6420.583372,6640.28,3.422,ACCEPTED,,BOTH PU (+369.93),"[DATA] PROD explosive bodies carry a 6MM PF PLYWOOD line on ROOF/SIDES where Burt has 4MM PF PLYWOOD (+R60 to +R1.3k), and EXPLOSIVE 4.9 AND UP prices PU as 12.08 x R234.15 per panel where Burt has 2.98 x R172 (+R370 front, +R1.5k sides, +R750 roof, +R487 double rear door)."
EXPLOSIVE_4.9_AND_UP~L8~W2.6~H2.1~all_pu,EXPLOSIVE 4.9 AND UP,24,EXPLOSIVE 4.9 AND UP,all_pu,8.0,2.6,2.1,DRD DOOR FITTINGS,DRD DOOR FITTINGS,5831.01018,5831.01,0.0,PASS,,,
EXPLOSIVE_4.9_AND_UP~L8~W2.6~H2.1~all_pu,EXPLOSIVE 4.9 AND UP,24,EXPLOSIVE 4.9 AND UP,all_pu,8.0,2.6,2.1,SIDES,SIDES,30632.12388,33072.69,7.967,ACCEPTED,,BOTH PU (+2440.91),"[DATA] PROD explosive bodies carry a 6MM PF PLYWOOD line on ROOF/SIDES where Burt has 4MM PF PLYWOOD (+R60 to +R1.3k), and EXPLOSIVE 4.9 AND UP prices PU as 12.08 x R234.15 per panel where Burt has 2.98 x R172 (+R370 front, +R1.5k sides, +R750 roof, +R487 double rear door)."
EXPLOSIVE_4.9_AND_UP~L8~W2.6~H2.1~all_pu,EXPLOSIVE 4.9 AND UP,24,EXPLOSIVE 4.9 AND UP,all_pu,8.0,2.6,2.1,ROOF,ROOF,18360.795345,19774.37,7.699,ACCEPTED,,BOTH PU (+1220.45),"[DATA] PROD explosive bodies carry a 6MM PF PLYWOOD line on ROOF/SIDES where Burt has 4MM PF PLYWOOD (+R60 to +R1.3k), and EXPLOSIVE 4.9 AND UP prices PU as 12.08 x R234.15 per panel where Burt has 2.98 x R172 (+R370 front, +R1.5k sides, +R750 roof, +R487 double rear door)."
EXPLOSIVE_4.9_AND_UP~L8~W2.6~H2.1~all_pu,EXPLOSIVE 4.9 AND UP,24,EXPLOSIVE 4.9 AND UP,all_pu,8.0,2.6,2.1,FLOOR,FLOOR,50885.319444,50885.3,0.0,PASS,,,
EXPLOSIVE_4.9_AND_UP~L8~W2.6~H2.1~all_pu,EXPLOSIVE 4.9 AND UP,24,EXPLOSIVE 4.9 AND UP,all_pu,8.0,2.6,2.1,ALUMINIUM,ALUMINIUM,12021.541,12021.54,0.0,PASS,,,
EXPLOSIVE_4.9_AND_UP~L8~W2.6~H2.1~all_pu,EXPLOSIVE 4.9 AND UP,24,EXPLOSIVE 4.9 AND UP,all_pu,8.0,2.6,2.1,SUB FRAME + LIGHT BOX ASSY,SUB FRAME + LIGHT BOX ASSY,11523.495406,11283.77,2.08,ACCEPTED,,MISSING_IN_MES 1MM GALV PLATE (-239.72),"[DATA] Burt's 1MM GALV PLATE (FREEZER MEDIUM, explosive bodies) / MOUNTING CLEATS (EXPLOSIVE 2.7 TO 4.8) lines have no MES line on prod."
EXPLOSIVE_4.9_AND_UP~L8~W2.6~H2.1~all_pu,EXPLOSIVE 4.9 AND UP,24,EXPLOSIVE 4.9 AND UP,all_pu,8.0,2.6,2.1,REAR FRAME + FLOOR PLATE,REAR FRAME & FLOOR PLATE,10501.597443,10501.6,0.0,PASS,,,
EXPLOSIVE_4.9_AND_UP~L8~W2.6~H2.1~all_pu,EXPLOSIVE 4.9 AND UP,24,EXPLOSIVE 4.9 AND UP,all_pu,8.0,2.6,2.1,SPRAY PAINTING,SPRAY PAINTING,750.0,750.0,0.0,PASS,,,
EXPLOSIVE_4.9_AND_UP~L8~W2.6~H2.1~all_pu,EXPLOSIVE 4.9 AND UP,24,EXPLOSIVE 4.9 AND UP,all_pu,8.0,2.6,2.1,REFLEXITE TAPE,REFLEXITE TAPE,337.5,337.5,0.0,PASS,,,
EXPLOSIVE_4.9_AND_UP~L8~W2.6~H2.1~srd,EXPLOSIVE 4.9 AND UP,24,EXPLOSIVE 4.9 AND UP,srd,8.0,2.6,2.1,FRONT,FRONT,4798.79966,5168.67,7.708,ACCEPTED,,BOTH PU (+369.93),"[DATA] PROD explosive bodies carry a 6MM PF PLYWOOD line on ROOF/SIDES where Burt has 4MM PF PLYWOOD (+R60 to +R1.3k), and EXPLOSIVE 4.9 AND UP prices PU as 12.08 x R234.15 per panel where Burt has 2.98 x R172 (+R370 front, +R1.5k sides, +R750 roof, +R487 double rear door)."
EXPLOSIVE_4.9_AND_UP~L8~W2.6~H2.1~srd,EXPLOSIVE 4.9 AND UP,24,EXPLOSIVE 4.9 AND UP,srd,8.0,2.6,2.1,SRD,SRD,6017.703527,5891.17,2.103,ACCEPTED,,GROUP_DIFF 130*62MM TAPPING BLOCKS ~ 1 MES line(s) (-100.00),[DATA] 130*62MM TAPPING BLOCKS: on prod the icecream and EXPLOSIVE 4.9 AND UP bodies price them differently from Burt (missing or one size only); the chillers/freezers match.
EXPLOSIVE_4.9_AND_UP~L8~W2.6~H2.1~srd,EXPLOSIVE 4.9 AND UP,24,EXPLOSIVE 4.9 AND UP,srd,8.0,2.6,2.1,SRD DOOR FITTINGS,SRD DOOR FITTINGS,5840.59824,5840.6,0.0,PASS,,,
EXPLOSIVE_4.9_AND_UP~L8~W2.6~H2.1~srd,EXPLOSIVE 4.9 AND UP,24,EXPLOSIVE 4.9 AND UP,srd,8.0,2.6,2.1,DRD,,0.0,,,SKIP,,,
EXPLOSIVE_4.9_AND_UP~L8~W2.6~H2.1~srd,EXPLOSIVE 4.9 AND UP,24,EXPLOSIVE 4.9 AND UP,srd,8.0,2.6,2.1,DRD DOOR FITTINGS,,0.0,,,SKIP,,,
EXPLOSIVE_4.9_AND_UP~L8~W2.6~H2.1~srd,EXPLOSIVE 4.9 AND UP,24,EXPLOSIVE 4.9 AND UP,srd,8.0,2.6,2.1,SIDES,SIDES,30632.12388,33072.69,7.967,ACCEPTED,,BOTH PU (+2440.91),"[DATA] PROD explosive bodies carry a 6MM PF PLYWOOD line on ROOF/SIDES where Burt has 4MM PF PLYWOOD (+R60 to +R1.3k), and EXPLOSIVE 4.9 AND UP prices PU as 12.08 x R234.15 per panel where Burt has 2.98 x R172 (+R370 front, +R1.5k sides, +R750 roof, +R487 double rear door)."
EXPLOSIVE_4.9_AND_UP~L8~W2.6~H2.1~srd,EXPLOSIVE 4.9 AND UP,24,EXPLOSIVE 4.9 AND UP,srd,8.0,2.6,2.1,ROOF,ROOF,18360.795345,19774.37,7.699,ACCEPTED,,BOTH PU (+1220.45),"[DATA] PROD explosive bodies carry a 6MM PF PLYWOOD line on ROOF/SIDES where Burt has 4MM PF PLYWOOD (+R60 to +R1.3k), and EXPLOSIVE 4.9 AND UP prices PU as 12.08 x R234.15 per panel where Burt has 2.98 x R172 (+R370 front, +R1.5k sides, +R750 roof, +R487 double rear door)."
EXPLOSIVE_4.9_AND_UP~L8~W2.6~H2.1~srd,EXPLOSIVE 4.9 AND UP,24,EXPLOSIVE 4.9 AND UP,srd,8.0,2.6,2.1,FLOOR,FLOOR,50885.319444,50885.3,0.0,PASS,,,
EXPLOSIVE_4.9_AND_UP~L8~W2.6~H2.1~srd,EXPLOSIVE 4.9 AND UP,24,EXPLOSIVE 4.9 AND UP,srd,8.0,2.6,2.1,ALUMINIUM,ALUMINIUM,12021.541,12021.54,0.0,PASS,,,
EXPLOSIVE_4.9_AND_UP~L8~W2.6~H2.1~srd,EXPLOSIVE 4.9 AND UP,24,EXPLOSIVE 4.9 AND UP,srd,8.0,2.6,2.1,SUB FRAME + LIGHT BOX ASSY,SUB FRAME + LIGHT BOX ASSY,11523.495406,11283.77,2.08,ACCEPTED,,MISSING_IN_MES 1MM GALV PLATE (-239.72),"[DATA] Burt's 1MM GALV PLATE (FREEZER MEDIUM, explosive bodies) / MOUNTING CLEATS (EXPLOSIVE 2.7 TO 4.8) lines have no MES line on prod."
EXPLOSIVE_4.9_AND_UP~L8~W2.6~H2.1~srd,EXPLOSIVE 4.9 AND UP,24,EXPLOSIVE 4.9 AND UP,srd,8.0,2.6,2.1,REAR FRAME + FLOOR PLATE,,0.0,,,SKIP,,,
EXPLOSIVE_4.9_AND_UP~L8~W2.6~H2.1~srd,EXPLOSIVE 4.9 AND UP,24,EXPLOSIVE 4.9 AND UP,srd,8.0,2.6,2.1,SPRAY PAINTING,SPRAY PAINTING,750.0,750.0,0.0,PASS,,,
EXPLOSIVE_4.9_AND_UP~L8~W2.6~H2.1~srd,EXPLOSIVE 4.9 AND UP,24,EXPLOSIVE 4.9 AND UP,srd,8.0,2.6,2.1,REFLEXITE TAPE,REFLEXITE TAPE,337.5,337.5,0.0,PASS,,,
EXPLOSIVE_4.9_AND_UP~L8~W2.6~H2.1~drd,EXPLOSIVE 4.9 AND UP,24,EXPLOSIVE 4.9 AND UP,drd,8.0,2.6,2.1,FRONT,FRONT,4798.79966,5168.67,7.708,ACCEPTED,,BOTH PU (+369.93),"[DATA] PROD explosive bodies carry a 6MM PF PLYWOOD line on ROOF/SIDES where Burt has 4MM PF PLYWOOD (+R60 to +R1.3k), and EXPLOSIVE 4.9 AND UP prices PU as 12.08 x R234.15 per panel where Burt has 2.98 x R172 (+R370 front, +R1.5k sides, +R750 roof, +R487 double rear door)."
EXPLOSIVE_4.9_AND_UP~L8~W2.6~H2.1~drd,EXPLOSIVE 4.9 AND UP,24,EXPLOSIVE 4.9 AND UP,drd,8.0,2.6,2.1,SRD,,0.0,,,SKIP,,,
EXPLOSIVE_4.9_AND_UP~L8~W2.6~H2.1~drd,EXPLOSIVE 4.9 AND UP,24,EXPLOSIVE 4.9 AND UP,drd,8.0,2.6,2.1,SRD DOOR FITTINGS,,0.0,,,SKIP,,,
EXPLOSIVE_4.9_AND_UP~L8~W2.6~H2.1~drd,EXPLOSIVE 4.9 AND UP,24,EXPLOSIVE 4.9 AND UP,drd,8.0,2.6,2.1,DRD,DRD,6420.583372,6640.28,3.422,ACCEPTED,,BOTH PU (+369.93),"[DATA] PROD explosive bodies carry a 6MM PF PLYWOOD line on ROOF/SIDES where Burt has 4MM PF PLYWOOD (+R60 to +R1.3k), and EXPLOSIVE 4.9 AND UP prices PU as 12.08 x R234.15 per panel where Burt has 2.98 x R172 (+R370 front, +R1.5k sides, +R750 roof, +R487 double rear door)."
EXPLOSIVE_4.9_AND_UP~L8~W2.6~H2.1~drd,EXPLOSIVE 4.9 AND UP,24,EXPLOSIVE 4.9 AND UP,drd,8.0,2.6,2.1,DRD DOOR FITTINGS,DRD DOOR FITTINGS,5831.01018,5831.01,0.0,PASS,,,
EXPLOSIVE_4.9_AND_UP~L8~W2.6~H2.1~drd,EXPLOSIVE 4.9 AND UP,24,EXPLOSIVE 4.9 AND UP,drd,8.0,2.6,2.1,SIDES,SIDES,30632.12388,33072.69,7.967,ACCEPTED,,BOTH PU (+2440.91),"[DATA] PROD explosive bodies carry a 6MM PF PLYWOOD line on ROOF/SIDES where Burt has 4MM PF PLYWOOD (+R60 to +R1.3k), and EXPLOSIVE 4.9 AND UP prices PU as 12.08 x R234.15 per panel where Burt has 2.98 x R172 (+R370 front, +R1.5k sides, +R750 roof, +R487 double rear door)."
EXPLOSIVE_4.9_AND_UP~L8~W2.6~H2.1~drd,EXPLOSIVE 4.9 AND UP,24,EXPLOSIVE 4.9 AND UP,drd,8.0,2.6,2.1,ROOF,ROOF,18360.795345,19774.37,7.699,ACCEPTED,,BOTH PU (+1220.45),"[DATA] PROD explosive bodies carry a 6MM PF PLYWOOD line on ROOF/SIDES where Burt has 4MM PF PLYWOOD (+R60 to +R1.3k), and EXPLOSIVE 4.9 AND UP prices PU as 12.08 x R234.15 per panel where Burt has 2.98 x R172 (+R370 front, +R1.5k sides, +R750 roof, +R487 double rear door)."
EXPLOSIVE_4.9_AND_UP~L8~W2.6~H2.1~drd,EXPLOSIVE 4.9 AND UP,24,EXPLOSIVE 4.9 AND UP,drd,8.0,2.6,2.1,FLOOR,FLOOR,50885.319444,50885.3,0.0,PASS,,,
EXPLOSIVE_4.9_AND_UP~L8~W2.6~H2.1~drd,EXPLOSIVE 4.9 AND UP,24,EXPLOSIVE 4.9 AND UP,drd,8.0,2.6,2.1,ALUMINIUM,ALUMINIUM,12021.541,12021.54,0.0,PASS,,,
EXPLOSIVE_4.9_AND_UP~L8~W2.6~H2.1~drd,EXPLOSIVE 4.9 AND UP,24,EXPLOSIVE 4.9 AND UP,drd,8.0,2.6,2.1,SUB FRAME + LIGHT BOX ASSY,SUB FRAME + LIGHT BOX ASSY,11523.495406,11283.77,2.08,ACCEPTED,,MISSING_IN_MES 1MM GALV PLATE (-239.72),"[DATA] Burt's 1MM GALV PLATE (FREEZER MEDIUM, explosive bodies) / MOUNTING CLEATS (EXPLOSIVE 2.7 TO 4.8) lines have no MES line on prod."
EXPLOSIVE_4.9_AND_UP~L8~W2.6~H2.1~drd,EXPLOSIVE 4.9 AND UP,24,EXPLOSIVE 4.9 AND UP,drd,8.0,2.6,2.1,REAR FRAME + FLOOR PLATE,REAR FRAME & FLOOR PLATE,10501.597443,10501.6,0.0,PASS,,,
EXPLOSIVE_4.9_AND_UP~L8~W2.6~H2.1~drd,EXPLOSIVE 4.9 AND UP,24,EXPLOSIVE 4.9 AND UP,drd,8.0,2.6,2.1,SPRAY PAINTING,SPRAY PAINTING,750.0,750.0,0.0,PASS,,,
EXPLOSIVE_4.9_AND_UP~L8~W2.6~H2.1~drd,EXPLOSIVE 4.9 AND UP,24,EXPLOSIVE 4.9 AND UP,drd,8.0,2.6,2.1,REFLEXITE TAPE,REFLEXITE TAPE,337.5,337.5,0.0,PASS,,,
EXPLOSIVE_4.9_AND_UP~L8~W2.6~H2.1~foam_4g,EXPLOSIVE 4.9 AND UP,24,EXPLOSIVE 4.9 AND UP,foam_4g,8.0,2.6,2.1,FRONT,FRONT,5123.517155,5672.22,10.709,ACCEPTED,,BOTH PU (+548.76),"[DATA] PROD explosive bodies carry a 6MM PF PLYWOOD line on ROOF/SIDES where Burt has 4MM PF PLYWOOD (+R60 to +R1.3k), and EXPLOSIVE 4.9 AND UP prices PU as 12.08 x R234.15 per panel where Burt has 2.98 x R172 (+R370 front, +R1.5k sides, +R750 roof, +R487 double rear door)."
EXPLOSIVE_4.9_AND_UP~L8~W2.6~H2.1~foam_4g,EXPLOSIVE 4.9 AND UP,24,EXPLOSIVE 4.9 AND UP,foam_4g,8.0,2.6,2.1,SRD,,0.0,,,SKIP,,,
EXPLOSIVE_4.9_AND_UP~L8~W2.6~H2.1~foam_4g,EXPLOSIVE 4.9 AND UP,24,EXPLOSIVE 4.9 AND UP,foam_4g,8.0,2.6,2.1,SRD DOOR FITTINGS,,0.0,,,SKIP,,,
EXPLOSIVE_4.9_AND_UP~L8~W2.6~H2.1~foam_4g,EXPLOSIVE 4.9 AND UP,24,EXPLOSIVE 4.9 AND UP,foam_4g,8.0,2.6,2.1,DRD,DRD,6745.300868,7143.83,5.908,ACCEPTED,,BOTH PU (+548.76),"[DATA] PROD explosive bodies carry a 6MM PF PLYWOOD line on ROOF/SIDES where Burt has 4MM PF PLYWOOD (+R60 to +R1.3k), and EXPLOSIVE 4.9 AND UP prices PU as 12.08 x R234.15 per panel where Burt has 2.98 x R172 (+R370 front, +R1.5k sides, +R750 roof, +R487 double rear door)."
EXPLOSIVE_4.9_AND_UP~L8~W2.6~H2.1~foam_4g,EXPLOSIVE 4.9 AND UP,24,EXPLOSIVE 4.9 AND UP,foam_4g,8.0,2.6,2.1,DRD DOOR FITTINGS,DRD DOOR FITTINGS,5831.01018,5831.01,0.0,PASS,,,
EXPLOSIVE_4.9_AND_UP~L8~W2.6~H2.1~foam_4g,EXPLOSIVE 4.9 AND UP,24,EXPLOSIVE 4.9 AND UP,foam_4g,8.0,2.6,2.1,SIDES,SIDES,32774.727025,36395.32,11.047,ACCEPTED,,BOTH PU (+3620.93),"[DATA] PROD explosive bodies carry a 6MM PF PLYWOOD line on ROOF/SIDES where Burt has 4MM PF PLYWOOD (+R60 to +R1.3k), and EXPLOSIVE 4.9 AND UP prices PU as 12.08 x R234.15 per panel where Burt has 2.98 x R172 (+R370 front, +R1.5k sides, +R750 roof, +R487 double rear door)."
EXPLOSIVE_4.9_AND_UP~L8~W2.6~H2.1~foam_4g,EXPLOSIVE 4.9 AND UP,24,EXPLOSIVE 4.9 AND UP,foam_4g,8.0,2.6,2.1,ROOF,ROOF,19432.096918,21435.68,10.311,ACCEPTED,,BOTH PU (+1810.47),"[DATA] PROD explosive bodies carry a 6MM PF PLYWOOD line on ROOF/SIDES where Burt has 4MM PF PLYWOOD (+R60 to +R1.3k), and EXPLOSIVE 4.9 AND UP prices PU as 12.08 x R234.15 per panel where Burt has 2.98 x R172 (+R370 front, +R1.5k sides, +R750 roof, +R487 double rear door)."
EXPLOSIVE_4.9_AND_UP~L8~W2.6~H2.1~foam_4g,EXPLOSIVE 4.9 AND UP,24,EXPLOSIVE 4.9 AND UP,foam_4g,8.0,2.6,2.1,FLOOR,FLOOR,50885.319444,50885.3,0.0,PASS,,,
EXPLOSIVE_4.9_AND_UP~L8~W2.6~H2.1~foam_4g,EXPLOSIVE 4.9 AND UP,24,EXPLOSIVE 4.9 AND UP,foam_4g,8.0,2.6,2.1,ALUMINIUM,ALUMINIUM,12021.541,12021.54,0.0,PASS,,,
EXPLOSIVE_4.9_AND_UP~L8~W2.6~H2.1~foam_4g,EXPLOSIVE 4.9 AND UP,24,EXPLOSIVE 4.9 AND UP,foam_4g,8.0,2.6,2.1,SUB FRAME + LIGHT BOX ASSY,SUB FRAME + LIGHT BOX ASSY,11523.495406,11283.77,2.08,ACCEPTED,,MISSING_IN_MES 1MM GALV PLATE (-239.72),"[DATA] Burt's 1MM GALV PLATE (FREEZER MEDIUM, explosive bodies) / MOUNTING CLEATS (EXPLOSIVE 2.7 TO 4.8) lines have no MES line on prod."
EXPLOSIVE_4.9_AND_UP~L8~W2.6~H2.1~foam_4g,EXPLOSIVE 4.9 AND UP,24,EXPLOSIVE 4.9 AND UP,foam_4g,8.0,2.6,2.1,REAR FRAME + FLOOR PLATE,REAR FRAME & FLOOR PLATE,10501.597443,10501.6,0.0,PASS,,,
EXPLOSIVE_4.9_AND_UP~L8~W2.6~H2.1~foam_4g,EXPLOSIVE 4.9 AND UP,24,EXPLOSIVE 4.9 AND UP,foam_4g,8.0,2.6,2.1,SPRAY PAINTING,SPRAY PAINTING,750.0,750.0,0.0,PASS,,,
EXPLOSIVE_4.9_AND_UP~L8~W2.6~H2.1~foam_4g,EXPLOSIVE 4.9 AND UP,24,EXPLOSIVE 4.9 AND UP,foam_4g,8.0,2.6,2.1,REFLEXITE TAPE,REFLEXITE TAPE,337.5,337.5,0.0,PASS,,,
EXPLOSIVE_4.9_AND_UP~L14.7~W2.6~H2.1~as_sheet,EXPLOSIVE 4.9 AND UP,24,EXPLOSIVE 4.9 AND UP,as_sheet,14.7,2.6,2.1,FRONT,FRONT,4798.79966,5168.67,7.708,ACCEPTED,,BOTH PU (+369.93),"[DATA] PROD explosive bodies carry a 6MM PF PLYWOOD line on ROOF/SIDES where Burt has 4MM PF PLYWOOD (+R60 to +R1.3k), and EXPLOSIVE 4.9 AND UP prices PU as 12.08 x R234.15 per panel where Burt has 2.98 x R172 (+R370 front, +R1.5k sides, +R750 roof, +R487 double rear door)."
EXPLOSIVE_4.9_AND_UP~L14.7~W2.6~H2.1~as_sheet,EXPLOSIVE 4.9 AND UP,24,EXPLOSIVE 4.9 AND UP,as_sheet,14.7,2.6,2.1,SRD,,0.0,,,SKIP,,,
EXPLOSIVE_4.9_AND_UP~L14.7~W2.6~H2.1~as_sheet,EXPLOSIVE 4.9 AND UP,24,EXPLOSIVE 4.9 AND UP,as_sheet,14.7,2.6,2.1,SRD DOOR FITTINGS,,0.0,,,SKIP,,,
EXPLOSIVE_4.9_AND_UP~L14.7~W2.6~H2.1~as_sheet,EXPLOSIVE 4.9 AND UP,24,EXPLOSIVE 4.9 AND UP,as_sheet,14.7,2.6,2.1,DRD,DRD,6420.583372,6640.28,3.422,ACCEPTED,,BOTH PU (+369.93),"[DATA] PROD explosive bodies carry a 6MM PF PLYWOOD line on ROOF/SIDES where Burt has 4MM PF PLYWOOD (+R60 to +R1.3k), and EXPLOSIVE 4.9 AND UP prices PU as 12.08 x R234.15 per panel where Burt has 2.98 x R172 (+R370 front, +R1.5k sides, +R750 roof, +R487 double rear door)."
EXPLOSIVE_4.9_AND_UP~L14.7~W2.6~H2.1~as_sheet,EXPLOSIVE 4.9 AND UP,24,EXPLOSIVE 4.9 AND UP,as_sheet,14.7,2.6,2.1,DRD DOOR FITTINGS,DRD DOOR FITTINGS,5831.01018,5831.01,0.0,PASS,,,
EXPLOSIVE_4.9_AND_UP~L14.7~W2.6~H2.1~as_sheet,EXPLOSIVE 4.9 AND UP,24,EXPLOSIVE 4.9 AND UP,as_sheet,14.7,2.6,2.1,SIDES,SIDES,55968.275597,60440.12,7.99,ACCEPTED,,BOTH PU (+4472.47),"[DATA] PROD explosive bodies carry a 6MM PF PLYWOOD line on ROOF/SIDES where Burt has 4MM PF PLYWOOD (+R60 to +R1.3k), and EXPLOSIVE 4.9 AND UP prices PU as 12.08 x R234.15 per panel where Burt has 2.98 x R172 (+R370 front, +R1.5k sides, +R750 roof, +R487 double rear door)."
EXPLOSIVE_4.9_AND_UP~L14.7~W2.6~H2.1~as_sheet,EXPLOSIVE 4.9 AND UP,24,EXPLOSIVE 4.9 AND UP,as_sheet,14.7,2.6,2.1,ROOF,ROOF,33562.997144,36153.08,7.717,ACCEPTED,,BOTH PU (+2236.24),"[DATA] PROD explosive bodies carry a 6MM PF PLYWOOD line on ROOF/SIDES where Burt has 4MM PF PLYWOOD (+R60 to +R1.3k), and EXPLOSIVE 4.9 AND UP prices PU as 12.08 x R234.15 per panel where Burt has 2.98 x R172 (+R370 front, +R1.5k sides, +R750 roof, +R487 double rear door)."
EXPLOSIVE_4.9_AND_UP~L14.7~W2.6~H2.1~as_sheet,EXPLOSIVE 4.9 AND UP,24,EXPLOSIVE 4.9 AND UP,as_sheet,14.7,2.6,2.1,FLOOR,FLOOR,91048.910099,91048.87,0.0,PASS,,,
EXPLOSIVE_4.9_AND_UP~L14.7~W2.6~H2.1~as_sheet,EXPLOSIVE 4.9 AND UP,24,EXPLOSIVE 4.9 AND UP,as_sheet,14.7,2.6,2.1,ALUMINIUM,ALUMINIUM,20163.515,20163.51,0.0,PASS,,,
EXPLOSIVE_4.9_AND_UP~L14.7~W2.6~H2.1~as_sheet,EXPLOSIVE 4.9 AND UP,24,EXPLOSIVE 4.9 AND UP,as_sheet,14.7,2.6,2.1,SUB FRAME + LIGHT BOX ASSY,SUB FRAME + LIGHT BOX ASSY,17524.174337,17284.45,1.368,ACCEPTED,,MISSING_IN_MES 1MM GALV PLATE (-239.72),"[DATA] Burt's 1MM GALV PLATE (FREEZER MEDIUM, explosive bodies) / MOUNTING CLEATS (EXPLOSIVE 2.7 TO 4.8) lines have no MES line on prod."
EXPLOSIVE_4.9_AND_UP~L14.7~W2.6~H2.1~as_sheet,EXPLOSIVE 4.9 AND UP,24,EXPLOSIVE 4.9 AND UP,as_sheet,14.7,2.6,2.1,REAR FRAME + FLOOR PLATE,REAR FRAME & FLOOR PLATE,10501.597443,10501.6,0.0,PASS,,,
EXPLOSIVE_4.9_AND_UP~L14.7~W2.6~H2.1~as_sheet,EXPLOSIVE 4.9 AND UP,24,EXPLOSIVE 4.9 AND UP,as_sheet,14.7,2.6,2.1,SPRAY PAINTING,SPRAY PAINTING,750.0,750.0,0.0,PASS,,,
EXPLOSIVE_4.9_AND_UP~L14.7~W2.6~H2.1~as_sheet,EXPLOSIVE 4.9 AND UP,24,EXPLOSIVE 4.9 AND UP,as_sheet,14.7,2.6,2.1,REFLEXITE TAPE,REFLEXITE TAPE,578.7,578.7,0.0,PASS,,,
EXPLOSIVE_4.9_AND_UP~L14.7~W2.6~H2.1~all_eps,EXPLOSIVE 4.9 AND UP,24,EXPLOSIVE 4.9 AND UP,all_eps,14.7,2.6,2.1,FRONT,FRONT,3661.705214,3661.65,,UNVERIFIABLE,EXCEL_NO_PRICE:EPS,,
EXPLOSIVE_4.9_AND_UP~L14.7~W2.6~H2.1~all_eps,EXPLOSIVE 4.9 AND UP,24,EXPLOSIVE 4.9 AND UP,all_eps,14.7,2.6,2.1,SRD,,0.0,,,SKIP,,,
EXPLOSIVE_4.9_AND_UP~L14.7~W2.6~H2.1~all_eps,EXPLOSIVE 4.9 AND UP,24,EXPLOSIVE 4.9 AND UP,all_eps,14.7,2.6,2.1,SRD DOOR FITTINGS,,0.0,,,SKIP,,,
EXPLOSIVE_4.9_AND_UP~L14.7~W2.6~H2.1~all_eps,EXPLOSIVE 4.9 AND UP,24,EXPLOSIVE 4.9 AND UP,all_eps,14.7,2.6,2.1,DRD,DRD,5308.544073,5160.77,,UNVERIFIABLE,EXCEL_NO_PRICE:EPS,,
EXPLOSIVE_4.9_AND_UP~L14.7~W2.6~H2.1~all_eps,EXPLOSIVE 4.9 AND UP,24,EXPLOSIVE 4.9 AND UP,all_eps,14.7,2.6,2.1,DRD DOOR FITTINGS,DRD DOOR FITTINGS,5831.01018,5831.01,0.0,PASS,,,
EXPLOSIVE_4.9_AND_UP~L14.7~W2.6~H2.1~all_eps,EXPLOSIVE 4.9 AND UP,24,EXPLOSIVE 4.9 AND UP,all_eps,14.7,2.6,2.1,SIDES,SIDES,42886.698925,43586.01,,UNVERIFIABLE,EXCEL_NO_PRICE:EPS,,
EXPLOSIVE_4.9_AND_UP~L14.7~W2.6~H2.1~all_eps,EXPLOSIVE 4.9 AND UP,24,EXPLOSIVE 4.9 AND UP,all_eps,14.7,2.6,2.1,ROOF,ROOF,27372.174154,27726.03,,UNVERIFIABLE,EXCEL_NO_PRICE:EPS,,
EXPLOSIVE_4.9_AND_UP~L14.7~W2.6~H2.1~all_eps,EXPLOSIVE 4.9 AND UP,24,EXPLOSIVE 4.9 AND UP,all_eps,14.7,2.6,2.1,FLOOR,FLOOR,91048.910099,91048.87,0.0,PASS,,,
EXPLOSIVE_4.9_AND_UP~L14.7~W2.6~H2.1~all_eps,EXPLOSIVE 4.9 AND UP,24,EXPLOSIVE 4.9 AND UP,all_eps,14.7,2.6,2.1,ALUMINIUM,ALUMINIUM,20163.515,20163.51,0.0,PASS,,,
EXPLOSIVE_4.9_AND_UP~L14.7~W2.6~H2.1~all_eps,EXPLOSIVE 4.9 AND UP,24,EXPLOSIVE 4.9 AND UP,all_eps,14.7,2.6,2.1,SUB FRAME + LIGHT BOX ASSY,SUB FRAME + LIGHT BOX ASSY,17524.174337,17284.45,1.368,ACCEPTED,,MISSING_IN_MES 1MM GALV PLATE (-239.72),"[DATA] Burt's 1MM GALV PLATE (FREEZER MEDIUM, explosive bodies) / MOUNTING CLEATS (EXPLOSIVE 2.7 TO 4.8) lines have no MES line on prod."
EXPLOSIVE_4.9_AND_UP~L14.7~W2.6~H2.1~all_eps,EXPLOSIVE 4.9 AND UP,24,EXPLOSIVE 4.9 AND UP,all_eps,14.7,2.6,2.1,REAR FRAME + FLOOR PLATE,REAR FRAME & FLOOR PLATE,10409.990864,10501.6,0.88,PASS,,,
EXPLOSIVE_4.9_AND_UP~L14.7~W2.6~H2.1~all_eps,EXPLOSIVE 4.9 AND UP,24,EXPLOSIVE 4.9 AND UP,all_eps,14.7,2.6,2.1,SPRAY PAINTING,SPRAY PAINTING,750.0,750.0,0.0,PASS,,,
EXPLOSIVE_4.9_AND_UP~L14.7~W2.6~H2.1~all_eps,EXPLOSIVE 4.9 AND UP,24,EXPLOSIVE 4.9 AND UP,all_eps,14.7,2.6,2.1,REFLEXITE TAPE,REFLEXITE TAPE,578.7,578.7,0.0,PASS,,,
EXPLOSIVE_4.9_AND_UP~L14.7~W2.6~H2.1~all_pu,EXPLOSIVE 4.9 AND UP,24,EXPLOSIVE 4.9 AND UP,all_pu,14.7,2.6,2.1,FRONT,FRONT,4798.79966,5168.67,7.708,ACCEPTED,,BOTH PU (+369.93),"[DATA] PROD explosive bodies carry a 6MM PF PLYWOOD line on ROOF/SIDES where Burt has 4MM PF PLYWOOD (+R60 to +R1.3k), and EXPLOSIVE 4.9 AND UP prices PU as 12.08 x R234.15 per panel where Burt has 2.98 x R172 (+R370 front, +R1.5k sides, +R750 roof, +R487 double rear door)."
EXPLOSIVE_4.9_AND_UP~L14.7~W2.6~H2.1~all_pu,EXPLOSIVE 4.9 AND UP,24,EXPLOSIVE 4.9 AND UP,all_pu,14.7,2.6,2.1,SRD,,0.0,,,SKIP,,,
EXPLOSIVE_4.9_AND_UP~L14.7~W2.6~H2.1~all_pu,EXPLOSIVE 4.9 AND UP,24,EXPLOSIVE 4.9 AND UP,all_pu,14.7,2.6,2.1,SRD DOOR FITTINGS,,0.0,,,SKIP,,,
EXPLOSIVE_4.9_AND_UP~L14.7~W2.6~H2.1~all_pu,EXPLOSIVE 4.9 AND UP,24,EXPLOSIVE 4.9 AND UP,all_pu,14.7,2.6,2.1,DRD,DRD,6420.583372,6640.28,3.422,ACCEPTED,,BOTH PU (+369.93),"[DATA] PROD explosive bodies carry a 6MM PF PLYWOOD line on ROOF/SIDES where Burt has 4MM PF PLYWOOD (+R60 to +R1.3k), and EXPLOSIVE 4.9 AND UP prices PU as 12.08 x R234.15 per panel where Burt has 2.98 x R172 (+R370 front, +R1.5k sides, +R750 roof, +R487 double rear door)."
EXPLOSIVE_4.9_AND_UP~L14.7~W2.6~H2.1~all_pu,EXPLOSIVE 4.9 AND UP,24,EXPLOSIVE 4.9 AND UP,all_pu,14.7,2.6,2.1,DRD DOOR FITTINGS,DRD DOOR FITTINGS,5831.01018,5831.01,0.0,PASS,,,
EXPLOSIVE_4.9_AND_UP~L14.7~W2.6~H2.1~all_pu,EXPLOSIVE 4.9 AND UP,24,EXPLOSIVE 4.9 AND UP,all_pu,14.7,2.6,2.1,SIDES,SIDES,55968.275597,60440.12,7.99,ACCEPTED,,BOTH PU (+4472.47),"[DATA] PROD explosive bodies carry a 6MM PF PLYWOOD line on ROOF/SIDES where Burt has 4MM PF PLYWOOD (+R60 to +R1.3k), and EXPLOSIVE 4.9 AND UP prices PU as 12.08 x R234.15 per panel where Burt has 2.98 x R172 (+R370 front, +R1.5k sides, +R750 roof, +R487 double rear door)."
EXPLOSIVE_4.9_AND_UP~L14.7~W2.6~H2.1~all_pu,EXPLOSIVE 4.9 AND UP,24,EXPLOSIVE 4.9 AND UP,all_pu,14.7,2.6,2.1,ROOF,ROOF,33562.997144,36153.08,7.717,ACCEPTED,,BOTH PU (+2236.24),"[DATA] PROD explosive bodies carry a 6MM PF PLYWOOD line on ROOF/SIDES where Burt has 4MM PF PLYWOOD (+R60 to +R1.3k), and EXPLOSIVE 4.9 AND UP prices PU as 12.08 x R234.15 per panel where Burt has 2.98 x R172 (+R370 front, +R1.5k sides, +R750 roof, +R487 double rear door)."
EXPLOSIVE_4.9_AND_UP~L14.7~W2.6~H2.1~all_pu,EXPLOSIVE 4.9 AND UP,24,EXPLOSIVE 4.9 AND UP,all_pu,14.7,2.6,2.1,FLOOR,FLOOR,91048.910099,91048.87,0.0,PASS,,,
EXPLOSIVE_4.9_AND_UP~L14.7~W2.6~H2.1~all_pu,EXPLOSIVE 4.9 AND UP,24,EXPLOSIVE 4.9 AND UP,all_pu,14.7,2.6,2.1,ALUMINIUM,ALUMINIUM,20163.515,20163.51,0.0,PASS,,,
EXPLOSIVE_4.9_AND_UP~L14.7~W2.6~H2.1~all_pu,EXPLOSIVE 4.9 AND UP,24,EXPLOSIVE 4.9 AND UP,all_pu,14.7,2.6,2.1,SUB FRAME + LIGHT BOX ASSY,SUB FRAME + LIGHT BOX ASSY,17524.174337,17284.45,1.368,ACCEPTED,,MISSING_IN_MES 1MM GALV PLATE (-239.72),"[DATA] Burt's 1MM GALV PLATE (FREEZER MEDIUM, explosive bodies) / MOUNTING CLEATS (EXPLOSIVE 2.7 TO 4.8) lines have no MES line on prod."
EXPLOSIVE_4.9_AND_UP~L14.7~W2.6~H2.1~all_pu,EXPLOSIVE 4.9 AND UP,24,EXPLOSIVE 4.9 AND UP,all_pu,14.7,2.6,2.1,REAR FRAME + FLOOR PLATE,REAR FRAME & FLOOR PLATE,10501.597443,10501.6,0.0,PASS,,,
EXPLOSIVE_4.9_AND_UP~L14.7~W2.6~H2.1~all_pu,EXPLOSIVE 4.9 AND UP,24,EXPLOSIVE 4.9 AND UP,all_pu,14.7,2.6,2.1,SPRAY PAINTING,SPRAY PAINTING,750.0,750.0,0.0,PASS,,,
EXPLOSIVE_4.9_AND_UP~L14.7~W2.6~H2.1~all_pu,EXPLOSIVE 4.9 AND UP,24,EXPLOSIVE 4.9 AND UP,all_pu,14.7,2.6,2.1,REFLEXITE TAPE,REFLEXITE TAPE,578.7,578.7,0.0,PASS,,,
EXPLOSIVE_4.9_AND_UP~L14.7~W2.6~H2.1~srd,EXPLOSIVE 4.9 AND UP,24,EXPLOSIVE 4.9 AND UP,srd,14.7,2.6,2.1,FRONT,FRONT,4798.79966,5168.67,7.708,ACCEPTED,,BOTH PU (+369.93),"[DATA] PROD explosive bodies carry a 6MM PF PLYWOOD line on ROOF/SIDES where Burt has 4MM PF PLYWOOD (+R60 to +R1.3k), and EXPLOSIVE 4.9 AND UP prices PU as 12.08 x R234.15 per panel where Burt has 2.98 x R172 (+R370 front, +R1.5k sides, +R750 roof, +R487 double rear door)."
EXPLOSIVE_4.9_AND_UP~L14.7~W2.6~H2.1~srd,EXPLOSIVE 4.9 AND UP,24,EXPLOSIVE 4.9 AND UP,srd,14.7,2.6,2.1,SRD,SRD,6017.703527,5891.17,2.103,ACCEPTED,,GROUP_DIFF 130*62MM TAPPING BLOCKS ~ 1 MES line(s) (-100.00),[DATA] 130*62MM TAPPING BLOCKS: on prod the icecream and EXPLOSIVE 4.9 AND UP bodies price them differently from Burt (missing or one size only); the chillers/freezers match.
EXPLOSIVE_4.9_AND_UP~L14.7~W2.6~H2.1~srd,EXPLOSIVE 4.9 AND UP,24,EXPLOSIVE 4.9 AND UP,srd,14.7,2.6,2.1,SRD DOOR FITTINGS,SRD DOOR FITTINGS,5840.59824,5840.6,0.0,PASS,,,
EXPLOSIVE_4.9_AND_UP~L14.7~W2.6~H2.1~srd,EXPLOSIVE 4.9 AND UP,24,EXPLOSIVE 4.9 AND UP,srd,14.7,2.6,2.1,DRD,,0.0,,,SKIP,,,
EXPLOSIVE_4.9_AND_UP~L14.7~W2.6~H2.1~srd,EXPLOSIVE 4.9 AND UP,24,EXPLOSIVE 4.9 AND UP,srd,14.7,2.6,2.1,DRD DOOR FITTINGS,,0.0,,,SKIP,,,
EXPLOSIVE_4.9_AND_UP~L14.7~W2.6~H2.1~srd,EXPLOSIVE 4.9 AND UP,24,EXPLOSIVE 4.9 AND UP,srd,14.7,2.6,2.1,SIDES,SIDES,55968.275597,60440.12,7.99,ACCEPTED,,BOTH PU (+4472.47),"[DATA] PROD explosive bodies carry a 6MM PF PLYWOOD line on ROOF/SIDES where Burt has 4MM PF PLYWOOD (+R60 to +R1.3k), and EXPLOSIVE 4.9 AND UP prices PU as 12.08 x R234.15 per panel where Burt has 2.98 x R172 (+R370 front, +R1.5k sides, +R750 roof, +R487 double rear door)."
EXPLOSIVE_4.9_AND_UP~L14.7~W2.6~H2.1~srd,EXPLOSIVE 4.9 AND UP,24,EXPLOSIVE 4.9 AND UP,srd,14.7,2.6,2.1,ROOF,ROOF,33562.997144,36153.08,7.717,ACCEPTED,,BOTH PU (+2236.24),"[DATA] PROD explosive bodies carry a 6MM PF PLYWOOD line on ROOF/SIDES where Burt has 4MM PF PLYWOOD (+R60 to +R1.3k), and EXPLOSIVE 4.9 AND UP prices PU as 12.08 x R234.15 per panel where Burt has 2.98 x R172 (+R370 front, +R1.5k sides, +R750 roof, +R487 double rear door)."
EXPLOSIVE_4.9_AND_UP~L14.7~W2.6~H2.1~srd,EXPLOSIVE 4.9 AND UP,24,EXPLOSIVE 4.9 AND UP,srd,14.7,2.6,2.1,FLOOR,FLOOR,91048.910099,91048.87,0.0,PASS,,,
EXPLOSIVE_4.9_AND_UP~L14.7~W2.6~H2.1~srd,EXPLOSIVE 4.9 AND UP,24,EXPLOSIVE 4.9 AND UP,srd,14.7,2.6,2.1,ALUMINIUM,ALUMINIUM,20163.515,20163.51,0.0,PASS,,,
EXPLOSIVE_4.9_AND_UP~L14.7~W2.6~H2.1~srd,EXPLOSIVE 4.9 AND UP,24,EXPLOSIVE 4.9 AND UP,srd,14.7,2.6,2.1,SUB FRAME + LIGHT BOX ASSY,SUB FRAME + LIGHT BOX ASSY,17524.174337,17284.45,1.368,ACCEPTED,,MISSING_IN_MES 1MM GALV PLATE (-239.72),"[DATA] Burt's 1MM GALV PLATE (FREEZER MEDIUM, explosive bodies) / MOUNTING CLEATS (EXPLOSIVE 2.7 TO 4.8) lines have no MES line on prod."
EXPLOSIVE_4.9_AND_UP~L14.7~W2.6~H2.1~srd,EXPLOSIVE 4.9 AND UP,24,EXPLOSIVE 4.9 AND UP,srd,14.7,2.6,2.1,REAR FRAME + FLOOR PLATE,,0.0,,,SKIP,,,
EXPLOSIVE_4.9_AND_UP~L14.7~W2.6~H2.1~srd,EXPLOSIVE 4.9 AND UP,24,EXPLOSIVE 4.9 AND UP,srd,14.7,2.6,2.1,SPRAY PAINTING,SPRAY PAINTING,750.0,750.0,0.0,PASS,,,
EXPLOSIVE_4.9_AND_UP~L14.7~W2.6~H2.1~srd,EXPLOSIVE 4.9 AND UP,24,EXPLOSIVE 4.9 AND UP,srd,14.7,2.6,2.1,REFLEXITE TAPE,REFLEXITE TAPE,578.7,578.7,0.0,PASS,,,
EXPLOSIVE_4.9_AND_UP~L14.7~W2.6~H2.1~drd,EXPLOSIVE 4.9 AND UP,24,EXPLOSIVE 4.9 AND UP,drd,14.7,2.6,2.1,FRONT,FRONT,4798.79966,5168.67,7.708,ACCEPTED,,BOTH PU (+369.93),"[DATA] PROD explosive bodies carry a 6MM PF PLYWOOD line on ROOF/SIDES where Burt has 4MM PF PLYWOOD (+R60 to +R1.3k), and EXPLOSIVE 4.9 AND UP prices PU as 12.08 x R234.15 per panel where Burt has 2.98 x R172 (+R370 front, +R1.5k sides, +R750 roof, +R487 double rear door)."
EXPLOSIVE_4.9_AND_UP~L14.7~W2.6~H2.1~drd,EXPLOSIVE 4.9 AND UP,24,EXPLOSIVE 4.9 AND UP,drd,14.7,2.6,2.1,SRD,,0.0,,,SKIP,,,
EXPLOSIVE_4.9_AND_UP~L14.7~W2.6~H2.1~drd,EXPLOSIVE 4.9 AND UP,24,EXPLOSIVE 4.9 AND UP,drd,14.7,2.6,2.1,SRD DOOR FITTINGS,,0.0,,,SKIP,,,
EXPLOSIVE_4.9_AND_UP~L14.7~W2.6~H2.1~drd,EXPLOSIVE 4.9 AND UP,24,EXPLOSIVE 4.9 AND UP,drd,14.7,2.6,2.1,DRD,DRD,6420.583372,6640.28,3.422,ACCEPTED,,BOTH PU (+369.93),"[DATA] PROD explosive bodies carry a 6MM PF PLYWOOD line on ROOF/SIDES where Burt has 4MM PF PLYWOOD (+R60 to +R1.3k), and EXPLOSIVE 4.9 AND UP prices PU as 12.08 x R234.15 per panel where Burt has 2.98 x R172 (+R370 front, +R1.5k sides, +R750 roof, +R487 double rear door)."
EXPLOSIVE_4.9_AND_UP~L14.7~W2.6~H2.1~drd,EXPLOSIVE 4.9 AND UP,24,EXPLOSIVE 4.9 AND UP,drd,14.7,2.6,2.1,DRD DOOR FITTINGS,DRD DOOR FITTINGS,5831.01018,5831.01,0.0,PASS,,,
EXPLOSIVE_4.9_AND_UP~L14.7~W2.6~H2.1~drd,EXPLOSIVE 4.9 AND UP,24,EXPLOSIVE 4.9 AND UP,drd,14.7,2.6,2.1,SIDES,SIDES,55968.275597,60440.12,7.99,ACCEPTED,,BOTH PU (+4472.47),"[DATA] PROD explosive bodies carry a 6MM PF PLYWOOD line on ROOF/SIDES where Burt has 4MM PF PLYWOOD (+R60 to +R1.3k), and EXPLOSIVE 4.9 AND UP prices PU as 12.08 x R234.15 per panel where Burt has 2.98 x R172 (+R370 front, +R1.5k sides, +R750 roof, +R487 double rear door)."
EXPLOSIVE_4.9_AND_UP~L14.7~W2.6~H2.1~drd,EXPLOSIVE 4.9 AND UP,24,EXPLOSIVE 4.9 AND UP,drd,14.7,2.6,2.1,ROOF,ROOF,33562.997144,36153.08,7.717,ACCEPTED,,BOTH PU (+2236.24),"[DATA] PROD explosive bodies carry a 6MM PF PLYWOOD line on ROOF/SIDES where Burt has 4MM PF PLYWOOD (+R60 to +R1.3k), and EXPLOSIVE 4.9 AND UP prices PU as 12.08 x R234.15 per panel where Burt has 2.98 x R172 (+R370 front, +R1.5k sides, +R750 roof, +R487 double rear door)."
EXPLOSIVE_4.9_AND_UP~L14.7~W2.6~H2.1~drd,EXPLOSIVE 4.9 AND UP,24,EXPLOSIVE 4.9 AND UP,drd,14.7,2.6,2.1,FLOOR,FLOOR,91048.910099,91048.87,0.0,PASS,,,
EXPLOSIVE_4.9_AND_UP~L14.7~W2.6~H2.1~drd,EXPLOSIVE 4.9 AND UP,24,EXPLOSIVE 4.9 AND UP,drd,14.7,2.6,2.1,ALUMINIUM,ALUMINIUM,20163.515,20163.51,0.0,PASS,,,
EXPLOSIVE_4.9_AND_UP~L14.7~W2.6~H2.1~drd,EXPLOSIVE 4.9 AND UP,24,EXPLOSIVE 4.9 AND UP,drd,14.7,2.6,2.1,SUB FRAME + LIGHT BOX ASSY,SUB FRAME + LIGHT BOX ASSY,17524.174337,17284.45,1.368,ACCEPTED,,MISSING_IN_MES 1MM GALV PLATE (-239.72),"[DATA] Burt's 1MM GALV PLATE (FREEZER MEDIUM, explosive bodies) / MOUNTING CLEATS (EXPLOSIVE 2.7 TO 4.8) lines have no MES line on prod."
EXPLOSIVE_4.9_AND_UP~L14.7~W2.6~H2.1~drd,EXPLOSIVE 4.9 AND UP,24,EXPLOSIVE 4.9 AND UP,drd,14.7,2.6,2.1,REAR FRAME + FLOOR PLATE,REAR FRAME & FLOOR PLATE,10501.597443,10501.6,0.0,PASS,,,
EXPLOSIVE_4.9_AND_UP~L14.7~W2.6~H2.1~drd,EXPLOSIVE 4.9 AND UP,24,EXPLOSIVE 4.9 AND UP,drd,14.7,2.6,2.1,SPRAY PAINTING,SPRAY PAINTING,750.0,750.0,0.0,PASS,,,
EXPLOSIVE_4.9_AND_UP~L14.7~W2.6~H2.1~drd,EXPLOSIVE 4.9 AND UP,24,EXPLOSIVE 4.9 AND UP,drd,14.7,2.6,2.1,REFLEXITE TAPE,REFLEXITE TAPE,578.7,578.7,0.0,PASS,,,
EXPLOSIVE_4.9_AND_UP~L14.7~W2.6~H2.1~foam_4g,EXPLOSIVE 4.9 AND UP,24,EXPLOSIVE 4.9 AND UP,foam_4g,14.7,2.6,2.1,FRONT,FRONT,5123.517155,5672.22,10.709,ACCEPTED,,BOTH PU (+548.76),"[DATA] PROD explosive bodies carry a 6MM PF PLYWOOD line on ROOF/SIDES where Burt has 4MM PF PLYWOOD (+R60 to +R1.3k), and EXPLOSIVE 4.9 AND UP prices PU as 12.08 x R234.15 per panel where Burt has 2.98 x R172 (+R370 front, +R1.5k sides, +R750 roof, +R487 double rear door)."
EXPLOSIVE_4.9_AND_UP~L14.7~W2.6~H2.1~foam_4g,EXPLOSIVE 4.9 AND UP,24,EXPLOSIVE 4.9 AND UP,foam_4g,14.7,2.6,2.1,SRD,,0.0,,,SKIP,,,
EXPLOSIVE_4.9_AND_UP~L14.7~W2.6~H2.1~foam_4g,EXPLOSIVE 4.9 AND UP,24,EXPLOSIVE 4.9 AND UP,foam_4g,14.7,2.6,2.1,SRD DOOR FITTINGS,,0.0,,,SKIP,,,
EXPLOSIVE_4.9_AND_UP~L14.7~W2.6~H2.1~foam_4g,EXPLOSIVE 4.9 AND UP,24,EXPLOSIVE 4.9 AND UP,foam_4g,14.7,2.6,2.1,DRD,DRD,6745.300868,7143.83,5.908,ACCEPTED,,BOTH PU (+548.76),"[DATA] PROD explosive bodies carry a 6MM PF PLYWOOD line on ROOF/SIDES where Burt has 4MM PF PLYWOOD (+R60 to +R1.3k), and EXPLOSIVE 4.9 AND UP prices PU as 12.08 x R234.15 per panel where Burt has 2.98 x R172 (+R370 front, +R1.5k sides, +R750 roof, +R487 double rear door)."
EXPLOSIVE_4.9_AND_UP~L14.7~W2.6~H2.1~foam_4g,EXPLOSIVE 4.9 AND UP,24,EXPLOSIVE 4.9 AND UP,foam_4g,14.7,2.6,2.1,DRD DOOR FITTINGS,DRD DOOR FITTINGS,5831.01018,5831.01,0.0,PASS,,,
EXPLOSIVE_4.9_AND_UP~L14.7~W2.6~H2.1~foam_4g,EXPLOSIVE 4.9 AND UP,24,EXPLOSIVE 4.9 AND UP,foam_4g,14.7,2.6,2.1,SIDES,SIDES,59894.163347,66528.16,11.076,ACCEPTED,,BOTH PU (+6634.62),"[DATA] PROD explosive bodies carry a 6MM PF PLYWOOD line on ROOF/SIDES where Burt has 4MM PF PLYWOOD (+R60 to +R1.3k), and EXPLOSIVE 4.9 AND UP prices PU as 12.08 x R234.15 per panel where Burt has 2.98 x R172 (+R370 front, +R1.5k sides, +R750 roof, +R487 double rear door)."
EXPLOSIVE_4.9_AND_UP~L14.7~W2.6~H2.1~foam_4g,EXPLOSIVE 4.9 AND UP,24,EXPLOSIVE 4.9 AND UP,foam_4g,14.7,2.6,2.1,ROOF,ROOF,35525.941019,39197.1,10.334,ACCEPTED,,BOTH PU (+3317.31),"[DATA] PROD explosive bodies carry a 6MM PF PLYWOOD line on ROOF/SIDES where Burt has 4MM PF PLYWOOD (+R60 to +R1.3k), and EXPLOSIVE 4.9 AND UP prices PU as 12.08 x R234.15 per panel where Burt has 2.98 x R172 (+R370 front, +R1.5k sides, +R750 roof, +R487 double rear door)."
EXPLOSIVE_4.9_AND_UP~L14.7~W2.6~H2.1~foam_4g,EXPLOSIVE 4.9 AND UP,24,EXPLOSIVE 4.9 AND UP,foam_4g,14.7,2.6,2.1,FLOOR,FLOOR,91048.910099,91048.87,0.0,PASS,,,
EXPLOSIVE_4.9_AND_UP~L14.7~W2.6~H2.1~foam_4g,EXPLOSIVE 4.9 AND UP,24,EXPLOSIVE 4.9 AND UP,foam_4g,14.7,2.6,2.1,ALUMINIUM,ALUMINIUM,20163.515,20163.51,0.0,PASS,,,
EXPLOSIVE_4.9_AND_UP~L14.7~W2.6~H2.1~foam_4g,EXPLOSIVE 4.9 AND UP,24,EXPLOSIVE 4.9 AND UP,foam_4g,14.7,2.6,2.1,SUB FRAME + LIGHT BOX ASSY,SUB FRAME + LIGHT BOX ASSY,17524.174337,17284.45,1.368,ACCEPTED,,MISSING_IN_MES 1MM GALV PLATE (-239.72),"[DATA] Burt's 1MM GALV PLATE (FREEZER MEDIUM, explosive bodies) / MOUNTING CLEATS (EXPLOSIVE 2.7 TO 4.8) lines have no MES line on prod."
EXPLOSIVE_4.9_AND_UP~L14.7~W2.6~H2.1~foam_4g,EXPLOSIVE 4.9 AND UP,24,EXPLOSIVE 4.9 AND UP,foam_4g,14.7,2.6,2.1,REAR FRAME + FLOOR PLATE,REAR FRAME & FLOOR PLATE,10501.597443,10501.6,0.0,PASS,,,
EXPLOSIVE_4.9_AND_UP~L14.7~W2.6~H2.1~foam_4g,EXPLOSIVE 4.9 AND UP,24,EXPLOSIVE 4.9 AND UP,foam_4g,14.7,2.6,2.1,SPRAY PAINTING,SPRAY PAINTING,750.0,750.0,0.0,PASS,,,
EXPLOSIVE_4.9_AND_UP~L14.7~W2.6~H2.1~foam_4g,EXPLOSIVE 4.9 AND UP,24,EXPLOSIVE 4.9 AND UP,foam_4g,14.7,2.6,2.1,REFLEXITE TAPE,REFLEXITE TAPE,578.7,578.7,0.0,PASS,,,
