scenario_id,sheet,trailer_id,trailer_name,variant,length,width,height,section_excel,section_mes,excel_total,mes_total,variance_pct,status,reason,likely_cause,accepted_reason
"UP_TO_2,3_MTR_FREEZER~L1.8~W1.68~H1.39~as_sheet"," UP TO 2,3 MTR FREEZER ",19,FREEZER 2.3 METER,as_sheet,1.8,1.68,1.39,FRONT,FRONT,2701.525496,2701.51,0.001,PASS,,,
"UP_TO_2,3_MTR_FREEZER~L1.8~W1.68~H1.39~as_sheet"," UP TO 2,3 MTR FREEZER ",19,FREEZER 2.3 METER,as_sheet,1.8,1.68,1.39,SRD,,0.0,,,SKIP,,,
"UP_TO_2,3_MTR_FREEZER~L1.8~W1.68~H1.39~as_sheet"," UP TO 2,3 MTR FREEZER ",19,FREEZER 2.3 METER,as_sheet,1.8,1.68,1.39,SRD DOOR FITTINGS,,0.0,,,SKIP,,,
"UP_TO_2,3_MTR_FREEZER~L1.8~W1.68~H1.39~as_sheet"," UP TO 2,3 MTR FREEZER ",19,FREEZER 2.3 METER,as_sheet,1.8,1.68,1.39,DRD,DRD,3459.515039,3459.5,0.0,PASS,,,
"UP_TO_2,3_MTR_FREEZER~L1.8~W1.68~H1.39~as_sheet"," UP TO 2,3 MTR FREEZER ",19,FREEZER 2.3 METER,as_sheet,1.8,1.68,1.39,DRD DOOR FITTINGS,DRD DOOR FITTINGS,4400.99804,4401.0,0.0,PASS,,,
"UP_TO_2,3_MTR_FREEZER~L1.8~W1.68~H1.39~as_sheet"," UP TO 2,3 MTR FREEZER ",19,FREEZER 2.3 METER,as_sheet,1.8,1.68,1.39,SIDES,SIDES,5131.015099,5130.98,0.001,PASS,,,
"UP_TO_2,3_MTR_FREEZER~L1.8~W1.68~H1.39~as_sheet"," UP TO 2,3 MTR FREEZER ",19,FREEZER 2.3 METER,as_sheet,1.8,1.68,1.39,ROOF,ROOF,2413.504803,2413.48,0.001,PASS,,,
"UP_TO_2,3_MTR_FREEZER~L1.8~W1.68~H1.39~as_sheet"," UP TO 2,3 MTR FREEZER ",19,FREEZER 2.3 METER,as_sheet,1.8,1.68,1.39,FLOOR,FLOOR,4854.948819,4854.95,0.0,PASS,,,
"UP_TO_2,3_MTR_FREEZER~L1.8~W1.68~H1.39~as_sheet"," UP TO 2,3 MTR FREEZER ",19,FREEZER 2.3 METER,as_sheet,1.8,1.68,1.39,ALUMINIUM,ALUMINIUM,3327.4538,3327.45,0.0,PASS,,,
"UP_TO_2,3_MTR_FREEZER~L1.8~W1.68~H1.39~as_sheet"," UP TO 2,3 MTR FREEZER ",19,FREEZER 2.3 METER,as_sheet,1.8,1.68,1.39,SUB FRAME + LIGHT BOX ASSY,SUB FRAME + LIGHT BOX ASSY,2806.306579,2806.31,0.0,PASS,,,
"UP_TO_2,3_MTR_FREEZER~L1.8~W1.68~H1.39~as_sheet"," UP TO 2,3 MTR FREEZER ",19,FREEZER 2.3 METER,as_sheet,1.8,1.68,1.39,REAR FRAME + FLOOR PLATE,REAR FRAME & FLOOR PLATE,2249.351114,2249.35,0.0,PASS,,,
"UP_TO_2,3_MTR_FREEZER~L1.8~W1.68~H1.39~as_sheet"," UP TO 2,3 MTR FREEZER ",19,FREEZER 2.3 METER,as_sheet,1.8,1.68,1.39,SPRAY PAINTING,SPRAY PAINTING,750.0,750.0,0.0,PASS,,,
"UP_TO_2,3_MTR_FREEZER~L1.8~W1.68~H1.39~all_eps"," UP TO 2,3 MTR FREEZER ",19,FREEZER 2.3 METER,all_eps,1.8,1.68,1.39,FRONT,FRONT,1238.512605,1238.5,,UNVERIFIABLE,EXCEL_NO_PRICE:EPS,,
"UP_TO_2,3_MTR_FREEZER~L1.8~W1.68~H1.39~all_eps"," UP TO 2,3 MTR FREEZER ",19,FREEZER 2.3 METER,all_eps,1.8,1.68,1.39,SRD,,0.0,,,SKIP,,,
"UP_TO_2,3_MTR_FREEZER~L1.8~W1.68~H1.39~all_eps"," UP TO 2,3 MTR FREEZER ",19,FREEZER 2.3 METER,all_eps,1.8,1.68,1.39,SRD DOOR FITTINGS,,0.0,,,SKIP,,,
"UP_TO_2,3_MTR_FREEZER~L1.8~W1.68~H1.39~all_eps"," UP TO 2,3 MTR FREEZER ",19,FREEZER 2.3 METER,all_eps,1.8,1.68,1.39,DRD,DRD,1996.502149,1996.49,,UNVERIFIABLE,EXCEL_NO_PRICE:EPS,,
"UP_TO_2,3_MTR_FREEZER~L1.8~W1.68~H1.39~all_eps"," UP TO 2,3 MTR FREEZER ",19,FREEZER 2.3 METER,all_eps,1.8,1.68,1.39,DRD DOOR FITTINGS,DRD DOOR FITTINGS,4400.99804,4401.0,0.0,PASS,,,
"UP_TO_2,3_MTR_FREEZER~L1.8~W1.68~H1.39~all_eps"," UP TO 2,3 MTR FREEZER ",19,FREEZER 2.3 METER,all_eps,1.8,1.68,1.39,SIDES,SIDES,2912.511945,2912.47,,UNVERIFIABLE,EXCEL_NO_PRICE:EPS,,
"UP_TO_2,3_MTR_FREEZER~L1.8~W1.68~H1.39~all_eps"," UP TO 2,3 MTR FREEZER ",19,FREEZER 2.3 METER,all_eps,1.8,1.68,1.39,ROOF,ROOF,2413.504803,2413.48,0.001,PASS,,,
"UP_TO_2,3_MTR_FREEZER~L1.8~W1.68~H1.39~all_eps"," UP TO 2,3 MTR FREEZER ",19,FREEZER 2.3 METER,all_eps,1.8,1.68,1.39,FLOOR,FLOOR,4854.948819,4854.95,0.0,PASS,,,
"UP_TO_2,3_MTR_FREEZER~L1.8~W1.68~H1.39~all_eps"," UP TO 2,3 MTR FREEZER ",19,FREEZER 2.3 METER,all_eps,1.8,1.68,1.39,ALUMINIUM,ALUMINIUM,3327.4538,3327.45,0.0,PASS,,,
"UP_TO_2,3_MTR_FREEZER~L1.8~W1.68~H1.39~all_eps"," UP TO 2,3 MTR FREEZER ",19,FREEZER 2.3 METER,all_eps,1.8,1.68,1.39,SUB FRAME + LIGHT BOX ASSY,SUB FRAME + LIGHT BOX ASSY,2806.306579,2806.31,0.0,PASS,,,
"UP_TO_2,3_MTR_FREEZER~L1.8~W1.68~H1.39~all_eps"," UP TO 2,3 MTR FREEZER ",19,FREEZER 2.3 METER,all_eps,1.8,1.68,1.39,REAR FRAME + FLOOR PLATE,REAR FRAME & FLOOR PLATE,2249.351114,2249.35,0.0,PASS,,,
"UP_TO_2,3_MTR_FREEZER~L1.8~W1.68~H1.39~all_eps"," UP TO 2,3 MTR FREEZER ",19,FREEZER 2.3 METER,all_eps,1.8,1.68,1.39,SPRAY PAINTING,SPRAY PAINTING,750.0,750.0,0.0,PASS,,,
"UP_TO_2,3_MTR_FREEZER~L1.8~W1.68~H1.39~all_pu"," UP TO 2,3 MTR FREEZER ",19,FREEZER 2.3 METER,all_pu,1.8,1.68,1.39,FRONT,FRONT,2767.521005,2767.51,0.0,PASS,,,
"UP_TO_2,3_MTR_FREEZER~L1.8~W1.68~H1.39~all_pu"," UP TO 2,3 MTR FREEZER ",19,FREEZER 2.3 METER,all_pu,1.8,1.68,1.39,SRD,,0.0,,,SKIP,,,
"UP_TO_2,3_MTR_FREEZER~L1.8~W1.68~H1.39~all_pu"," UP TO 2,3 MTR FREEZER ",19,FREEZER 2.3 METER,all_pu,1.8,1.68,1.39,SRD DOOR FITTINGS,,0.0,,,SKIP,,,
"UP_TO_2,3_MTR_FREEZER~L1.8~W1.68~H1.39~all_pu"," UP TO 2,3 MTR FREEZER ",19,FREEZER 2.3 METER,all_pu,1.8,1.68,1.39,DRD,DRD,3522.091253,3522.08,0.0,PASS,,,
"UP_TO_2,3_MTR_FREEZER~L1.8~W1.68~H1.39~all_pu"," UP TO 2,3 MTR FREEZER ",19,FREEZER 2.3 METER,all_pu,1.8,1.68,1.39,DRD DOOR FITTINGS,DRD DOOR FITTINGS,4464.38736,4464.39,0.0,PASS,,,
"UP_TO_2,3_MTR_FREEZER~L1.8~W1.68~H1.39~all_pu"," UP TO 2,3 MTR FREEZER ",19,FREEZER 2.3 METER,all_pu,1.8,1.68,1.39,SIDES,SIDES,5275.324551,5269.62,0.108,PASS,,,
"UP_TO_2,3_MTR_FREEZER~L1.8~W1.68~H1.39~all_pu"," UP TO 2,3 MTR FREEZER ",19,FREEZER 2.3 METER,all_pu,1.8,1.68,1.39,ROOF,ROOF,3317.48652,3317.46,0.001,PASS,,,
"UP_TO_2,3_MTR_FREEZER~L1.8~W1.68~H1.39~all_pu"," UP TO 2,3 MTR FREEZER ",19,FREEZER 2.3 METER,all_pu,1.8,1.68,1.39,FLOOR,FLOOR,5758.930537,5758.93,0.0,PASS,,,
"UP_TO_2,3_MTR_FREEZER~L1.8~W1.68~H1.39~all_pu"," UP TO 2,3 MTR FREEZER ",19,FREEZER 2.3 METER,all_pu,1.8,1.68,1.39,ALUMINIUM,ALUMINIUM,3327.4538,3327.45,0.0,PASS,,,
"UP_TO_2,3_MTR_FREEZER~L1.8~W1.68~H1.39~all_pu"," UP TO 2,3 MTR FREEZER ",19,FREEZER 2.3 METER,all_pu,1.8,1.68,1.39,SUB FRAME + LIGHT BOX ASSY,SUB FRAME + LIGHT BOX ASSY,2806.306579,2806.31,0.0,PASS,,,
"UP_TO_2,3_MTR_FREEZER~L1.8~W1.68~H1.39~all_pu"," UP TO 2,3 MTR FREEZER ",19,FREEZER 2.3 METER,all_pu,1.8,1.68,1.39,REAR FRAME + FLOOR PLATE,REAR FRAME & FLOOR PLATE,2249.351114,2249.35,0.0,PASS,,,
"UP_TO_2,3_MTR_FREEZER~L1.8~W1.68~H1.39~all_pu"," UP TO 2,3 MTR FREEZER ",19,FREEZER 2.3 METER,all_pu,1.8,1.68,1.39,SPRAY PAINTING,SPRAY PAINTING,750.0,750.0,0.0,PASS,,,
"UP_TO_2,3_MTR_FREEZER~L1.8~W1.68~H1.39~srd"," UP TO 2,3 MTR FREEZER ",19,FREEZER 2.3 METER,srd,1.8,1.68,1.39,FRONT,FRONT,2701.525496,2701.51,0.001,PASS,,,
"UP_TO_2,3_MTR_FREEZER~L1.8~W1.68~H1.39~srd"," UP TO 2,3 MTR FREEZER ",19,FREEZER 2.3 METER,srd,1.8,1.68,1.39,SRD,SRD,2953.413166,2953.4,0.0,PASS,,,
"UP_TO_2,3_MTR_FREEZER~L1.8~W1.68~H1.39~srd"," UP TO 2,3 MTR FREEZER ",19,FREEZER 2.3 METER,srd,1.8,1.68,1.39,SRD DOOR FITTINGS,SRD DOOR FITTINGS,4655.01232,4655.01,0.0,PASS,,,
"UP_TO_2,3_MTR_FREEZER~L1.8~W1.68~H1.39~srd"," UP TO 2,3 MTR FREEZER ",19,FREEZER 2.3 METER,srd,1.8,1.68,1.39,DRD,,0.0,,,SKIP,,,
"UP_TO_2,3_MTR_FREEZER~L1.8~W1.68~H1.39~srd"," UP TO 2,3 MTR FREEZER ",19,FREEZER 2.3 METER,srd,1.8,1.68,1.39,DRD DOOR FITTINGS,,0.0,,,SKIP,,,
"UP_TO_2,3_MTR_FREEZER~L1.8~W1.68~H1.39~srd"," UP TO 2,3 MTR FREEZER ",19,FREEZER 2.3 METER,srd,1.8,1.68,1.39,SIDES,SIDES,5131.015099,5130.98,0.001,PASS,,,
"UP_TO_2,3_MTR_FREEZER~L1.8~W1.68~H1.39~srd"," UP TO 2,3 MTR FREEZER ",19,FREEZER 2.3 METER,srd,1.8,1.68,1.39,ROOF,ROOF,2413.504803,2413.48,0.001,PASS,,,
"UP_TO_2,3_MTR_FREEZER~L1.8~W1.68~H1.39~srd"," UP TO 2,3 MTR FREEZER ",19,FREEZER 2.3 METER,srd,1.8,1.68,1.39,FLOOR,FLOOR,4854.948819,4854.95,0.0,PASS,,,
"UP_TO_2,3_MTR_FREEZER~L1.8~W1.68~H1.39~srd"," UP TO 2,3 MTR FREEZER ",19,FREEZER 2.3 METER,srd,1.8,1.68,1.39,ALUMINIUM,ALUMINIUM,3327.4538,3327.45,0.0,PASS,,,
"UP_TO_2,3_MTR_FREEZER~L1.8~W1.68~H1.39~srd"," UP TO 2,3 MTR FREEZER ",19,FREEZER 2.3 METER,srd,1.8,1.68,1.39,SUB FRAME + LIGHT BOX ASSY,SUB FRAME + LIGHT BOX ASSY,2806.306579,2806.31,0.0,PASS,,,
"UP_TO_2,3_MTR_FREEZER~L1.8~W1.68~H1.39~srd"," UP TO 2,3 MTR FREEZER ",19,FREEZER 2.3 METER,srd,1.8,1.68,1.39,REAR FRAME + FLOOR PLATE,,0.0,,,SKIP,,,
"UP_TO_2,3_MTR_FREEZER~L1.8~W1.68~H1.39~srd"," UP TO 2,3 MTR FREEZER ",19,FREEZER 2.3 METER,srd,1.8,1.68,1.39,SPRAY PAINTING,SPRAY PAINTING,750.0,750.0,0.0,PASS,,,
"UP_TO_2,3_MTR_FREEZER~L1.8~W1.68~H1.39~drd"," UP TO 2,3 MTR FREEZER ",19,FREEZER 2.3 METER,drd,1.8,1.68,1.39,FRONT,FRONT,2701.525496,2701.51,0.001,PASS,,,
"UP_TO_2,3_MTR_FREEZER~L1.8~W1.68~H1.39~drd"," UP TO 2,3 MTR FREEZER ",19,FREEZER 2.3 METER,drd,1.8,1.68,1.39,SRD,,0.0,,,SKIP,,,
"UP_TO_2,3_MTR_FREEZER~L1.8~W1.68~H1.39~drd"," UP TO 2,3 MTR FREEZER ",19,FREEZER 2.3 METER,drd,1.8,1.68,1.39,SRD DOOR FITTINGS,,0.0,,,SKIP,,,
"UP_TO_2,3_MTR_FREEZER~L1.8~W1.68~H1.39~drd"," UP TO 2,3 MTR FREEZER ",19,FREEZER 2.3 METER,drd,1.8,1.68,1.39,DRD,DRD,3459.515039,3459.5,0.0,PASS,,,
"UP_TO_2,3_MTR_FREEZER~L1.8~W1.68~H1.39~drd"," UP TO 2,3 MTR FREEZER ",19,FREEZER 2.3 METER,drd,1.8,1.68,1.39,DRD DOOR FITTINGS,DRD DOOR FITTINGS,4400.99804,4401.0,0.0,PASS,,,
"UP_TO_2,3_MTR_FREEZER~L1.8~W1.68~H1.39~drd"," UP TO 2,3 MTR FREEZER ",19,FREEZER 2.3 METER,drd,1.8,1.68,1.39,SIDES,SIDES,5131.015099,5130.98,0.001,PASS,,,
"UP_TO_2,3_MTR_FREEZER~L1.8~W1.68~H1.39~drd"," UP TO 2,3 MTR FREEZER ",19,FREEZER 2.3 METER,drd,1.8,1.68,1.39,ROOF,ROOF,2413.504803,2413.48,0.001,PASS,,,
"UP_TO_2,3_MTR_FREEZER~L1.8~W1.68~H1.39~drd"," UP TO 2,3 MTR FREEZER ",19,FREEZER 2.3 METER,drd,1.8,1.68,1.39,FLOOR,FLOOR,4854.948819,4854.95,0.0,PASS,,,
"UP_TO_2,3_MTR_FREEZER~L1.8~W1.68~H1.39~drd"," UP TO 2,3 MTR FREEZER ",19,FREEZER 2.3 METER,drd,1.8,1.68,1.39,ALUMINIUM,ALUMINIUM,3327.4538,3327.45,0.0,PASS,,,
"UP_TO_2,3_MTR_FREEZER~L1.8~W1.68~H1.39~drd"," UP TO 2,3 MTR FREEZER ",19,FREEZER 2.3 METER,drd,1.8,1.68,1.39,SUB FRAME + LIGHT BOX ASSY,SUB FRAME + LIGHT BOX ASSY,2806.306579,2806.31,0.0,PASS,,,
"UP_TO_2,3_MTR_FREEZER~L1.8~W1.68~H1.39~drd"," UP TO 2,3 MTR FREEZER ",19,FREEZER 2.3 METER,drd,1.8,1.68,1.39,REAR FRAME + FLOOR PLATE,REAR FRAME & FLOOR PLATE,2249.351114,2249.35,0.0,PASS,,,
"UP_TO_2,3_MTR_FREEZER~L1.8~W1.68~H1.39~drd"," UP TO 2,3 MTR FREEZER ",19,FREEZER 2.3 METER,drd,1.8,1.68,1.39,SPRAY PAINTING,SPRAY PAINTING,750.0,750.0,0.0,PASS,,,
"UP_TO_2,3_MTR_FREEZER~L1.8~W1.68~H1.39~foam_4g"," UP TO 2,3 MTR FREEZER ",19,FREEZER 2.3 METER,foam_4g,1.8,1.68,1.39,FRONT,FRONT,3165.407632,3229.98,2.04,ACCEPTED,,BOTH PU (+64.58),"[RULING] Manifests F + F2 (RT1 ruling 3 and addendum): prod prices 4G PU foam at Burt's 21 Sep 4G, R5 581 = the PU material's R4 100 (Burt's corrected 32D) x 5581/4100; the golden is his September workbook (4G R5 400), so every costed 4G PU foam line reads +3.35 % against it (32D matches the golden: both R4 100). A stop-gap: rebuild the golden from the 21 Sep workbooks, then remove this entry. EXPIRED means the golden refresh has not shipped."
"UP_TO_2,3_MTR_FREEZER~L1.8~W1.68~H1.39~foam_4g"," UP TO 2,3 MTR FREEZER ",19,FREEZER 2.3 METER,foam_4g,1.8,1.68,1.39,SRD,,0.0,,,SKIP,,,
"UP_TO_2,3_MTR_FREEZER~L1.8~W1.68~H1.39~foam_4g"," UP TO 2,3 MTR FREEZER ",19,FREEZER 2.3 METER,foam_4g,1.8,1.68,1.39,SRD DOOR FITTINGS,,0.0,,,SKIP,,,
"UP_TO_2,3_MTR_FREEZER~L1.8~W1.68~H1.39~foam_4g"," UP TO 2,3 MTR FREEZER ",19,FREEZER 2.3 METER,foam_4g,1.8,1.68,1.39,DRD,DRD,3923.397175,3987.97,1.646,ACCEPTED,,GROUP_DIFF 130*62MM TAPPING BLOCKS ~ 1 MES line(s) (-468.00),[DATA] 130*62MM TAPPING BLOCKS: on prod the icecream and EXPLOSIVE 4.9 AND UP bodies price them differently from Burt (missing or one size only); the chillers/freezers match.
"UP_TO_2,3_MTR_FREEZER~L1.8~W1.68~H1.39~foam_4g"," UP TO 2,3 MTR FREEZER ",19,FREEZER 2.3 METER,foam_4g,1.8,1.68,1.39,DRD DOOR FITTINGS,DRD DOOR FITTINGS,4400.99804,4401.0,0.0,PASS,,,
"UP_TO_2,3_MTR_FREEZER~L1.8~W1.68~H1.39~foam_4g"," UP TO 2,3 MTR FREEZER ",19,FREEZER 2.3 METER,foam_4g,1.8,1.68,1.39,SIDES,SIDES,5834.442928,5932.34,1.678,ACCEPTED,,BOTH PU (+97.94),"[RULING] Manifests F + F2 (RT1 ruling 3 and addendum): prod prices 4G PU foam at Burt's 21 Sep 4G, R5 581 = the PU material's R4 100 (Burt's corrected 32D) x 5581/4100; the golden is his September workbook (4G R5 400), so every costed 4G PU foam line reads +3.35 % against it (32D matches the golden: both R4 100). A stop-gap: rebuild the golden from the 21 Sep workbooks, then remove this entry. EXPIRED means the golden refresh has not shipped."
"UP_TO_2,3_MTR_FREEZER~L1.8~W1.68~H1.39~foam_4g"," UP TO 2,3 MTR FREEZER ",19,FREEZER 2.3 METER,foam_4g,1.8,1.68,1.39,ROOF,ROOF,2413.504803,2413.48,0.001,PASS,,,
"UP_TO_2,3_MTR_FREEZER~L1.8~W1.68~H1.39~foam_4g"," UP TO 2,3 MTR FREEZER ",19,FREEZER 2.3 METER,foam_4g,1.8,1.68,1.39,FLOOR,FLOOR,4854.948819,4854.95,0.0,PASS,,,
"UP_TO_2,3_MTR_FREEZER~L1.8~W1.68~H1.39~foam_4g"," UP TO 2,3 MTR FREEZER ",19,FREEZER 2.3 METER,foam_4g,1.8,1.68,1.39,ALUMINIUM,ALUMINIUM,3327.4538,3327.45,0.0,PASS,,,
"UP_TO_2,3_MTR_FREEZER~L1.8~W1.68~H1.39~foam_4g"," UP TO 2,3 MTR FREEZER ",19,FREEZER 2.3 METER,foam_4g,1.8,1.68,1.39,SUB FRAME + LIGHT BOX ASSY,SUB FRAME + LIGHT BOX ASSY,2806.306579,2806.31,0.0,PASS,,,
"UP_TO_2,3_MTR_FREEZER~L1.8~W1.68~H1.39~foam_4g"," UP TO 2,3 MTR FREEZER ",19,FREEZER 2.3 METER,foam_4g,1.8,1.68,1.39,REAR FRAME + FLOOR PLATE,REAR FRAME & FLOOR PLATE,2249.351114,2249.35,0.0,PASS,,,
"UP_TO_2,3_MTR_FREEZER~L1.8~W1.68~H1.39~foam_4g"," UP TO 2,3 MTR FREEZER ",19,FREEZER 2.3 METER,foam_4g,1.8,1.68,1.39,SPRAY PAINTING,SPRAY PAINTING,750.0,750.0,0.0,PASS,,,
"UP_TO_2,3_MTR_FREEZER~L2.31~W1.68~H1.39~as_sheet"," UP TO 2,3 MTR FREEZER ",19,FREEZER 2.3 METER,as_sheet,2.31,1.68,1.39,FRONT,FRONT,2701.525496,2701.51,0.001,PASS,,,
"UP_TO_2,3_MTR_FREEZER~L2.31~W1.68~H1.39~as_sheet"," UP TO 2,3 MTR FREEZER ",19,FREEZER 2.3 METER,as_sheet,2.31,1.68,1.39,SRD,,0.0,,,SKIP,,,
"UP_TO_2,3_MTR_FREEZER~L2.31~W1.68~H1.39~as_sheet"," UP TO 2,3 MTR FREEZER ",19,FREEZER 2.3 METER,as_sheet,2.31,1.68,1.39,SRD DOOR FITTINGS,,0.0,,,SKIP,,,
"UP_TO_2,3_MTR_FREEZER~L2.31~W1.68~H1.39~as_sheet"," UP TO 2,3 MTR FREEZER ",19,FREEZER 2.3 METER,as_sheet,2.31,1.68,1.39,DRD,DRD,3459.515039,3459.5,0.0,PASS,,,
"UP_TO_2,3_MTR_FREEZER~L2.31~W1.68~H1.39~as_sheet"," UP TO 2,3 MTR FREEZER ",19,FREEZER 2.3 METER,as_sheet,2.31,1.68,1.39,DRD DOOR FITTINGS,DRD DOOR FITTINGS,4400.99804,4401.0,0.0,PASS,,,
"UP_TO_2,3_MTR_FREEZER~L2.31~W1.68~H1.39~as_sheet"," UP TO 2,3 MTR FREEZER ",19,FREEZER 2.3 METER,as_sheet,2.31,1.68,1.39,SIDES,SIDES,6466.398687,6466.35,0.001,PASS,,,
"UP_TO_2,3_MTR_FREEZER~L2.31~W1.68~H1.39~as_sheet"," UP TO 2,3 MTR FREEZER ",19,FREEZER 2.3 METER,as_sheet,2.31,1.68,1.39,ROOF,ROOF,3031.939281,3031.91,0.001,PASS,,,
"UP_TO_2,3_MTR_FREEZER~L2.31~W1.68~H1.39~as_sheet"," UP TO 2,3 MTR FREEZER ",19,FREEZER 2.3 METER,as_sheet,2.31,1.68,1.39,FLOOR,FLOOR,5917.240596,5917.24,0.0,PASS,,,
"UP_TO_2,3_MTR_FREEZER~L2.31~W1.68~H1.39~as_sheet"," UP TO 2,3 MTR FREEZER ",19,FREEZER 2.3 METER,as_sheet,2.31,1.68,1.39,ALUMINIUM,ALUMINIUM,3881.5688,3881.57,0.0,PASS,,,
"UP_TO_2,3_MTR_FREEZER~L2.31~W1.68~H1.39~as_sheet"," UP TO 2,3 MTR FREEZER ",19,FREEZER 2.3 METER,as_sheet,2.31,1.68,1.39,SUB FRAME + LIGHT BOX ASSY,SUB FRAME + LIGHT BOX ASSY,2910.114758,2910.11,0.0,PASS,,,
"UP_TO_2,3_MTR_FREEZER~L2.31~W1.68~H1.39~as_sheet"," UP TO 2,3 MTR FREEZER ",19,FREEZER 2.3 METER,as_sheet,2.31,1.68,1.39,REAR FRAME + FLOOR PLATE,REAR FRAME & FLOOR PLATE,2249.351114,2249.35,0.0,PASS,,,
"UP_TO_2,3_MTR_FREEZER~L2.31~W1.68~H1.39~as_sheet"," UP TO 2,3 MTR FREEZER ",19,FREEZER 2.3 METER,as_sheet,2.31,1.68,1.39,SPRAY PAINTING,SPRAY PAINTING,750.0,750.0,0.0,PASS,,,
"UP_TO_2,3_MTR_FREEZER~L2.31~W1.68~H1.39~all_eps"," UP TO 2,3 MTR FREEZER ",19,FREEZER 2.3 METER,all_eps,2.31,1.68,1.39,FRONT,FRONT,1238.512605,1238.5,,UNVERIFIABLE,EXCEL_NO_PRICE:EPS,,
"UP_TO_2,3_MTR_FREEZER~L2.31~W1.68~H1.39~all_eps"," UP TO 2,3 MTR FREEZER ",19,FREEZER 2.3 METER,all_eps,2.31,1.68,1.39,SRD,,0.0,,,SKIP,,,
"UP_TO_2,3_MTR_FREEZER~L2.31~W1.68~H1.39~all_eps"," UP TO 2,3 MTR FREEZER ",19,FREEZER 2.3 METER,all_eps,2.31,1.68,1.39,SRD DOOR FITTINGS,,0.0,,,SKIP,,,
"UP_TO_2,3_MTR_FREEZER~L2.31~W1.68~H1.39~all_eps"," UP TO 2,3 MTR FREEZER ",19,FREEZER 2.3 METER,all_eps,2.31,1.68,1.39,DRD,DRD,1996.502149,1996.49,,UNVERIFIABLE,EXCEL_NO_PRICE:EPS,,
"UP_TO_2,3_MTR_FREEZER~L2.31~W1.68~H1.39~all_eps"," UP TO 2,3 MTR FREEZER ",19,FREEZER 2.3 METER,all_eps,2.31,1.68,1.39,DRD DOOR FITTINGS,DRD DOOR FITTINGS,4400.99804,4401.0,0.0,PASS,,,
"UP_TO_2,3_MTR_FREEZER~L2.31~W1.68~H1.39~all_eps"," UP TO 2,3 MTR FREEZER ",19,FREEZER 2.3 METER,all_eps,2.31,1.68,1.39,SIDES,SIDES,3636.308177,3636.26,,UNVERIFIABLE,EXCEL_NO_PRICE:EPS,,
"UP_TO_2,3_MTR_FREEZER~L2.31~W1.68~H1.39~all_eps"," UP TO 2,3 MTR FREEZER ",19,FREEZER 2.3 METER,all_eps,2.31,1.68,1.39,ROOF,ROOF,3031.939281,3031.91,0.001,PASS,,,
"UP_TO_2,3_MTR_FREEZER~L2.31~W1.68~H1.39~all_eps"," UP TO 2,3 MTR FREEZER ",19,FREEZER 2.3 METER,all_eps,2.31,1.68,1.39,FLOOR,FLOOR,5917.240596,5917.24,0.0,PASS,,,
"UP_TO_2,3_MTR_FREEZER~L2.31~W1.68~H1.39~all_eps"," UP TO 2,3 MTR FREEZER ",19,FREEZER 2.3 METER,all_eps,2.31,1.68,1.39,ALUMINIUM,ALUMINIUM,3881.5688,3881.57,0.0,PASS,,,
"UP_TO_2,3_MTR_FREEZER~L2.31~W1.68~H1.39~all_eps"," UP TO 2,3 MTR FREEZER ",19,FREEZER 2.3 METER,all_eps,2.31,1.68,1.39,SUB FRAME + LIGHT BOX ASSY,SUB FRAME + LIGHT BOX ASSY,2910.114758,2910.11,0.0,PASS,,,
"UP_TO_2,3_MTR_FREEZER~L2.31~W1.68~H1.39~all_eps"," UP TO 2,3 MTR FREEZER ",19,FREEZER 2.3 METER,all_eps,2.31,1.68,1.39,REAR FRAME + FLOOR PLATE,REAR FRAME & FLOOR PLATE,2249.351114,2249.35,0.0,PASS,,,
"UP_TO_2,3_MTR_FREEZER~L2.31~W1.68~H1.39~all_eps"," UP TO 2,3 MTR FREEZER ",19,FREEZER 2.3 METER,all_eps,2.31,1.68,1.39,SPRAY PAINTING,SPRAY PAINTING,750.0,750.0,0.0,PASS,,,
"UP_TO_2,3_MTR_FREEZER~L2.31~W1.68~H1.39~all_pu"," UP TO 2,3 MTR FREEZER ",19,FREEZER 2.3 METER,all_pu,2.31,1.68,1.39,FRONT,FRONT,2767.521005,2767.51,0.0,PASS,,,
"UP_TO_2,3_MTR_FREEZER~L2.31~W1.68~H1.39~all_pu"," UP TO 2,3 MTR FREEZER ",19,FREEZER 2.3 METER,all_pu,2.31,1.68,1.39,SRD,,0.0,,,SKIP,,,
"UP_TO_2,3_MTR_FREEZER~L2.31~W1.68~H1.39~all_pu"," UP TO 2,3 MTR FREEZER ",19,FREEZER 2.3 METER,all_pu,2.31,1.68,1.39,SRD DOOR FITTINGS,,0.0,,,SKIP,,,
"UP_TO_2,3_MTR_FREEZER~L2.31~W1.68~H1.39~all_pu"," UP TO 2,3 MTR FREEZER ",19,FREEZER 2.3 METER,all_pu,2.31,1.68,1.39,DRD,DRD,3522.091253,3522.08,0.0,PASS,,,
"UP_TO_2,3_MTR_FREEZER~L2.31~W1.68~H1.39~all_pu"," UP TO 2,3 MTR FREEZER ",19,FREEZER 2.3 METER,all_pu,2.31,1.68,1.39,DRD DOOR FITTINGS,DRD DOOR FITTINGS,4464.38736,4464.39,0.0,PASS,,,
"UP_TO_2,3_MTR_FREEZER~L2.31~W1.68~H1.39~all_pu"," UP TO 2,3 MTR FREEZER ",19,FREEZER 2.3 METER,all_pu,2.31,1.68,1.39,SIDES,SIDES,6648.928342,6643.21,0.086,PASS,,,
"UP_TO_2,3_MTR_FREEZER~L2.31~W1.68~H1.39~all_pu"," UP TO 2,3 MTR FREEZER ",19,FREEZER 2.3 METER,all_pu,2.31,1.68,1.39,ROOF,ROOF,4185.126769,4185.1,0.001,PASS,,,
"UP_TO_2,3_MTR_FREEZER~L2.31~W1.68~H1.39~all_pu"," UP TO 2,3 MTR FREEZER ",19,FREEZER 2.3 METER,all_pu,2.31,1.68,1.39,FLOOR,FLOOR,7070.428084,7070.43,0.0,PASS,,,
"UP_TO_2,3_MTR_FREEZER~L2.31~W1.68~H1.39~all_pu"," UP TO 2,3 MTR FREEZER ",19,FREEZER 2.3 METER,all_pu,2.31,1.68,1.39,ALUMINIUM,ALUMINIUM,3881.5688,3881.57,0.0,PASS,,,
"UP_TO_2,3_MTR_FREEZER~L2.31~W1.68~H1.39~all_pu"," UP TO 2,3 MTR FREEZER ",19,FREEZER 2.3 METER,all_pu,2.31,1.68,1.39,SUB FRAME + LIGHT BOX ASSY,SUB FRAME + LIGHT BOX ASSY,2910.114758,2910.11,0.0,PASS,,,
"UP_TO_2,3_MTR_FREEZER~L2.31~W1.68~H1.39~all_pu"," UP TO 2,3 MTR FREEZER ",19,FREEZER 2.3 METER,all_pu,2.31,1.68,1.39,REAR FRAME + FLOOR PLATE,REAR FRAME & FLOOR PLATE,2249.351114,2249.35,0.0,PASS,,,
"UP_TO_2,3_MTR_FREEZER~L2.31~W1.68~H1.39~all_pu"," UP TO 2,3 MTR FREEZER ",19,FREEZER 2.3 METER,all_pu,2.31,1.68,1.39,SPRAY PAINTING,SPRAY PAINTING,750.0,750.0,0.0,PASS,,,
"UP_TO_2,3_MTR_FREEZER~L2.31~W1.68~H1.39~srd"," UP TO 2,3 MTR FREEZER ",19,FREEZER 2.3 METER,srd,2.31,1.68,1.39,FRONT,FRONT,2701.525496,2701.51,0.001,PASS,,,
"UP_TO_2,3_MTR_FREEZER~L2.31~W1.68~H1.39~srd"," UP TO 2,3 MTR FREEZER ",19,FREEZER 2.3 METER,srd,2.31,1.68,1.39,SRD,SRD,2953.413166,2953.4,0.0,PASS,,,
"UP_TO_2,3_MTR_FREEZER~L2.31~W1.68~H1.39~srd"," UP TO 2,3 MTR FREEZER ",19,FREEZER 2.3 METER,srd,2.31,1.68,1.39,SRD DOOR FITTINGS,SRD DOOR FITTINGS,4655.01232,4655.01,0.0,PASS,,,
"UP_TO_2,3_MTR_FREEZER~L2.31~W1.68~H1.39~srd"," UP TO 2,3 MTR FREEZER ",19,FREEZER 2.3 METER,srd,2.31,1.68,1.39,DRD,,0.0,,,SKIP,,,
"UP_TO_2,3_MTR_FREEZER~L2.31~W1.68~H1.39~srd"," UP TO 2,3 MTR FREEZER ",19,FREEZER 2.3 METER,srd,2.31,1.68,1.39,DRD DOOR FITTINGS,,0.0,,,SKIP,,,
"UP_TO_2,3_MTR_FREEZER~L2.31~W1.68~H1.39~srd"," UP TO 2,3 MTR FREEZER ",19,FREEZER 2.3 METER,srd,2.31,1.68,1.39,SIDES,SIDES,6466.398687,6466.35,0.001,PASS,,,
"UP_TO_2,3_MTR_FREEZER~L2.31~W1.68~H1.39~srd"," UP TO 2,3 MTR FREEZER ",19,FREEZER 2.3 METER,srd,2.31,1.68,1.39,ROOF,ROOF,3031.939281,3031.91,0.001,PASS,,,
"UP_TO_2,3_MTR_FREEZER~L2.31~W1.68~H1.39~srd"," UP TO 2,3 MTR FREEZER ",19,FREEZER 2.3 METER,srd,2.31,1.68,1.39,FLOOR,FLOOR,5917.240596,5917.24,0.0,PASS,,,
"UP_TO_2,3_MTR_FREEZER~L2.31~W1.68~H1.39~srd"," UP TO 2,3 MTR FREEZER ",19,FREEZER 2.3 METER,srd,2.31,1.68,1.39,ALUMINIUM,ALUMINIUM,3881.5688,3881.57,0.0,PASS,,,
"UP_TO_2,3_MTR_FREEZER~L2.31~W1.68~H1.39~srd"," UP TO 2,3 MTR FREEZER ",19,FREEZER 2.3 METER,srd,2.31,1.68,1.39,SUB FRAME + LIGHT BOX ASSY,SUB FRAME + LIGHT BOX ASSY,2910.114758,2910.11,0.0,PASS,,,
"UP_TO_2,3_MTR_FREEZER~L2.31~W1.68~H1.39~srd"," UP TO 2,3 MTR FREEZER ",19,FREEZER 2.3 METER,srd,2.31,1.68,1.39,REAR FRAME + FLOOR PLATE,,0.0,,,SKIP,,,
"UP_TO_2,3_MTR_FREEZER~L2.31~W1.68~H1.39~srd"," UP TO 2,3 MTR FREEZER ",19,FREEZER 2.3 METER,srd,2.31,1.68,1.39,SPRAY PAINTING,SPRAY PAINTING,750.0,750.0,0.0,PASS,,,
"UP_TO_2,3_MTR_FREEZER~L2.31~W1.68~H1.39~drd"," UP TO 2,3 MTR FREEZER ",19,FREEZER 2.3 METER,drd,2.31,1.68,1.39,FRONT,FRONT,2701.525496,2701.51,0.001,PASS,,,
"UP_TO_2,3_MTR_FREEZER~L2.31~W1.68~H1.39~drd"," UP TO 2,3 MTR FREEZER ",19,FREEZER 2.3 METER,drd,2.31,1.68,1.39,SRD,,0.0,,,SKIP,,,
"UP_TO_2,3_MTR_FREEZER~L2.31~W1.68~H1.39~drd"," UP TO 2,3 MTR FREEZER ",19,FREEZER 2.3 METER,drd,2.31,1.68,1.39,SRD DOOR FITTINGS,,0.0,,,SKIP,,,
"UP_TO_2,3_MTR_FREEZER~L2.31~W1.68~H1.39~drd"," UP TO 2,3 MTR FREEZER ",19,FREEZER 2.3 METER,drd,2.31,1.68,1.39,DRD,DRD,3459.515039,3459.5,0.0,PASS,,,
"UP_TO_2,3_MTR_FREEZER~L2.31~W1.68~H1.39~drd"," UP TO 2,3 MTR FREEZER ",19,FREEZER 2.3 METER,drd,2.31,1.68,1.39,DRD DOOR FITTINGS,DRD DOOR FITTINGS,4400.99804,4401.0,0.0,PASS,,,
"UP_TO_2,3_MTR_FREEZER~L2.31~W1.68~H1.39~drd"," UP TO 2,3 MTR FREEZER ",19,FREEZER 2.3 METER,drd,2.31,1.68,1.39,SIDES,SIDES,6466.398687,6466.35,0.001,PASS,,,
"UP_TO_2,3_MTR_FREEZER~L2.31~W1.68~H1.39~drd"," UP TO 2,3 MTR FREEZER ",19,FREEZER 2.3 METER,drd,2.31,1.68,1.39,ROOF,ROOF,3031.939281,3031.91,0.001,PASS,,,
"UP_TO_2,3_MTR_FREEZER~L2.31~W1.68~H1.39~drd"," UP TO 2,3 MTR FREEZER ",19,FREEZER 2.3 METER,drd,2.31,1.68,1.39,FLOOR,FLOOR,5917.240596,5917.24,0.0,PASS,,,
"UP_TO_2,3_MTR_FREEZER~L2.31~W1.68~H1.39~drd"," UP TO 2,3 MTR FREEZER ",19,FREEZER 2.3 METER,drd,2.31,1.68,1.39,ALUMINIUM,ALUMINIUM,3881.5688,3881.57,0.0,PASS,,,
"UP_TO_2,3_MTR_FREEZER~L2.31~W1.68~H1.39~drd"," UP TO 2,3 MTR FREEZER ",19,FREEZER 2.3 METER,drd,2.31,1.68,1.39,SUB FRAME + LIGHT BOX ASSY,SUB FRAME + LIGHT BOX ASSY,2910.114758,2910.11,0.0,PASS,,,
"UP_TO_2,3_MTR_FREEZER~L2.31~W1.68~H1.39~drd"," UP TO 2,3 MTR FREEZER ",19,FREEZER 2.3 METER,drd,2.31,1.68,1.39,REAR FRAME + FLOOR PLATE,REAR FRAME & FLOOR PLATE,2249.351114,2249.35,0.0,PASS,,,
"UP_TO_2,3_MTR_FREEZER~L2.31~W1.68~H1.39~drd"," UP TO 2,3 MTR FREEZER ",19,FREEZER 2.3 METER,drd,2.31,1.68,1.39,SPRAY PAINTING,SPRAY PAINTING,750.0,750.0,0.0,PASS,,,
"UP_TO_2,3_MTR_FREEZER~L2.31~W1.68~H1.39~foam_4g"," UP TO 2,3 MTR FREEZER ",19,FREEZER 2.3 METER,foam_4g,2.31,1.68,1.39,FRONT,FRONT,3165.407632,3229.98,2.04,ACCEPTED,,BOTH PU (+64.58),"[RULING] Manifests F + F2 (RT1 ruling 3 and addendum): prod prices 4G PU foam at Burt's 21 Sep 4G, R5 581 = the PU material's R4 100 (Burt's corrected 32D) x 5581/4100; the golden is his September workbook (4G R5 400), so every costed 4G PU foam line reads +3.35 % against it (32D matches the golden: both R4 100). A stop-gap: rebuild the golden from the 21 Sep workbooks, then remove this entry. EXPIRED means the golden refresh has not shipped."
"UP_TO_2,3_MTR_FREEZER~L2.31~W1.68~H1.39~foam_4g"," UP TO 2,3 MTR FREEZER ",19,FREEZER 2.3 METER,foam_4g,2.31,1.68,1.39,SRD,,0.0,,,SKIP,,,
"UP_TO_2,3_MTR_FREEZER~L2.31~W1.68~H1.39~foam_4g"," UP TO 2,3 MTR FREEZER ",19,FREEZER 2.3 METER,foam_4g,2.31,1.68,1.39,SRD DOOR FITTINGS,,0.0,,,SKIP,,,
"UP_TO_2,3_MTR_FREEZER~L2.31~W1.68~H1.39~foam_4g"," UP TO 2,3 MTR FREEZER ",19,FREEZER 2.3 METER,foam_4g,2.31,1.68,1.39,DRD,DRD,3923.397175,3987.97,1.646,ACCEPTED,,GROUP_DIFF 130*62MM TAPPING BLOCKS ~ 1 MES line(s) (-468.00),[DATA] 130*62MM TAPPING BLOCKS: on prod the icecream and EXPLOSIVE 4.9 AND UP bodies price them differently from Burt (missing or one size only); the chillers/freezers match.
"UP_TO_2,3_MTR_FREEZER~L2.31~W1.68~H1.39~foam_4g"," UP TO 2,3 MTR FREEZER ",19,FREEZER 2.3 METER,foam_4g,2.31,1.68,1.39,DRD DOOR FITTINGS,DRD DOOR FITTINGS,4400.99804,4401.0,0.0,PASS,,,
"UP_TO_2,3_MTR_FREEZER~L2.31~W1.68~H1.39~foam_4g"," UP TO 2,3 MTR FREEZER ",19,FREEZER 2.3 METER,foam_4g,2.31,1.68,1.39,SIDES,SIDES,7363.744458,7488.64,1.696,ACCEPTED,,BOTH PU (+124.93),"[RULING] Manifests F + F2 (RT1 ruling 3 and addendum): prod prices 4G PU foam at Burt's 21 Sep 4G, R5 581 = the PU material's R4 100 (Burt's corrected 32D) x 5581/4100; the golden is his September workbook (4G R5 400), so every costed 4G PU foam line reads +3.35 % against it (32D matches the golden: both R4 100). A stop-gap: rebuild the golden from the 21 Sep workbooks, then remove this entry. EXPIRED means the golden refresh has not shipped."
"UP_TO_2,3_MTR_FREEZER~L2.31~W1.68~H1.39~foam_4g"," UP TO 2,3 MTR FREEZER ",19,FREEZER 2.3 METER,foam_4g,2.31,1.68,1.39,ROOF,ROOF,3031.939281,3031.91,0.001,PASS,,,
"UP_TO_2,3_MTR_FREEZER~L2.31~W1.68~H1.39~foam_4g"," UP TO 2,3 MTR FREEZER ",19,FREEZER 2.3 METER,foam_4g,2.31,1.68,1.39,FLOOR,FLOOR,5917.240596,5917.24,0.0,PASS,,,
"UP_TO_2,3_MTR_FREEZER~L2.31~W1.68~H1.39~foam_4g"," UP TO 2,3 MTR FREEZER ",19,FREEZER 2.3 METER,foam_4g,2.31,1.68,1.39,ALUMINIUM,ALUMINIUM,3881.5688,3881.57,0.0,PASS,,,
"UP_TO_2,3_MTR_FREEZER~L2.31~W1.68~H1.39~foam_4g"," UP TO 2,3 MTR FREEZER ",19,FREEZER 2.3 METER,foam_4g,2.31,1.68,1.39,SUB FRAME + LIGHT BOX ASSY,SUB FRAME + LIGHT BOX ASSY,2910.114758,2910.11,0.0,PASS,,,
"UP_TO_2,3_MTR_FREEZER~L2.31~W1.68~H1.39~foam_4g"," UP TO 2,3 MTR FREEZER ",19,FREEZER 2.3 METER,foam_4g,2.31,1.68,1.39,REAR FRAME + FLOOR PLATE,REAR FRAME & FLOOR PLATE,2249.351114,2249.35,0.0,PASS,,,
"UP_TO_2,3_MTR_FREEZER~L2.31~W1.68~H1.39~foam_4g"," UP TO 2,3 MTR FREEZER ",19,FREEZER 2.3 METER,foam_4g,2.31,1.68,1.39,SPRAY PAINTING,SPRAY PAINTING,750.0,750.0,0.0,PASS,,,
UP_TO_4.8_MT_FREEZER_2~L3~W2.5~H2.4~as_sheet, UP TO 4.8 MT FREEZER  (2,20,FREEZER MEDIUM,as_sheet,3.0,2.5,2.4,FRONT,FRONT,5227.241456,5227.18,0.001,PASS,,,
UP_TO_4.8_MT_FREEZER_2~L3~W2.5~H2.4~as_sheet, UP TO 4.8 MT FREEZER  (2,20,FREEZER MEDIUM,as_sheet,3.0,2.5,2.4,SRD,,0.0,,,SKIP,,,
UP_TO_4.8_MT_FREEZER_2~L3~W2.5~H2.4~as_sheet, UP TO 4.8 MT FREEZER  (2,20,FREEZER MEDIUM,as_sheet,3.0,2.5,2.4,SRD DOOR FITTINGS,,0.0,,,SKIP,,,
UP_TO_4.8_MT_FREEZER_2~L3~W2.5~H2.4~as_sheet, UP TO 4.8 MT FREEZER  (2,20,FREEZER MEDIUM,as_sheet,3.0,2.5,2.4,DRD,DRD,5994.22456,5994.18,0.001,PASS,,,
UP_TO_4.8_MT_FREEZER_2~L3~W2.5~H2.4~as_sheet, UP TO 4.8 MT FREEZER  (2,20,FREEZER MEDIUM,as_sheet,3.0,2.5,2.4,DRD DOOR FITTINGS,DRD DOOR FITTINGS,5983.98526,5983.99,0.0,PASS,,,
UP_TO_4.8_MT_FREEZER_2~L3~W2.5~H2.4~as_sheet, UP TO 4.8 MT FREEZER  (2,20,FREEZER MEDIUM,as_sheet,3.0,2.5,2.4,SIDES,SIDES,13030.381401,13030.23,0.001,PASS,,,
UP_TO_4.8_MT_FREEZER_2~L3~W2.5~H2.4~as_sheet, UP TO 4.8 MT FREEZER  (2,20,FREEZER MEDIUM,as_sheet,3.0,2.5,2.4,ROOF,ROOF,6535.151987,6535.1,0.001,PASS,,,
UP_TO_4.8_MT_FREEZER_2~L3~W2.5~H2.4~as_sheet, UP TO 4.8 MT FREEZER  (2,20,FREEZER MEDIUM,as_sheet,3.0,2.5,2.4,FLOOR,FLOOR,25383.428125,25383.41,0.0,PASS,,,
UP_TO_4.8_MT_FREEZER_2~L3~W2.5~H2.4~as_sheet, UP TO 4.8 MT FREEZER  (2,20,FREEZER MEDIUM,as_sheet,3.0,2.5,2.4,ALUMINIUM,ALUMINIUM,5367.928,5367.93,0.0,PASS,,,
UP_TO_4.8_MT_FREEZER_2~L3~W2.5~H2.4~as_sheet, UP TO 4.8 MT FREEZER  (2,20,FREEZER MEDIUM,as_sheet,3.0,2.5,2.4,SUB FRAME + LIGHT BOX ASSY,SUB FRAME + LIGHT BOX ASSY,7741.648808,7615.97,1.623,ACCEPTED,,PRICE_DIFF SMALL MOUNTING BRACKET (-125.68),"[DATA] SMALL MOUNTING BRACKET priced differently from Burt's sheet on FREEZER MEDIUM (-R126), prod as dev."
UP_TO_4.8_MT_FREEZER_2~L3~W2.5~H2.4~as_sheet, UP TO 4.8 MT FREEZER  (2,20,FREEZER MEDIUM,as_sheet,3.0,2.5,2.4,REAR FRAME + FLOOR PLATE,REAR FRAME & FLOOR PLATE,4633.7716,4633.77,0.0,PASS,,,
UP_TO_4.8_MT_FREEZER_2~L3~W2.5~H2.4~as_sheet, UP TO 4.8 MT FREEZER  (2,20,FREEZER MEDIUM,as_sheet,3.0,2.5,2.4,SPRAY PAINTING,SPRAY PAINTING,750.0,750.0,0.0,PASS,,,
UP_TO_4.8_MT_FREEZER_2~L3~W2.5~H2.4~as_sheet, UP TO 4.8 MT FREEZER  (2,20,FREEZER MEDIUM,as_sheet,3.0,2.5,2.4,REFLEXITE TAPE,REFLEXITE TAPE,153.0,153.0,0.0,PASS,,,
UP_TO_4.8_MT_FREEZER_2~L3~W2.5~H2.4~all_eps, UP TO 4.8 MT FREEZER  (2,20,FREEZER MEDIUM,all_eps,3.0,2.5,2.4,FRONT,FRONT,3649.523745,3649.47,,UNVERIFIABLE,EXCEL_NO_PRICE:EPS,,
UP_TO_4.8_MT_FREEZER_2~L3~W2.5~H2.4~all_eps, UP TO 4.8 MT FREEZER  (2,20,FREEZER MEDIUM,all_eps,3.0,2.5,2.4,SRD,,0.0,,,SKIP,,,
UP_TO_4.8_MT_FREEZER_2~L3~W2.5~H2.4~all_eps, UP TO 4.8 MT FREEZER  (2,20,FREEZER MEDIUM,all_eps,3.0,2.5,2.4,SRD DOOR FITTINGS,,0.0,,,SKIP,,,
UP_TO_4.8_MT_FREEZER_2~L3~W2.5~H2.4~all_eps, UP TO 4.8 MT FREEZER  (2,20,FREEZER MEDIUM,all_eps,3.0,2.5,2.4,DRD,DRD,4416.116435,4416.08,,UNVERIFIABLE,EXCEL_NO_PRICE:EPS,,
UP_TO_4.8_MT_FREEZER_2~L3~W2.5~H2.4~all_eps, UP TO 4.8 MT FREEZER  (2,20,FREEZER MEDIUM,all_eps,3.0,2.5,2.4,DRD DOOR FITTINGS,DRD DOOR FITTINGS,5920.59594,5920.6,0.0,PASS,,,
UP_TO_4.8_MT_FREEZER_2~L3~W2.5~H2.4~all_eps, UP TO 4.8 MT FREEZER  (2,20,FREEZER MEDIUM,all_eps,3.0,2.5,2.4,SIDES,SIDES,9093.466654,9112.24,,UNVERIFIABLE,EXCEL_NO_PRICE:EPS,,
UP_TO_4.8_MT_FREEZER_2~L3~W2.5~H2.4~all_eps, UP TO 4.8 MT FREEZER  (2,20,FREEZER MEDIUM,all_eps,3.0,2.5,2.4,ROOF,ROOF,5436.36031,5436.31,0.001,PASS,,,
UP_TO_4.8_MT_FREEZER_2~L3~W2.5~H2.4~all_eps, UP TO 4.8 MT FREEZER  (2,20,FREEZER MEDIUM,all_eps,3.0,2.5,2.4,FLOOR,FLOOR,24284.636448,24284.62,0.0,PASS,,,
UP_TO_4.8_MT_FREEZER_2~L3~W2.5~H2.4~all_eps, UP TO 4.8 MT FREEZER  (2,20,FREEZER MEDIUM,all_eps,3.0,2.5,2.4,ALUMINIUM,ALUMINIUM,5367.928,5367.93,0.0,PASS,,,
UP_TO_4.8_MT_FREEZER_2~L3~W2.5~H2.4~all_eps, UP TO 4.8 MT FREEZER  (2,20,FREEZER MEDIUM,all_eps,3.0,2.5,2.4,SUB FRAME + LIGHT BOX ASSY,SUB FRAME + LIGHT BOX ASSY,7741.648808,7615.97,1.623,ACCEPTED,,PRICE_DIFF SMALL MOUNTING BRACKET (-125.68),"[DATA] SMALL MOUNTING BRACKET priced differently from Burt's sheet on FREEZER MEDIUM (-R126), prod as dev."
UP_TO_4.8_MT_FREEZER_2~L3~W2.5~H2.4~all_eps, UP TO 4.8 MT FREEZER  (2,20,FREEZER MEDIUM,all_eps,3.0,2.5,2.4,REAR FRAME + FLOOR PLATE,REAR FRAME & FLOOR PLATE,4633.7716,4633.77,0.0,PASS,,,
UP_TO_4.8_MT_FREEZER_2~L3~W2.5~H2.4~all_eps, UP TO 4.8 MT FREEZER  (2,20,FREEZER MEDIUM,all_eps,3.0,2.5,2.4,SPRAY PAINTING,SPRAY PAINTING,750.0,750.0,0.0,PASS,,,
UP_TO_4.8_MT_FREEZER_2~L3~W2.5~H2.4~all_eps, UP TO 4.8 MT FREEZER  (2,20,FREEZER MEDIUM,all_eps,3.0,2.5,2.4,REFLEXITE TAPE,REFLEXITE TAPE,153.0,153.0,0.0,PASS,,,
UP_TO_4.8_MT_FREEZER_2~L3~W2.5~H2.4~all_pu, UP TO 4.8 MT FREEZER  (2,20,FREEZER MEDIUM,all_pu,3.0,2.5,2.4,FRONT,FRONT,5227.241456,5227.18,0.001,PASS,,,
UP_TO_4.8_MT_FREEZER_2~L3~W2.5~H2.4~all_pu, UP TO 4.8 MT FREEZER  (2,20,FREEZER MEDIUM,all_pu,3.0,2.5,2.4,SRD,,0.0,,,SKIP,,,
UP_TO_4.8_MT_FREEZER_2~L3~W2.5~H2.4~all_pu, UP TO 4.8 MT FREEZER  (2,20,FREEZER MEDIUM,all_pu,3.0,2.5,2.4,SRD DOOR FITTINGS,,0.0,,,SKIP,,,
UP_TO_4.8_MT_FREEZER_2~L3~W2.5~H2.4~all_pu, UP TO 4.8 MT FREEZER  (2,20,FREEZER MEDIUM,all_pu,3.0,2.5,2.4,DRD,DRD,5994.22456,5994.18,0.001,PASS,,,
UP_TO_4.8_MT_FREEZER_2~L3~W2.5~H2.4~all_pu, UP TO 4.8 MT FREEZER  (2,20,FREEZER MEDIUM,all_pu,3.0,2.5,2.4,DRD DOOR FITTINGS,DRD DOOR FITTINGS,5983.98526,5983.99,0.0,PASS,,,
UP_TO_4.8_MT_FREEZER_2~L3~W2.5~H2.4~all_pu, UP TO 4.8 MT FREEZER  (2,20,FREEZER MEDIUM,all_pu,3.0,2.5,2.4,SIDES,SIDES,13030.381401,13030.23,0.001,PASS,,,
UP_TO_4.8_MT_FREEZER_2~L3~W2.5~H2.4~all_pu, UP TO 4.8 MT FREEZER  (2,20,FREEZER MEDIUM,all_pu,3.0,2.5,2.4,ROOF,ROOF,6535.151987,6535.1,0.001,PASS,,,
UP_TO_4.8_MT_FREEZER_2~L3~W2.5~H2.4~all_pu, UP TO 4.8 MT FREEZER  (2,20,FREEZER MEDIUM,all_pu,3.0,2.5,2.4,FLOOR,FLOOR,25383.428125,25383.41,0.0,PASS,,,
UP_TO_4.8_MT_FREEZER_2~L3~W2.5~H2.4~all_pu, UP TO 4.8 MT FREEZER  (2,20,FREEZER MEDIUM,all_pu,3.0,2.5,2.4,ALUMINIUM,ALUMINIUM,5367.928,5367.93,0.0,PASS,,,
UP_TO_4.8_MT_FREEZER_2~L3~W2.5~H2.4~all_pu, UP TO 4.8 MT FREEZER  (2,20,FREEZER MEDIUM,all_pu,3.0,2.5,2.4,SUB FRAME + LIGHT BOX ASSY,SUB FRAME + LIGHT BOX ASSY,7741.648808,7615.97,1.623,ACCEPTED,,PRICE_DIFF SMALL MOUNTING BRACKET (-125.68),"[DATA] SMALL MOUNTING BRACKET priced differently from Burt's sheet on FREEZER MEDIUM (-R126), prod as dev."
UP_TO_4.8_MT_FREEZER_2~L3~W2.5~H2.4~all_pu, UP TO 4.8 MT FREEZER  (2,20,FREEZER MEDIUM,all_pu,3.0,2.5,2.4,REAR FRAME + FLOOR PLATE,REAR FRAME & FLOOR PLATE,4633.7716,4633.77,0.0,PASS,,,
UP_TO_4.8_MT_FREEZER_2~L3~W2.5~H2.4~all_pu, UP TO 4.8 MT FREEZER  (2,20,FREEZER MEDIUM,all_pu,3.0,2.5,2.4,SPRAY PAINTING,SPRAY PAINTING,750.0,750.0,0.0,PASS,,,
UP_TO_4.8_MT_FREEZER_2~L3~W2.5~H2.4~all_pu, UP TO 4.8 MT FREEZER  (2,20,FREEZER MEDIUM,all_pu,3.0,2.5,2.4,REFLEXITE TAPE,REFLEXITE TAPE,153.0,153.0,0.0,PASS,,,
UP_TO_4.8_MT_FREEZER_2~L3~W2.5~H2.4~srd, UP TO 4.8 MT FREEZER  (2,20,FREEZER MEDIUM,srd,3.0,2.5,2.4,FRONT,FRONT,5227.241456,5227.18,0.001,PASS,,,
UP_TO_4.8_MT_FREEZER_2~L3~W2.5~H2.4~srd, UP TO 4.8 MT FREEZER  (2,20,FREEZER MEDIUM,srd,3.0,2.5,2.4,SRD,SRD,5439.592954,5439.54,0.001,PASS,,,
UP_TO_4.8_MT_FREEZER_2~L3~W2.5~H2.4~srd, UP TO 4.8 MT FREEZER  (2,20,FREEZER MEDIUM,srd,3.0,2.5,2.4,SRD DOOR FITTINGS,SRD DOOR FITTINGS,6821.62802,6821.63,0.0,PASS,,,
UP_TO_4.8_MT_FREEZER_2~L3~W2.5~H2.4~srd, UP TO 4.8 MT FREEZER  (2,20,FREEZER MEDIUM,srd,3.0,2.5,2.4,DRD,,0.0,,,SKIP,,,
UP_TO_4.8_MT_FREEZER_2~L3~W2.5~H2.4~srd, UP TO 4.8 MT FREEZER  (2,20,FREEZER MEDIUM,srd,3.0,2.5,2.4,DRD DOOR FITTINGS,,0.0,,,SKIP,,,
UP_TO_4.8_MT_FREEZER_2~L3~W2.5~H2.4~srd, UP TO 4.8 MT FREEZER  (2,20,FREEZER MEDIUM,srd,3.0,2.5,2.4,SIDES,SIDES,13030.381401,13030.23,0.001,PASS,,,
UP_TO_4.8_MT_FREEZER_2~L3~W2.5~H2.4~srd, UP TO 4.8 MT FREEZER  (2,20,FREEZER MEDIUM,srd,3.0,2.5,2.4,ROOF,ROOF,6535.151987,6535.1,0.001,PASS,,,
UP_TO_4.8_MT_FREEZER_2~L3~W2.5~H2.4~srd, UP TO 4.8 MT FREEZER  (2,20,FREEZER MEDIUM,srd,3.0,2.5,2.4,FLOOR,FLOOR,25383.428125,25383.41,0.0,PASS,,,
UP_TO_4.8_MT_FREEZER_2~L3~W2.5~H2.4~srd, UP TO 4.8 MT FREEZER  (2,20,FREEZER MEDIUM,srd,3.0,2.5,2.4,ALUMINIUM,ALUMINIUM,5367.928,5367.93,0.0,PASS,,,
UP_TO_4.8_MT_FREEZER_2~L3~W2.5~H2.4~srd, UP TO 4.8 MT FREEZER  (2,20,FREEZER MEDIUM,srd,3.0,2.5,2.4,SUB FRAME + LIGHT BOX ASSY,SUB FRAME + LIGHT BOX ASSY,7741.648808,7615.97,1.623,ACCEPTED,,PRICE_DIFF SMALL MOUNTING BRACKET (-125.68),"[DATA] SMALL MOUNTING BRACKET priced differently from Burt's sheet on FREEZER MEDIUM (-R126), prod as dev."
UP_TO_4.8_MT_FREEZER_2~L3~W2.5~H2.4~srd, UP TO 4.8 MT FREEZER  (2,20,FREEZER MEDIUM,srd,3.0,2.5,2.4,REAR FRAME + FLOOR PLATE,,0.0,,,SKIP,,,
UP_TO_4.8_MT_FREEZER_2~L3~W2.5~H2.4~srd, UP TO 4.8 MT FREEZER  (2,20,FREEZER MEDIUM,srd,3.0,2.5,2.4,SPRAY PAINTING,SPRAY PAINTING,750.0,750.0,0.0,PASS,,,
UP_TO_4.8_MT_FREEZER_2~L3~W2.5~H2.4~srd, UP TO 4.8 MT FREEZER  (2,20,FREEZER MEDIUM,srd,3.0,2.5,2.4,REFLEXITE TAPE,REFLEXITE TAPE,153.0,153.0,0.0,PASS,,,
UP_TO_4.8_MT_FREEZER_2~L3~W2.5~H2.4~drd, UP TO 4.8 MT FREEZER  (2,20,FREEZER MEDIUM,drd,3.0,2.5,2.4,FRONT,FRONT,5227.241456,5227.18,0.001,PASS,,,
UP_TO_4.8_MT_FREEZER_2~L3~W2.5~H2.4~drd, UP TO 4.8 MT FREEZER  (2,20,FREEZER MEDIUM,drd,3.0,2.5,2.4,SRD,,0.0,,,SKIP,,,
UP_TO_4.8_MT_FREEZER_2~L3~W2.5~H2.4~drd, UP TO 4.8 MT FREEZER  (2,20,FREEZER MEDIUM,drd,3.0,2.5,2.4,SRD DOOR FITTINGS,,0.0,,,SKIP,,,
UP_TO_4.8_MT_FREEZER_2~L3~W2.5~H2.4~drd, UP TO 4.8 MT FREEZER  (2,20,FREEZER MEDIUM,drd,3.0,2.5,2.4,DRD,DRD,5994.22456,5994.18,0.001,PASS,,,
UP_TO_4.8_MT_FREEZER_2~L3~W2.5~H2.4~drd, UP TO 4.8 MT FREEZER  (2,20,FREEZER MEDIUM,drd,3.0,2.5,2.4,DRD DOOR FITTINGS,DRD DOOR FITTINGS,5983.98526,5983.99,0.0,PASS,,,
UP_TO_4.8_MT_FREEZER_2~L3~W2.5~H2.4~drd, UP TO 4.8 MT FREEZER  (2,20,FREEZER MEDIUM,drd,3.0,2.5,2.4,SIDES,SIDES,13030.381401,13030.23,0.001,PASS,,,
UP_TO_4.8_MT_FREEZER_2~L3~W2.5~H2.4~drd, UP TO 4.8 MT FREEZER  (2,20,FREEZER MEDIUM,drd,3.0,2.5,2.4,ROOF,ROOF,6535.151987,6535.1,0.001,PASS,,,
UP_TO_4.8_MT_FREEZER_2~L3~W2.5~H2.4~drd, UP TO 4.8 MT FREEZER  (2,20,FREEZER MEDIUM,drd,3.0,2.5,2.4,FLOOR,FLOOR,25383.428125,25383.41,0.0,PASS,,,
UP_TO_4.8_MT_FREEZER_2~L3~W2.5~H2.4~drd, UP TO 4.8 MT FREEZER  (2,20,FREEZER MEDIUM,drd,3.0,2.5,2.4,ALUMINIUM,ALUMINIUM,5367.928,5367.93,0.0,PASS,,,
UP_TO_4.8_MT_FREEZER_2~L3~W2.5~H2.4~drd, UP TO 4.8 MT FREEZER  (2,20,FREEZER MEDIUM,drd,3.0,2.5,2.4,SUB FRAME + LIGHT BOX ASSY,SUB FRAME + LIGHT BOX ASSY,7741.648808,7615.97,1.623,ACCEPTED,,PRICE_DIFF SMALL MOUNTING BRACKET (-125.68),"[DATA] SMALL MOUNTING BRACKET priced differently from Burt's sheet on FREEZER MEDIUM (-R126), prod as dev."
UP_TO_4.8_MT_FREEZER_2~L3~W2.5~H2.4~drd, UP TO 4.8 MT FREEZER  (2,20,FREEZER MEDIUM,drd,3.0,2.5,2.4,REAR FRAME + FLOOR PLATE,REAR FRAME & FLOOR PLATE,4633.7716,4633.77,0.0,PASS,,,
UP_TO_4.8_MT_FREEZER_2~L3~W2.5~H2.4~drd, UP TO 4.8 MT FREEZER  (2,20,FREEZER MEDIUM,drd,3.0,2.5,2.4,SPRAY PAINTING,SPRAY PAINTING,750.0,750.0,0.0,PASS,,,
UP_TO_4.8_MT_FREEZER_2~L3~W2.5~H2.4~drd, UP TO 4.8 MT FREEZER  (2,20,FREEZER MEDIUM,drd,3.0,2.5,2.4,REFLEXITE TAPE,REFLEXITE TAPE,153.0,153.0,0.0,PASS,,,
UP_TO_4.8_MT_FREEZER_2~L3~W2.5~H2.4~foam_4g, UP TO 4.8 MT FREEZER  (2,20,FREEZER MEDIUM,foam_4g,3.0,2.5,2.4,FRONT,FRONT,5691.123592,5755.65,1.134,ACCEPTED,,BOTH PU (+64.58),"[RULING] Manifests F + F2 (RT1 ruling 3 and addendum): prod prices 4G PU foam at Burt's 21 Sep 4G, R5 581 = the PU material's R4 100 (Burt's corrected 32D) x 5581/4100; the golden is his September workbook (4G R5 400), so every costed 4G PU foam line reads +3.35 % against it (32D matches the golden: both R4 100). A stop-gap: rebuild the golden from the 21 Sep workbooks, then remove this entry. EXPIRED means the golden refresh has not shipped."
UP_TO_4.8_MT_FREEZER_2~L3~W2.5~H2.4~foam_4g, UP TO 4.8 MT FREEZER  (2,20,FREEZER MEDIUM,foam_4g,3.0,2.5,2.4,SRD,,0.0,,,SKIP,,,
UP_TO_4.8_MT_FREEZER_2~L3~W2.5~H2.4~foam_4g, UP TO 4.8 MT FREEZER  (2,20,FREEZER MEDIUM,foam_4g,3.0,2.5,2.4,SRD DOOR FITTINGS,,0.0,,,SKIP,,,
UP_TO_4.8_MT_FREEZER_2~L3~W2.5~H2.4~foam_4g, UP TO 4.8 MT FREEZER  (2,20,FREEZER MEDIUM,foam_4g,3.0,2.5,2.4,DRD,DRD,6458.106696,6522.65,0.999,PASS,,,
UP_TO_4.8_MT_FREEZER_2~L3~W2.5~H2.4~foam_4g, UP TO 4.8 MT FREEZER  (2,20,FREEZER MEDIUM,foam_4g,3.0,2.5,2.4,DRD DOOR FITTINGS,DRD DOOR FITTINGS,5983.98526,5983.99,0.0,PASS,,,
UP_TO_4.8_MT_FREEZER_2~L3~W2.5~H2.4~foam_4g, UP TO 4.8 MT FREEZER  (2,20,FREEZER MEDIUM,foam_4g,3.0,2.5,2.4,SIDES,SIDES,14190.086741,14351.4,1.137,ACCEPTED,,BOTH PU (+161.46),"[RULING] Manifests F + F2 (RT1 ruling 3 and addendum): prod prices 4G PU foam at Burt's 21 Sep 4G, R5 581 = the PU material's R4 100 (Burt's corrected 32D) x 5581/4100; the golden is his September workbook (4G R5 400), so every costed 4G PU foam line reads +3.35 % against it (32D matches the golden: both R4 100). A stop-gap: rebuild the golden from the 21 Sep workbooks, then remove this entry. EXPIRED means the golden refresh has not shipped."
UP_TO_4.8_MT_FREEZER_2~L3~W2.5~H2.4~foam_4g, UP TO 4.8 MT FREEZER  (2,20,FREEZER MEDIUM,foam_4g,3.0,2.5,2.4,ROOF,ROOF,7269.632035,7371.84,1.406,ACCEPTED,,BOTH PU (+102.26),"[RULING] Manifests F + F2 (RT1 ruling 3 and addendum): prod prices 4G PU foam at Burt's 21 Sep 4G, R5 581 = the PU material's R4 100 (Burt's corrected 32D) x 5581/4100; the golden is his September workbook (4G R5 400), so every costed 4G PU foam line reads +3.35 % against it (32D matches the golden: both R4 100). A stop-gap: rebuild the golden from the 21 Sep workbooks, then remove this entry. EXPIRED means the golden refresh has not shipped."
UP_TO_4.8_MT_FREEZER_2~L3~W2.5~H2.4~foam_4g, UP TO 4.8 MT FREEZER  (2,20,FREEZER MEDIUM,foam_4g,3.0,2.5,2.4,FLOOR,FLOOR,26117.908173,26220.15,0.391,PASS,,,
UP_TO_4.8_MT_FREEZER_2~L3~W2.5~H2.4~foam_4g, UP TO 4.8 MT FREEZER  (2,20,FREEZER MEDIUM,foam_4g,3.0,2.5,2.4,ALUMINIUM,ALUMINIUM,5367.928,5367.93,0.0,PASS,,,
UP_TO_4.8_MT_FREEZER_2~L3~W2.5~H2.4~foam_4g, UP TO 4.8 MT FREEZER  (2,20,FREEZER MEDIUM,foam_4g,3.0,2.5,2.4,SUB FRAME + LIGHT BOX ASSY,SUB FRAME + LIGHT BOX ASSY,7741.648808,7615.97,1.623,ACCEPTED,,PRICE_DIFF SMALL MOUNTING BRACKET (-125.68),"[DATA] SMALL MOUNTING BRACKET priced differently from Burt's sheet on FREEZER MEDIUM (-R126), prod as dev."
UP_TO_4.8_MT_FREEZER_2~L3~W2.5~H2.4~foam_4g, UP TO 4.8 MT FREEZER  (2,20,FREEZER MEDIUM,foam_4g,3.0,2.5,2.4,REAR FRAME + FLOOR PLATE,REAR FRAME & FLOOR PLATE,4633.7716,4633.77,0.0,PASS,,,
UP_TO_4.8_MT_FREEZER_2~L3~W2.5~H2.4~foam_4g, UP TO 4.8 MT FREEZER  (2,20,FREEZER MEDIUM,foam_4g,3.0,2.5,2.4,SPRAY PAINTING,SPRAY PAINTING,750.0,750.0,0.0,PASS,,,
UP_TO_4.8_MT_FREEZER_2~L3~W2.5~H2.4~foam_4g, UP TO 4.8 MT FREEZER  (2,20,FREEZER MEDIUM,foam_4g,3.0,2.5,2.4,REFLEXITE TAPE,REFLEXITE TAPE,153.0,153.0,0.0,PASS,,,
UP_TO_4.8_MT_FREEZER_2~L4.2~W2.5~H2.4~as_sheet, UP TO 4.8 MT FREEZER  (2,20,FREEZER MEDIUM,as_sheet,4.2,2.5,2.4,FRONT,FRONT,5227.241456,5227.18,0.001,PASS,,,
UP_TO_4.8_MT_FREEZER_2~L4.2~W2.5~H2.4~as_sheet, UP TO 4.8 MT FREEZER  (2,20,FREEZER MEDIUM,as_sheet,4.2,2.5,2.4,SRD,,0.0,,,SKIP,,,
UP_TO_4.8_MT_FREEZER_2~L4.2~W2.5~H2.4~as_sheet, UP TO 4.8 MT FREEZER  (2,20,FREEZER MEDIUM,as_sheet,4.2,2.5,2.4,SRD DOOR FITTINGS,,0.0,,,SKIP,,,
UP_TO_4.8_MT_FREEZER_2~L4.2~W2.5~H2.4~as_sheet, UP TO 4.8 MT FREEZER  (2,20,FREEZER MEDIUM,as_sheet,4.2,2.5,2.4,DRD,DRD,5994.22456,5994.18,0.001,PASS,,,
UP_TO_4.8_MT_FREEZER_2~L4.2~W2.5~H2.4~as_sheet, UP TO 4.8 MT FREEZER  (2,20,FREEZER MEDIUM,as_sheet,4.2,2.5,2.4,DRD DOOR FITTINGS,DRD DOOR FITTINGS,5983.98526,5983.99,0.0,PASS,,,
UP_TO_4.8_MT_FREEZER_2~L4.2~W2.5~H2.4~as_sheet, UP TO 4.8 MT FREEZER  (2,20,FREEZER MEDIUM,as_sheet,4.2,2.5,2.4,SIDES,SIDES,18012.316594,18012.11,0.001,PASS,,,
UP_TO_4.8_MT_FREEZER_2~L4.2~W2.5~H2.4~as_sheet, UP TO 4.8 MT FREEZER  (2,20,FREEZER MEDIUM,as_sheet,4.2,2.5,2.4,ROOF,ROOF,9061.806534,9061.73,0.001,PASS,,,
UP_TO_4.8_MT_FREEZER_2~L4.2~W2.5~H2.4~as_sheet, UP TO 4.8 MT FREEZER  (2,20,FREEZER MEDIUM,as_sheet,4.2,2.5,2.4,FLOOR,FLOOR,34797.93237,34797.9,0.0,PASS,,,
UP_TO_4.8_MT_FREEZER_2~L4.2~W2.5~H2.4~as_sheet, UP TO 4.8 MT FREEZER  (2,20,FREEZER MEDIUM,as_sheet,4.2,2.5,2.4,ALUMINIUM,ALUMINIUM,6671.728,6671.73,0.0,PASS,,,
UP_TO_4.8_MT_FREEZER_2~L4.2~W2.5~H2.4~as_sheet, UP TO 4.8 MT FREEZER  (2,20,FREEZER MEDIUM,as_sheet,4.2,2.5,2.4,SUB FRAME + LIGHT BOX ASSY,SUB FRAME + LIGHT BOX ASSY,8324.848808,8199.17,1.51,ACCEPTED,,PRICE_DIFF SMALL MOUNTING BRACKET (-125.68),"[DATA] SMALL MOUNTING BRACKET priced differently from Burt's sheet on FREEZER MEDIUM (-R126), prod as dev."
UP_TO_4.8_MT_FREEZER_2~L4.2~W2.5~H2.4~as_sheet, UP TO 4.8 MT FREEZER  (2,20,FREEZER MEDIUM,as_sheet,4.2,2.5,2.4,REAR FRAME + FLOOR PLATE,REAR FRAME & FLOOR PLATE,4633.7716,4633.77,0.0,PASS,,,
UP_TO_4.8_MT_FREEZER_2~L4.2~W2.5~H2.4~as_sheet, UP TO 4.8 MT FREEZER  (2,20,FREEZER MEDIUM,as_sheet,4.2,2.5,2.4,SPRAY PAINTING,SPRAY PAINTING,750.0,750.0,0.0,PASS,,,
UP_TO_4.8_MT_FREEZER_2~L4.2~W2.5~H2.4~as_sheet, UP TO 4.8 MT FREEZER  (2,20,FREEZER MEDIUM,as_sheet,4.2,2.5,2.4,REFLEXITE TAPE,REFLEXITE TAPE,196.2,196.2,0.0,PASS,,,
UP_TO_4.8_MT_FREEZER_2~L4.2~W2.5~H2.4~all_eps, UP TO 4.8 MT FREEZER  (2,20,FREEZER MEDIUM,all_eps,4.2,2.5,2.4,FRONT,FRONT,3649.523745,3649.47,,UNVERIFIABLE,EXCEL_NO_PRICE:EPS,,
UP_TO_4.8_MT_FREEZER_2~L4.2~W2.5~H2.4~all_eps, UP TO 4.8 MT FREEZER  (2,20,FREEZER MEDIUM,all_eps,4.2,2.5,2.4,SRD,,0.0,,,SKIP,,,
UP_TO_4.8_MT_FREEZER_2~L4.2~W2.5~H2.4~all_eps, UP TO 4.8 MT FREEZER  (2,20,FREEZER MEDIUM,all_eps,4.2,2.5,2.4,SRD DOOR FITTINGS,,0.0,,,SKIP,,,
UP_TO_4.8_MT_FREEZER_2~L4.2~W2.5~H2.4~all_eps, UP TO 4.8 MT FREEZER  (2,20,FREEZER MEDIUM,all_eps,4.2,2.5,2.4,DRD,DRD,4416.116435,4416.08,,UNVERIFIABLE,EXCEL_NO_PRICE:EPS,,
UP_TO_4.8_MT_FREEZER_2~L4.2~W2.5~H2.4~all_eps, UP TO 4.8 MT FREEZER  (2,20,FREEZER MEDIUM,all_eps,4.2,2.5,2.4,DRD DOOR FITTINGS,DRD DOOR FITTINGS,5920.59594,5920.6,0.0,PASS,,,
UP_TO_4.8_MT_FREEZER_2~L4.2~W2.5~H2.4~all_eps, UP TO 4.8 MT FREEZER  (2,20,FREEZER MEDIUM,all_eps,4.2,2.5,2.4,SIDES,SIDES,12528.681635,12552.61,,UNVERIFIABLE,EXCEL_NO_PRICE:EPS,,
UP_TO_4.8_MT_FREEZER_2~L4.2~W2.5~H2.4~all_eps, UP TO 4.8 MT FREEZER  (2,20,FREEZER MEDIUM,all_eps,4.2,2.5,2.4,ROOF,ROOF,7530.703377,7530.63,0.001,PASS,,,
UP_TO_4.8_MT_FREEZER_2~L4.2~W2.5~H2.4~all_eps, UP TO 4.8 MT FREEZER  (2,20,FREEZER MEDIUM,all_eps,4.2,2.5,2.4,FLOOR,FLOOR,33266.829214,33266.8,0.0,PASS,,,
UP_TO_4.8_MT_FREEZER_2~L4.2~W2.5~H2.4~all_eps, UP TO 4.8 MT FREEZER  (2,20,FREEZER MEDIUM,all_eps,4.2,2.5,2.4,ALUMINIUM,ALUMINIUM,6671.728,6671.73,0.0,PASS,,,
UP_TO_4.8_MT_FREEZER_2~L4.2~W2.5~H2.4~all_eps, UP TO 4.8 MT FREEZER  (2,20,FREEZER MEDIUM,all_eps,4.2,2.5,2.4,SUB FRAME + LIGHT BOX ASSY,SUB FRAME + LIGHT BOX ASSY,8324.848808,8199.17,1.51,ACCEPTED,,PRICE_DIFF SMALL MOUNTING BRACKET (-125.68),"[DATA] SMALL MOUNTING BRACKET priced differently from Burt's sheet on FREEZER MEDIUM (-R126), prod as dev."
UP_TO_4.8_MT_FREEZER_2~L4.2~W2.5~H2.4~all_eps, UP TO 4.8 MT FREEZER  (2,20,FREEZER MEDIUM,all_eps,4.2,2.5,2.4,REAR FRAME + FLOOR PLATE,REAR FRAME & FLOOR PLATE,4633.7716,4633.77,0.0,PASS,,,
UP_TO_4.8_MT_FREEZER_2~L4.2~W2.5~H2.4~all_eps, UP TO 4.8 MT FREEZER  (2,20,FREEZER MEDIUM,all_eps,4.2,2.5,2.4,SPRAY PAINTING,SPRAY PAINTING,750.0,750.0,0.0,PASS,,,
UP_TO_4.8_MT_FREEZER_2~L4.2~W2.5~H2.4~all_eps, UP TO 4.8 MT FREEZER  (2,20,FREEZER MEDIUM,all_eps,4.2,2.5,2.4,REFLEXITE TAPE,REFLEXITE TAPE,196.2,196.2,0.0,PASS,,,
UP_TO_4.8_MT_FREEZER_2~L4.2~W2.5~H2.4~all_pu, UP TO 4.8 MT FREEZER  (2,20,FREEZER MEDIUM,all_pu,4.2,2.5,2.4,FRONT,FRONT,5227.241456,5227.18,0.001,PASS,,,
UP_TO_4.8_MT_FREEZER_2~L4.2~W2.5~H2.4~all_pu, UP TO 4.8 MT FREEZER  (2,20,FREEZER MEDIUM,all_pu,4.2,2.5,2.4,SRD,,0.0,,,SKIP,,,
UP_TO_4.8_MT_FREEZER_2~L4.2~W2.5~H2.4~all_pu, UP TO 4.8 MT FREEZER  (2,20,FREEZER MEDIUM,all_pu,4.2,2.5,2.4,SRD DOOR FITTINGS,,0.0,,,SKIP,,,
UP_TO_4.8_MT_FREEZER_2~L4.2~W2.5~H2.4~all_pu, UP TO 4.8 MT FREEZER  (2,20,FREEZER MEDIUM,all_pu,4.2,2.5,2.4,DRD,DRD,5994.22456,5994.18,0.001,PASS,,,
UP_TO_4.8_MT_FREEZER_2~L4.2~W2.5~H2.4~all_pu, UP TO 4.8 MT FREEZER  (2,20,FREEZER MEDIUM,all_pu,4.2,2.5,2.4,DRD DOOR FITTINGS,DRD DOOR FITTINGS,5983.98526,5983.99,0.0,PASS,,,
UP_TO_4.8_MT_FREEZER_2~L4.2~W2.5~H2.4~all_pu, UP TO 4.8 MT FREEZER  (2,20,FREEZER MEDIUM,all_pu,4.2,2.5,2.4,SIDES,SIDES,18012.316594,18012.11,0.001,PASS,,,
UP_TO_4.8_MT_FREEZER_2~L4.2~W2.5~H2.4~all_pu, UP TO 4.8 MT FREEZER  (2,20,FREEZER MEDIUM,all_pu,4.2,2.5,2.4,ROOF,ROOF,9061.806534,9061.73,0.001,PASS,,,
UP_TO_4.8_MT_FREEZER_2~L4.2~W2.5~H2.4~all_pu, UP TO 4.8 MT FREEZER  (2,20,FREEZER MEDIUM,all_pu,4.2,2.5,2.4,FLOOR,FLOOR,34797.93237,34797.9,0.0,PASS,,,
UP_TO_4.8_MT_FREEZER_2~L4.2~W2.5~H2.4~all_pu, UP TO 4.8 MT FREEZER  (2,20,FREEZER MEDIUM,all_pu,4.2,2.5,2.4,ALUMINIUM,ALUMINIUM,6671.728,6671.73,0.0,PASS,,,
UP_TO_4.8_MT_FREEZER_2~L4.2~W2.5~H2.4~all_pu, UP TO 4.8 MT FREEZER  (2,20,FREEZER MEDIUM,all_pu,4.2,2.5,2.4,SUB FRAME + LIGHT BOX ASSY,SUB FRAME + LIGHT BOX ASSY,8324.848808,8199.17,1.51,ACCEPTED,,PRICE_DIFF SMALL MOUNTING BRACKET (-125.68),"[DATA] SMALL MOUNTING BRACKET priced differently from Burt's sheet on FREEZER MEDIUM (-R126), prod as dev."
UP_TO_4.8_MT_FREEZER_2~L4.2~W2.5~H2.4~all_pu, UP TO 4.8 MT FREEZER  (2,20,FREEZER MEDIUM,all_pu,4.2,2.5,2.4,REAR FRAME + FLOOR PLATE,REAR FRAME & FLOOR PLATE,4633.7716,4633.77,0.0,PASS,,,
UP_TO_4.8_MT_FREEZER_2~L4.2~W2.5~H2.4~all_pu, UP TO 4.8 MT FREEZER  (2,20,FREEZER MEDIUM,all_pu,4.2,2.5,2.4,SPRAY PAINTING,SPRAY PAINTING,750.0,750.0,0.0,PASS,,,
UP_TO_4.8_MT_FREEZER_2~L4.2~W2.5~H2.4~all_pu, UP TO 4.8 MT FREEZER  (2,20,FREEZER MEDIUM,all_pu,4.2,2.5,2.4,REFLEXITE TAPE,REFLEXITE TAPE,196.2,196.2,0.0,PASS,,,
UP_TO_4.8_MT_FREEZER_2~L4.2~W2.5~H2.4~srd, UP TO 4.8 MT FREEZER  (2,20,FREEZER MEDIUM,srd,4.2,2.5,2.4,FRONT,FRONT,5227.241456,5227.18,0.001,PASS,,,
UP_TO_4.8_MT_FREEZER_2~L4.2~W2.5~H2.4~srd, UP TO 4.8 MT FREEZER  (2,20,FREEZER MEDIUM,srd,4.2,2.5,2.4,SRD,SRD,5439.592954,5439.54,0.001,PASS,,,
UP_TO_4.8_MT_FREEZER_2~L4.2~W2.5~H2.4~srd, UP TO 4.8 MT FREEZER  (2,20,FREEZER MEDIUM,srd,4.2,2.5,2.4,SRD DOOR FITTINGS,SRD DOOR FITTINGS,6821.62802,6821.63,0.0,PASS,,,
UP_TO_4.8_MT_FREEZER_2~L4.2~W2.5~H2.4~srd, UP TO 4.8 MT FREEZER  (2,20,FREEZER MEDIUM,srd,4.2,2.5,2.4,DRD,,0.0,,,SKIP,,,
UP_TO_4.8_MT_FREEZER_2~L4.2~W2.5~H2.4~srd, UP TO 4.8 MT FREEZER  (2,20,FREEZER MEDIUM,srd,4.2,2.5,2.4,DRD DOOR FITTINGS,,0.0,,,SKIP,,,
UP_TO_4.8_MT_FREEZER_2~L4.2~W2.5~H2.4~srd, UP TO 4.8 MT FREEZER  (2,20,FREEZER MEDIUM,srd,4.2,2.5,2.4,SIDES,SIDES,18012.316594,18012.11,0.001,PASS,,,
UP_TO_4.8_MT_FREEZER_2~L4.2~W2.5~H2.4~srd, UP TO 4.8 MT FREEZER  (2,20,FREEZER MEDIUM,srd,4.2,2.5,2.4,ROOF,ROOF,9061.806534,9061.73,0.001,PASS,,,
UP_TO_4.8_MT_FREEZER_2~L4.2~W2.5~H2.4~srd, UP TO 4.8 MT FREEZER  (2,20,FREEZER MEDIUM,srd,4.2,2.5,2.4,FLOOR,FLOOR,34797.93237,34797.9,0.0,PASS,,,
UP_TO_4.8_MT_FREEZER_2~L4.2~W2.5~H2.4~srd, UP TO 4.8 MT FREEZER  (2,20,FREEZER MEDIUM,srd,4.2,2.5,2.4,ALUMINIUM,ALUMINIUM,6671.728,6671.73,0.0,PASS,,,
UP_TO_4.8_MT_FREEZER_2~L4.2~W2.5~H2.4~srd, UP TO 4.8 MT FREEZER  (2,20,FREEZER MEDIUM,srd,4.2,2.5,2.4,SUB FRAME + LIGHT BOX ASSY,SUB FRAME + LIGHT BOX ASSY,8324.848808,8199.17,1.51,ACCEPTED,,PRICE_DIFF SMALL MOUNTING BRACKET (-125.68),"[DATA] SMALL MOUNTING BRACKET priced differently from Burt's sheet on FREEZER MEDIUM (-R126), prod as dev."
UP_TO_4.8_MT_FREEZER_2~L4.2~W2.5~H2.4~srd, UP TO 4.8 MT FREEZER  (2,20,FREEZER MEDIUM,srd,4.2,2.5,2.4,REAR FRAME + FLOOR PLATE,,0.0,,,SKIP,,,
UP_TO_4.8_MT_FREEZER_2~L4.2~W2.5~H2.4~srd, UP TO 4.8 MT FREEZER  (2,20,FREEZER MEDIUM,srd,4.2,2.5,2.4,SPRAY PAINTING,SPRAY PAINTING,750.0,750.0,0.0,PASS,,,
UP_TO_4.8_MT_FREEZER_2~L4.2~W2.5~H2.4~srd, UP TO 4.8 MT FREEZER  (2,20,FREEZER MEDIUM,srd,4.2,2.5,2.4,REFLEXITE TAPE,REFLEXITE TAPE,196.2,196.2,0.0,PASS,,,
UP_TO_4.8_MT_FREEZER_2~L4.2~W2.5~H2.4~drd, UP TO 4.8 MT FREEZER  (2,20,FREEZER MEDIUM,drd,4.2,2.5,2.4,FRONT,FRONT,5227.241456,5227.18,0.001,PASS,,,
UP_TO_4.8_MT_FREEZER_2~L4.2~W2.5~H2.4~drd, UP TO 4.8 MT FREEZER  (2,20,FREEZER MEDIUM,drd,4.2,2.5,2.4,SRD,,0.0,,,SKIP,,,
UP_TO_4.8_MT_FREEZER_2~L4.2~W2.5~H2.4~drd, UP TO 4.8 MT FREEZER  (2,20,FREEZER MEDIUM,drd,4.2,2.5,2.4,SRD DOOR FITTINGS,,0.0,,,SKIP,,,
UP_TO_4.8_MT_FREEZER_2~L4.2~W2.5~H2.4~drd, UP TO 4.8 MT FREEZER  (2,20,FREEZER MEDIUM,drd,4.2,2.5,2.4,DRD,DRD,5994.22456,5994.18,0.001,PASS,,,
UP_TO_4.8_MT_FREEZER_2~L4.2~W2.5~H2.4~drd, UP TO 4.8 MT FREEZER  (2,20,FREEZER MEDIUM,drd,4.2,2.5,2.4,DRD DOOR FITTINGS,DRD DOOR FITTINGS,5983.98526,5983.99,0.0,PASS,,,
UP_TO_4.8_MT_FREEZER_2~L4.2~W2.5~H2.4~drd, UP TO 4.8 MT FREEZER  (2,20,FREEZER MEDIUM,drd,4.2,2.5,2.4,SIDES,SIDES,18012.316594,18012.11,0.001,PASS,,,
UP_TO_4.8_MT_FREEZER_2~L4.2~W2.5~H2.4~drd, UP TO 4.8 MT FREEZER  (2,20,FREEZER MEDIUM,drd,4.2,2.5,2.4,ROOF,ROOF,9061.806534,9061.73,0.001,PASS,,,
UP_TO_4.8_MT_FREEZER_2~L4.2~W2.5~H2.4~drd, UP TO 4.8 MT FREEZER  (2,20,FREEZER MEDIUM,drd,4.2,2.5,2.4,FLOOR,FLOOR,34797.93237,34797.9,0.0,PASS,,,
UP_TO_4.8_MT_FREEZER_2~L4.2~W2.5~H2.4~drd, UP TO 4.8 MT FREEZER  (2,20,FREEZER MEDIUM,drd,4.2,2.5,2.4,ALUMINIUM,ALUMINIUM,6671.728,6671.73,0.0,PASS,,,
UP_TO_4.8_MT_FREEZER_2~L4.2~W2.5~H2.4~drd, UP TO 4.8 MT FREEZER  (2,20,FREEZER MEDIUM,drd,4.2,2.5,2.4,SUB FRAME + LIGHT BOX ASSY,SUB FRAME + LIGHT BOX ASSY,8324.848808,8199.17,1.51,ACCEPTED,,PRICE_DIFF SMALL MOUNTING BRACKET (-125.68),"[DATA] SMALL MOUNTING BRACKET priced differently from Burt's sheet on FREEZER MEDIUM (-R126), prod as dev."
UP_TO_4.8_MT_FREEZER_2~L4.2~W2.5~H2.4~drd, UP TO 4.8 MT FREEZER  (2,20,FREEZER MEDIUM,drd,4.2,2.5,2.4,REAR FRAME + FLOOR PLATE,REAR FRAME & FLOOR PLATE,4633.7716,4633.77,0.0,PASS,,,
UP_TO_4.8_MT_FREEZER_2~L4.2~W2.5~H2.4~drd, UP TO 4.8 MT FREEZER  (2,20,FREEZER MEDIUM,drd,4.2,2.5,2.4,SPRAY PAINTING,SPRAY PAINTING,750.0,750.0,0.0,PASS,,,
UP_TO_4.8_MT_FREEZER_2~L4.2~W2.5~H2.4~drd, UP TO 4.8 MT FREEZER  (2,20,FREEZER MEDIUM,drd,4.2,2.5,2.4,REFLEXITE TAPE,REFLEXITE TAPE,196.2,196.2,0.0,PASS,,,
UP_TO_4.8_MT_FREEZER_2~L4.2~W2.5~H2.4~foam_4g, UP TO 4.8 MT FREEZER  (2,20,FREEZER MEDIUM,foam_4g,4.2,2.5,2.4,FRONT,FRONT,5691.123592,5755.65,1.134,ACCEPTED,,BOTH PU (+64.58),"[RULING] Manifests F + F2 (RT1 ruling 3 and addendum): prod prices 4G PU foam at Burt's 21 Sep 4G, R5 581 = the PU material's R4 100 (Burt's corrected 32D) x 5581/4100; the golden is his September workbook (4G R5 400), so every costed 4G PU foam line reads +3.35 % against it (32D matches the golden: both R4 100). A stop-gap: rebuild the golden from the 21 Sep workbooks, then remove this entry. EXPIRED means the golden refresh has not shipped."
UP_TO_4.8_MT_FREEZER_2~L4.2~W2.5~H2.4~foam_4g, UP TO 4.8 MT FREEZER  (2,20,FREEZER MEDIUM,foam_4g,4.2,2.5,2.4,SRD,,0.0,,,SKIP,,,
UP_TO_4.8_MT_FREEZER_2~L4.2~W2.5~H2.4~foam_4g, UP TO 4.8 MT FREEZER  (2,20,FREEZER MEDIUM,foam_4g,4.2,2.5,2.4,SRD DOOR FITTINGS,,0.0,,,SKIP,,,
UP_TO_4.8_MT_FREEZER_2~L4.2~W2.5~H2.4~foam_4g, UP TO 4.8 MT FREEZER  (2,20,FREEZER MEDIUM,foam_4g,4.2,2.5,2.4,DRD,DRD,6458.106696,6522.65,0.999,PASS,,,
UP_TO_4.8_MT_FREEZER_2~L4.2~W2.5~H2.4~foam_4g, UP TO 4.8 MT FREEZER  (2,20,FREEZER MEDIUM,foam_4g,4.2,2.5,2.4,DRD DOOR FITTINGS,DRD DOOR FITTINGS,5983.98526,5983.99,0.0,PASS,,,
UP_TO_4.8_MT_FREEZER_2~L4.2~W2.5~H2.4~foam_4g, UP TO 4.8 MT FREEZER  (2,20,FREEZER MEDIUM,foam_4g,4.2,2.5,2.4,SIDES,SIDES,19628.299445,19853.09,1.145,ACCEPTED,,BOTH PU (+225.00),"[RULING] Manifests F + F2 (RT1 ruling 3 and addendum): prod prices 4G PU foam at Burt's 21 Sep 4G, R5 581 = the PU material's R4 100 (Burt's corrected 32D) x 5581/4100; the golden is his September workbook (4G R5 400), so every costed 4G PU foam line reads +3.35 % against it (32D matches the golden: both R4 100). A stop-gap: rebuild the golden from the 21 Sep workbooks, then remove this entry. EXPIRED means the golden refresh has not shipped."
UP_TO_4.8_MT_FREEZER_2~L4.2~W2.5~H2.4~foam_4g, UP TO 4.8 MT FREEZER  (2,20,FREEZER MEDIUM,foam_4g,4.2,2.5,2.4,ROOF,ROOF,10085.262339,10227.69,1.412,ACCEPTED,,BOTH PU (+142.49),"[RULING] Manifests F + F2 (RT1 ruling 3 and addendum): prod prices 4G PU foam at Burt's 21 Sep 4G, R5 581 = the PU material's R4 100 (Burt's corrected 32D) x 5581/4100; the golden is his September workbook (4G R5 400), so every costed 4G PU foam line reads +3.35 % against it (32D matches the golden: both R4 100). A stop-gap: rebuild the golden from the 21 Sep workbooks, then remove this entry. EXPIRED means the golden refresh has not shipped."
UP_TO_4.8_MT_FREEZER_2~L4.2~W2.5~H2.4~foam_4g, UP TO 4.8 MT FREEZER  (2,20,FREEZER MEDIUM,foam_4g,4.2,2.5,2.4,FLOOR,FLOOR,35821.388176,35963.85,0.398,PASS,,,
UP_TO_4.8_MT_FREEZER_2~L4.2~W2.5~H2.4~foam_4g, UP TO 4.8 MT FREEZER  (2,20,FREEZER MEDIUM,foam_4g,4.2,2.5,2.4,ALUMINIUM,ALUMINIUM,6671.728,6671.73,0.0,PASS,,,
UP_TO_4.8_MT_FREEZER_2~L4.2~W2.5~H2.4~foam_4g, UP TO 4.8 MT FREEZER  (2,20,FREEZER MEDIUM,foam_4g,4.2,2.5,2.4,SUB FRAME + LIGHT BOX ASSY,SUB FRAME + LIGHT BOX ASSY,8324.848808,8199.17,1.51,ACCEPTED,,PRICE_DIFF SMALL MOUNTING BRACKET (-125.68),"[DATA] SMALL MOUNTING BRACKET priced differently from Burt's sheet on FREEZER MEDIUM (-R126), prod as dev."
UP_TO_4.8_MT_FREEZER_2~L4.2~W2.5~H2.4~foam_4g, UP TO 4.8 MT FREEZER  (2,20,FREEZER MEDIUM,foam_4g,4.2,2.5,2.4,REAR FRAME + FLOOR PLATE,REAR FRAME & FLOOR PLATE,4633.7716,4633.77,0.0,PASS,,,
UP_TO_4.8_MT_FREEZER_2~L4.2~W2.5~H2.4~foam_4g, UP TO 4.8 MT FREEZER  (2,20,FREEZER MEDIUM,foam_4g,4.2,2.5,2.4,SPRAY PAINTING,SPRAY PAINTING,750.0,750.0,0.0,PASS,,,
UP_TO_4.8_MT_FREEZER_2~L4.2~W2.5~H2.4~foam_4g, UP TO 4.8 MT FREEZER  (2,20,FREEZER MEDIUM,foam_4g,4.2,2.5,2.4,REFLEXITE TAPE,REFLEXITE TAPE,196.2,196.2,0.0,PASS,,,
UP_TO_4.8_MT_FREEZER_2~L4.8~W2.5~H2.4~as_sheet, UP TO 4.8 MT FREEZER  (2,20,FREEZER MEDIUM,as_sheet,4.8,2.5,2.4,FRONT,FRONT,5227.241456,5227.18,0.001,PASS,,,
UP_TO_4.8_MT_FREEZER_2~L4.8~W2.5~H2.4~as_sheet, UP TO 4.8 MT FREEZER  (2,20,FREEZER MEDIUM,as_sheet,4.8,2.5,2.4,SRD,,0.0,,,SKIP,,,
UP_TO_4.8_MT_FREEZER_2~L4.8~W2.5~H2.4~as_sheet, UP TO 4.8 MT FREEZER  (2,20,FREEZER MEDIUM,as_sheet,4.8,2.5,2.4,SRD DOOR FITTINGS,,0.0,,,SKIP,,,
UP_TO_4.8_MT_FREEZER_2~L4.8~W2.5~H2.4~as_sheet, UP TO 4.8 MT FREEZER  (2,20,FREEZER MEDIUM,as_sheet,4.8,2.5,2.4,DRD,DRD,5994.22456,5994.18,0.001,PASS,,,
UP_TO_4.8_MT_FREEZER_2~L4.8~W2.5~H2.4~as_sheet, UP TO 4.8 MT FREEZER  (2,20,FREEZER MEDIUM,as_sheet,4.8,2.5,2.4,DRD DOOR FITTINGS,DRD DOOR FITTINGS,5983.98526,5983.99,0.0,PASS,,,
UP_TO_4.8_MT_FREEZER_2~L4.8~W2.5~H2.4~as_sheet, UP TO 4.8 MT FREEZER  (2,20,FREEZER MEDIUM,as_sheet,4.8,2.5,2.4,SIDES,SIDES,20503.284191,20503.05,0.001,PASS,,,
UP_TO_4.8_MT_FREEZER_2~L4.8~W2.5~H2.4~as_sheet, UP TO 4.8 MT FREEZER  (2,20,FREEZER MEDIUM,as_sheet,4.8,2.5,2.4,ROOF,ROOF,10325.133807,10325.05,0.001,PASS,,,
UP_TO_4.8_MT_FREEZER_2~L4.8~W2.5~H2.4~as_sheet, UP TO 4.8 MT FREEZER  (2,20,FREEZER MEDIUM,as_sheet,4.8,2.5,2.4,FLOOR,FLOOR,39505.184493,39505.15,0.0,PASS,,,
UP_TO_4.8_MT_FREEZER_2~L4.8~W2.5~H2.4~as_sheet, UP TO 4.8 MT FREEZER  (2,20,FREEZER MEDIUM,as_sheet,4.8,2.5,2.4,ALUMINIUM,ALUMINIUM,7323.628,7323.63,0.0,PASS,,,
UP_TO_4.8_MT_FREEZER_2~L4.8~W2.5~H2.4~as_sheet, UP TO 4.8 MT FREEZER  (2,20,FREEZER MEDIUM,as_sheet,4.8,2.5,2.4,SUB FRAME + LIGHT BOX ASSY,SUB FRAME + LIGHT BOX ASSY,8616.448808,8490.77,1.459,ACCEPTED,,PRICE_DIFF SMALL MOUNTING BRACKET (-125.68),"[DATA] SMALL MOUNTING BRACKET priced differently from Burt's sheet on FREEZER MEDIUM (-R126), prod as dev."
UP_TO_4.8_MT_FREEZER_2~L4.8~W2.5~H2.4~as_sheet, UP TO 4.8 MT FREEZER  (2,20,FREEZER MEDIUM,as_sheet,4.8,2.5,2.4,REAR FRAME + FLOOR PLATE,REAR FRAME & FLOOR PLATE,4633.7716,4633.77,0.0,PASS,,,
UP_TO_4.8_MT_FREEZER_2~L4.8~W2.5~H2.4~as_sheet, UP TO 4.8 MT FREEZER  (2,20,FREEZER MEDIUM,as_sheet,4.8,2.5,2.4,SPRAY PAINTING,SPRAY PAINTING,750.0,750.0,0.0,PASS,,,
UP_TO_4.8_MT_FREEZER_2~L4.8~W2.5~H2.4~as_sheet, UP TO 4.8 MT FREEZER  (2,20,FREEZER MEDIUM,as_sheet,4.8,2.5,2.4,REFLEXITE TAPE,REFLEXITE TAPE,217.8,217.8,0.0,PASS,,,
UP_TO_4.8_MT_FREEZER_2~L4.8~W2.5~H2.4~all_eps, UP TO 4.8 MT FREEZER  (2,20,FREEZER MEDIUM,all_eps,4.8,2.5,2.4,FRONT,FRONT,3649.523745,3649.47,,UNVERIFIABLE,EXCEL_NO_PRICE:EPS,,
UP_TO_4.8_MT_FREEZER_2~L4.8~W2.5~H2.4~all_eps, UP TO 4.8 MT FREEZER  (2,20,FREEZER MEDIUM,all_eps,4.8,2.5,2.4,SRD,,0.0,,,SKIP,,,
UP_TO_4.8_MT_FREEZER_2~L4.8~W2.5~H2.4~all_eps, UP TO 4.8 MT FREEZER  (2,20,FREEZER MEDIUM,all_eps,4.8,2.5,2.4,SRD DOOR FITTINGS,,0.0,,,SKIP,,,
UP_TO_4.8_MT_FREEZER_2~L4.8~W2.5~H2.4~all_eps, UP TO 4.8 MT FREEZER  (2,20,FREEZER MEDIUM,all_eps,4.8,2.5,2.4,DRD,DRD,4416.116435,4416.08,,UNVERIFIABLE,EXCEL_NO_PRICE:EPS,,
UP_TO_4.8_MT_FREEZER_2~L4.8~W2.5~H2.4~all_eps, UP TO 4.8 MT FREEZER  (2,20,FREEZER MEDIUM,all_eps,4.8,2.5,2.4,DRD DOOR FITTINGS,DRD DOOR FITTINGS,5920.59594,5920.6,0.0,PASS,,,
UP_TO_4.8_MT_FREEZER_2~L4.8~W2.5~H2.4~all_eps, UP TO 4.8 MT FREEZER  (2,20,FREEZER MEDIUM,all_eps,4.8,2.5,2.4,SIDES,SIDES,14246.289126,14272.8,,UNVERIFIABLE,EXCEL_NO_PRICE:EPS,,
UP_TO_4.8_MT_FREEZER_2~L4.8~W2.5~H2.4~all_eps, UP TO 4.8 MT FREEZER  (2,20,FREEZER MEDIUM,all_eps,4.8,2.5,2.4,ROOF,ROOF,8577.874911,8577.79,0.001,PASS,,,
UP_TO_4.8_MT_FREEZER_2~L4.8~W2.5~H2.4~all_eps, UP TO 4.8 MT FREEZER  (2,20,FREEZER MEDIUM,all_eps,4.8,2.5,2.4,FLOOR,FLOOR,37757.925597,37757.89,0.0,PASS,,,
UP_TO_4.8_MT_FREEZER_2~L4.8~W2.5~H2.4~all_eps, UP TO 4.8 MT FREEZER  (2,20,FREEZER MEDIUM,all_eps,4.8,2.5,2.4,ALUMINIUM,ALUMINIUM,7323.628,7323.63,0.0,PASS,,,
UP_TO_4.8_MT_FREEZER_2~L4.8~W2.5~H2.4~all_eps, UP TO 4.8 MT FREEZER  (2,20,FREEZER MEDIUM,all_eps,4.8,2.5,2.4,SUB FRAME + LIGHT BOX ASSY,SUB FRAME + LIGHT BOX ASSY,8616.448808,8490.77,1.459,ACCEPTED,,PRICE_DIFF SMALL MOUNTING BRACKET (-125.68),"[DATA] SMALL MOUNTING BRACKET priced differently from Burt's sheet on FREEZER MEDIUM (-R126), prod as dev."
UP_TO_4.8_MT_FREEZER_2~L4.8~W2.5~H2.4~all_eps, UP TO 4.8 MT FREEZER  (2,20,FREEZER MEDIUM,all_eps,4.8,2.5,2.4,REAR FRAME + FLOOR PLATE,REAR FRAME & FLOOR PLATE,4633.7716,4633.77,0.0,PASS,,,
UP_TO_4.8_MT_FREEZER_2~L4.8~W2.5~H2.4~all_eps, UP TO 4.8 MT FREEZER  (2,20,FREEZER MEDIUM,all_eps,4.8,2.5,2.4,SPRAY PAINTING,SPRAY PAINTING,750.0,750.0,0.0,PASS,,,
UP_TO_4.8_MT_FREEZER_2~L4.8~W2.5~H2.4~all_eps, UP TO 4.8 MT FREEZER  (2,20,FREEZER MEDIUM,all_eps,4.8,2.5,2.4,REFLEXITE TAPE,REFLEXITE TAPE,217.8,217.8,0.0,PASS,,,
UP_TO_4.8_MT_FREEZER_2~L4.8~W2.5~H2.4~all_pu, UP TO 4.8 MT FREEZER  (2,20,FREEZER MEDIUM,all_pu,4.8,2.5,2.4,FRONT,FRONT,5227.241456,5227.18,0.001,PASS,,,
UP_TO_4.8_MT_FREEZER_2~L4.8~W2.5~H2.4~all_pu, UP TO 4.8 MT FREEZER  (2,20,FREEZER MEDIUM,all_pu,4.8,2.5,2.4,SRD,,0.0,,,SKIP,,,
UP_TO_4.8_MT_FREEZER_2~L4.8~W2.5~H2.4~all_pu, UP TO 4.8 MT FREEZER  (2,20,FREEZER MEDIUM,all_pu,4.8,2.5,2.4,SRD DOOR FITTINGS,,0.0,,,SKIP,,,
UP_TO_4.8_MT_FREEZER_2~L4.8~W2.5~H2.4~all_pu, UP TO 4.8 MT FREEZER  (2,20,FREEZER MEDIUM,all_pu,4.8,2.5,2.4,DRD,DRD,5994.22456,5994.18,0.001,PASS,,,
UP_TO_4.8_MT_FREEZER_2~L4.8~W2.5~H2.4~all_pu, UP TO 4.8 MT FREEZER  (2,20,FREEZER MEDIUM,all_pu,4.8,2.5,2.4,DRD DOOR FITTINGS,DRD DOOR FITTINGS,5983.98526,5983.99,0.0,PASS,,,
UP_TO_4.8_MT_FREEZER_2~L4.8~W2.5~H2.4~all_pu, UP TO 4.8 MT FREEZER  (2,20,FREEZER MEDIUM,all_pu,4.8,2.5,2.4,SIDES,SIDES,20503.284191,20503.05,0.001,PASS,,,
UP_TO_4.8_MT_FREEZER_2~L4.8~W2.5~H2.4~all_pu, UP TO 4.8 MT FREEZER  (2,20,FREEZER MEDIUM,all_pu,4.8,2.5,2.4,ROOF,ROOF,10325.133807,10325.05,0.001,PASS,,,
UP_TO_4.8_MT_FREEZER_2~L4.8~W2.5~H2.4~all_pu, UP TO 4.8 MT FREEZER  (2,20,FREEZER MEDIUM,all_pu,4.8,2.5,2.4,FLOOR,FLOOR,39505.184493,39505.15,0.0,PASS,,,
UP_TO_4.8_MT_FREEZER_2~L4.8~W2.5~H2.4~all_pu, UP TO 4.8 MT FREEZER  (2,20,FREEZER MEDIUM,all_pu,4.8,2.5,2.4,ALUMINIUM,ALUMINIUM,7323.628,7323.63,0.0,PASS,,,
UP_TO_4.8_MT_FREEZER_2~L4.8~W2.5~H2.4~all_pu, UP TO 4.8 MT FREEZER  (2,20,FREEZER MEDIUM,all_pu,4.8,2.5,2.4,SUB FRAME + LIGHT BOX ASSY,SUB FRAME + LIGHT BOX ASSY,8616.448808,8490.77,1.459,ACCEPTED,,PRICE_DIFF SMALL MOUNTING BRACKET (-125.68),"[DATA] SMALL MOUNTING BRACKET priced differently from Burt's sheet on FREEZER MEDIUM (-R126), prod as dev."
UP_TO_4.8_MT_FREEZER_2~L4.8~W2.5~H2.4~all_pu, UP TO 4.8 MT FREEZER  (2,20,FREEZER MEDIUM,all_pu,4.8,2.5,2.4,REAR FRAME + FLOOR PLATE,REAR FRAME & FLOOR PLATE,4633.7716,4633.77,0.0,PASS,,,
UP_TO_4.8_MT_FREEZER_2~L4.8~W2.5~H2.4~all_pu, UP TO 4.8 MT FREEZER  (2,20,FREEZER MEDIUM,all_pu,4.8,2.5,2.4,SPRAY PAINTING,SPRAY PAINTING,750.0,750.0,0.0,PASS,,,
UP_TO_4.8_MT_FREEZER_2~L4.8~W2.5~H2.4~all_pu, UP TO 4.8 MT FREEZER  (2,20,FREEZER MEDIUM,all_pu,4.8,2.5,2.4,REFLEXITE TAPE,REFLEXITE TAPE,217.8,217.8,0.0,PASS,,,
UP_TO_4.8_MT_FREEZER_2~L4.8~W2.5~H2.4~srd, UP TO 4.8 MT FREEZER  (2,20,FREEZER MEDIUM,srd,4.8,2.5,2.4,FRONT,FRONT,5227.241456,5227.18,0.001,PASS,,,
UP_TO_4.8_MT_FREEZER_2~L4.8~W2.5~H2.4~srd, UP TO 4.8 MT FREEZER  (2,20,FREEZER MEDIUM,srd,4.8,2.5,2.4,SRD,SRD,5439.592954,5439.54,0.001,PASS,,,
UP_TO_4.8_MT_FREEZER_2~L4.8~W2.5~H2.4~srd, UP TO 4.8 MT FREEZER  (2,20,FREEZER MEDIUM,srd,4.8,2.5,2.4,SRD DOOR FITTINGS,SRD DOOR FITTINGS,6821.62802,6821.63,0.0,PASS,,,
UP_TO_4.8_MT_FREEZER_2~L4.8~W2.5~H2.4~srd, UP TO 4.8 MT FREEZER  (2,20,FREEZER MEDIUM,srd,4.8,2.5,2.4,DRD,,0.0,,,SKIP,,,
UP_TO_4.8_MT_FREEZER_2~L4.8~W2.5~H2.4~srd, UP TO 4.8 MT FREEZER  (2,20,FREEZER MEDIUM,srd,4.8,2.5,2.4,DRD DOOR FITTINGS,,0.0,,,SKIP,,,
UP_TO_4.8_MT_FREEZER_2~L4.8~W2.5~H2.4~srd, UP TO 4.8 MT FREEZER  (2,20,FREEZER MEDIUM,srd,4.8,2.5,2.4,SIDES,SIDES,20503.284191,20503.05,0.001,PASS,,,
UP_TO_4.8_MT_FREEZER_2~L4.8~W2.5~H2.4~srd, UP TO 4.8 MT FREEZER  (2,20,FREEZER MEDIUM,srd,4.8,2.5,2.4,ROOF,ROOF,10325.133807,10325.05,0.001,PASS,,,
UP_TO_4.8_MT_FREEZER_2~L4.8~W2.5~H2.4~srd, UP TO 4.8 MT FREEZER  (2,20,FREEZER MEDIUM,srd,4.8,2.5,2.4,FLOOR,FLOOR,39505.184493,39505.15,0.0,PASS,,,
UP_TO_4.8_MT_FREEZER_2~L4.8~W2.5~H2.4~srd, UP TO 4.8 MT FREEZER  (2,20,FREEZER MEDIUM,srd,4.8,2.5,2.4,ALUMINIUM,ALUMINIUM,7323.628,7323.63,0.0,PASS,,,
UP_TO_4.8_MT_FREEZER_2~L4.8~W2.5~H2.4~srd, UP TO 4.8 MT FREEZER  (2,20,FREEZER MEDIUM,srd,4.8,2.5,2.4,SUB FRAME + LIGHT BOX ASSY,SUB FRAME + LIGHT BOX ASSY,8616.448808,8490.77,1.459,ACCEPTED,,PRICE_DIFF SMALL MOUNTING BRACKET (-125.68),"[DATA] SMALL MOUNTING BRACKET priced differently from Burt's sheet on FREEZER MEDIUM (-R126), prod as dev."
UP_TO_4.8_MT_FREEZER_2~L4.8~W2.5~H2.4~srd, UP TO 4.8 MT FREEZER  (2,20,FREEZER MEDIUM,srd,4.8,2.5,2.4,REAR FRAME + FLOOR PLATE,,0.0,,,SKIP,,,
UP_TO_4.8_MT_FREEZER_2~L4.8~W2.5~H2.4~srd, UP TO 4.8 MT FREEZER  (2,20,FREEZER MEDIUM,srd,4.8,2.5,2.4,SPRAY PAINTING,SPRAY PAINTING,750.0,750.0,0.0,PASS,,,
UP_TO_4.8_MT_FREEZER_2~L4.8~W2.5~H2.4~srd, UP TO 4.8 MT FREEZER  (2,20,FREEZER MEDIUM,srd,4.8,2.5,2.4,REFLEXITE TAPE,REFLEXITE TAPE,217.8,217.8,0.0,PASS,,,
UP_TO_4.8_MT_FREEZER_2~L4.8~W2.5~H2.4~drd, UP TO 4.8 MT FREEZER  (2,20,FREEZER MEDIUM,drd,4.8,2.5,2.4,FRONT,FRONT,5227.241456,5227.18,0.001,PASS,,,
UP_TO_4.8_MT_FREEZER_2~L4.8~W2.5~H2.4~drd, UP TO 4.8 MT FREEZER  (2,20,FREEZER MEDIUM,drd,4.8,2.5,2.4,SRD,,0.0,,,SKIP,,,
UP_TO_4.8_MT_FREEZER_2~L4.8~W2.5~H2.4~drd, UP TO 4.8 MT FREEZER  (2,20,FREEZER MEDIUM,drd,4.8,2.5,2.4,SRD DOOR FITTINGS,,0.0,,,SKIP,,,
UP_TO_4.8_MT_FREEZER_2~L4.8~W2.5~H2.4~drd, UP TO 4.8 MT FREEZER  (2,20,FREEZER MEDIUM,drd,4.8,2.5,2.4,DRD,DRD,5994.22456,5994.18,0.001,PASS,,,
UP_TO_4.8_MT_FREEZER_2~L4.8~W2.5~H2.4~drd, UP TO 4.8 MT FREEZER  (2,20,FREEZER MEDIUM,drd,4.8,2.5,2.4,DRD DOOR FITTINGS,DRD DOOR FITTINGS,5983.98526,5983.99,0.0,PASS,,,
UP_TO_4.8_MT_FREEZER_2~L4.8~W2.5~H2.4~drd, UP TO 4.8 MT FREEZER  (2,20,FREEZER MEDIUM,drd,4.8,2.5,2.4,SIDES,SIDES,20503.284191,20503.05,0.001,PASS,,,
UP_TO_4.8_MT_FREEZER_2~L4.8~W2.5~H2.4~drd, UP TO 4.8 MT FREEZER  (2,20,FREEZER MEDIUM,drd,4.8,2.5,2.4,ROOF,ROOF,10325.133807,10325.05,0.001,PASS,,,
UP_TO_4.8_MT_FREEZER_2~L4.8~W2.5~H2.4~drd, UP TO 4.8 MT FREEZER  (2,20,FREEZER MEDIUM,drd,4.8,2.5,2.4,FLOOR,FLOOR,39505.184493,39505.15,0.0,PASS,,,
UP_TO_4.8_MT_FREEZER_2~L4.8~W2.5~H2.4~drd, UP TO 4.8 MT FREEZER  (2,20,FREEZER MEDIUM,drd,4.8,2.5,2.4,ALUMINIUM,ALUMINIUM,7323.628,7323.63,0.0,PASS,,,
UP_TO_4.8_MT_FREEZER_2~L4.8~W2.5~H2.4~drd, UP TO 4.8 MT FREEZER  (2,20,FREEZER MEDIUM,drd,4.8,2.5,2.4,SUB FRAME + LIGHT BOX ASSY,SUB FRAME + LIGHT BOX ASSY,8616.448808,8490.77,1.459,ACCEPTED,,PRICE_DIFF SMALL MOUNTING BRACKET (-125.68),"[DATA] SMALL MOUNTING BRACKET priced differently from Burt's sheet on FREEZER MEDIUM (-R126), prod as dev."
UP_TO_4.8_MT_FREEZER_2~L4.8~W2.5~H2.4~drd, UP TO 4.8 MT FREEZER  (2,20,FREEZER MEDIUM,drd,4.8,2.5,2.4,REAR FRAME + FLOOR PLATE,REAR FRAME & FLOOR PLATE,4633.7716,4633.77,0.0,PASS,,,
UP_TO_4.8_MT_FREEZER_2~L4.8~W2.5~H2.4~drd, UP TO 4.8 MT FREEZER  (2,20,FREEZER MEDIUM,drd,4.8,2.5,2.4,SPRAY PAINTING,SPRAY PAINTING,750.0,750.0,0.0,PASS,,,
UP_TO_4.8_MT_FREEZER_2~L4.8~W2.5~H2.4~drd, UP TO 4.8 MT FREEZER  (2,20,FREEZER MEDIUM,drd,4.8,2.5,2.4,REFLEXITE TAPE,REFLEXITE TAPE,217.8,217.8,0.0,PASS,,,
UP_TO_4.8_MT_FREEZER_2~L4.8~W2.5~H2.4~foam_4g, UP TO 4.8 MT FREEZER  (2,20,FREEZER MEDIUM,foam_4g,4.8,2.5,2.4,FRONT,FRONT,5691.123592,5755.65,1.134,ACCEPTED,,BOTH PU (+64.58),"[RULING] Manifests F + F2 (RT1 ruling 3 and addendum): prod prices 4G PU foam at Burt's 21 Sep 4G, R5 581 = the PU material's R4 100 (Burt's corrected 32D) x 5581/4100; the golden is his September workbook (4G R5 400), so every costed 4G PU foam line reads +3.35 % against it (32D matches the golden: both R4 100). A stop-gap: rebuild the golden from the 21 Sep workbooks, then remove this entry. EXPIRED means the golden refresh has not shipped."
UP_TO_4.8_MT_FREEZER_2~L4.8~W2.5~H2.4~foam_4g, UP TO 4.8 MT FREEZER  (2,20,FREEZER MEDIUM,foam_4g,4.8,2.5,2.4,SRD,,0.0,,,SKIP,,,
UP_TO_4.8_MT_FREEZER_2~L4.8~W2.5~H2.4~foam_4g, UP TO 4.8 MT FREEZER  (2,20,FREEZER MEDIUM,foam_4g,4.8,2.5,2.4,SRD DOOR FITTINGS,,0.0,,,SKIP,,,
UP_TO_4.8_MT_FREEZER_2~L4.8~W2.5~H2.4~foam_4g, UP TO 4.8 MT FREEZER  (2,20,FREEZER MEDIUM,foam_4g,4.8,2.5,2.4,DRD,DRD,6458.106696,6522.65,0.999,PASS,,,
UP_TO_4.8_MT_FREEZER_2~L4.8~W2.5~H2.4~foam_4g, UP TO 4.8 MT FREEZER  (2,20,FREEZER MEDIUM,foam_4g,4.8,2.5,2.4,DRD DOOR FITTINGS,DRD DOOR FITTINGS,5983.98526,5983.99,0.0,PASS,,,
UP_TO_4.8_MT_FREEZER_2~L4.8~W2.5~H2.4~foam_4g, UP TO 4.8 MT FREEZER  (2,20,FREEZER MEDIUM,foam_4g,4.8,2.5,2.4,SIDES,SIDES,22347.405797,22603.93,1.148,ACCEPTED,,BOTH PU (+256.76),"[RULING] Manifests F + F2 (RT1 ruling 3 and addendum): prod prices 4G PU foam at Burt's 21 Sep 4G, R5 581 = the PU material's R4 100 (Burt's corrected 32D) x 5581/4100; the golden is his September workbook (4G R5 400), so every costed 4G PU foam line reads +3.35 % against it (32D matches the golden: both R4 100). A stop-gap: rebuild the golden from the 21 Sep workbooks, then remove this entry. EXPIRED means the golden refresh has not shipped."
UP_TO_4.8_MT_FREEZER_2~L4.8~W2.5~H2.4~foam_4g, UP TO 4.8 MT FREEZER  (2,20,FREEZER MEDIUM,foam_4g,4.8,2.5,2.4,ROOF,ROOF,11493.077491,11655.61,1.414,ACCEPTED,,BOTH PU (+162.61),"[RULING] Manifests F + F2 (RT1 ruling 3 and addendum): prod prices 4G PU foam at Burt's 21 Sep 4G, R5 581 = the PU material's R4 100 (Burt's corrected 32D) x 5581/4100; the golden is his September workbook (4G R5 400), so every costed 4G PU foam line reads +3.35 % against it (32D matches the golden: both R4 100). A stop-gap: rebuild the golden from the 21 Sep workbooks, then remove this entry. EXPIRED means the golden refresh has not shipped."
UP_TO_4.8_MT_FREEZER_2~L4.8~W2.5~H2.4~foam_4g, UP TO 4.8 MT FREEZER  (2,20,FREEZER MEDIUM,foam_4g,4.8,2.5,2.4,FLOOR,FLOOR,40673.128177,40835.71,0.4,PASS,,,
UP_TO_4.8_MT_FREEZER_2~L4.8~W2.5~H2.4~foam_4g, UP TO 4.8 MT FREEZER  (2,20,FREEZER MEDIUM,foam_4g,4.8,2.5,2.4,ALUMINIUM,ALUMINIUM,7323.628,7323.63,0.0,PASS,,,
UP_TO_4.8_MT_FREEZER_2~L4.8~W2.5~H2.4~foam_4g, UP TO 4.8 MT FREEZER  (2,20,FREEZER MEDIUM,foam_4g,4.8,2.5,2.4,SUB FRAME + LIGHT BOX ASSY,SUB FRAME + LIGHT BOX ASSY,8616.448808,8490.77,1.459,ACCEPTED,,PRICE_DIFF SMALL MOUNTING BRACKET (-125.68),"[DATA] SMALL MOUNTING BRACKET priced differently from Burt's sheet on FREEZER MEDIUM (-R126), prod as dev."
UP_TO_4.8_MT_FREEZER_2~L4.8~W2.5~H2.4~foam_4g, UP TO 4.8 MT FREEZER  (2,20,FREEZER MEDIUM,foam_4g,4.8,2.5,2.4,REAR FRAME + FLOOR PLATE,REAR FRAME & FLOOR PLATE,4633.7716,4633.77,0.0,PASS,,,
UP_TO_4.8_MT_FREEZER_2~L4.8~W2.5~H2.4~foam_4g, UP TO 4.8 MT FREEZER  (2,20,FREEZER MEDIUM,foam_4g,4.8,2.5,2.4,SPRAY PAINTING,SPRAY PAINTING,750.0,750.0,0.0,PASS,,,
UP_TO_4.8_MT_FREEZER_2~L4.8~W2.5~H2.4~foam_4g, UP TO 4.8 MT FREEZER  (2,20,FREEZER MEDIUM,foam_4g,4.8,2.5,2.4,REFLEXITE TAPE,REFLEXITE TAPE,217.8,217.8,0.0,PASS,,,
UP_TO_4.8_MT_FREEZER_2~L5.6~W2.5~H2.4~as_sheet, UP TO 4.8 MT FREEZER  (2,20,FREEZER MEDIUM,as_sheet,5.6,2.5,2.4,FRONT,FRONT,5227.241456,5227.18,0.001,PASS,,,
UP_TO_4.8_MT_FREEZER_2~L5.6~W2.5~H2.4~as_sheet, UP TO 4.8 MT FREEZER  (2,20,FREEZER MEDIUM,as_sheet,5.6,2.5,2.4,SRD,,0.0,,,SKIP,,,
UP_TO_4.8_MT_FREEZER_2~L5.6~W2.5~H2.4~as_sheet, UP TO 4.8 MT FREEZER  (2,20,FREEZER MEDIUM,as_sheet,5.6,2.5,2.4,SRD DOOR FITTINGS,,0.0,,,SKIP,,,
UP_TO_4.8_MT_FREEZER_2~L5.6~W2.5~H2.4~as_sheet, UP TO 4.8 MT FREEZER  (2,20,FREEZER MEDIUM,as_sheet,5.6,2.5,2.4,DRD,DRD,5994.22456,5994.18,0.001,PASS,,,
UP_TO_4.8_MT_FREEZER_2~L5.6~W2.5~H2.4~as_sheet, UP TO 4.8 MT FREEZER  (2,20,FREEZER MEDIUM,as_sheet,5.6,2.5,2.4,DRD DOOR FITTINGS,DRD DOOR FITTINGS,5983.98526,5983.99,0.0,PASS,,,
UP_TO_4.8_MT_FREEZER_2~L5.6~W2.5~H2.4~as_sheet, UP TO 4.8 MT FREEZER  (2,20,FREEZER MEDIUM,as_sheet,5.6,2.5,2.4,SIDES,SIDES,23824.574319,23824.3,0.001,PASS,,,
UP_TO_4.8_MT_FREEZER_2~L5.6~W2.5~H2.4~as_sheet, UP TO 4.8 MT FREEZER  (2,20,FREEZER MEDIUM,as_sheet,5.6,2.5,2.4,ROOF,ROOF,12009.570172,12009.47,0.001,PASS,,,
UP_TO_4.8_MT_FREEZER_2~L5.6~W2.5~H2.4~as_sheet, UP TO 4.8 MT FREEZER  (2,20,FREEZER MEDIUM,as_sheet,5.6,2.5,2.4,FLOOR,FLOOR,45781.520657,45781.48,0.0,PASS,,,
UP_TO_4.8_MT_FREEZER_2~L5.6~W2.5~H2.4~as_sheet, UP TO 4.8 MT FREEZER  (2,20,FREEZER MEDIUM,as_sheet,5.6,2.5,2.4,ALUMINIUM,ALUMINIUM,8192.828,8192.83,0.0,PASS,,,
UP_TO_4.8_MT_FREEZER_2~L5.6~W2.5~H2.4~as_sheet, UP TO 4.8 MT FREEZER  (2,20,FREEZER MEDIUM,as_sheet,5.6,2.5,2.4,SUB FRAME + LIGHT BOX ASSY,SUB FRAME + LIGHT BOX ASSY,9005.248808,8879.57,1.396,ACCEPTED,,PRICE_DIFF SMALL MOUNTING BRACKET (-125.68),"[DATA] SMALL MOUNTING BRACKET priced differently from Burt's sheet on FREEZER MEDIUM (-R126), prod as dev."
UP_TO_4.8_MT_FREEZER_2~L5.6~W2.5~H2.4~as_sheet, UP TO 4.8 MT FREEZER  (2,20,FREEZER MEDIUM,as_sheet,5.6,2.5,2.4,REAR FRAME + FLOOR PLATE,REAR FRAME & FLOOR PLATE,4633.7716,4633.77,0.0,PASS,,,
UP_TO_4.8_MT_FREEZER_2~L5.6~W2.5~H2.4~as_sheet, UP TO 4.8 MT FREEZER  (2,20,FREEZER MEDIUM,as_sheet,5.6,2.5,2.4,SPRAY PAINTING,SPRAY PAINTING,750.0,750.0,0.0,PASS,,,
UP_TO_4.8_MT_FREEZER_2~L5.6~W2.5~H2.4~as_sheet, UP TO 4.8 MT FREEZER  (2,20,FREEZER MEDIUM,as_sheet,5.6,2.5,2.4,REFLEXITE TAPE,REFLEXITE TAPE,246.6,246.6,0.0,PASS,,,
UP_TO_4.8_MT_FREEZER_2~L5.6~W2.5~H2.4~all_eps, UP TO 4.8 MT FREEZER  (2,20,FREEZER MEDIUM,all_eps,5.6,2.5,2.4,FRONT,FRONT,3649.523745,3649.47,,UNVERIFIABLE,EXCEL_NO_PRICE:EPS,,
UP_TO_4.8_MT_FREEZER_2~L5.6~W2.5~H2.4~all_eps, UP TO 4.8 MT FREEZER  (2,20,FREEZER MEDIUM,all_eps,5.6,2.5,2.4,SRD,,0.0,,,SKIP,,,
UP_TO_4.8_MT_FREEZER_2~L5.6~W2.5~H2.4~all_eps, UP TO 4.8 MT FREEZER  (2,20,FREEZER MEDIUM,all_eps,5.6,2.5,2.4,SRD DOOR FITTINGS,,0.0,,,SKIP,,,
UP_TO_4.8_MT_FREEZER_2~L5.6~W2.5~H2.4~all_eps, UP TO 4.8 MT FREEZER  (2,20,FREEZER MEDIUM,all_eps,5.6,2.5,2.4,DRD,DRD,4416.116435,4416.08,,UNVERIFIABLE,EXCEL_NO_PRICE:EPS,,
UP_TO_4.8_MT_FREEZER_2~L5.6~W2.5~H2.4~all_eps, UP TO 4.8 MT FREEZER  (2,20,FREEZER MEDIUM,all_eps,5.6,2.5,2.4,DRD DOOR FITTINGS,DRD DOOR FITTINGS,5920.59594,5920.6,0.0,PASS,,,
UP_TO_4.8_MT_FREEZER_2~L5.6~W2.5~H2.4~all_eps, UP TO 4.8 MT FREEZER  (2,20,FREEZER MEDIUM,all_eps,5.6,2.5,2.4,SIDES,SIDES,16536.432447,16566.38,,UNVERIFIABLE,EXCEL_NO_PRICE:EPS,,
UP_TO_4.8_MT_FREEZER_2~L5.6~W2.5~H2.4~all_eps, UP TO 4.8 MT FREEZER  (2,20,FREEZER MEDIUM,all_eps,5.6,2.5,2.4,ROOF,ROOF,9974.103623,9974.01,0.001,PASS,,,
UP_TO_4.8_MT_FREEZER_2~L5.6~W2.5~H2.4~all_eps, UP TO 4.8 MT FREEZER  (2,20,FREEZER MEDIUM,all_eps,5.6,2.5,2.4,FLOOR,FLOOR,43746.054108,43746.01,0.0,PASS,,,
UP_TO_4.8_MT_FREEZER_2~L5.6~W2.5~H2.4~all_eps, UP TO 4.8 MT FREEZER  (2,20,FREEZER MEDIUM,all_eps,5.6,2.5,2.4,ALUMINIUM,ALUMINIUM,8192.828,8192.83,0.0,PASS,,,
UP_TO_4.8_MT_FREEZER_2~L5.6~W2.5~H2.4~all_eps, UP TO 4.8 MT FREEZER  (2,20,FREEZER MEDIUM,all_eps,5.6,2.5,2.4,SUB FRAME + LIGHT BOX ASSY,SUB FRAME + LIGHT BOX ASSY,9005.248808,8879.57,1.396,ACCEPTED,,PRICE_DIFF SMALL MOUNTING BRACKET (-125.68),"[DATA] SMALL MOUNTING BRACKET priced differently from Burt's sheet on FREEZER MEDIUM (-R126), prod as dev."
UP_TO_4.8_MT_FREEZER_2~L5.6~W2.5~H2.4~all_eps, UP TO 4.8 MT FREEZER  (2,20,FREEZER MEDIUM,all_eps,5.6,2.5,2.4,REAR FRAME + FLOOR PLATE,REAR FRAME & FLOOR PLATE,4633.7716,4633.77,0.0,PASS,,,
UP_TO_4.8_MT_FREEZER_2~L5.6~W2.5~H2.4~all_eps, UP TO 4.8 MT FREEZER  (2,20,FREEZER MEDIUM,all_eps,5.6,2.5,2.4,SPRAY PAINTING,SPRAY PAINTING,750.0,750.0,0.0,PASS,,,
UP_TO_4.8_MT_FREEZER_2~L5.6~W2.5~H2.4~all_eps, UP TO 4.8 MT FREEZER  (2,20,FREEZER MEDIUM,all_eps,5.6,2.5,2.4,REFLEXITE TAPE,REFLEXITE TAPE,246.6,246.6,0.0,PASS,,,
UP_TO_4.8_MT_FREEZER_2~L5.6~W2.5~H2.4~all_pu, UP TO 4.8 MT FREEZER  (2,20,FREEZER MEDIUM,all_pu,5.6,2.5,2.4,FRONT,FRONT,5227.241456,5227.18,0.001,PASS,,,
UP_TO_4.8_MT_FREEZER_2~L5.6~W2.5~H2.4~all_pu, UP TO 4.8 MT FREEZER  (2,20,FREEZER MEDIUM,all_pu,5.6,2.5,2.4,SRD,,0.0,,,SKIP,,,
UP_TO_4.8_MT_FREEZER_2~L5.6~W2.5~H2.4~all_pu, UP TO 4.8 MT FREEZER  (2,20,FREEZER MEDIUM,all_pu,5.6,2.5,2.4,SRD DOOR FITTINGS,,0.0,,,SKIP,,,
UP_TO_4.8_MT_FREEZER_2~L5.6~W2.5~H2.4~all_pu, UP TO 4.8 MT FREEZER  (2,20,FREEZER MEDIUM,all_pu,5.6,2.5,2.4,DRD,DRD,5994.22456,5994.18,0.001,PASS,,,
UP_TO_4.8_MT_FREEZER_2~L5.6~W2.5~H2.4~all_pu, UP TO 4.8 MT FREEZER  (2,20,FREEZER MEDIUM,all_pu,5.6,2.5,2.4,DRD DOOR FITTINGS,DRD DOOR FITTINGS,5983.98526,5983.99,0.0,PASS,,,
UP_TO_4.8_MT_FREEZER_2~L5.6~W2.5~H2.4~all_pu, UP TO 4.8 MT FREEZER  (2,20,FREEZER MEDIUM,all_pu,5.6,2.5,2.4,SIDES,SIDES,23824.574319,23824.3,0.001,PASS,,,
UP_TO_4.8_MT_FREEZER_2~L5.6~W2.5~H2.4~all_pu, UP TO 4.8 MT FREEZER  (2,20,FREEZER MEDIUM,all_pu,5.6,2.5,2.4,ROOF,ROOF,12009.570172,12009.47,0.001,PASS,,,
UP_TO_4.8_MT_FREEZER_2~L5.6~W2.5~H2.4~all_pu, UP TO 4.8 MT FREEZER  (2,20,FREEZER MEDIUM,all_pu,5.6,2.5,2.4,FLOOR,FLOOR,45781.520657,45781.48,0.0,PASS,,,
UP_TO_4.8_MT_FREEZER_2~L5.6~W2.5~H2.4~all_pu, UP TO 4.8 MT FREEZER  (2,20,FREEZER MEDIUM,all_pu,5.6,2.5,2.4,ALUMINIUM,ALUMINIUM,8192.828,8192.83,0.0,PASS,,,
UP_TO_4.8_MT_FREEZER_2~L5.6~W2.5~H2.4~all_pu, UP TO 4.8 MT FREEZER  (2,20,FREEZER MEDIUM,all_pu,5.6,2.5,2.4,SUB FRAME + LIGHT BOX ASSY,SUB FRAME + LIGHT BOX ASSY,9005.248808,8879.57,1.396,ACCEPTED,,PRICE_DIFF SMALL MOUNTING BRACKET (-125.68),"[DATA] SMALL MOUNTING BRACKET priced differently from Burt's sheet on FREEZER MEDIUM (-R126), prod as dev."
UP_TO_4.8_MT_FREEZER_2~L5.6~W2.5~H2.4~all_pu, UP TO 4.8 MT FREEZER  (2,20,FREEZER MEDIUM,all_pu,5.6,2.5,2.4,REAR FRAME + FLOOR PLATE,REAR FRAME & FLOOR PLATE,4633.7716,4633.77,0.0,PASS,,,
UP_TO_4.8_MT_FREEZER_2~L5.6~W2.5~H2.4~all_pu, UP TO 4.8 MT FREEZER  (2,20,FREEZER MEDIUM,all_pu,5.6,2.5,2.4,SPRAY PAINTING,SPRAY PAINTING,750.0,750.0,0.0,PASS,,,
UP_TO_4.8_MT_FREEZER_2~L5.6~W2.5~H2.4~all_pu, UP TO 4.8 MT FREEZER  (2,20,FREEZER MEDIUM,all_pu,5.6,2.5,2.4,REFLEXITE TAPE,REFLEXITE TAPE,246.6,246.6,0.0,PASS,,,
UP_TO_4.8_MT_FREEZER_2~L5.6~W2.5~H2.4~srd, UP TO 4.8 MT FREEZER  (2,20,FREEZER MEDIUM,srd,5.6,2.5,2.4,FRONT,FRONT,5227.241456,5227.18,0.001,PASS,,,
UP_TO_4.8_MT_FREEZER_2~L5.6~W2.5~H2.4~srd, UP TO 4.8 MT FREEZER  (2,20,FREEZER MEDIUM,srd,5.6,2.5,2.4,SRD,SRD,5439.592954,5439.54,0.001,PASS,,,
UP_TO_4.8_MT_FREEZER_2~L5.6~W2.5~H2.4~srd, UP TO 4.8 MT FREEZER  (2,20,FREEZER MEDIUM,srd,5.6,2.5,2.4,SRD DOOR FITTINGS,SRD DOOR FITTINGS,6821.62802,6821.63,0.0,PASS,,,
UP_TO_4.8_MT_FREEZER_2~L5.6~W2.5~H2.4~srd, UP TO 4.8 MT FREEZER  (2,20,FREEZER MEDIUM,srd,5.6,2.5,2.4,DRD,,0.0,,,SKIP,,,
UP_TO_4.8_MT_FREEZER_2~L5.6~W2.5~H2.4~srd, UP TO 4.8 MT FREEZER  (2,20,FREEZER MEDIUM,srd,5.6,2.5,2.4,DRD DOOR FITTINGS,,0.0,,,SKIP,,,
UP_TO_4.8_MT_FREEZER_2~L5.6~W2.5~H2.4~srd, UP TO 4.8 MT FREEZER  (2,20,FREEZER MEDIUM,srd,5.6,2.5,2.4,SIDES,SIDES,23824.574319,23824.3,0.001,PASS,,,
UP_TO_4.8_MT_FREEZER_2~L5.6~W2.5~H2.4~srd, UP TO 4.8 MT FREEZER  (2,20,FREEZER MEDIUM,srd,5.6,2.5,2.4,ROOF,ROOF,12009.570172,12009.47,0.001,PASS,,,
UP_TO_4.8_MT_FREEZER_2~L5.6~W2.5~H2.4~srd, UP TO 4.8 MT FREEZER  (2,20,FREEZER MEDIUM,srd,5.6,2.5,2.4,FLOOR,FLOOR,45781.520657,45781.48,0.0,PASS,,,
UP_TO_4.8_MT_FREEZER_2~L5.6~W2.5~H2.4~srd, UP TO 4.8 MT FREEZER  (2,20,FREEZER MEDIUM,srd,5.6,2.5,2.4,ALUMINIUM,ALUMINIUM,8192.828,8192.83,0.0,PASS,,,
UP_TO_4.8_MT_FREEZER_2~L5.6~W2.5~H2.4~srd, UP TO 4.8 MT FREEZER  (2,20,FREEZER MEDIUM,srd,5.6,2.5,2.4,SUB FRAME + LIGHT BOX ASSY,SUB FRAME + LIGHT BOX ASSY,9005.248808,8879.57,1.396,ACCEPTED,,PRICE_DIFF SMALL MOUNTING BRACKET (-125.68),"[DATA] SMALL MOUNTING BRACKET priced differently from Burt's sheet on FREEZER MEDIUM (-R126), prod as dev."
UP_TO_4.8_MT_FREEZER_2~L5.6~W2.5~H2.4~srd, UP TO 4.8 MT FREEZER  (2,20,FREEZER MEDIUM,srd,5.6,2.5,2.4,REAR FRAME + FLOOR PLATE,,0.0,,,SKIP,,,
UP_TO_4.8_MT_FREEZER_2~L5.6~W2.5~H2.4~srd, UP TO 4.8 MT FREEZER  (2,20,FREEZER MEDIUM,srd,5.6,2.5,2.4,SPRAY PAINTING,SPRAY PAINTING,750.0,750.0,0.0,PASS,,,
UP_TO_4.8_MT_FREEZER_2~L5.6~W2.5~H2.4~srd, UP TO 4.8 MT FREEZER  (2,20,FREEZER MEDIUM,srd,5.6,2.5,2.4,REFLEXITE TAPE,REFLEXITE TAPE,246.6,246.6,0.0,PASS,,,
UP_TO_4.8_MT_FREEZER_2~L5.6~W2.5~H2.4~drd, UP TO 4.8 MT FREEZER  (2,20,FREEZER MEDIUM,drd,5.6,2.5,2.4,FRONT,FRONT,5227.241456,5227.18,0.001,PASS,,,
UP_TO_4.8_MT_FREEZER_2~L5.6~W2.5~H2.4~drd, UP TO 4.8 MT FREEZER  (2,20,FREEZER MEDIUM,drd,5.6,2.5,2.4,SRD,,0.0,,,SKIP,,,
UP_TO_4.8_MT_FREEZER_2~L5.6~W2.5~H2.4~drd, UP TO 4.8 MT FREEZER  (2,20,FREEZER MEDIUM,drd,5.6,2.5,2.4,SRD DOOR FITTINGS,,0.0,,,SKIP,,,
UP_TO_4.8_MT_FREEZER_2~L5.6~W2.5~H2.4~drd, UP TO 4.8 MT FREEZER  (2,20,FREEZER MEDIUM,drd,5.6,2.5,2.4,DRD,DRD,5994.22456,5994.18,0.001,PASS,,,
UP_TO_4.8_MT_FREEZER_2~L5.6~W2.5~H2.4~drd, UP TO 4.8 MT FREEZER  (2,20,FREEZER MEDIUM,drd,5.6,2.5,2.4,DRD DOOR FITTINGS,DRD DOOR FITTINGS,5983.98526,5983.99,0.0,PASS,,,
UP_TO_4.8_MT_FREEZER_2~L5.6~W2.5~H2.4~drd, UP TO 4.8 MT FREEZER  (2,20,FREEZER MEDIUM,drd,5.6,2.5,2.4,SIDES,SIDES,23824.574319,23824.3,0.001,PASS,,,
UP_TO_4.8_MT_FREEZER_2~L5.6~W2.5~H2.4~drd, UP TO 4.8 MT FREEZER  (2,20,FREEZER MEDIUM,drd,5.6,2.5,2.4,ROOF,ROOF,12009.570172,12009.47,0.001,PASS,,,
UP_TO_4.8_MT_FREEZER_2~L5.6~W2.5~H2.4~drd, UP TO 4.8 MT FREEZER  (2,20,FREEZER MEDIUM,drd,5.6,2.5,2.4,FLOOR,FLOOR,45781.520657,45781.48,0.0,PASS,,,
UP_TO_4.8_MT_FREEZER_2~L5.6~W2.5~H2.4~drd, UP TO 4.8 MT FREEZER  (2,20,FREEZER MEDIUM,drd,5.6,2.5,2.4,ALUMINIUM,ALUMINIUM,8192.828,8192.83,0.0,PASS,,,
UP_TO_4.8_MT_FREEZER_2~L5.6~W2.5~H2.4~drd, UP TO 4.8 MT FREEZER  (2,20,FREEZER MEDIUM,drd,5.6,2.5,2.4,SUB FRAME + LIGHT BOX ASSY,SUB FRAME + LIGHT BOX ASSY,9005.248808,8879.57,1.396,ACCEPTED,,PRICE_DIFF SMALL MOUNTING BRACKET (-125.68),"[DATA] SMALL MOUNTING BRACKET priced differently from Burt's sheet on FREEZER MEDIUM (-R126), prod as dev."
UP_TO_4.8_MT_FREEZER_2~L5.6~W2.5~H2.4~drd, UP TO 4.8 MT FREEZER  (2,20,FREEZER MEDIUM,drd,5.6,2.5,2.4,REAR FRAME + FLOOR PLATE,REAR FRAME & FLOOR PLATE,4633.7716,4633.77,0.0,PASS,,,
UP_TO_4.8_MT_FREEZER_2~L5.6~W2.5~H2.4~drd, UP TO 4.8 MT FREEZER  (2,20,FREEZER MEDIUM,drd,5.6,2.5,2.4,SPRAY PAINTING,SPRAY PAINTING,750.0,750.0,0.0,PASS,,,
UP_TO_4.8_MT_FREEZER_2~L5.6~W2.5~H2.4~drd, UP TO 4.8 MT FREEZER  (2,20,FREEZER MEDIUM,drd,5.6,2.5,2.4,REFLEXITE TAPE,REFLEXITE TAPE,246.6,246.6,0.0,PASS,,,
UP_TO_4.8_MT_FREEZER_2~L5.6~W2.5~H2.4~foam_4g, UP TO 4.8 MT FREEZER  (2,20,FREEZER MEDIUM,foam_4g,5.6,2.5,2.4,FRONT,FRONT,5691.123592,5755.65,1.134,ACCEPTED,,BOTH PU (+64.58),"[RULING] Manifests F + F2 (RT1 ruling 3 and addendum): prod prices 4G PU foam at Burt's 21 Sep 4G, R5 581 = the PU material's R4 100 (Burt's corrected 32D) x 5581/4100; the golden is his September workbook (4G R5 400), so every costed 4G PU foam line reads +3.35 % against it (32D matches the golden: both R4 100). A stop-gap: rebuild the golden from the 21 Sep workbooks, then remove this entry. EXPIRED means the golden refresh has not shipped."
UP_TO_4.8_MT_FREEZER_2~L5.6~W2.5~H2.4~foam_4g, UP TO 4.8 MT FREEZER  (2,20,FREEZER MEDIUM,foam_4g,5.6,2.5,2.4,SRD,,0.0,,,SKIP,,,
UP_TO_4.8_MT_FREEZER_2~L5.6~W2.5~H2.4~foam_4g, UP TO 4.8 MT FREEZER  (2,20,FREEZER MEDIUM,foam_4g,5.6,2.5,2.4,SRD DOOR FITTINGS,,0.0,,,SKIP,,,
UP_TO_4.8_MT_FREEZER_2~L5.6~W2.5~H2.4~foam_4g, UP TO 4.8 MT FREEZER  (2,20,FREEZER MEDIUM,foam_4g,5.6,2.5,2.4,DRD,DRD,6458.106696,6522.65,0.999,PASS,,,
UP_TO_4.8_MT_FREEZER_2~L5.6~W2.5~H2.4~foam_4g, UP TO 4.8 MT FREEZER  (2,20,FREEZER MEDIUM,foam_4g,5.6,2.5,2.4,DRD DOOR FITTINGS,DRD DOOR FITTINGS,5983.98526,5983.99,0.0,PASS,,,
UP_TO_4.8_MT_FREEZER_2~L5.6~W2.5~H2.4~foam_4g, UP TO 4.8 MT FREEZER  (2,20,FREEZER MEDIUM,foam_4g,5.6,2.5,2.4,SIDES,SIDES,25972.880933,26271.72,1.151,ACCEPTED,,BOTH PU (+299.11),"[RULING] Manifests F + F2 (RT1 ruling 3 and addendum): prod prices 4G PU foam at Burt's 21 Sep 4G, R5 581 = the PU material's R4 100 (Burt's corrected 32D) x 5581/4100; the golden is his September workbook (4G R5 400), so every costed 4G PU foam line reads +3.35 % against it (32D matches the golden: both R4 100). A stop-gap: rebuild the golden from the 21 Sep workbooks, then remove this entry. EXPIRED means the golden refresh has not shipped."
UP_TO_4.8_MT_FREEZER_2~L5.6~W2.5~H2.4~foam_4g, UP TO 4.8 MT FREEZER  (2,20,FREEZER MEDIUM,foam_4g,5.6,2.5,2.4,ROOF,ROOF,13370.16436,13559.5,1.416,ACCEPTED,,BOTH PU (+189.44),"[RULING] Manifests F + F2 (RT1 ruling 3 and addendum): prod prices 4G PU foam at Burt's 21 Sep 4G, R5 581 = the PU material's R4 100 (Burt's corrected 32D) x 5581/4100; the golden is his September workbook (4G R5 400), so every costed 4G PU foam line reads +3.35 % against it (32D matches the golden: both R4 100). A stop-gap: rebuild the golden from the 21 Sep workbooks, then remove this entry. EXPIRED means the golden refresh has not shipped."
UP_TO_4.8_MT_FREEZER_2~L5.6~W2.5~H2.4~foam_4g, UP TO 4.8 MT FREEZER  (2,20,FREEZER MEDIUM,foam_4g,5.6,2.5,2.4,FLOOR,FLOOR,47142.114846,47331.51,0.402,PASS,,,
UP_TO_4.8_MT_FREEZER_2~L5.6~W2.5~H2.4~foam_4g, UP TO 4.8 MT FREEZER  (2,20,FREEZER MEDIUM,foam_4g,5.6,2.5,2.4,ALUMINIUM,ALUMINIUM,8192.828,8192.83,0.0,PASS,,,
UP_TO_4.8_MT_FREEZER_2~L5.6~W2.5~H2.4~foam_4g, UP TO 4.8 MT FREEZER  (2,20,FREEZER MEDIUM,foam_4g,5.6,2.5,2.4,SUB FRAME + LIGHT BOX ASSY,SUB FRAME + LIGHT BOX ASSY,9005.248808,8879.57,1.396,ACCEPTED,,PRICE_DIFF SMALL MOUNTING BRACKET (-125.68),"[DATA] SMALL MOUNTING BRACKET priced differently from Burt's sheet on FREEZER MEDIUM (-R126), prod as dev."
UP_TO_4.8_MT_FREEZER_2~L5.6~W2.5~H2.4~foam_4g, UP TO 4.8 MT FREEZER  (2,20,FREEZER MEDIUM,foam_4g,5.6,2.5,2.4,REAR FRAME + FLOOR PLATE,REAR FRAME & FLOOR PLATE,4633.7716,4633.77,0.0,PASS,,,
UP_TO_4.8_MT_FREEZER_2~L5.6~W2.5~H2.4~foam_4g, UP TO 4.8 MT FREEZER  (2,20,FREEZER MEDIUM,foam_4g,5.6,2.5,2.4,SPRAY PAINTING,SPRAY PAINTING,750.0,750.0,0.0,PASS,,,
UP_TO_4.8_MT_FREEZER_2~L5.6~W2.5~H2.4~foam_4g, UP TO 4.8 MT FREEZER  (2,20,FREEZER MEDIUM,foam_4g,5.6,2.5,2.4,REFLEXITE TAPE,REFLEXITE TAPE,246.6,246.6,0.0,PASS,,,
4.9_+_UP_FREEZER_BODY_2~L4.9~W2.6~H2.56~as_sheet, 4.9 & UP FREEZER BODY (2,21,FREEZER LARGE,as_sheet,4.9,2.6,2.56,FRONT,FRONT,5588.153405,5596.29,0.146,PASS,,,
4.9_+_UP_FREEZER_BODY_2~L4.9~W2.6~H2.56~as_sheet, 4.9 & UP FREEZER BODY (2,21,FREEZER LARGE,as_sheet,4.9,2.6,2.56,SRD,,0.0,,,SKIP,,,
4.9_+_UP_FREEZER_BODY_2~L4.9~W2.6~H2.56~as_sheet, 4.9 & UP FREEZER BODY (2,21,FREEZER LARGE,as_sheet,4.9,2.6,2.56,SRD DOOR FITTINGS,,0.0,,,SKIP,,,
4.9_+_UP_FREEZER_BODY_2~L4.9~W2.6~H2.56~as_sheet, 4.9 & UP FREEZER BODY (2,21,FREEZER LARGE,as_sheet,4.9,2.6,2.56,DRD,DRD,6352.841946,6352.78,0.001,PASS,,,
4.9_+_UP_FREEZER_BODY_2~L4.9~W2.6~H2.56~as_sheet, 4.9 & UP FREEZER BODY (2,21,FREEZER LARGE,as_sheet,4.9,2.6,2.56,DRD DOOR FITTINGS,DRD DOOR FITTINGS,6438.75928,6438.76,0.0,PASS,,,
4.9_+_UP_FREEZER_BODY_2~L4.9~W2.6~H2.56~as_sheet, 4.9 & UP FREEZER BODY (2,21,FREEZER LARGE,as_sheet,4.9,2.6,2.56,SIDES,SIDES,21723.518019,21723.26,0.001,PASS,,,
4.9_+_UP_FREEZER_BODY_2~L4.9~W2.6~H2.56~as_sheet, 4.9 & UP FREEZER BODY (2,21,FREEZER LARGE,as_sheet,4.9,2.6,2.56,ROOF,ROOF,11996.67899,11996.59,0.001,PASS,,,
4.9_+_UP_FREEZER_BODY_2~L4.9~W2.6~H2.56~as_sheet, 4.9 & UP FREEZER BODY (2,21,FREEZER LARGE,as_sheet,4.9,2.6,2.56,FLOOR,FLOOR,22693.883877,22694.06,0.001,PASS,,,
4.9_+_UP_FREEZER_BODY_2~L4.9~W2.6~H2.56~as_sheet, 4.9 & UP FREEZER BODY (2,21,FREEZER LARGE,as_sheet,4.9,2.6,2.56,ALUMINIUM,ALUMINIUM,8693.878,8693.88,0.0,PASS,,,
4.9_+_UP_FREEZER_BODY_2~L4.9~W2.6~H2.56~as_sheet, 4.9 & UP FREEZER BODY (2,21,FREEZER LARGE,as_sheet,4.9,2.6,2.56,SUB FRAME + LIGHT BOX ASSY,SUB FRAME + LIGHT BOX ASSY,8316.704025,8316.73,0.0,PASS,,,
4.9_+_UP_FREEZER_BODY_2~L4.9~W2.6~H2.56~as_sheet, 4.9 & UP FREEZER BODY (2,21,FREEZER LARGE,as_sheet,4.9,2.6,2.56,REAR FRAME + FLOOR PLATE,REAR FRAME & FLOOR PLATE,5432.105904,5432.11,0.0,PASS,,,
4.9_+_UP_FREEZER_BODY_2~L4.9~W2.6~H2.56~as_sheet, 4.9 & UP FREEZER BODY (2,21,FREEZER LARGE,as_sheet,4.9,2.6,2.56,SPRAY PAINTING,SPRAY PAINTING,750.0,750.0,0.0,PASS,,,
4.9_+_UP_FREEZER_BODY_2~L4.9~W2.6~H2.56~as_sheet, 4.9 & UP FREEZER BODY (2,21,FREEZER LARGE,as_sheet,4.9,2.6,2.56,REFLEXITE TAPE,REFLEXITE TAPE,225.9,225.9,0.0,PASS,,,
4.9_+_UP_FREEZER_BODY_2~L4.9~W2.6~H2.56~all_eps, 4.9 & UP FREEZER BODY (2,21,FREEZER LARGE,all_eps,4.9,2.6,2.56,FRONT,FRONT,4043.588126,4051.64,,UNVERIFIABLE,EXCEL_NO_PRICE:EPS,,
4.9_+_UP_FREEZER_BODY_2~L4.9~W2.6~H2.56~all_eps, 4.9 & UP FREEZER BODY (2,21,FREEZER LARGE,all_eps,4.9,2.6,2.56,SRD,,0.0,,,SKIP,,,
4.9_+_UP_FREEZER_BODY_2~L4.9~W2.6~H2.56~all_eps, 4.9 & UP FREEZER BODY (2,21,FREEZER LARGE,all_eps,4.9,2.6,2.56,SRD DOOR FITTINGS,,0.0,,,SKIP,,,
4.9_+_UP_FREEZER_BODY_2~L4.9~W2.6~H2.56~all_eps, 4.9 & UP FREEZER BODY (2,21,FREEZER LARGE,all_eps,4.9,2.6,2.56,DRD,DRD,4807.917059,4807.85,,UNVERIFIABLE,EXCEL_NO_PRICE:EPS,,
4.9_+_UP_FREEZER_BODY_2~L4.9~W2.6~H2.56~all_eps, 4.9 & UP FREEZER BODY (2,21,FREEZER LARGE,all_eps,4.9,2.6,2.56,DRD DOOR FITTINGS,DRD DOOR FITTINGS,6394.50624,6394.51,0.0,PASS,,,
4.9_+_UP_FREEZER_BODY_2~L4.9~W2.6~H2.56~all_eps, 4.9 & UP FREEZER BODY (2,21,FREEZER LARGE,all_eps,4.9,2.6,2.56,SIDES,SIDES,15479.701232,15479.45,,UNVERIFIABLE,EXCEL_NO_PRICE:EPS,,
4.9_+_UP_FREEZER_BODY_2~L4.9~W2.6~H2.56~all_eps, 4.9 & UP FREEZER BODY (2,21,FREEZER LARGE,all_eps,4.9,2.6,2.56,ROOF,ROOF,9752.221553,9752.13,0.001,PASS,,,
4.9_+_UP_FREEZER_BODY_2~L4.9~W2.6~H2.56~all_eps, 4.9 & UP FREEZER BODY (2,21,FREEZER LARGE,all_eps,4.9,2.6,2.56,FLOOR,FLOOR,20449.42644,20449.61,0.001,PASS,,,
4.9_+_UP_FREEZER_BODY_2~L4.9~W2.6~H2.56~all_eps, 4.9 & UP FREEZER BODY (2,21,FREEZER LARGE,all_eps,4.9,2.6,2.56,ALUMINIUM,ALUMINIUM,8693.878,8693.88,0.0,PASS,,,
4.9_+_UP_FREEZER_BODY_2~L4.9~W2.6~H2.56~all_eps, 4.9 & UP FREEZER BODY (2,21,FREEZER LARGE,all_eps,4.9,2.6,2.56,SUB FRAME + LIGHT BOX ASSY,SUB FRAME + LIGHT BOX ASSY,8316.704025,8316.73,0.0,PASS,,,
4.9_+_UP_FREEZER_BODY_2~L4.9~W2.6~H2.56~all_eps, 4.9 & UP FREEZER BODY (2,21,FREEZER LARGE,all_eps,4.9,2.6,2.56,REAR FRAME + FLOOR PLATE,REAR FRAME & FLOOR PLATE,5432.105904,5432.11,0.0,PASS,,,
4.9_+_UP_FREEZER_BODY_2~L4.9~W2.6~H2.56~all_eps, 4.9 & UP FREEZER BODY (2,21,FREEZER LARGE,all_eps,4.9,2.6,2.56,SPRAY PAINTING,SPRAY PAINTING,750.0,750.0,0.0,PASS,,,
4.9_+_UP_FREEZER_BODY_2~L4.9~W2.6~H2.56~all_eps, 4.9 & UP FREEZER BODY (2,21,FREEZER LARGE,all_eps,4.9,2.6,2.56,REFLEXITE TAPE,REFLEXITE TAPE,225.9,225.9,0.0,PASS,,,
4.9_+_UP_FREEZER_BODY_2~L4.9~W2.6~H2.56~all_pu, 4.9 & UP FREEZER BODY (2,21,FREEZER LARGE,all_pu,4.9,2.6,2.56,FRONT,FRONT,5588.153405,5596.29,0.146,PASS,,,
4.9_+_UP_FREEZER_BODY_2~L4.9~W2.6~H2.56~all_pu, 4.9 & UP FREEZER BODY (2,21,FREEZER LARGE,all_pu,4.9,2.6,2.56,SRD,,0.0,,,SKIP,,,
4.9_+_UP_FREEZER_BODY_2~L4.9~W2.6~H2.56~all_pu, 4.9 & UP FREEZER BODY (2,21,FREEZER LARGE,all_pu,4.9,2.6,2.56,SRD DOOR FITTINGS,,0.0,,,SKIP,,,
4.9_+_UP_FREEZER_BODY_2~L4.9~W2.6~H2.56~all_pu, 4.9 & UP FREEZER BODY (2,21,FREEZER LARGE,all_pu,4.9,2.6,2.56,DRD,DRD,6352.841946,6352.78,0.001,PASS,,,
4.9_+_UP_FREEZER_BODY_2~L4.9~W2.6~H2.56~all_pu, 4.9 & UP FREEZER BODY (2,21,FREEZER LARGE,all_pu,4.9,2.6,2.56,DRD DOOR FITTINGS,DRD DOOR FITTINGS,6438.75928,6438.76,0.0,PASS,,,
4.9_+_UP_FREEZER_BODY_2~L4.9~W2.6~H2.56~all_pu, 4.9 & UP FREEZER BODY (2,21,FREEZER LARGE,all_pu,4.9,2.6,2.56,SIDES,SIDES,21723.518019,21723.26,0.001,PASS,,,
4.9_+_UP_FREEZER_BODY_2~L4.9~W2.6~H2.56~all_pu, 4.9 & UP FREEZER BODY (2,21,FREEZER LARGE,all_pu,4.9,2.6,2.56,ROOF,ROOF,11996.67899,11996.59,0.001,PASS,,,
4.9_+_UP_FREEZER_BODY_2~L4.9~W2.6~H2.56~all_pu, 4.9 & UP FREEZER BODY (2,21,FREEZER LARGE,all_pu,4.9,2.6,2.56,FLOOR,FLOOR,22693.883877,22694.06,0.001,PASS,,,
4.9_+_UP_FREEZER_BODY_2~L4.9~W2.6~H2.56~all_pu, 4.9 & UP FREEZER BODY (2,21,FREEZER LARGE,all_pu,4.9,2.6,2.56,ALUMINIUM,ALUMINIUM,8693.878,8693.88,0.0,PASS,,,
4.9_+_UP_FREEZER_BODY_2~L4.9~W2.6~H2.56~all_pu, 4.9 & UP FREEZER BODY (2,21,FREEZER LARGE,all_pu,4.9,2.6,2.56,SUB FRAME + LIGHT BOX ASSY,SUB FRAME + LIGHT BOX ASSY,8316.704025,8316.73,0.0,PASS,,,
4.9_+_UP_FREEZER_BODY_2~L4.9~W2.6~H2.56~all_pu, 4.9 & UP FREEZER BODY (2,21,FREEZER LARGE,all_pu,4.9,2.6,2.56,REAR FRAME + FLOOR PLATE,REAR FRAME & FLOOR PLATE,5432.105904,5432.11,0.0,PASS,,,
4.9_+_UP_FREEZER_BODY_2~L4.9~W2.6~H2.56~all_pu, 4.9 & UP FREEZER BODY (2,21,FREEZER LARGE,all_pu,4.9,2.6,2.56,SPRAY PAINTING,SPRAY PAINTING,750.0,750.0,0.0,PASS,,,
4.9_+_UP_FREEZER_BODY_2~L4.9~W2.6~H2.56~all_pu, 4.9 & UP FREEZER BODY (2,21,FREEZER LARGE,all_pu,4.9,2.6,2.56,REFLEXITE TAPE,REFLEXITE TAPE,225.9,225.9,0.0,PASS,,,
4.9_+_UP_FREEZER_BODY_2~L4.9~W2.6~H2.56~srd, 4.9 & UP FREEZER BODY (2,21,FREEZER LARGE,srd,4.9,2.6,2.56,FRONT,FRONT,5588.153405,5596.29,0.146,PASS,,,
4.9_+_UP_FREEZER_BODY_2~L4.9~W2.6~H2.56~srd, 4.9 & UP FREEZER BODY (2,21,FREEZER LARGE,srd,4.9,2.6,2.56,SRD,SRD,5680.305873,5680.24,0.001,PASS,,,
4.9_+_UP_FREEZER_BODY_2~L4.9~W2.6~H2.56~srd, 4.9 & UP FREEZER BODY (2,21,FREEZER LARGE,srd,4.9,2.6,2.56,SRD DOOR FITTINGS,SRD DOOR FITTINGS,7088.08054,7048.48,0.559,PASS,,,
4.9_+_UP_FREEZER_BODY_2~L4.9~W2.6~H2.56~srd, 4.9 & UP FREEZER BODY (2,21,FREEZER LARGE,srd,4.9,2.6,2.56,DRD,,0.0,,,SKIP,,,
4.9_+_UP_FREEZER_BODY_2~L4.9~W2.6~H2.56~srd, 4.9 & UP FREEZER BODY (2,21,FREEZER LARGE,srd,4.9,2.6,2.56,DRD DOOR FITTINGS,,0.0,,,SKIP,,,
4.9_+_UP_FREEZER_BODY_2~L4.9~W2.6~H2.56~srd, 4.9 & UP FREEZER BODY (2,21,FREEZER LARGE,srd,4.9,2.6,2.56,SIDES,SIDES,21723.518019,21723.26,0.001,PASS,,,
4.9_+_UP_FREEZER_BODY_2~L4.9~W2.6~H2.56~srd, 4.9 & UP FREEZER BODY (2,21,FREEZER LARGE,srd,4.9,2.6,2.56,ROOF,ROOF,11996.67899,11996.59,0.001,PASS,,,
4.9_+_UP_FREEZER_BODY_2~L4.9~W2.6~H2.56~srd, 4.9 & UP FREEZER BODY (2,21,FREEZER LARGE,srd,4.9,2.6,2.56,FLOOR,FLOOR,22693.883877,22694.06,0.001,PASS,,,
4.9_+_UP_FREEZER_BODY_2~L4.9~W2.6~H2.56~srd, 4.9 & UP FREEZER BODY (2,21,FREEZER LARGE,srd,4.9,2.6,2.56,ALUMINIUM,ALUMINIUM,8693.878,8693.88,0.0,PASS,,,
4.9_+_UP_FREEZER_BODY_2~L4.9~W2.6~H2.56~srd, 4.9 & UP FREEZER BODY (2,21,FREEZER LARGE,srd,4.9,2.6,2.56,SUB FRAME + LIGHT BOX ASSY,SUB FRAME + LIGHT BOX ASSY,8316.704025,8316.73,0.0,PASS,,,
4.9_+_UP_FREEZER_BODY_2~L4.9~W2.6~H2.56~srd, 4.9 & UP FREEZER BODY (2,21,FREEZER LARGE,srd,4.9,2.6,2.56,REAR FRAME + FLOOR PLATE,,0.0,,,SKIP,,,
4.9_+_UP_FREEZER_BODY_2~L4.9~W2.6~H2.56~srd, 4.9 & UP FREEZER BODY (2,21,FREEZER LARGE,srd,4.9,2.6,2.56,SPRAY PAINTING,SPRAY PAINTING,750.0,750.0,0.0,PASS,,,
4.9_+_UP_FREEZER_BODY_2~L4.9~W2.6~H2.56~srd, 4.9 & UP FREEZER BODY (2,21,FREEZER LARGE,srd,4.9,2.6,2.56,REFLEXITE TAPE,REFLEXITE TAPE,225.9,225.9,0.0,PASS,,,
4.9_+_UP_FREEZER_BODY_2~L4.9~W2.6~H2.56~drd, 4.9 & UP FREEZER BODY (2,21,FREEZER LARGE,drd,4.9,2.6,2.56,FRONT,FRONT,5588.153405,5596.29,0.146,PASS,,,
4.9_+_UP_FREEZER_BODY_2~L4.9~W2.6~H2.56~drd, 4.9 & UP FREEZER BODY (2,21,FREEZER LARGE,drd,4.9,2.6,2.56,SRD,,0.0,,,SKIP,,,
4.9_+_UP_FREEZER_BODY_2~L4.9~W2.6~H2.56~drd, 4.9 & UP FREEZER BODY (2,21,FREEZER LARGE,drd,4.9,2.6,2.56,SRD DOOR FITTINGS,,0.0,,,SKIP,,,
4.9_+_UP_FREEZER_BODY_2~L4.9~W2.6~H2.56~drd, 4.9 & UP FREEZER BODY (2,21,FREEZER LARGE,drd,4.9,2.6,2.56,DRD,DRD,6352.841946,6352.78,0.001,PASS,,,
4.9_+_UP_FREEZER_BODY_2~L4.9~W2.6~H2.56~drd, 4.9 & UP FREEZER BODY (2,21,FREEZER LARGE,drd,4.9,2.6,2.56,DRD DOOR FITTINGS,DRD DOOR FITTINGS,6438.75928,6438.76,0.0,PASS,,,
4.9_+_UP_FREEZER_BODY_2~L4.9~W2.6~H2.56~drd, 4.9 & UP FREEZER BODY (2,21,FREEZER LARGE,drd,4.9,2.6,2.56,SIDES,SIDES,21723.518019,21723.26,0.001,PASS,,,
4.9_+_UP_FREEZER_BODY_2~L4.9~W2.6~H2.56~drd, 4.9 & UP FREEZER BODY (2,21,FREEZER LARGE,drd,4.9,2.6,2.56,ROOF,ROOF,11996.67899,11996.59,0.001,PASS,,,
4.9_+_UP_FREEZER_BODY_2~L4.9~W2.6~H2.56~drd, 4.9 & UP FREEZER BODY (2,21,FREEZER LARGE,drd,4.9,2.6,2.56,FLOOR,FLOOR,22693.883877,22694.06,0.001,PASS,,,
4.9_+_UP_FREEZER_BODY_2~L4.9~W2.6~H2.56~drd, 4.9 & UP FREEZER BODY (2,21,FREEZER LARGE,drd,4.9,2.6,2.56,ALUMINIUM,ALUMINIUM,8693.878,8693.88,0.0,PASS,,,
4.9_+_UP_FREEZER_BODY_2~L4.9~W2.6~H2.56~drd, 4.9 & UP FREEZER BODY (2,21,FREEZER LARGE,drd,4.9,2.6,2.56,SUB FRAME + LIGHT BOX ASSY,SUB FRAME + LIGHT BOX ASSY,8316.704025,8316.73,0.0,PASS,,,
4.9_+_UP_FREEZER_BODY_2~L4.9~W2.6~H2.56~drd, 4.9 & UP FREEZER BODY (2,21,FREEZER LARGE,drd,4.9,2.6,2.56,REAR FRAME + FLOOR PLATE,REAR FRAME & FLOOR PLATE,5432.105904,5432.11,0.0,PASS,,,
4.9_+_UP_FREEZER_BODY_2~L4.9~W2.6~H2.56~drd, 4.9 & UP FREEZER BODY (2,21,FREEZER LARGE,drd,4.9,2.6,2.56,SPRAY PAINTING,SPRAY PAINTING,750.0,750.0,0.0,PASS,,,
4.9_+_UP_FREEZER_BODY_2~L4.9~W2.6~H2.56~drd, 4.9 & UP FREEZER BODY (2,21,FREEZER LARGE,drd,4.9,2.6,2.56,REFLEXITE TAPE,REFLEXITE TAPE,225.9,225.9,0.0,PASS,,,
4.9_+_UP_FREEZER_BODY_2~L4.9~W2.6~H2.56~foam_4g, 4.9 & UP FREEZER BODY (2,21,FREEZER LARGE,foam_4g,4.9,2.6,2.56,FRONT,FRONT,6052.035541,6124.76,1.202,ACCEPTED,,BOTH PU (+64.58),"[RULING] Manifests F + F2 (RT1 ruling 3 and addendum): prod prices 4G PU foam at Burt's 21 Sep 4G, R5 581 = the PU material's R4 100 (Burt's corrected 32D) x 5581/4100; the golden is his September workbook (4G R5 400), so every costed 4G PU foam line reads +3.35 % against it (32D matches the golden: both R4 100). A stop-gap: rebuild the golden from the 21 Sep workbooks, then remove this entry. EXPIRED means the golden refresh has not shipped."
4.9_+_UP_FREEZER_BODY_2~L4.9~W2.6~H2.56~foam_4g, 4.9 & UP FREEZER BODY (2,21,FREEZER LARGE,foam_4g,4.9,2.6,2.56,SRD,,0.0,,,SKIP,,,
4.9_+_UP_FREEZER_BODY_2~L4.9~W2.6~H2.56~foam_4g, 4.9 & UP FREEZER BODY (2,21,FREEZER LARGE,foam_4g,4.9,2.6,2.56,SRD DOOR FITTINGS,,0.0,,,SKIP,,,
4.9_+_UP_FREEZER_BODY_2~L4.9~W2.6~H2.56~foam_4g, 4.9 & UP FREEZER BODY (2,21,FREEZER LARGE,foam_4g,4.9,2.6,2.56,DRD,DRD,6816.724082,6881.25,0.947,PASS,,,
4.9_+_UP_FREEZER_BODY_2~L4.9~W2.6~H2.56~foam_4g, 4.9 & UP FREEZER BODY (2,21,FREEZER LARGE,foam_4g,4.9,2.6,2.56,DRD DOOR FITTINGS,DRD DOOR FITTINGS,6438.75928,6438.76,0.0,PASS,,,
4.9_+_UP_FREEZER_BODY_2~L4.9~W2.6~H2.56~foam_4g, 4.9 & UP FREEZER BODY (2,21,FREEZER LARGE,foam_4g,4.9,2.6,2.56,SIDES,SIDES,23605.662751,23867.46,1.109,ACCEPTED,,BOTH PU (+262.05),"[RULING] Manifests F + F2 (RT1 ruling 3 and addendum): prod prices 4G PU foam at Burt's 21 Sep 4G, R5 581 = the PU material's R4 100 (Burt's corrected 32D) x 5581/4100; the golden is his September workbook (4G R5 400), so every costed 4G PU foam line reads +3.35 % against it (32D matches the golden: both R4 100). A stop-gap: rebuild the golden from the 21 Sep workbooks, then remove this entry. EXPIRED means the golden refresh has not shipped."
4.9_+_UP_FREEZER_BODY_2~L4.9~W2.6~H2.56~foam_4g, 4.9 & UP FREEZER BODY (2,21,FREEZER LARGE,foam_4g,4.9,2.6,2.56,ROOF,ROOF,13565.132934,13783.42,1.609,ACCEPTED,,BOTH PU (+218.37),"[RULING] Manifests F + F2 (RT1 ruling 3 and addendum): prod prices 4G PU foam at Burt's 21 Sep 4G, R5 581 = the PU material's R4 100 (Burt's corrected 32D) x 5581/4100; the golden is his September workbook (4G R5 400), so every costed 4G PU foam line reads +3.35 % against it (32D matches the golden: both R4 100). A stop-gap: rebuild the golden from the 21 Sep workbooks, then remove this entry. EXPIRED means the golden refresh has not shipped."
4.9_+_UP_FREEZER_BODY_2~L4.9~W2.6~H2.56~foam_4g, 4.9 & UP FREEZER BODY (2,21,FREEZER LARGE,foam_4g,4.9,2.6,2.56,FLOOR,FLOOR,24262.337821,24480.9,0.901,PASS,,,
4.9_+_UP_FREEZER_BODY_2~L4.9~W2.6~H2.56~foam_4g, 4.9 & UP FREEZER BODY (2,21,FREEZER LARGE,foam_4g,4.9,2.6,2.56,ALUMINIUM,ALUMINIUM,8693.878,8693.88,0.0,PASS,,,
4.9_+_UP_FREEZER_BODY_2~L4.9~W2.6~H2.56~foam_4g, 4.9 & UP FREEZER BODY (2,21,FREEZER LARGE,foam_4g,4.9,2.6,2.56,SUB FRAME + LIGHT BOX ASSY,SUB FRAME + LIGHT BOX ASSY,8316.704025,8316.73,0.0,PASS,,,
4.9_+_UP_FREEZER_BODY_2~L4.9~W2.6~H2.56~foam_4g, 4.9 & UP FREEZER BODY (2,21,FREEZER LARGE,foam_4g,4.9,2.6,2.56,REAR FRAME + FLOOR PLATE,REAR FRAME & FLOOR PLATE,5432.105904,5432.11,0.0,PASS,,,
4.9_+_UP_FREEZER_BODY_2~L4.9~W2.6~H2.56~foam_4g, 4.9 & UP FREEZER BODY (2,21,FREEZER LARGE,foam_4g,4.9,2.6,2.56,SPRAY PAINTING,SPRAY PAINTING,750.0,750.0,0.0,PASS,,,
4.9_+_UP_FREEZER_BODY_2~L4.9~W2.6~H2.56~foam_4g, 4.9 & UP FREEZER BODY (2,21,FREEZER LARGE,foam_4g,4.9,2.6,2.56,REFLEXITE TAPE,REFLEXITE TAPE,225.9,225.9,0.0,PASS,,,
4.9_+_UP_FREEZER_BODY_2~L6.5~W2.6~H2.56~as_sheet, 4.9 & UP FREEZER BODY (2,21,FREEZER LARGE,as_sheet,6.5,2.6,2.56,FRONT,FRONT,5588.153405,5596.29,0.146,PASS,,,
4.9_+_UP_FREEZER_BODY_2~L6.5~W2.6~H2.56~as_sheet, 4.9 & UP FREEZER BODY (2,21,FREEZER LARGE,as_sheet,6.5,2.6,2.56,SRD,,0.0,,,SKIP,,,
4.9_+_UP_FREEZER_BODY_2~L6.5~W2.6~H2.56~as_sheet, 4.9 & UP FREEZER BODY (2,21,FREEZER LARGE,as_sheet,6.5,2.6,2.56,SRD DOOR FITTINGS,,0.0,,,SKIP,,,
4.9_+_UP_FREEZER_BODY_2~L6.5~W2.6~H2.56~as_sheet, 4.9 & UP FREEZER BODY (2,21,FREEZER LARGE,as_sheet,6.5,2.6,2.56,DRD,DRD,6352.841946,6352.78,0.001,PASS,,,
4.9_+_UP_FREEZER_BODY_2~L6.5~W2.6~H2.56~as_sheet, 4.9 & UP FREEZER BODY (2,21,FREEZER LARGE,as_sheet,6.5,2.6,2.56,DRD DOOR FITTINGS,DRD DOOR FITTINGS,6438.75928,6438.76,0.0,PASS,,,
4.9_+_UP_FREEZER_BODY_2~L6.5~W2.6~H2.56~as_sheet, 4.9 & UP FREEZER BODY (2,21,FREEZER LARGE,as_sheet,6.5,2.6,2.56,SIDES,SIDES,28623.045555,28622.71,0.001,PASS,,,
4.9_+_UP_FREEZER_BODY_2~L6.5~W2.6~H2.56~as_sheet, 4.9 & UP FREEZER BODY (2,21,FREEZER LARGE,as_sheet,6.5,2.6,2.56,ROOF,ROOF,15828.178672,15828.06,0.001,PASS,,,
4.9_+_UP_FREEZER_BODY_2~L6.5~W2.6~H2.56~as_sheet, 4.9 & UP FREEZER BODY (2,21,FREEZER LARGE,as_sheet,6.5,2.6,2.56,FLOOR,FLOOR,29941.74266,29941.98,0.001,PASS,,,
4.9_+_UP_FREEZER_BODY_2~L6.5~W2.6~H2.56~as_sheet, 4.9 & UP FREEZER BODY (2,21,FREEZER LARGE,as_sheet,6.5,2.6,2.56,ALUMINIUM,ALUMINIUM,10686.038,10686.04,0.0,PASS,,,
4.9_+_UP_FREEZER_BODY_2~L6.5~W2.6~H2.56~as_sheet, 4.9 & UP FREEZER BODY (2,21,FREEZER LARGE,as_sheet,6.5,2.6,2.56,SUB FRAME + LIGHT BOX ASSY,SUB FRAME + LIGHT BOX ASSY,9094.304025,9094.33,0.0,PASS,,,
4.9_+_UP_FREEZER_BODY_2~L6.5~W2.6~H2.56~as_sheet, 4.9 & UP FREEZER BODY (2,21,FREEZER LARGE,as_sheet,6.5,2.6,2.56,REAR FRAME + FLOOR PLATE,REAR FRAME & FLOOR PLATE,5432.105904,5432.11,0.0,PASS,,,
4.9_+_UP_FREEZER_BODY_2~L6.5~W2.6~H2.56~as_sheet, 4.9 & UP FREEZER BODY (2,21,FREEZER LARGE,as_sheet,6.5,2.6,2.56,SPRAY PAINTING,SPRAY PAINTING,750.0,750.0,0.0,PASS,,,
4.9_+_UP_FREEZER_BODY_2~L6.5~W2.6~H2.56~as_sheet, 4.9 & UP FREEZER BODY (2,21,FREEZER LARGE,as_sheet,6.5,2.6,2.56,REFLEXITE TAPE,REFLEXITE TAPE,283.5,283.5,0.0,PASS,,,
4.9_+_UP_FREEZER_BODY_2~L6.5~W2.6~H2.56~all_eps, 4.9 & UP FREEZER BODY (2,21,FREEZER LARGE,all_eps,6.5,2.6,2.56,FRONT,FRONT,4043.588126,4051.64,,UNVERIFIABLE,EXCEL_NO_PRICE:EPS,,
4.9_+_UP_FREEZER_BODY_2~L6.5~W2.6~H2.56~all_eps, 4.9 & UP FREEZER BODY (2,21,FREEZER LARGE,all_eps,6.5,2.6,2.56,SRD,,0.0,,,SKIP,,,
4.9_+_UP_FREEZER_BODY_2~L6.5~W2.6~H2.56~all_eps, 4.9 & UP FREEZER BODY (2,21,FREEZER LARGE,all_eps,6.5,2.6,2.56,SRD DOOR FITTINGS,,0.0,,,SKIP,,,
4.9_+_UP_FREEZER_BODY_2~L6.5~W2.6~H2.56~all_eps, 4.9 & UP FREEZER BODY (2,21,FREEZER LARGE,all_eps,6.5,2.6,2.56,DRD,DRD,4807.917059,4807.85,,UNVERIFIABLE,EXCEL_NO_PRICE:EPS,,
4.9_+_UP_FREEZER_BODY_2~L6.5~W2.6~H2.56~all_eps, 4.9 & UP FREEZER BODY (2,21,FREEZER LARGE,all_eps,6.5,2.6,2.56,DRD DOOR FITTINGS,DRD DOOR FITTINGS,6394.50624,6394.51,0.0,PASS,,,
4.9_+_UP_FREEZER_BODY_2~L6.5~W2.6~H2.56~all_eps, 4.9 & UP FREEZER BODY (2,21,FREEZER LARGE,all_eps,6.5,2.6,2.56,SIDES,SIDES,20362.27879,20361.95,,UNVERIFIABLE,EXCEL_NO_PRICE:EPS,,
4.9_+_UP_FREEZER_BODY_2~L6.5~W2.6~H2.56~all_eps, 4.9 & UP FREEZER BODY (2,21,FREEZER LARGE,all_eps,6.5,2.6,2.56,ROOF,ROOF,12858.240043,12858.12,0.001,PASS,,,
4.9_+_UP_FREEZER_BODY_2~L6.5~W2.6~H2.56~all_eps, 4.9 & UP FREEZER BODY (2,21,FREEZER LARGE,all_eps,6.5,2.6,2.56,FLOOR,FLOOR,26971.804031,26972.04,0.001,PASS,,,
4.9_+_UP_FREEZER_BODY_2~L6.5~W2.6~H2.56~all_eps, 4.9 & UP FREEZER BODY (2,21,FREEZER LARGE,all_eps,6.5,2.6,2.56,ALUMINIUM,ALUMINIUM,10686.038,10686.04,0.0,PASS,,,
4.9_+_UP_FREEZER_BODY_2~L6.5~W2.6~H2.56~all_eps, 4.9 & UP FREEZER BODY (2,21,FREEZER LARGE,all_eps,6.5,2.6,2.56,SUB FRAME + LIGHT BOX ASSY,SUB FRAME + LIGHT BOX ASSY,9094.304025,9094.33,0.0,PASS,,,
4.9_+_UP_FREEZER_BODY_2~L6.5~W2.6~H2.56~all_eps, 4.9 & UP FREEZER BODY (2,21,FREEZER LARGE,all_eps,6.5,2.6,2.56,REAR FRAME + FLOOR PLATE,REAR FRAME & FLOOR PLATE,5432.105904,5432.11,0.0,PASS,,,
4.9_+_UP_FREEZER_BODY_2~L6.5~W2.6~H2.56~all_eps, 4.9 & UP FREEZER BODY (2,21,FREEZER LARGE,all_eps,6.5,2.6,2.56,SPRAY PAINTING,SPRAY PAINTING,750.0,750.0,0.0,PASS,,,
4.9_+_UP_FREEZER_BODY_2~L6.5~W2.6~H2.56~all_eps, 4.9 & UP FREEZER BODY (2,21,FREEZER LARGE,all_eps,6.5,2.6,2.56,REFLEXITE TAPE,REFLEXITE TAPE,283.5,283.5,0.0,PASS,,,
4.9_+_UP_FREEZER_BODY_2~L6.5~W2.6~H2.56~all_pu, 4.9 & UP FREEZER BODY (2,21,FREEZER LARGE,all_pu,6.5,2.6,2.56,FRONT,FRONT,5588.153405,5596.29,0.146,PASS,,,
4.9_+_UP_FREEZER_BODY_2~L6.5~W2.6~H2.56~all_pu, 4.9 & UP FREEZER BODY (2,21,FREEZER LARGE,all_pu,6.5,2.6,2.56,SRD,,0.0,,,SKIP,,,
4.9_+_UP_FREEZER_BODY_2~L6.5~W2.6~H2.56~all_pu, 4.9 & UP FREEZER BODY (2,21,FREEZER LARGE,all_pu,6.5,2.6,2.56,SRD DOOR FITTINGS,,0.0,,,SKIP,,,
4.9_+_UP_FREEZER_BODY_2~L6.5~W2.6~H2.56~all_pu, 4.9 & UP FREEZER BODY (2,21,FREEZER LARGE,all_pu,6.5,2.6,2.56,DRD,DRD,6352.841946,6352.78,0.001,PASS,,,
4.9_+_UP_FREEZER_BODY_2~L6.5~W2.6~H2.56~all_pu, 4.9 & UP FREEZER BODY (2,21,FREEZER LARGE,all_pu,6.5,2.6,2.56,DRD DOOR FITTINGS,DRD DOOR FITTINGS,6438.75928,6438.76,0.0,PASS,,,
4.9_+_UP_FREEZER_BODY_2~L6.5~W2.6~H2.56~all_pu, 4.9 & UP FREEZER BODY (2,21,FREEZER LARGE,all_pu,6.5,2.6,2.56,SIDES,SIDES,28623.045555,28622.71,0.001,PASS,,,
4.9_+_UP_FREEZER_BODY_2~L6.5~W2.6~H2.56~all_pu, 4.9 & UP FREEZER BODY (2,21,FREEZER LARGE,all_pu,6.5,2.6,2.56,ROOF,ROOF,15828.178672,15828.06,0.001,PASS,,,
4.9_+_UP_FREEZER_BODY_2~L6.5~W2.6~H2.56~all_pu, 4.9 & UP FREEZER BODY (2,21,FREEZER LARGE,all_pu,6.5,2.6,2.56,FLOOR,FLOOR,29941.74266,29941.98,0.001,PASS,,,
4.9_+_UP_FREEZER_BODY_2~L6.5~W2.6~H2.56~all_pu, 4.9 & UP FREEZER BODY (2,21,FREEZER LARGE,all_pu,6.5,2.6,2.56,ALUMINIUM,ALUMINIUM,10686.038,10686.04,0.0,PASS,,,
4.9_+_UP_FREEZER_BODY_2~L6.5~W2.6~H2.56~all_pu, 4.9 & UP FREEZER BODY (2,21,FREEZER LARGE,all_pu,6.5,2.6,2.56,SUB FRAME + LIGHT BOX ASSY,SUB FRAME + LIGHT BOX ASSY,9094.304025,9094.33,0.0,PASS,,,
4.9_+_UP_FREEZER_BODY_2~L6.5~W2.6~H2.56~all_pu, 4.9 & UP FREEZER BODY (2,21,FREEZER LARGE,all_pu,6.5,2.6,2.56,REAR FRAME + FLOOR PLATE,REAR FRAME & FLOOR PLATE,5432.105904,5432.11,0.0,PASS,,,
4.9_+_UP_FREEZER_BODY_2~L6.5~W2.6~H2.56~all_pu, 4.9 & UP FREEZER BODY (2,21,FREEZER LARGE,all_pu,6.5,2.6,2.56,SPRAY PAINTING,SPRAY PAINTING,750.0,750.0,0.0,PASS,,,
4.9_+_UP_FREEZER_BODY_2~L6.5~W2.6~H2.56~all_pu, 4.9 & UP FREEZER BODY (2,21,FREEZER LARGE,all_pu,6.5,2.6,2.56,REFLEXITE TAPE,REFLEXITE TAPE,283.5,283.5,0.0,PASS,,,
4.9_+_UP_FREEZER_BODY_2~L6.5~W2.6~H2.56~srd, 4.9 & UP FREEZER BODY (2,21,FREEZER LARGE,srd,6.5,2.6,2.56,FRONT,FRONT,5588.153405,5596.29,0.146,PASS,,,
4.9_+_UP_FREEZER_BODY_2~L6.5~W2.6~H2.56~srd, 4.9 & UP FREEZER BODY (2,21,FREEZER LARGE,srd,6.5,2.6,2.56,SRD,SRD,5680.305873,5680.24,0.001,PASS,,,
4.9_+_UP_FREEZER_BODY_2~L6.5~W2.6~H2.56~srd, 4.9 & UP FREEZER BODY (2,21,FREEZER LARGE,srd,6.5,2.6,2.56,SRD DOOR FITTINGS,SRD DOOR FITTINGS,7088.08054,7048.48,0.559,PASS,,,
4.9_+_UP_FREEZER_BODY_2~L6.5~W2.6~H2.56~srd, 4.9 & UP FREEZER BODY (2,21,FREEZER LARGE,srd,6.5,2.6,2.56,DRD,,0.0,,,SKIP,,,
4.9_+_UP_FREEZER_BODY_2~L6.5~W2.6~H2.56~srd, 4.9 & UP FREEZER BODY (2,21,FREEZER LARGE,srd,6.5,2.6,2.56,DRD DOOR FITTINGS,,0.0,,,SKIP,,,
4.9_+_UP_FREEZER_BODY_2~L6.5~W2.6~H2.56~srd, 4.9 & UP FREEZER BODY (2,21,FREEZER LARGE,srd,6.5,2.6,2.56,SIDES,SIDES,28623.045555,28622.71,0.001,PASS,,,
4.9_+_UP_FREEZER_BODY_2~L6.5~W2.6~H2.56~srd, 4.9 & UP FREEZER BODY (2,21,FREEZER LARGE,srd,6.5,2.6,2.56,ROOF,ROOF,15828.178672,15828.06,0.001,PASS,,,
4.9_+_UP_FREEZER_BODY_2~L6.5~W2.6~H2.56~srd, 4.9 & UP FREEZER BODY (2,21,FREEZER LARGE,srd,6.5,2.6,2.56,FLOOR,FLOOR,29941.74266,29941.98,0.001,PASS,,,
4.9_+_UP_FREEZER_BODY_2~L6.5~W2.6~H2.56~srd, 4.9 & UP FREEZER BODY (2,21,FREEZER LARGE,srd,6.5,2.6,2.56,ALUMINIUM,ALUMINIUM,10686.038,10686.04,0.0,PASS,,,
4.9_+_UP_FREEZER_BODY_2~L6.5~W2.6~H2.56~srd, 4.9 & UP FREEZER BODY (2,21,FREEZER LARGE,srd,6.5,2.6,2.56,SUB FRAME + LIGHT BOX ASSY,SUB FRAME + LIGHT BOX ASSY,9094.304025,9094.33,0.0,PASS,,,
4.9_+_UP_FREEZER_BODY_2~L6.5~W2.6~H2.56~srd, 4.9 & UP FREEZER BODY (2,21,FREEZER LARGE,srd,6.5,2.6,2.56,REAR FRAME + FLOOR PLATE,,0.0,,,SKIP,,,
4.9_+_UP_FREEZER_BODY_2~L6.5~W2.6~H2.56~srd, 4.9 & UP FREEZER BODY (2,21,FREEZER LARGE,srd,6.5,2.6,2.56,SPRAY PAINTING,SPRAY PAINTING,750.0,750.0,0.0,PASS,,,
4.9_+_UP_FREEZER_BODY_2~L6.5~W2.6~H2.56~srd, 4.9 & UP FREEZER BODY (2,21,FREEZER LARGE,srd,6.5,2.6,2.56,REFLEXITE TAPE,REFLEXITE TAPE,283.5,283.5,0.0,PASS,,,
4.9_+_UP_FREEZER_BODY_2~L6.5~W2.6~H2.56~drd, 4.9 & UP FREEZER BODY (2,21,FREEZER LARGE,drd,6.5,2.6,2.56,FRONT,FRONT,5588.153405,5596.29,0.146,PASS,,,
4.9_+_UP_FREEZER_BODY_2~L6.5~W2.6~H2.56~drd, 4.9 & UP FREEZER BODY (2,21,FREEZER LARGE,drd,6.5,2.6,2.56,SRD,,0.0,,,SKIP,,,
4.9_+_UP_FREEZER_BODY_2~L6.5~W2.6~H2.56~drd, 4.9 & UP FREEZER BODY (2,21,FREEZER LARGE,drd,6.5,2.6,2.56,SRD DOOR FITTINGS,,0.0,,,SKIP,,,
4.9_+_UP_FREEZER_BODY_2~L6.5~W2.6~H2.56~drd, 4.9 & UP FREEZER BODY (2,21,FREEZER LARGE,drd,6.5,2.6,2.56,DRD,DRD,6352.841946,6352.78,0.001,PASS,,,
4.9_+_UP_FREEZER_BODY_2~L6.5~W2.6~H2.56~drd, 4.9 & UP FREEZER BODY (2,21,FREEZER LARGE,drd,6.5,2.6,2.56,DRD DOOR FITTINGS,DRD DOOR FITTINGS,6438.75928,6438.76,0.0,PASS,,,
4.9_+_UP_FREEZER_BODY_2~L6.5~W2.6~H2.56~drd, 4.9 & UP FREEZER BODY (2,21,FREEZER LARGE,drd,6.5,2.6,2.56,SIDES,SIDES,28623.045555,28622.71,0.001,PASS,,,
4.9_+_UP_FREEZER_BODY_2~L6.5~W2.6~H2.56~drd, 4.9 & UP FREEZER BODY (2,21,FREEZER LARGE,drd,6.5,2.6,2.56,ROOF,ROOF,15828.178672,15828.06,0.001,PASS,,,
4.9_+_UP_FREEZER_BODY_2~L6.5~W2.6~H2.56~drd, 4.9 & UP FREEZER BODY (2,21,FREEZER LARGE,drd,6.5,2.6,2.56,FLOOR,FLOOR,29941.74266,29941.98,0.001,PASS,,,
4.9_+_UP_FREEZER_BODY_2~L6.5~W2.6~H2.56~drd, 4.9 & UP FREEZER BODY (2,21,FREEZER LARGE,drd,6.5,2.6,2.56,ALUMINIUM,ALUMINIUM,10686.038,10686.04,0.0,PASS,,,
4.9_+_UP_FREEZER_BODY_2~L6.5~W2.6~H2.56~drd, 4.9 & UP FREEZER BODY (2,21,FREEZER LARGE,drd,6.5,2.6,2.56,SUB FRAME + LIGHT BOX ASSY,SUB FRAME + LIGHT BOX ASSY,9094.304025,9094.33,0.0,PASS,,,
4.9_+_UP_FREEZER_BODY_2~L6.5~W2.6~H2.56~drd, 4.9 & UP FREEZER BODY (2,21,FREEZER LARGE,drd,6.5,2.6,2.56,REAR FRAME + FLOOR PLATE,REAR FRAME & FLOOR PLATE,5432.105904,5432.11,0.0,PASS,,,
4.9_+_UP_FREEZER_BODY_2~L6.5~W2.6~H2.56~drd, 4.9 & UP FREEZER BODY (2,21,FREEZER LARGE,drd,6.5,2.6,2.56,SPRAY PAINTING,SPRAY PAINTING,750.0,750.0,0.0,PASS,,,
4.9_+_UP_FREEZER_BODY_2~L6.5~W2.6~H2.56~drd, 4.9 & UP FREEZER BODY (2,21,FREEZER LARGE,drd,6.5,2.6,2.56,REFLEXITE TAPE,REFLEXITE TAPE,283.5,283.5,0.0,PASS,,,
4.9_+_UP_FREEZER_BODY_2~L6.5~W2.6~H2.56~foam_4g, 4.9 & UP FREEZER BODY (2,21,FREEZER LARGE,foam_4g,6.5,2.6,2.56,FRONT,FRONT,6052.035541,6124.76,1.202,ACCEPTED,,BOTH PU (+64.58),"[RULING] Manifests F + F2 (RT1 ruling 3 and addendum): prod prices 4G PU foam at Burt's 21 Sep 4G, R5 581 = the PU material's R4 100 (Burt's corrected 32D) x 5581/4100; the golden is his September workbook (4G R5 400), so every costed 4G PU foam line reads +3.35 % against it (32D matches the golden: both R4 100). A stop-gap: rebuild the golden from the 21 Sep workbooks, then remove this entry. EXPIRED means the golden refresh has not shipped."
4.9_+_UP_FREEZER_BODY_2~L6.5~W2.6~H2.56~foam_4g, 4.9 & UP FREEZER BODY (2,21,FREEZER LARGE,foam_4g,6.5,2.6,2.56,SRD,,0.0,,,SKIP,,,
4.9_+_UP_FREEZER_BODY_2~L6.5~W2.6~H2.56~foam_4g, 4.9 & UP FREEZER BODY (2,21,FREEZER LARGE,foam_4g,6.5,2.6,2.56,SRD DOOR FITTINGS,,0.0,,,SKIP,,,
4.9_+_UP_FREEZER_BODY_2~L6.5~W2.6~H2.56~foam_4g, 4.9 & UP FREEZER BODY (2,21,FREEZER LARGE,foam_4g,6.5,2.6,2.56,DRD,DRD,6816.724082,6881.25,0.947,PASS,,,
4.9_+_UP_FREEZER_BODY_2~L6.5~W2.6~H2.56~foam_4g, 4.9 & UP FREEZER BODY (2,21,FREEZER LARGE,foam_4g,6.5,2.6,2.56,DRD DOOR FITTINGS,DRD DOOR FITTINGS,6438.75928,6438.76,0.0,PASS,,,
4.9_+_UP_FREEZER_BODY_2~L6.5~W2.6~H2.56~foam_4g, 4.9 & UP FREEZER BODY (2,21,FREEZER LARGE,foam_4g,6.5,2.6,2.56,SIDES,SIDES,31113.560302,31459.98,1.113,ACCEPTED,,BOTH PU (+346.75),"[RULING] Manifests F + F2 (RT1 ruling 3 and addendum): prod prices 4G PU foam at Burt's 21 Sep 4G, R5 581 = the PU material's R4 100 (Burt's corrected 32D) x 5581/4100; the golden is his September workbook (4G R5 400), so every costed 4G PU foam line reads +3.35 % against it (32D matches the golden: both R4 100). A stop-gap: rebuild the golden from the 21 Sep workbooks, then remove this entry. EXPIRED means the golden refresh has not shipped."
4.9_+_UP_FREEZER_BODY_2~L6.5~W2.6~H2.56~foam_4g, 4.9 & UP FREEZER BODY (2,21,FREEZER LARGE,foam_4g,6.5,2.6,2.56,ROOF,ROOF,17903.607628,18192.45,1.613,ACCEPTED,,BOTH PU (+288.97),"[RULING] Manifests F + F2 (RT1 ruling 3 and addendum): prod prices 4G PU foam at Burt's 21 Sep 4G, R5 581 = the PU material's R4 100 (Burt's corrected 32D) x 5581/4100; the golden is his September workbook (4G R5 400), so every costed 4G PU foam line reads +3.35 % against it (32D matches the golden: both R4 100). A stop-gap: rebuild the golden from the 21 Sep workbooks, then remove this entry. EXPIRED means the golden refresh has not shipped."
4.9_+_UP_FREEZER_BODY_2~L6.5~W2.6~H2.56~foam_4g, 4.9 & UP FREEZER BODY (2,21,FREEZER LARGE,foam_4g,6.5,2.6,2.56,FLOOR,FLOOR,32017.171616,32306.37,0.903,PASS,,,
4.9_+_UP_FREEZER_BODY_2~L6.5~W2.6~H2.56~foam_4g, 4.9 & UP FREEZER BODY (2,21,FREEZER LARGE,foam_4g,6.5,2.6,2.56,ALUMINIUM,ALUMINIUM,10686.038,10686.04,0.0,PASS,,,
4.9_+_UP_FREEZER_BODY_2~L6.5~W2.6~H2.56~foam_4g, 4.9 & UP FREEZER BODY (2,21,FREEZER LARGE,foam_4g,6.5,2.6,2.56,SUB FRAME + LIGHT BOX ASSY,SUB FRAME + LIGHT BOX ASSY,9094.304025,9094.33,0.0,PASS,,,
4.9_+_UP_FREEZER_BODY_2~L6.5~W2.6~H2.56~foam_4g, 4.9 & UP FREEZER BODY (2,21,FREEZER LARGE,foam_4g,6.5,2.6,2.56,REAR FRAME + FLOOR PLATE,REAR FRAME & FLOOR PLATE,5432.105904,5432.11,0.0,PASS,,,
4.9_+_UP_FREEZER_BODY_2~L6.5~W2.6~H2.56~foam_4g, 4.9 & UP FREEZER BODY (2,21,FREEZER LARGE,foam_4g,6.5,2.6,2.56,SPRAY PAINTING,SPRAY PAINTING,750.0,750.0,0.0,PASS,,,
4.9_+_UP_FREEZER_BODY_2~L6.5~W2.6~H2.56~foam_4g, 4.9 & UP FREEZER BODY (2,21,FREEZER LARGE,foam_4g,6.5,2.6,2.56,REFLEXITE TAPE,REFLEXITE TAPE,283.5,283.5,0.0,PASS,,,
4.9_+_UP_FREEZER_BODY_2~L8.2~W2.6~H2.56~as_sheet, 4.9 & UP FREEZER BODY (2,21,FREEZER LARGE,as_sheet,8.2,2.6,2.56,FRONT,FRONT,5588.153405,5596.29,0.146,PASS,,,
4.9_+_UP_FREEZER_BODY_2~L8.2~W2.6~H2.56~as_sheet, 4.9 & UP FREEZER BODY (2,21,FREEZER LARGE,as_sheet,8.2,2.6,2.56,SRD,,0.0,,,SKIP,,,
4.9_+_UP_FREEZER_BODY_2~L8.2~W2.6~H2.56~as_sheet, 4.9 & UP FREEZER BODY (2,21,FREEZER LARGE,as_sheet,8.2,2.6,2.56,SRD DOOR FITTINGS,,0.0,,,SKIP,,,
4.9_+_UP_FREEZER_BODY_2~L8.2~W2.6~H2.56~as_sheet, 4.9 & UP FREEZER BODY (2,21,FREEZER LARGE,as_sheet,8.2,2.6,2.56,DRD,DRD,6352.841946,6352.78,0.001,PASS,,,
4.9_+_UP_FREEZER_BODY_2~L8.2~W2.6~H2.56~as_sheet, 4.9 & UP FREEZER BODY (2,21,FREEZER LARGE,as_sheet,8.2,2.6,2.56,DRD DOOR FITTINGS,DRD DOOR FITTINGS,6438.75928,6438.76,0.0,PASS,,,
4.9_+_UP_FREEZER_BODY_2~L8.2~W2.6~H2.56~as_sheet, 4.9 & UP FREEZER BODY (2,21,FREEZER LARGE,as_sheet,8.2,2.6,2.56,SIDES,SIDES,35953.793562,35953.37,0.001,PASS,,,
4.9_+_UP_FREEZER_BODY_2~L8.2~W2.6~H2.56~as_sheet, 4.9 & UP FREEZER BODY (2,21,FREEZER LARGE,as_sheet,8.2,2.6,2.56,ROOF,ROOF,19899.147084,19899.0,0.001,PASS,,,
4.9_+_UP_FREEZER_BODY_2~L8.2~W2.6~H2.56~as_sheet, 4.9 & UP FREEZER BODY (2,21,FREEZER LARGE,as_sheet,8.2,2.6,2.56,FLOOR,FLOOR,37642.592617,37642.89,0.001,PASS,,,
4.9_+_UP_FREEZER_BODY_2~L8.2~W2.6~H2.56~as_sheet, 4.9 & UP FREEZER BODY (2,21,FREEZER LARGE,as_sheet,8.2,2.6,2.56,ALUMINIUM,ALUMINIUM,12802.708,12802.71,0.0,PASS,,,
4.9_+_UP_FREEZER_BODY_2~L8.2~W2.6~H2.56~as_sheet, 4.9 & UP FREEZER BODY (2,21,FREEZER LARGE,as_sheet,8.2,2.6,2.56,SUB FRAME + LIGHT BOX ASSY,SUB FRAME + LIGHT BOX ASSY,9920.504025,9920.53,0.0,PASS,,,
4.9_+_UP_FREEZER_BODY_2~L8.2~W2.6~H2.56~as_sheet, 4.9 & UP FREEZER BODY (2,21,FREEZER LARGE,as_sheet,8.2,2.6,2.56,REAR FRAME + FLOOR PLATE,REAR FRAME & FLOOR PLATE,5432.105904,5432.11,0.0,PASS,,,
4.9_+_UP_FREEZER_BODY_2~L8.2~W2.6~H2.56~as_sheet, 4.9 & UP FREEZER BODY (2,21,FREEZER LARGE,as_sheet,8.2,2.6,2.56,SPRAY PAINTING,SPRAY PAINTING,750.0,750.0,0.0,PASS,,,
4.9_+_UP_FREEZER_BODY_2~L8.2~W2.6~H2.56~as_sheet, 4.9 & UP FREEZER BODY (2,21,FREEZER LARGE,as_sheet,8.2,2.6,2.56,REFLEXITE TAPE,REFLEXITE TAPE,344.7,344.7,0.0,PASS,,,
4.9_+_UP_FREEZER_BODY_2~L8.2~W2.6~H2.56~all_eps, 4.9 & UP FREEZER BODY (2,21,FREEZER LARGE,all_eps,8.2,2.6,2.56,FRONT,FRONT,4043.588126,4051.64,,UNVERIFIABLE,EXCEL_NO_PRICE:EPS,,
4.9_+_UP_FREEZER_BODY_2~L8.2~W2.6~H2.56~all_eps, 4.9 & UP FREEZER BODY (2,21,FREEZER LARGE,all_eps,8.2,2.6,2.56,SRD,,0.0,,,SKIP,,,
4.9_+_UP_FREEZER_BODY_2~L8.2~W2.6~H2.56~all_eps, 4.9 & UP FREEZER BODY (2,21,FREEZER LARGE,all_eps,8.2,2.6,2.56,SRD DOOR FITTINGS,,0.0,,,SKIP,,,
4.9_+_UP_FREEZER_BODY_2~L8.2~W2.6~H2.56~all_eps, 4.9 & UP FREEZER BODY (2,21,FREEZER LARGE,all_eps,8.2,2.6,2.56,DRD,DRD,4807.917059,4807.85,,UNVERIFIABLE,EXCEL_NO_PRICE:EPS,,
4.9_+_UP_FREEZER_BODY_2~L8.2~W2.6~H2.56~all_eps, 4.9 & UP FREEZER BODY (2,21,FREEZER LARGE,all_eps,8.2,2.6,2.56,DRD DOOR FITTINGS,DRD DOOR FITTINGS,6394.50624,6394.51,0.0,PASS,,,
4.9_+_UP_FREEZER_BODY_2~L8.2~W2.6~H2.56~all_eps, 4.9 & UP FREEZER BODY (2,21,FREEZER LARGE,all_eps,8.2,2.6,2.56,SIDES,SIDES,25550.017445,25549.61,,UNVERIFIABLE,EXCEL_NO_PRICE:EPS,,
4.9_+_UP_FREEZER_BODY_2~L8.2~W2.6~H2.56~all_eps, 4.9 & UP FREEZER BODY (2,21,FREEZER LARGE,all_eps,8.2,2.6,2.56,ROOF,ROOF,16158.384688,16158.24,0.001,PASS,,,
4.9_+_UP_FREEZER_BODY_2~L8.2~W2.6~H2.56~all_eps, 4.9 & UP FREEZER BODY (2,21,FREEZER LARGE,all_eps,8.2,2.6,2.56,FLOOR,FLOOR,33901.830222,33902.12,0.001,PASS,,,
4.9_+_UP_FREEZER_BODY_2~L8.2~W2.6~H2.56~all_eps, 4.9 & UP FREEZER BODY (2,21,FREEZER LARGE,all_eps,8.2,2.6,2.56,ALUMINIUM,ALUMINIUM,12802.708,12802.71,0.0,PASS,,,
4.9_+_UP_FREEZER_BODY_2~L8.2~W2.6~H2.56~all_eps, 4.9 & UP FREEZER BODY (2,21,FREEZER LARGE,all_eps,8.2,2.6,2.56,SUB FRAME + LIGHT BOX ASSY,SUB FRAME + LIGHT BOX ASSY,9920.504025,9920.53,0.0,PASS,,,
4.9_+_UP_FREEZER_BODY_2~L8.2~W2.6~H2.56~all_eps, 4.9 & UP FREEZER BODY (2,21,FREEZER LARGE,all_eps,8.2,2.6,2.56,REAR FRAME + FLOOR PLATE,REAR FRAME & FLOOR PLATE,5432.105904,5432.11,0.0,PASS,,,
4.9_+_UP_FREEZER_BODY_2~L8.2~W2.6~H2.56~all_eps, 4.9 & UP FREEZER BODY (2,21,FREEZER LARGE,all_eps,8.2,2.6,2.56,SPRAY PAINTING,SPRAY PAINTING,750.0,750.0,0.0,PASS,,,
4.9_+_UP_FREEZER_BODY_2~L8.2~W2.6~H2.56~all_eps, 4.9 & UP FREEZER BODY (2,21,FREEZER LARGE,all_eps,8.2,2.6,2.56,REFLEXITE TAPE,REFLEXITE TAPE,344.7,344.7,0.0,PASS,,,
4.9_+_UP_FREEZER_BODY_2~L8.2~W2.6~H2.56~all_pu, 4.9 & UP FREEZER BODY (2,21,FREEZER LARGE,all_pu,8.2,2.6,2.56,FRONT,FRONT,5588.153405,5596.29,0.146,PASS,,,
4.9_+_UP_FREEZER_BODY_2~L8.2~W2.6~H2.56~all_pu, 4.9 & UP FREEZER BODY (2,21,FREEZER LARGE,all_pu,8.2,2.6,2.56,SRD,,0.0,,,SKIP,,,
4.9_+_UP_FREEZER_BODY_2~L8.2~W2.6~H2.56~all_pu, 4.9 & UP FREEZER BODY (2,21,FREEZER LARGE,all_pu,8.2,2.6,2.56,SRD DOOR FITTINGS,,0.0,,,SKIP,,,
4.9_+_UP_FREEZER_BODY_2~L8.2~W2.6~H2.56~all_pu, 4.9 & UP FREEZER BODY (2,21,FREEZER LARGE,all_pu,8.2,2.6,2.56,DRD,DRD,6352.841946,6352.78,0.001,PASS,,,
4.9_+_UP_FREEZER_BODY_2~L8.2~W2.6~H2.56~all_pu, 4.9 & UP FREEZER BODY (2,21,FREEZER LARGE,all_pu,8.2,2.6,2.56,DRD DOOR FITTINGS,DRD DOOR FITTINGS,6438.75928,6438.76,0.0,PASS,,,
4.9_+_UP_FREEZER_BODY_2~L8.2~W2.6~H2.56~all_pu, 4.9 & UP FREEZER BODY (2,21,FREEZER LARGE,all_pu,8.2,2.6,2.56,SIDES,SIDES,35953.793562,35953.37,0.001,PASS,,,
4.9_+_UP_FREEZER_BODY_2~L8.2~W2.6~H2.56~all_pu, 4.9 & UP FREEZER BODY (2,21,FREEZER LARGE,all_pu,8.2,2.6,2.56,ROOF,ROOF,19899.147084,19899.0,0.001,PASS,,,
4.9_+_UP_FREEZER_BODY_2~L8.2~W2.6~H2.56~all_pu, 4.9 & UP FREEZER BODY (2,21,FREEZER LARGE,all_pu,8.2,2.6,2.56,FLOOR,FLOOR,37642.592617,37642.89,0.001,PASS,,,
4.9_+_UP_FREEZER_BODY_2~L8.2~W2.6~H2.56~all_pu, 4.9 & UP FREEZER BODY (2,21,FREEZER LARGE,all_pu,8.2,2.6,2.56,ALUMINIUM,ALUMINIUM,12802.708,12802.71,0.0,PASS,,,
4.9_+_UP_FREEZER_BODY_2~L8.2~W2.6~H2.56~all_pu, 4.9 & UP FREEZER BODY (2,21,FREEZER LARGE,all_pu,8.2,2.6,2.56,SUB FRAME + LIGHT BOX ASSY,SUB FRAME + LIGHT BOX ASSY,9920.504025,9920.53,0.0,PASS,,,
4.9_+_UP_FREEZER_BODY_2~L8.2~W2.6~H2.56~all_pu, 4.9 & UP FREEZER BODY (2,21,FREEZER LARGE,all_pu,8.2,2.6,2.56,REAR FRAME + FLOOR PLATE,REAR FRAME & FLOOR PLATE,5432.105904,5432.11,0.0,PASS,,,
4.9_+_UP_FREEZER_BODY_2~L8.2~W2.6~H2.56~all_pu, 4.9 & UP FREEZER BODY (2,21,FREEZER LARGE,all_pu,8.2,2.6,2.56,SPRAY PAINTING,SPRAY PAINTING,750.0,750.0,0.0,PASS,,,
4.9_+_UP_FREEZER_BODY_2~L8.2~W2.6~H2.56~all_pu, 4.9 & UP FREEZER BODY (2,21,FREEZER LARGE,all_pu,8.2,2.6,2.56,REFLEXITE TAPE,REFLEXITE TAPE,344.7,344.7,0.0,PASS,,,
4.9_+_UP_FREEZER_BODY_2~L8.2~W2.6~H2.56~srd, 4.9 & UP FREEZER BODY (2,21,FREEZER LARGE,srd,8.2,2.6,2.56,FRONT,FRONT,5588.153405,5596.29,0.146,PASS,,,
4.9_+_UP_FREEZER_BODY_2~L8.2~W2.6~H2.56~srd, 4.9 & UP FREEZER BODY (2,21,FREEZER LARGE,srd,8.2,2.6,2.56,SRD,SRD,5680.305873,5680.24,0.001,PASS,,,
4.9_+_UP_FREEZER_BODY_2~L8.2~W2.6~H2.56~srd, 4.9 & UP FREEZER BODY (2,21,FREEZER LARGE,srd,8.2,2.6,2.56,SRD DOOR FITTINGS,SRD DOOR FITTINGS,7088.08054,7048.48,0.559,PASS,,,
4.9_+_UP_FREEZER_BODY_2~L8.2~W2.6~H2.56~srd, 4.9 & UP FREEZER BODY (2,21,FREEZER LARGE,srd,8.2,2.6,2.56,DRD,,0.0,,,SKIP,,,
4.9_+_UP_FREEZER_BODY_2~L8.2~W2.6~H2.56~srd, 4.9 & UP FREEZER BODY (2,21,FREEZER LARGE,srd,8.2,2.6,2.56,DRD DOOR FITTINGS,,0.0,,,SKIP,,,
4.9_+_UP_FREEZER_BODY_2~L8.2~W2.6~H2.56~srd, 4.9 & UP FREEZER BODY (2,21,FREEZER LARGE,srd,8.2,2.6,2.56,SIDES,SIDES,35953.793562,35953.37,0.001,PASS,,,
4.9_+_UP_FREEZER_BODY_2~L8.2~W2.6~H2.56~srd, 4.9 & UP FREEZER BODY (2,21,FREEZER LARGE,srd,8.2,2.6,2.56,ROOF,ROOF,19899.147084,19899.0,0.001,PASS,,,
4.9_+_UP_FREEZER_BODY_2~L8.2~W2.6~H2.56~srd, 4.9 & UP FREEZER BODY (2,21,FREEZER LARGE,srd,8.2,2.6,2.56,FLOOR,FLOOR,37642.592617,37642.89,0.001,PASS,,,
4.9_+_UP_FREEZER_BODY_2~L8.2~W2.6~H2.56~srd, 4.9 & UP FREEZER BODY (2,21,FREEZER LARGE,srd,8.2,2.6,2.56,ALUMINIUM,ALUMINIUM,12802.708,12802.71,0.0,PASS,,,
4.9_+_UP_FREEZER_BODY_2~L8.2~W2.6~H2.56~srd, 4.9 & UP FREEZER BODY (2,21,FREEZER LARGE,srd,8.2,2.6,2.56,SUB FRAME + LIGHT BOX ASSY,SUB FRAME + LIGHT BOX ASSY,9920.504025,9920.53,0.0,PASS,,,
4.9_+_UP_FREEZER_BODY_2~L8.2~W2.6~H2.56~srd, 4.9 & UP FREEZER BODY (2,21,FREEZER LARGE,srd,8.2,2.6,2.56,REAR FRAME + FLOOR PLATE,,0.0,,,SKIP,,,
4.9_+_UP_FREEZER_BODY_2~L8.2~W2.6~H2.56~srd, 4.9 & UP FREEZER BODY (2,21,FREEZER LARGE,srd,8.2,2.6,2.56,SPRAY PAINTING,SPRAY PAINTING,750.0,750.0,0.0,PASS,,,
4.9_+_UP_FREEZER_BODY_2~L8.2~W2.6~H2.56~srd, 4.9 & UP FREEZER BODY (2,21,FREEZER LARGE,srd,8.2,2.6,2.56,REFLEXITE TAPE,REFLEXITE TAPE,344.7,344.7,0.0,PASS,,,
4.9_+_UP_FREEZER_BODY_2~L8.2~W2.6~H2.56~drd, 4.9 & UP FREEZER BODY (2,21,FREEZER LARGE,drd,8.2,2.6,2.56,FRONT,FRONT,5588.153405,5596.29,0.146,PASS,,,
4.9_+_UP_FREEZER_BODY_2~L8.2~W2.6~H2.56~drd, 4.9 & UP FREEZER BODY (2,21,FREEZER LARGE,drd,8.2,2.6,2.56,SRD,,0.0,,,SKIP,,,
4.9_+_UP_FREEZER_BODY_2~L8.2~W2.6~H2.56~drd, 4.9 & UP FREEZER BODY (2,21,FREEZER LARGE,drd,8.2,2.6,2.56,SRD DOOR FITTINGS,,0.0,,,SKIP,,,
4.9_+_UP_FREEZER_BODY_2~L8.2~W2.6~H2.56~drd, 4.9 & UP FREEZER BODY (2,21,FREEZER LARGE,drd,8.2,2.6,2.56,DRD,DRD,6352.841946,6352.78,0.001,PASS,,,
4.9_+_UP_FREEZER_BODY_2~L8.2~W2.6~H2.56~drd, 4.9 & UP FREEZER BODY (2,21,FREEZER LARGE,drd,8.2,2.6,2.56,DRD DOOR FITTINGS,DRD DOOR FITTINGS,6438.75928,6438.76,0.0,PASS,,,
4.9_+_UP_FREEZER_BODY_2~L8.2~W2.6~H2.56~drd, 4.9 & UP FREEZER BODY (2,21,FREEZER LARGE,drd,8.2,2.6,2.56,SIDES,SIDES,35953.793562,35953.37,0.001,PASS,,,
4.9_+_UP_FREEZER_BODY_2~L8.2~W2.6~H2.56~drd, 4.9 & UP FREEZER BODY (2,21,FREEZER LARGE,drd,8.2,2.6,2.56,ROOF,ROOF,19899.147084,19899.0,0.001,PASS,,,
4.9_+_UP_FREEZER_BODY_2~L8.2~W2.6~H2.56~drd, 4.9 & UP FREEZER BODY (2,21,FREEZER LARGE,drd,8.2,2.6,2.56,FLOOR,FLOOR,37642.592617,37642.89,0.001,PASS,,,
4.9_+_UP_FREEZER_BODY_2~L8.2~W2.6~H2.56~drd, 4.9 & UP FREEZER BODY (2,21,FREEZER LARGE,drd,8.2,2.6,2.56,ALUMINIUM,ALUMINIUM,12802.708,12802.71,0.0,PASS,,,
4.9_+_UP_FREEZER_BODY_2~L8.2~W2.6~H2.56~drd, 4.9 & UP FREEZER BODY (2,21,FREEZER LARGE,drd,8.2,2.6,2.56,SUB FRAME + LIGHT BOX ASSY,SUB FRAME + LIGHT BOX ASSY,9920.504025,9920.53,0.0,PASS,,,
4.9_+_UP_FREEZER_BODY_2~L8.2~W2.6~H2.56~drd, 4.9 & UP FREEZER BODY (2,21,FREEZER LARGE,drd,8.2,2.6,2.56,REAR FRAME + FLOOR PLATE,REAR FRAME & FLOOR PLATE,5432.105904,5432.11,0.0,PASS,,,
4.9_+_UP_FREEZER_BODY_2~L8.2~W2.6~H2.56~drd, 4.9 & UP FREEZER BODY (2,21,FREEZER LARGE,drd,8.2,2.6,2.56,SPRAY PAINTING,SPRAY PAINTING,750.0,750.0,0.0,PASS,,,
4.9_+_UP_FREEZER_BODY_2~L8.2~W2.6~H2.56~drd, 4.9 & UP FREEZER BODY (2,21,FREEZER LARGE,drd,8.2,2.6,2.56,REFLEXITE TAPE,REFLEXITE TAPE,344.7,344.7,0.0,PASS,,,
4.9_+_UP_FREEZER_BODY_2~L8.2~W2.6~H2.56~foam_4g, 4.9 & UP FREEZER BODY (2,21,FREEZER LARGE,foam_4g,8.2,2.6,2.56,FRONT,FRONT,6052.035541,6124.76,1.202,ACCEPTED,,BOTH PU (+64.58),"[RULING] Manifests F + F2 (RT1 ruling 3 and addendum): prod prices 4G PU foam at Burt's 21 Sep 4G, R5 581 = the PU material's R4 100 (Burt's corrected 32D) x 5581/4100; the golden is his September workbook (4G R5 400), so every costed 4G PU foam line reads +3.35 % against it (32D matches the golden: both R4 100). A stop-gap: rebuild the golden from the 21 Sep workbooks, then remove this entry. EXPIRED means the golden refresh has not shipped."
4.9_+_UP_FREEZER_BODY_2~L8.2~W2.6~H2.56~foam_4g, 4.9 & UP FREEZER BODY (2,21,FREEZER LARGE,foam_4g,8.2,2.6,2.56,SRD,,0.0,,,SKIP,,,
4.9_+_UP_FREEZER_BODY_2~L8.2~W2.6~H2.56~foam_4g, 4.9 & UP FREEZER BODY (2,21,FREEZER LARGE,foam_4g,8.2,2.6,2.56,SRD DOOR FITTINGS,,0.0,,,SKIP,,,
4.9_+_UP_FREEZER_BODY_2~L8.2~W2.6~H2.56~foam_4g, 4.9 & UP FREEZER BODY (2,21,FREEZER LARGE,foam_4g,8.2,2.6,2.56,DRD,DRD,6816.724082,6881.25,0.947,PASS,,,
4.9_+_UP_FREEZER_BODY_2~L8.2~W2.6~H2.56~foam_4g, 4.9 & UP FREEZER BODY (2,21,FREEZER LARGE,foam_4g,8.2,2.6,2.56,DRD DOOR FITTINGS,DRD DOOR FITTINGS,6438.75928,6438.76,0.0,PASS,,,
4.9_+_UP_FREEZER_BODY_2~L8.2~W2.6~H2.56~foam_4g, 4.9 & UP FREEZER BODY (2,21,FREEZER LARGE,foam_4g,8.2,2.6,2.56,SIDES,SIDES,39090.70145,39527.04,1.116,ACCEPTED,,BOTH PU (+436.76),"[RULING] Manifests F + F2 (RT1 ruling 3 and addendum): prod prices 4G PU foam at Burt's 21 Sep 4G, R5 581 = the PU material's R4 100 (Burt's corrected 32D) x 5581/4100; the golden is his September workbook (4G R5 400), so every costed 4G PU foam line reads +3.35 % against it (32D matches the golden: both R4 100). A stop-gap: rebuild the golden from the 21 Sep workbooks, then remove this entry. EXPIRED means the golden refresh has not shipped."
4.9_+_UP_FREEZER_BODY_2~L8.2~W2.6~H2.56~foam_4g, 4.9 & UP FREEZER BODY (2,21,FREEZER LARGE,foam_4g,8.2,2.6,2.56,ROOF,ROOF,22513.23699,22877.05,1.616,ACCEPTED,,BOTH PU (+363.96),"[RULING] Manifests F + F2 (RT1 ruling 3 and addendum): prod prices 4G PU foam at Burt's 21 Sep 4G, R5 581 = the PU material's R4 100 (Burt's corrected 32D) x 5581/4100; the golden is his September workbook (4G R5 400), so every costed 4G PU foam line reads +3.35 % against it (32D matches the golden: both R4 100). A stop-gap: rebuild the golden from the 21 Sep workbooks, then remove this entry. EXPIRED means the golden refresh has not shipped."
4.9_+_UP_FREEZER_BODY_2~L8.2~W2.6~H2.56~foam_4g, 4.9 & UP FREEZER BODY (2,21,FREEZER LARGE,foam_4g,8.2,2.6,2.56,FLOOR,FLOOR,40256.682524,40620.94,0.905,PASS,,,
4.9_+_UP_FREEZER_BODY_2~L8.2~W2.6~H2.56~foam_4g, 4.9 & UP FREEZER BODY (2,21,FREEZER LARGE,foam_4g,8.2,2.6,2.56,ALUMINIUM,ALUMINIUM,12802.708,12802.71,0.0,PASS,,,
4.9_+_UP_FREEZER_BODY_2~L8.2~W2.6~H2.56~foam_4g, 4.9 & UP FREEZER BODY (2,21,FREEZER LARGE,foam_4g,8.2,2.6,2.56,SUB FRAME + LIGHT BOX ASSY,SUB FRAME + LIGHT BOX ASSY,9920.504025,9920.53,0.0,PASS,,,
4.9_+_UP_FREEZER_BODY_2~L8.2~W2.6~H2.56~foam_4g, 4.9 & UP FREEZER BODY (2,21,FREEZER LARGE,foam_4g,8.2,2.6,2.56,REAR FRAME + FLOOR PLATE,REAR FRAME & FLOOR PLATE,5432.105904,5432.11,0.0,PASS,,,
4.9_+_UP_FREEZER_BODY_2~L8.2~W2.6~H2.56~foam_4g, 4.9 & UP FREEZER BODY (2,21,FREEZER LARGE,foam_4g,8.2,2.6,2.56,SPRAY PAINTING,SPRAY PAINTING,750.0,750.0,0.0,PASS,,,
4.9_+_UP_FREEZER_BODY_2~L8.2~W2.6~H2.56~foam_4g, 4.9 & UP FREEZER BODY (2,21,FREEZER LARGE,foam_4g,8.2,2.6,2.56,REFLEXITE TAPE,REFLEXITE TAPE,344.7,344.7,0.0,PASS,,,
