scenario_id,sheet,trailer_id,trailer_name,variant,length,width,height,section_excel,section_mes,excel_total,mes_total,variance_pct,status,reason,likely_cause,accepted_reason
"UP_TO_2,3_MTR_FREEZER~L1.8~W1.68~H1.39~as_sheet"," UP TO 2,3 MTR FREEZER ",19,FREEZER 2.3 METER,as_sheet,1.8,1.68,1.39,FRONT,FRONT,2701.525496,2699.73,0.066,PASS,,,
"UP_TO_2,3_MTR_FREEZER~L1.8~W1.68~H1.39~as_sheet"," UP TO 2,3 MTR FREEZER ",19,FREEZER 2.3 METER,as_sheet,1.8,1.68,1.39,SRD,,0.0,,,SKIP,,,
"UP_TO_2,3_MTR_FREEZER~L1.8~W1.68~H1.39~as_sheet"," UP TO 2,3 MTR FREEZER ",19,FREEZER 2.3 METER,as_sheet,1.8,1.68,1.39,SRD DOOR FITTINGS,,0.0,,,SKIP,,,
"UP_TO_2,3_MTR_FREEZER~L1.8~W1.68~H1.39~as_sheet"," UP TO 2,3 MTR FREEZER ",19,FREEZER 2.3 METER,as_sheet,1.8,1.68,1.39,DRD,DRD,3459.515039,3459.5,0.0,PASS,,,
"UP_TO_2,3_MTR_FREEZER~L1.8~W1.68~H1.39~as_sheet"," UP TO 2,3 MTR FREEZER ",19,FREEZER 2.3 METER,as_sheet,1.8,1.68,1.39,DRD DOOR FITTINGS,DRD DOOR FITTINGS,4400.99804,4401.0,0.0,PASS,,,
"UP_TO_2,3_MTR_FREEZER~L1.8~W1.68~H1.39~as_sheet"," UP TO 2,3 MTR FREEZER ",19,FREEZER 2.3 METER,as_sheet,1.8,1.68,1.39,SIDES,SIDES,5131.015099,5128.27,0.054,PASS,,,
"UP_TO_2,3_MTR_FREEZER~L1.8~W1.68~H1.39~as_sheet"," UP TO 2,3 MTR FREEZER ",19,FREEZER 2.3 METER,as_sheet,1.8,1.68,1.39,ROOF,ROOF,2413.504803,2413.48,0.001,PASS,,,
"UP_TO_2,3_MTR_FREEZER~L1.8~W1.68~H1.39~as_sheet"," UP TO 2,3 MTR FREEZER ",19,FREEZER 2.3 METER,as_sheet,1.8,1.68,1.39,FLOOR,FLOOR,4854.948819,4854.95,0.0,PASS,,,
"UP_TO_2,3_MTR_FREEZER~L1.8~W1.68~H1.39~as_sheet"," UP TO 2,3 MTR FREEZER ",19,FREEZER 2.3 METER,as_sheet,1.8,1.68,1.39,ALUMINIUM,ALUMINIUM,3327.4538,3327.45,0.0,PASS,,,
"UP_TO_2,3_MTR_FREEZER~L1.8~W1.68~H1.39~as_sheet"," UP TO 2,3 MTR FREEZER ",19,FREEZER 2.3 METER,as_sheet,1.8,1.68,1.39,SUB FRAME + LIGHT BOX ASSY,SUB FRAME + LIGHT BOX ASSY,2806.306579,2806.31,0.0,PASS,,,
"UP_TO_2,3_MTR_FREEZER~L1.8~W1.68~H1.39~as_sheet"," UP TO 2,3 MTR FREEZER ",19,FREEZER 2.3 METER,as_sheet,1.8,1.68,1.39,REAR FRAME + FLOOR PLATE,REAR FRAME & FLOOR PLATE,2249.351114,2249.35,0.0,PASS,,,
"UP_TO_2,3_MTR_FREEZER~L1.8~W1.68~H1.39~as_sheet"," UP TO 2,3 MTR FREEZER ",19,FREEZER 2.3 METER,as_sheet,1.8,1.68,1.39,SPRAY PAINTING,SPRAY PAINTING,750.0,750.0,0.0,PASS,,,
"UP_TO_2,3_MTR_FREEZER~L1.8~W1.68~H1.39~all_eps"," UP TO 2,3 MTR FREEZER ",19,FREEZER 2.3 METER,all_eps,1.8,1.68,1.39,FRONT,FRONT,1238.512605,1238.5,,UNVERIFIABLE,EXCEL_NO_PRICE:EPS,,
"UP_TO_2,3_MTR_FREEZER~L1.8~W1.68~H1.39~all_eps"," UP TO 2,3 MTR FREEZER ",19,FREEZER 2.3 METER,all_eps,1.8,1.68,1.39,SRD,,0.0,,,SKIP,,,
"UP_TO_2,3_MTR_FREEZER~L1.8~W1.68~H1.39~all_eps"," UP TO 2,3 MTR FREEZER ",19,FREEZER 2.3 METER,all_eps,1.8,1.68,1.39,SRD DOOR FITTINGS,,0.0,,,SKIP,,,
"UP_TO_2,3_MTR_FREEZER~L1.8~W1.68~H1.39~all_eps"," UP TO 2,3 MTR FREEZER ",19,FREEZER 2.3 METER,all_eps,1.8,1.68,1.39,DRD,DRD,1996.502149,1996.49,,UNVERIFIABLE,EXCEL_NO_PRICE:EPS,,
"UP_TO_2,3_MTR_FREEZER~L1.8~W1.68~H1.39~all_eps"," UP TO 2,3 MTR FREEZER ",19,FREEZER 2.3 METER,all_eps,1.8,1.68,1.39,DRD DOOR FITTINGS,DRD DOOR FITTINGS,4400.99804,4401.0,0.0,PASS,,,
"UP_TO_2,3_MTR_FREEZER~L1.8~W1.68~H1.39~all_eps"," UP TO 2,3 MTR FREEZER ",19,FREEZER 2.3 METER,all_eps,1.8,1.68,1.39,SIDES,SIDES,2912.511945,2912.47,,UNVERIFIABLE,EXCEL_NO_PRICE:EPS,,
"UP_TO_2,3_MTR_FREEZER~L1.8~W1.68~H1.39~all_eps"," UP TO 2,3 MTR FREEZER ",19,FREEZER 2.3 METER,all_eps,1.8,1.68,1.39,ROOF,ROOF,2413.504803,2413.48,0.001,PASS,,,
"UP_TO_2,3_MTR_FREEZER~L1.8~W1.68~H1.39~all_eps"," UP TO 2,3 MTR FREEZER ",19,FREEZER 2.3 METER,all_eps,1.8,1.68,1.39,FLOOR,FLOOR,4854.948819,4854.95,0.0,PASS,,,
"UP_TO_2,3_MTR_FREEZER~L1.8~W1.68~H1.39~all_eps"," UP TO 2,3 MTR FREEZER ",19,FREEZER 2.3 METER,all_eps,1.8,1.68,1.39,ALUMINIUM,ALUMINIUM,3327.4538,3327.45,0.0,PASS,,,
"UP_TO_2,3_MTR_FREEZER~L1.8~W1.68~H1.39~all_eps"," UP TO 2,3 MTR FREEZER ",19,FREEZER 2.3 METER,all_eps,1.8,1.68,1.39,SUB FRAME + LIGHT BOX ASSY,SUB FRAME + LIGHT BOX ASSY,2806.306579,2806.31,0.0,PASS,,,
"UP_TO_2,3_MTR_FREEZER~L1.8~W1.68~H1.39~all_eps"," UP TO 2,3 MTR FREEZER ",19,FREEZER 2.3 METER,all_eps,1.8,1.68,1.39,REAR FRAME + FLOOR PLATE,REAR FRAME & FLOOR PLATE,2249.351114,2249.35,0.0,PASS,,,
"UP_TO_2,3_MTR_FREEZER~L1.8~W1.68~H1.39~all_eps"," UP TO 2,3 MTR FREEZER ",19,FREEZER 2.3 METER,all_eps,1.8,1.68,1.39,SPRAY PAINTING,SPRAY PAINTING,750.0,750.0,0.0,PASS,,,
"UP_TO_2,3_MTR_FREEZER~L1.8~W1.68~H1.39~all_pu"," UP TO 2,3 MTR FREEZER ",19,FREEZER 2.3 METER,all_pu,1.8,1.68,1.39,FRONT,FRONT,2767.521005,2765.72,0.065,PASS,,,
"UP_TO_2,3_MTR_FREEZER~L1.8~W1.68~H1.39~all_pu"," UP TO 2,3 MTR FREEZER ",19,FREEZER 2.3 METER,all_pu,1.8,1.68,1.39,SRD,,0.0,,,SKIP,,,
"UP_TO_2,3_MTR_FREEZER~L1.8~W1.68~H1.39~all_pu"," UP TO 2,3 MTR FREEZER ",19,FREEZER 2.3 METER,all_pu,1.8,1.68,1.39,SRD DOOR FITTINGS,,0.0,,,SKIP,,,
"UP_TO_2,3_MTR_FREEZER~L1.8~W1.68~H1.39~all_pu"," UP TO 2,3 MTR FREEZER ",19,FREEZER 2.3 METER,all_pu,1.8,1.68,1.39,DRD,DRD,3522.091253,3522.08,0.0,PASS,,,
"UP_TO_2,3_MTR_FREEZER~L1.8~W1.68~H1.39~all_pu"," UP TO 2,3 MTR FREEZER ",19,FREEZER 2.3 METER,all_pu,1.8,1.68,1.39,DRD DOOR FITTINGS,DRD DOOR FITTINGS,4464.38736,4464.39,0.0,PASS,,,
"UP_TO_2,3_MTR_FREEZER~L1.8~W1.68~H1.39~all_pu"," UP TO 2,3 MTR FREEZER ",19,FREEZER 2.3 METER,all_pu,1.8,1.68,1.39,SIDES,SIDES,5275.324551,5266.91,0.16,PASS,,,
"UP_TO_2,3_MTR_FREEZER~L1.8~W1.68~H1.39~all_pu"," UP TO 2,3 MTR FREEZER ",19,FREEZER 2.3 METER,all_pu,1.8,1.68,1.39,ROOF,ROOF,3317.48652,3315.75,0.052,PASS,,,
"UP_TO_2,3_MTR_FREEZER~L1.8~W1.68~H1.39~all_pu"," UP TO 2,3 MTR FREEZER ",19,FREEZER 2.3 METER,all_pu,1.8,1.68,1.39,FLOOR,FLOOR,5758.930537,5757.22,0.03,PASS,,,
"UP_TO_2,3_MTR_FREEZER~L1.8~W1.68~H1.39~all_pu"," UP TO 2,3 MTR FREEZER ",19,FREEZER 2.3 METER,all_pu,1.8,1.68,1.39,ALUMINIUM,ALUMINIUM,3327.4538,3327.45,0.0,PASS,,,
"UP_TO_2,3_MTR_FREEZER~L1.8~W1.68~H1.39~all_pu"," UP TO 2,3 MTR FREEZER ",19,FREEZER 2.3 METER,all_pu,1.8,1.68,1.39,SUB FRAME + LIGHT BOX ASSY,SUB FRAME + LIGHT BOX ASSY,2806.306579,2806.31,0.0,PASS,,,
"UP_TO_2,3_MTR_FREEZER~L1.8~W1.68~H1.39~all_pu"," UP TO 2,3 MTR FREEZER ",19,FREEZER 2.3 METER,all_pu,1.8,1.68,1.39,REAR FRAME + FLOOR PLATE,REAR FRAME & FLOOR PLATE,2249.351114,2249.35,0.0,PASS,,,
"UP_TO_2,3_MTR_FREEZER~L1.8~W1.68~H1.39~all_pu"," UP TO 2,3 MTR FREEZER ",19,FREEZER 2.3 METER,all_pu,1.8,1.68,1.39,SPRAY PAINTING,SPRAY PAINTING,750.0,750.0,0.0,PASS,,,
"UP_TO_2,3_MTR_FREEZER~L1.8~W1.68~H1.39~srd"," UP TO 2,3 MTR FREEZER ",19,FREEZER 2.3 METER,srd,1.8,1.68,1.39,FRONT,FRONT,2701.525496,2699.73,0.066,PASS,,,
"UP_TO_2,3_MTR_FREEZER~L1.8~W1.68~H1.39~srd"," UP TO 2,3 MTR FREEZER ",19,FREEZER 2.3 METER,srd,1.8,1.68,1.39,SRD,SRD,2953.413166,2951.62,0.061,PASS,,,
"UP_TO_2,3_MTR_FREEZER~L1.8~W1.68~H1.39~srd"," UP TO 2,3 MTR FREEZER ",19,FREEZER 2.3 METER,srd,1.8,1.68,1.39,SRD DOOR FITTINGS,SRD DOOR FITTINGS,4655.01232,4655.01,0.0,PASS,,,
"UP_TO_2,3_MTR_FREEZER~L1.8~W1.68~H1.39~srd"," UP TO 2,3 MTR FREEZER ",19,FREEZER 2.3 METER,srd,1.8,1.68,1.39,DRD,,0.0,,,SKIP,,,
"UP_TO_2,3_MTR_FREEZER~L1.8~W1.68~H1.39~srd"," UP TO 2,3 MTR FREEZER ",19,FREEZER 2.3 METER,srd,1.8,1.68,1.39,DRD DOOR FITTINGS,,0.0,,,SKIP,,,
"UP_TO_2,3_MTR_FREEZER~L1.8~W1.68~H1.39~srd"," UP TO 2,3 MTR FREEZER ",19,FREEZER 2.3 METER,srd,1.8,1.68,1.39,SIDES,SIDES,5131.015099,5128.27,0.054,PASS,,,
"UP_TO_2,3_MTR_FREEZER~L1.8~W1.68~H1.39~srd"," UP TO 2,3 MTR FREEZER ",19,FREEZER 2.3 METER,srd,1.8,1.68,1.39,ROOF,ROOF,2413.504803,2413.48,0.001,PASS,,,
"UP_TO_2,3_MTR_FREEZER~L1.8~W1.68~H1.39~srd"," UP TO 2,3 MTR FREEZER ",19,FREEZER 2.3 METER,srd,1.8,1.68,1.39,FLOOR,FLOOR,4854.948819,4854.95,0.0,PASS,,,
"UP_TO_2,3_MTR_FREEZER~L1.8~W1.68~H1.39~srd"," UP TO 2,3 MTR FREEZER ",19,FREEZER 2.3 METER,srd,1.8,1.68,1.39,ALUMINIUM,ALUMINIUM,3327.4538,3327.45,0.0,PASS,,,
"UP_TO_2,3_MTR_FREEZER~L1.8~W1.68~H1.39~srd"," UP TO 2,3 MTR FREEZER ",19,FREEZER 2.3 METER,srd,1.8,1.68,1.39,SUB FRAME + LIGHT BOX ASSY,SUB FRAME + LIGHT BOX ASSY,2806.306579,2806.31,0.0,PASS,,,
"UP_TO_2,3_MTR_FREEZER~L1.8~W1.68~H1.39~srd"," UP TO 2,3 MTR FREEZER ",19,FREEZER 2.3 METER,srd,1.8,1.68,1.39,REAR FRAME + FLOOR PLATE,REAR FRAME & FLOOR PLATE,0.0,2249.35,,ACCEPTED,EXTRA_IN_MES,,"[RULING] Burt gates REAR FRAME + FLOOR PLATE on the DRD flags, so a single-rear-door body carries R0 there; MES always includes the section (R2.4k-R5.5k). Which is right needs Burt/Michael."
"UP_TO_2,3_MTR_FREEZER~L1.8~W1.68~H1.39~srd"," UP TO 2,3 MTR FREEZER ",19,FREEZER 2.3 METER,srd,1.8,1.68,1.39,SPRAY PAINTING,SPRAY PAINTING,750.0,750.0,0.0,PASS,,,
"UP_TO_2,3_MTR_FREEZER~L1.8~W1.68~H1.39~drd"," UP TO 2,3 MTR FREEZER ",19,FREEZER 2.3 METER,drd,1.8,1.68,1.39,FRONT,FRONT,2701.525496,2699.73,0.066,PASS,,,
"UP_TO_2,3_MTR_FREEZER~L1.8~W1.68~H1.39~drd"," UP TO 2,3 MTR FREEZER ",19,FREEZER 2.3 METER,drd,1.8,1.68,1.39,SRD,,0.0,,,SKIP,,,
"UP_TO_2,3_MTR_FREEZER~L1.8~W1.68~H1.39~drd"," UP TO 2,3 MTR FREEZER ",19,FREEZER 2.3 METER,drd,1.8,1.68,1.39,SRD DOOR FITTINGS,,0.0,,,SKIP,,,
"UP_TO_2,3_MTR_FREEZER~L1.8~W1.68~H1.39~drd"," UP TO 2,3 MTR FREEZER ",19,FREEZER 2.3 METER,drd,1.8,1.68,1.39,DRD,DRD,3459.515039,3459.5,0.0,PASS,,,
"UP_TO_2,3_MTR_FREEZER~L1.8~W1.68~H1.39~drd"," UP TO 2,3 MTR FREEZER ",19,FREEZER 2.3 METER,drd,1.8,1.68,1.39,DRD DOOR FITTINGS,DRD DOOR FITTINGS,4400.99804,4401.0,0.0,PASS,,,
"UP_TO_2,3_MTR_FREEZER~L1.8~W1.68~H1.39~drd"," UP TO 2,3 MTR FREEZER ",19,FREEZER 2.3 METER,drd,1.8,1.68,1.39,SIDES,SIDES,5131.015099,5128.27,0.054,PASS,,,
"UP_TO_2,3_MTR_FREEZER~L1.8~W1.68~H1.39~drd"," UP TO 2,3 MTR FREEZER ",19,FREEZER 2.3 METER,drd,1.8,1.68,1.39,ROOF,ROOF,2413.504803,2413.48,0.001,PASS,,,
"UP_TO_2,3_MTR_FREEZER~L1.8~W1.68~H1.39~drd"," UP TO 2,3 MTR FREEZER ",19,FREEZER 2.3 METER,drd,1.8,1.68,1.39,FLOOR,FLOOR,4854.948819,4854.95,0.0,PASS,,,
"UP_TO_2,3_MTR_FREEZER~L1.8~W1.68~H1.39~drd"," UP TO 2,3 MTR FREEZER ",19,FREEZER 2.3 METER,drd,1.8,1.68,1.39,ALUMINIUM,ALUMINIUM,3327.4538,3327.45,0.0,PASS,,,
"UP_TO_2,3_MTR_FREEZER~L1.8~W1.68~H1.39~drd"," UP TO 2,3 MTR FREEZER ",19,FREEZER 2.3 METER,drd,1.8,1.68,1.39,SUB FRAME + LIGHT BOX ASSY,SUB FRAME + LIGHT BOX ASSY,2806.306579,2806.31,0.0,PASS,,,
"UP_TO_2,3_MTR_FREEZER~L1.8~W1.68~H1.39~drd"," UP TO 2,3 MTR FREEZER ",19,FREEZER 2.3 METER,drd,1.8,1.68,1.39,REAR FRAME + FLOOR PLATE,REAR FRAME & FLOOR PLATE,2249.351114,2249.35,0.0,PASS,,,
"UP_TO_2,3_MTR_FREEZER~L1.8~W1.68~H1.39~drd"," UP TO 2,3 MTR FREEZER ",19,FREEZER 2.3 METER,drd,1.8,1.68,1.39,SPRAY PAINTING,SPRAY PAINTING,750.0,750.0,0.0,PASS,,,
"UP_TO_2,3_MTR_FREEZER~L1.8~W1.68~H1.39~foam_4g"," UP TO 2,3 MTR FREEZER ",19,FREEZER 2.3 METER,foam_4g,1.8,1.68,1.39,FRONT,FRONT,3165.407632,3163.04,0.075,PASS,,,
"UP_TO_2,3_MTR_FREEZER~L1.8~W1.68~H1.39~foam_4g"," UP TO 2,3 MTR FREEZER ",19,FREEZER 2.3 METER,foam_4g,1.8,1.68,1.39,SRD,,0.0,,,SKIP,,,
"UP_TO_2,3_MTR_FREEZER~L1.8~W1.68~H1.39~foam_4g"," UP TO 2,3 MTR FREEZER ",19,FREEZER 2.3 METER,foam_4g,1.8,1.68,1.39,SRD DOOR FITTINGS,,0.0,,,SKIP,,,
"UP_TO_2,3_MTR_FREEZER~L1.8~W1.68~H1.39~foam_4g"," UP TO 2,3 MTR FREEZER ",19,FREEZER 2.3 METER,foam_4g,1.8,1.68,1.39,DRD,DRD,3923.397175,3923.38,0.0,PASS,,,
"UP_TO_2,3_MTR_FREEZER~L1.8~W1.68~H1.39~foam_4g"," UP TO 2,3 MTR FREEZER ",19,FREEZER 2.3 METER,foam_4g,1.8,1.68,1.39,DRD DOOR FITTINGS,DRD DOOR FITTINGS,4400.99804,4401.0,0.0,PASS,,,
"UP_TO_2,3_MTR_FREEZER~L1.8~W1.68~H1.39~foam_4g"," UP TO 2,3 MTR FREEZER ",19,FREEZER 2.3 METER,foam_4g,1.8,1.68,1.39,SIDES,SIDES,5834.442928,5830.84,0.062,PASS,,,
"UP_TO_2,3_MTR_FREEZER~L1.8~W1.68~H1.39~foam_4g"," UP TO 2,3 MTR FREEZER ",19,FREEZER 2.3 METER,foam_4g,1.8,1.68,1.39,ROOF,ROOF,2413.504803,2413.48,0.001,PASS,,,
"UP_TO_2,3_MTR_FREEZER~L1.8~W1.68~H1.39~foam_4g"," UP TO 2,3 MTR FREEZER ",19,FREEZER 2.3 METER,foam_4g,1.8,1.68,1.39,FLOOR,FLOOR,4854.948819,4854.95,0.0,PASS,,,
"UP_TO_2,3_MTR_FREEZER~L1.8~W1.68~H1.39~foam_4g"," UP TO 2,3 MTR FREEZER ",19,FREEZER 2.3 METER,foam_4g,1.8,1.68,1.39,ALUMINIUM,ALUMINIUM,3327.4538,3327.45,0.0,PASS,,,
"UP_TO_2,3_MTR_FREEZER~L1.8~W1.68~H1.39~foam_4g"," UP TO 2,3 MTR FREEZER ",19,FREEZER 2.3 METER,foam_4g,1.8,1.68,1.39,SUB FRAME + LIGHT BOX ASSY,SUB FRAME + LIGHT BOX ASSY,2806.306579,2806.31,0.0,PASS,,,
"UP_TO_2,3_MTR_FREEZER~L1.8~W1.68~H1.39~foam_4g"," UP TO 2,3 MTR FREEZER ",19,FREEZER 2.3 METER,foam_4g,1.8,1.68,1.39,REAR FRAME + FLOOR PLATE,REAR FRAME & FLOOR PLATE,2249.351114,2249.35,0.0,PASS,,,
"UP_TO_2,3_MTR_FREEZER~L1.8~W1.68~H1.39~foam_4g"," UP TO 2,3 MTR FREEZER ",19,FREEZER 2.3 METER,foam_4g,1.8,1.68,1.39,SPRAY PAINTING,SPRAY PAINTING,750.0,750.0,0.0,PASS,,,
"UP_TO_2,3_MTR_FREEZER~L2.31~W1.68~H1.39~as_sheet"," UP TO 2,3 MTR FREEZER ",19,FREEZER 2.3 METER,as_sheet,2.31,1.68,1.39,FRONT,FRONT,2701.525496,2699.73,0.066,PASS,,,
"UP_TO_2,3_MTR_FREEZER~L2.31~W1.68~H1.39~as_sheet"," UP TO 2,3 MTR FREEZER ",19,FREEZER 2.3 METER,as_sheet,2.31,1.68,1.39,SRD,,0.0,,,SKIP,,,
"UP_TO_2,3_MTR_FREEZER~L2.31~W1.68~H1.39~as_sheet"," UP TO 2,3 MTR FREEZER ",19,FREEZER 2.3 METER,as_sheet,2.31,1.68,1.39,SRD DOOR FITTINGS,,0.0,,,SKIP,,,
"UP_TO_2,3_MTR_FREEZER~L2.31~W1.68~H1.39~as_sheet"," UP TO 2,3 MTR FREEZER ",19,FREEZER 2.3 METER,as_sheet,2.31,1.68,1.39,DRD,DRD,3459.515039,3459.5,0.0,PASS,,,
"UP_TO_2,3_MTR_FREEZER~L2.31~W1.68~H1.39~as_sheet"," UP TO 2,3 MTR FREEZER ",19,FREEZER 2.3 METER,as_sheet,2.31,1.68,1.39,DRD DOOR FITTINGS,DRD DOOR FITTINGS,4400.99804,4401.0,0.0,PASS,,,
"UP_TO_2,3_MTR_FREEZER~L2.31~W1.68~H1.39~as_sheet"," UP TO 2,3 MTR FREEZER ",19,FREEZER 2.3 METER,as_sheet,2.31,1.68,1.39,SIDES,SIDES,6466.398687,6462.9,0.054,PASS,,,
"UP_TO_2,3_MTR_FREEZER~L2.31~W1.68~H1.39~as_sheet"," UP TO 2,3 MTR FREEZER ",19,FREEZER 2.3 METER,as_sheet,2.31,1.68,1.39,ROOF,ROOF,3031.939281,3031.91,0.001,PASS,,,
"UP_TO_2,3_MTR_FREEZER~L2.31~W1.68~H1.39~as_sheet"," UP TO 2,3 MTR FREEZER ",19,FREEZER 2.3 METER,as_sheet,2.31,1.68,1.39,FLOOR,FLOOR,5917.240596,5917.24,0.0,PASS,,,
"UP_TO_2,3_MTR_FREEZER~L2.31~W1.68~H1.39~as_sheet"," UP TO 2,3 MTR FREEZER ",19,FREEZER 2.3 METER,as_sheet,2.31,1.68,1.39,ALUMINIUM,ALUMINIUM,3881.5688,3881.57,0.0,PASS,,,
"UP_TO_2,3_MTR_FREEZER~L2.31~W1.68~H1.39~as_sheet"," UP TO 2,3 MTR FREEZER ",19,FREEZER 2.3 METER,as_sheet,2.31,1.68,1.39,SUB FRAME + LIGHT BOX ASSY,SUB FRAME + LIGHT BOX ASSY,2910.114758,2910.11,0.0,PASS,,,
"UP_TO_2,3_MTR_FREEZER~L2.31~W1.68~H1.39~as_sheet"," UP TO 2,3 MTR FREEZER ",19,FREEZER 2.3 METER,as_sheet,2.31,1.68,1.39,REAR FRAME + FLOOR PLATE,REAR FRAME & FLOOR PLATE,2249.351114,2249.35,0.0,PASS,,,
"UP_TO_2,3_MTR_FREEZER~L2.31~W1.68~H1.39~as_sheet"," UP TO 2,3 MTR FREEZER ",19,FREEZER 2.3 METER,as_sheet,2.31,1.68,1.39,SPRAY PAINTING,SPRAY PAINTING,750.0,750.0,0.0,PASS,,,
"UP_TO_2,3_MTR_FREEZER~L2.31~W1.68~H1.39~all_eps"," UP TO 2,3 MTR FREEZER ",19,FREEZER 2.3 METER,all_eps,2.31,1.68,1.39,FRONT,FRONT,1238.512605,1238.5,,UNVERIFIABLE,EXCEL_NO_PRICE:EPS,,
"UP_TO_2,3_MTR_FREEZER~L2.31~W1.68~H1.39~all_eps"," UP TO 2,3 MTR FREEZER ",19,FREEZER 2.3 METER,all_eps,2.31,1.68,1.39,SRD,,0.0,,,SKIP,,,
"UP_TO_2,3_MTR_FREEZER~L2.31~W1.68~H1.39~all_eps"," UP TO 2,3 MTR FREEZER ",19,FREEZER 2.3 METER,all_eps,2.31,1.68,1.39,SRD DOOR FITTINGS,,0.0,,,SKIP,,,
"UP_TO_2,3_MTR_FREEZER~L2.31~W1.68~H1.39~all_eps"," UP TO 2,3 MTR FREEZER ",19,FREEZER 2.3 METER,all_eps,2.31,1.68,1.39,DRD,DRD,1996.502149,1996.49,,UNVERIFIABLE,EXCEL_NO_PRICE:EPS,,
"UP_TO_2,3_MTR_FREEZER~L2.31~W1.68~H1.39~all_eps"," UP TO 2,3 MTR FREEZER ",19,FREEZER 2.3 METER,all_eps,2.31,1.68,1.39,DRD DOOR FITTINGS,DRD DOOR FITTINGS,4400.99804,4401.0,0.0,PASS,,,
"UP_TO_2,3_MTR_FREEZER~L2.31~W1.68~H1.39~all_eps"," UP TO 2,3 MTR FREEZER ",19,FREEZER 2.3 METER,all_eps,2.31,1.68,1.39,SIDES,SIDES,3636.308177,3636.26,,UNVERIFIABLE,EXCEL_NO_PRICE:EPS,,
"UP_TO_2,3_MTR_FREEZER~L2.31~W1.68~H1.39~all_eps"," UP TO 2,3 MTR FREEZER ",19,FREEZER 2.3 METER,all_eps,2.31,1.68,1.39,ROOF,ROOF,3031.939281,3031.91,0.001,PASS,,,
"UP_TO_2,3_MTR_FREEZER~L2.31~W1.68~H1.39~all_eps"," UP TO 2,3 MTR FREEZER ",19,FREEZER 2.3 METER,all_eps,2.31,1.68,1.39,FLOOR,FLOOR,5917.240596,5917.24,0.0,PASS,,,
"UP_TO_2,3_MTR_FREEZER~L2.31~W1.68~H1.39~all_eps"," UP TO 2,3 MTR FREEZER ",19,FREEZER 2.3 METER,all_eps,2.31,1.68,1.39,ALUMINIUM,ALUMINIUM,3881.5688,3881.57,0.0,PASS,,,
"UP_TO_2,3_MTR_FREEZER~L2.31~W1.68~H1.39~all_eps"," UP TO 2,3 MTR FREEZER ",19,FREEZER 2.3 METER,all_eps,2.31,1.68,1.39,SUB FRAME + LIGHT BOX ASSY,SUB FRAME + LIGHT BOX ASSY,2910.114758,2910.11,0.0,PASS,,,
"UP_TO_2,3_MTR_FREEZER~L2.31~W1.68~H1.39~all_eps"," UP TO 2,3 MTR FREEZER ",19,FREEZER 2.3 METER,all_eps,2.31,1.68,1.39,REAR FRAME + FLOOR PLATE,REAR FRAME & FLOOR PLATE,2249.351114,2249.35,0.0,PASS,,,
"UP_TO_2,3_MTR_FREEZER~L2.31~W1.68~H1.39~all_eps"," UP TO 2,3 MTR FREEZER ",19,FREEZER 2.3 METER,all_eps,2.31,1.68,1.39,SPRAY PAINTING,SPRAY PAINTING,750.0,750.0,0.0,PASS,,,
"UP_TO_2,3_MTR_FREEZER~L2.31~W1.68~H1.39~all_pu"," UP TO 2,3 MTR FREEZER ",19,FREEZER 2.3 METER,all_pu,2.31,1.68,1.39,FRONT,FRONT,2767.521005,2765.72,0.065,PASS,,,
"UP_TO_2,3_MTR_FREEZER~L2.31~W1.68~H1.39~all_pu"," UP TO 2,3 MTR FREEZER ",19,FREEZER 2.3 METER,all_pu,2.31,1.68,1.39,SRD,,0.0,,,SKIP,,,
"UP_TO_2,3_MTR_FREEZER~L2.31~W1.68~H1.39~all_pu"," UP TO 2,3 MTR FREEZER ",19,FREEZER 2.3 METER,all_pu,2.31,1.68,1.39,SRD DOOR FITTINGS,,0.0,,,SKIP,,,
"UP_TO_2,3_MTR_FREEZER~L2.31~W1.68~H1.39~all_pu"," UP TO 2,3 MTR FREEZER ",19,FREEZER 2.3 METER,all_pu,2.31,1.68,1.39,DRD,DRD,3522.091253,3522.08,0.0,PASS,,,
"UP_TO_2,3_MTR_FREEZER~L2.31~W1.68~H1.39~all_pu"," UP TO 2,3 MTR FREEZER ",19,FREEZER 2.3 METER,all_pu,2.31,1.68,1.39,DRD DOOR FITTINGS,DRD DOOR FITTINGS,4464.38736,4464.39,0.0,PASS,,,
"UP_TO_2,3_MTR_FREEZER~L2.31~W1.68~H1.39~all_pu"," UP TO 2,3 MTR FREEZER ",19,FREEZER 2.3 METER,all_pu,2.31,1.68,1.39,SIDES,SIDES,6648.928342,6639.76,0.138,PASS,,,
"UP_TO_2,3_MTR_FREEZER~L2.31~W1.68~H1.39~all_pu"," UP TO 2,3 MTR FREEZER ",19,FREEZER 2.3 METER,all_pu,2.31,1.68,1.39,ROOF,ROOF,4185.126769,4182.91,0.053,PASS,,,
"UP_TO_2,3_MTR_FREEZER~L2.31~W1.68~H1.39~all_pu"," UP TO 2,3 MTR FREEZER ",19,FREEZER 2.3 METER,all_pu,2.31,1.68,1.39,FLOOR,FLOOR,7070.428084,7068.24,0.031,PASS,,,
"UP_TO_2,3_MTR_FREEZER~L2.31~W1.68~H1.39~all_pu"," UP TO 2,3 MTR FREEZER ",19,FREEZER 2.3 METER,all_pu,2.31,1.68,1.39,ALUMINIUM,ALUMINIUM,3881.5688,3881.57,0.0,PASS,,,
"UP_TO_2,3_MTR_FREEZER~L2.31~W1.68~H1.39~all_pu"," UP TO 2,3 MTR FREEZER ",19,FREEZER 2.3 METER,all_pu,2.31,1.68,1.39,SUB FRAME + LIGHT BOX ASSY,SUB FRAME + LIGHT BOX ASSY,2910.114758,2910.11,0.0,PASS,,,
"UP_TO_2,3_MTR_FREEZER~L2.31~W1.68~H1.39~all_pu"," UP TO 2,3 MTR FREEZER ",19,FREEZER 2.3 METER,all_pu,2.31,1.68,1.39,REAR FRAME + FLOOR PLATE,REAR FRAME & FLOOR PLATE,2249.351114,2249.35,0.0,PASS,,,
"UP_TO_2,3_MTR_FREEZER~L2.31~W1.68~H1.39~all_pu"," UP TO 2,3 MTR FREEZER ",19,FREEZER 2.3 METER,all_pu,2.31,1.68,1.39,SPRAY PAINTING,SPRAY PAINTING,750.0,750.0,0.0,PASS,,,
"UP_TO_2,3_MTR_FREEZER~L2.31~W1.68~H1.39~srd"," UP TO 2,3 MTR FREEZER ",19,FREEZER 2.3 METER,srd,2.31,1.68,1.39,FRONT,FRONT,2701.525496,2699.73,0.066,PASS,,,
"UP_TO_2,3_MTR_FREEZER~L2.31~W1.68~H1.39~srd"," UP TO 2,3 MTR FREEZER ",19,FREEZER 2.3 METER,srd,2.31,1.68,1.39,SRD,SRD,2953.413166,2951.62,0.061,PASS,,,
"UP_TO_2,3_MTR_FREEZER~L2.31~W1.68~H1.39~srd"," UP TO 2,3 MTR FREEZER ",19,FREEZER 2.3 METER,srd,2.31,1.68,1.39,SRD DOOR FITTINGS,SRD DOOR FITTINGS,4655.01232,4655.01,0.0,PASS,,,
"UP_TO_2,3_MTR_FREEZER~L2.31~W1.68~H1.39~srd"," UP TO 2,3 MTR FREEZER ",19,FREEZER 2.3 METER,srd,2.31,1.68,1.39,DRD,,0.0,,,SKIP,,,
"UP_TO_2,3_MTR_FREEZER~L2.31~W1.68~H1.39~srd"," UP TO 2,3 MTR FREEZER ",19,FREEZER 2.3 METER,srd,2.31,1.68,1.39,DRD DOOR FITTINGS,,0.0,,,SKIP,,,
"UP_TO_2,3_MTR_FREEZER~L2.31~W1.68~H1.39~srd"," UP TO 2,3 MTR FREEZER ",19,FREEZER 2.3 METER,srd,2.31,1.68,1.39,SIDES,SIDES,6466.398687,6462.9,0.054,PASS,,,
"UP_TO_2,3_MTR_FREEZER~L2.31~W1.68~H1.39~srd"," UP TO 2,3 MTR FREEZER ",19,FREEZER 2.3 METER,srd,2.31,1.68,1.39,ROOF,ROOF,3031.939281,3031.91,0.001,PASS,,,
"UP_TO_2,3_MTR_FREEZER~L2.31~W1.68~H1.39~srd"," UP TO 2,3 MTR FREEZER ",19,FREEZER 2.3 METER,srd,2.31,1.68,1.39,FLOOR,FLOOR,5917.240596,5917.24,0.0,PASS,,,
"UP_TO_2,3_MTR_FREEZER~L2.31~W1.68~H1.39~srd"," UP TO 2,3 MTR FREEZER ",19,FREEZER 2.3 METER,srd,2.31,1.68,1.39,ALUMINIUM,ALUMINIUM,3881.5688,3881.57,0.0,PASS,,,
"UP_TO_2,3_MTR_FREEZER~L2.31~W1.68~H1.39~srd"," UP TO 2,3 MTR FREEZER ",19,FREEZER 2.3 METER,srd,2.31,1.68,1.39,SUB FRAME + LIGHT BOX ASSY,SUB FRAME + LIGHT BOX ASSY,2910.114758,2910.11,0.0,PASS,,,
"UP_TO_2,3_MTR_FREEZER~L2.31~W1.68~H1.39~srd"," UP TO 2,3 MTR FREEZER ",19,FREEZER 2.3 METER,srd,2.31,1.68,1.39,REAR FRAME + FLOOR PLATE,REAR FRAME & FLOOR PLATE,0.0,2249.35,,ACCEPTED,EXTRA_IN_MES,,"[RULING] Burt gates REAR FRAME + FLOOR PLATE on the DRD flags, so a single-rear-door body carries R0 there; MES always includes the section (R2.4k-R5.5k). Which is right needs Burt/Michael."
"UP_TO_2,3_MTR_FREEZER~L2.31~W1.68~H1.39~srd"," UP TO 2,3 MTR FREEZER ",19,FREEZER 2.3 METER,srd,2.31,1.68,1.39,SPRAY PAINTING,SPRAY PAINTING,750.0,750.0,0.0,PASS,,,
"UP_TO_2,3_MTR_FREEZER~L2.31~W1.68~H1.39~drd"," UP TO 2,3 MTR FREEZER ",19,FREEZER 2.3 METER,drd,2.31,1.68,1.39,FRONT,FRONT,2701.525496,2699.73,0.066,PASS,,,
"UP_TO_2,3_MTR_FREEZER~L2.31~W1.68~H1.39~drd"," UP TO 2,3 MTR FREEZER ",19,FREEZER 2.3 METER,drd,2.31,1.68,1.39,SRD,,0.0,,,SKIP,,,
"UP_TO_2,3_MTR_FREEZER~L2.31~W1.68~H1.39~drd"," UP TO 2,3 MTR FREEZER ",19,FREEZER 2.3 METER,drd,2.31,1.68,1.39,SRD DOOR FITTINGS,,0.0,,,SKIP,,,
"UP_TO_2,3_MTR_FREEZER~L2.31~W1.68~H1.39~drd"," UP TO 2,3 MTR FREEZER ",19,FREEZER 2.3 METER,drd,2.31,1.68,1.39,DRD,DRD,3459.515039,3459.5,0.0,PASS,,,
"UP_TO_2,3_MTR_FREEZER~L2.31~W1.68~H1.39~drd"," UP TO 2,3 MTR FREEZER ",19,FREEZER 2.3 METER,drd,2.31,1.68,1.39,DRD DOOR FITTINGS,DRD DOOR FITTINGS,4400.99804,4401.0,0.0,PASS,,,
"UP_TO_2,3_MTR_FREEZER~L2.31~W1.68~H1.39~drd"," UP TO 2,3 MTR FREEZER ",19,FREEZER 2.3 METER,drd,2.31,1.68,1.39,SIDES,SIDES,6466.398687,6462.9,0.054,PASS,,,
"UP_TO_2,3_MTR_FREEZER~L2.31~W1.68~H1.39~drd"," UP TO 2,3 MTR FREEZER ",19,FREEZER 2.3 METER,drd,2.31,1.68,1.39,ROOF,ROOF,3031.939281,3031.91,0.001,PASS,,,
"UP_TO_2,3_MTR_FREEZER~L2.31~W1.68~H1.39~drd"," UP TO 2,3 MTR FREEZER ",19,FREEZER 2.3 METER,drd,2.31,1.68,1.39,FLOOR,FLOOR,5917.240596,5917.24,0.0,PASS,,,
"UP_TO_2,3_MTR_FREEZER~L2.31~W1.68~H1.39~drd"," UP TO 2,3 MTR FREEZER ",19,FREEZER 2.3 METER,drd,2.31,1.68,1.39,ALUMINIUM,ALUMINIUM,3881.5688,3881.57,0.0,PASS,,,
"UP_TO_2,3_MTR_FREEZER~L2.31~W1.68~H1.39~drd"," UP TO 2,3 MTR FREEZER ",19,FREEZER 2.3 METER,drd,2.31,1.68,1.39,SUB FRAME + LIGHT BOX ASSY,SUB FRAME + LIGHT BOX ASSY,2910.114758,2910.11,0.0,PASS,,,
"UP_TO_2,3_MTR_FREEZER~L2.31~W1.68~H1.39~drd"," UP TO 2,3 MTR FREEZER ",19,FREEZER 2.3 METER,drd,2.31,1.68,1.39,REAR FRAME + FLOOR PLATE,REAR FRAME & FLOOR PLATE,2249.351114,2249.35,0.0,PASS,,,
"UP_TO_2,3_MTR_FREEZER~L2.31~W1.68~H1.39~drd"," UP TO 2,3 MTR FREEZER ",19,FREEZER 2.3 METER,drd,2.31,1.68,1.39,SPRAY PAINTING,SPRAY PAINTING,750.0,750.0,0.0,PASS,,,
"UP_TO_2,3_MTR_FREEZER~L2.31~W1.68~H1.39~foam_4g"," UP TO 2,3 MTR FREEZER ",19,FREEZER 2.3 METER,foam_4g,2.31,1.68,1.39,FRONT,FRONT,3165.407632,3163.04,0.075,PASS,,,
"UP_TO_2,3_MTR_FREEZER~L2.31~W1.68~H1.39~foam_4g"," UP TO 2,3 MTR FREEZER ",19,FREEZER 2.3 METER,foam_4g,2.31,1.68,1.39,SRD,,0.0,,,SKIP,,,
"UP_TO_2,3_MTR_FREEZER~L2.31~W1.68~H1.39~foam_4g"," UP TO 2,3 MTR FREEZER ",19,FREEZER 2.3 METER,foam_4g,2.31,1.68,1.39,SRD DOOR FITTINGS,,0.0,,,SKIP,,,
"UP_TO_2,3_MTR_FREEZER~L2.31~W1.68~H1.39~foam_4g"," UP TO 2,3 MTR FREEZER ",19,FREEZER 2.3 METER,foam_4g,2.31,1.68,1.39,DRD,DRD,3923.397175,3923.38,0.0,PASS,,,
"UP_TO_2,3_MTR_FREEZER~L2.31~W1.68~H1.39~foam_4g"," UP TO 2,3 MTR FREEZER ",19,FREEZER 2.3 METER,foam_4g,2.31,1.68,1.39,DRD DOOR FITTINGS,DRD DOOR FITTINGS,4400.99804,4401.0,0.0,PASS,,,
"UP_TO_2,3_MTR_FREEZER~L2.31~W1.68~H1.39~foam_4g"," UP TO 2,3 MTR FREEZER ",19,FREEZER 2.3 METER,foam_4g,2.31,1.68,1.39,SIDES,SIDES,7363.744458,7359.15,0.062,PASS,,,
"UP_TO_2,3_MTR_FREEZER~L2.31~W1.68~H1.39~foam_4g"," UP TO 2,3 MTR FREEZER ",19,FREEZER 2.3 METER,foam_4g,2.31,1.68,1.39,ROOF,ROOF,3031.939281,3031.91,0.001,PASS,,,
"UP_TO_2,3_MTR_FREEZER~L2.31~W1.68~H1.39~foam_4g"," UP TO 2,3 MTR FREEZER ",19,FREEZER 2.3 METER,foam_4g,2.31,1.68,1.39,FLOOR,FLOOR,5917.240596,5917.24,0.0,PASS,,,
"UP_TO_2,3_MTR_FREEZER~L2.31~W1.68~H1.39~foam_4g"," UP TO 2,3 MTR FREEZER ",19,FREEZER 2.3 METER,foam_4g,2.31,1.68,1.39,ALUMINIUM,ALUMINIUM,3881.5688,3881.57,0.0,PASS,,,
"UP_TO_2,3_MTR_FREEZER~L2.31~W1.68~H1.39~foam_4g"," UP TO 2,3 MTR FREEZER ",19,FREEZER 2.3 METER,foam_4g,2.31,1.68,1.39,SUB FRAME + LIGHT BOX ASSY,SUB FRAME + LIGHT BOX ASSY,2910.114758,2910.11,0.0,PASS,,,
"UP_TO_2,3_MTR_FREEZER~L2.31~W1.68~H1.39~foam_4g"," UP TO 2,3 MTR FREEZER ",19,FREEZER 2.3 METER,foam_4g,2.31,1.68,1.39,REAR FRAME + FLOOR PLATE,REAR FRAME & FLOOR PLATE,2249.351114,2249.35,0.0,PASS,,,
"UP_TO_2,3_MTR_FREEZER~L2.31~W1.68~H1.39~foam_4g"," UP TO 2,3 MTR FREEZER ",19,FREEZER 2.3 METER,foam_4g,2.31,1.68,1.39,SPRAY PAINTING,SPRAY PAINTING,750.0,750.0,0.0,PASS,,,
UP_TO_4.8_MT_FREEZER_2~L3~W2.5~H2.4~as_sheet, UP TO 4.8 MT FREEZER  (2,20,FREEZER MEDIUM,as_sheet,3.0,2.5,2.4,FRONT,FRONT,5227.241456,5225.4,0.035,PASS,,,
UP_TO_4.8_MT_FREEZER_2~L3~W2.5~H2.4~as_sheet, UP TO 4.8 MT FREEZER  (2,20,FREEZER MEDIUM,as_sheet,3.0,2.5,2.4,SRD,,0.0,,,SKIP,,,
UP_TO_4.8_MT_FREEZER_2~L3~W2.5~H2.4~as_sheet, UP TO 4.8 MT FREEZER  (2,20,FREEZER MEDIUM,as_sheet,3.0,2.5,2.4,SRD DOOR FITTINGS,,0.0,,,SKIP,,,
UP_TO_4.8_MT_FREEZER_2~L3~W2.5~H2.4~as_sheet, UP TO 4.8 MT FREEZER  (2,20,FREEZER MEDIUM,as_sheet,3.0,2.5,2.4,DRD,DRD,5994.22456,5992.4,0.03,PASS,,,
UP_TO_4.8_MT_FREEZER_2~L3~W2.5~H2.4~as_sheet, UP TO 4.8 MT FREEZER  (2,20,FREEZER MEDIUM,as_sheet,3.0,2.5,2.4,DRD DOOR FITTINGS,DRD DOOR FITTINGS,5983.98526,5983.99,0.0,PASS,,,
UP_TO_4.8_MT_FREEZER_2~L3~W2.5~H2.4~as_sheet, UP TO 4.8 MT FREEZER  (2,20,FREEZER MEDIUM,as_sheet,3.0,2.5,2.4,SIDES,SIDES,13030.381401,13025.77,0.035,PASS,,,
UP_TO_4.8_MT_FREEZER_2~L3~W2.5~H2.4~as_sheet, UP TO 4.8 MT FREEZER  (2,20,FREEZER MEDIUM,as_sheet,3.0,2.5,2.4,ROOF,ROOF,6535.151987,6532.28,0.044,PASS,,,
UP_TO_4.8_MT_FREEZER_2~L3~W2.5~H2.4~as_sheet, UP TO 4.8 MT FREEZER  (2,20,FREEZER MEDIUM,as_sheet,3.0,2.5,2.4,FLOOR,FLOOR,25383.428125,25380.58,0.011,PASS,,,
UP_TO_4.8_MT_FREEZER_2~L3~W2.5~H2.4~as_sheet, UP TO 4.8 MT FREEZER  (2,20,FREEZER MEDIUM,as_sheet,3.0,2.5,2.4,ALUMINIUM,ALUMINIUM,5367.928,5367.93,0.0,PASS,,,
UP_TO_4.8_MT_FREEZER_2~L3~W2.5~H2.4~as_sheet, UP TO 4.8 MT FREEZER  (2,20,FREEZER MEDIUM,as_sheet,3.0,2.5,2.4,SUB FRAME + LIGHT BOX ASSY,SUB FRAME + LIGHT BOX ASSY,7741.648808,7615.97,1.623,ACCEPTED,,PRICE_DIFF SMALL MOUNTING BRACKET (-125.68),"[DATA] SMALL MOUNTING BRACKET priced differently from Burt's sheet on FREEZER MEDIUM (-R126), prod as dev."
UP_TO_4.8_MT_FREEZER_2~L3~W2.5~H2.4~as_sheet, UP TO 4.8 MT FREEZER  (2,20,FREEZER MEDIUM,as_sheet,3.0,2.5,2.4,REAR FRAME + FLOOR PLATE,REAR FRAME & FLOOR PLATE,4633.7716,4633.77,0.0,PASS,,,
UP_TO_4.8_MT_FREEZER_2~L3~W2.5~H2.4~as_sheet, UP TO 4.8 MT FREEZER  (2,20,FREEZER MEDIUM,as_sheet,3.0,2.5,2.4,SPRAY PAINTING,SPRAY PAINTING,750.0,750.0,0.0,PASS,,,
UP_TO_4.8_MT_FREEZER_2~L3~W2.5~H2.4~as_sheet, UP TO 4.8 MT FREEZER  (2,20,FREEZER MEDIUM,as_sheet,3.0,2.5,2.4,REFLEXITE TAPE,REFLEXITE TAPE,153.0,153.0,0.0,PASS,,,
UP_TO_4.8_MT_FREEZER_2~L3~W2.5~H2.4~all_eps, UP TO 4.8 MT FREEZER  (2,20,FREEZER MEDIUM,all_eps,3.0,2.5,2.4,FRONT,FRONT,3649.523745,3649.47,,UNVERIFIABLE,EXCEL_NO_PRICE:EPS,,
UP_TO_4.8_MT_FREEZER_2~L3~W2.5~H2.4~all_eps, UP TO 4.8 MT FREEZER  (2,20,FREEZER MEDIUM,all_eps,3.0,2.5,2.4,SRD,,0.0,,,SKIP,,,
UP_TO_4.8_MT_FREEZER_2~L3~W2.5~H2.4~all_eps, UP TO 4.8 MT FREEZER  (2,20,FREEZER MEDIUM,all_eps,3.0,2.5,2.4,SRD DOOR FITTINGS,,0.0,,,SKIP,,,
UP_TO_4.8_MT_FREEZER_2~L3~W2.5~H2.4~all_eps, UP TO 4.8 MT FREEZER  (2,20,FREEZER MEDIUM,all_eps,3.0,2.5,2.4,DRD,DRD,4416.116435,4416.08,,UNVERIFIABLE,EXCEL_NO_PRICE:EPS,,
UP_TO_4.8_MT_FREEZER_2~L3~W2.5~H2.4~all_eps, UP TO 4.8 MT FREEZER  (2,20,FREEZER MEDIUM,all_eps,3.0,2.5,2.4,DRD DOOR FITTINGS,DRD DOOR FITTINGS,5920.59594,5920.6,0.0,PASS,,,
UP_TO_4.8_MT_FREEZER_2~L3~W2.5~H2.4~all_eps, UP TO 4.8 MT FREEZER  (2,20,FREEZER MEDIUM,all_eps,3.0,2.5,2.4,SIDES,SIDES,9093.466654,9112.24,,UNVERIFIABLE,EXCEL_NO_PRICE:EPS,,
UP_TO_4.8_MT_FREEZER_2~L3~W2.5~H2.4~all_eps, UP TO 4.8 MT FREEZER  (2,20,FREEZER MEDIUM,all_eps,3.0,2.5,2.4,ROOF,ROOF,5436.36031,5436.31,0.001,PASS,,,
UP_TO_4.8_MT_FREEZER_2~L3~W2.5~H2.4~all_eps, UP TO 4.8 MT FREEZER  (2,20,FREEZER MEDIUM,all_eps,3.0,2.5,2.4,FLOOR,FLOOR,24284.636448,24284.62,0.0,PASS,,,
UP_TO_4.8_MT_FREEZER_2~L3~W2.5~H2.4~all_eps, UP TO 4.8 MT FREEZER  (2,20,FREEZER MEDIUM,all_eps,3.0,2.5,2.4,ALUMINIUM,ALUMINIUM,5367.928,5367.93,0.0,PASS,,,
UP_TO_4.8_MT_FREEZER_2~L3~W2.5~H2.4~all_eps, UP TO 4.8 MT FREEZER  (2,20,FREEZER MEDIUM,all_eps,3.0,2.5,2.4,SUB FRAME + LIGHT BOX ASSY,SUB FRAME + LIGHT BOX ASSY,7741.648808,7615.97,1.623,ACCEPTED,,PRICE_DIFF SMALL MOUNTING BRACKET (-125.68),"[DATA] SMALL MOUNTING BRACKET priced differently from Burt's sheet on FREEZER MEDIUM (-R126), prod as dev."
UP_TO_4.8_MT_FREEZER_2~L3~W2.5~H2.4~all_eps, UP TO 4.8 MT FREEZER  (2,20,FREEZER MEDIUM,all_eps,3.0,2.5,2.4,REAR FRAME + FLOOR PLATE,REAR FRAME & FLOOR PLATE,4633.7716,4633.77,0.0,PASS,,,
UP_TO_4.8_MT_FREEZER_2~L3~W2.5~H2.4~all_eps, UP TO 4.8 MT FREEZER  (2,20,FREEZER MEDIUM,all_eps,3.0,2.5,2.4,SPRAY PAINTING,SPRAY PAINTING,750.0,750.0,0.0,PASS,,,
UP_TO_4.8_MT_FREEZER_2~L3~W2.5~H2.4~all_eps, UP TO 4.8 MT FREEZER  (2,20,FREEZER MEDIUM,all_eps,3.0,2.5,2.4,REFLEXITE TAPE,REFLEXITE TAPE,153.0,153.0,0.0,PASS,,,
UP_TO_4.8_MT_FREEZER_2~L3~W2.5~H2.4~all_pu, UP TO 4.8 MT FREEZER  (2,20,FREEZER MEDIUM,all_pu,3.0,2.5,2.4,FRONT,FRONT,5227.241456,5225.4,0.035,PASS,,,
UP_TO_4.8_MT_FREEZER_2~L3~W2.5~H2.4~all_pu, UP TO 4.8 MT FREEZER  (2,20,FREEZER MEDIUM,all_pu,3.0,2.5,2.4,SRD,,0.0,,,SKIP,,,
UP_TO_4.8_MT_FREEZER_2~L3~W2.5~H2.4~all_pu, UP TO 4.8 MT FREEZER  (2,20,FREEZER MEDIUM,all_pu,3.0,2.5,2.4,SRD DOOR FITTINGS,,0.0,,,SKIP,,,
UP_TO_4.8_MT_FREEZER_2~L3~W2.5~H2.4~all_pu, UP TO 4.8 MT FREEZER  (2,20,FREEZER MEDIUM,all_pu,3.0,2.5,2.4,DRD,DRD,5994.22456,5992.4,0.03,PASS,,,
UP_TO_4.8_MT_FREEZER_2~L3~W2.5~H2.4~all_pu, UP TO 4.8 MT FREEZER  (2,20,FREEZER MEDIUM,all_pu,3.0,2.5,2.4,DRD DOOR FITTINGS,DRD DOOR FITTINGS,5983.98526,5983.99,0.0,PASS,,,
UP_TO_4.8_MT_FREEZER_2~L3~W2.5~H2.4~all_pu, UP TO 4.8 MT FREEZER  (2,20,FREEZER MEDIUM,all_pu,3.0,2.5,2.4,SIDES,SIDES,13030.381401,13025.77,0.035,PASS,,,
UP_TO_4.8_MT_FREEZER_2~L3~W2.5~H2.4~all_pu, UP TO 4.8 MT FREEZER  (2,20,FREEZER MEDIUM,all_pu,3.0,2.5,2.4,ROOF,ROOF,6535.151987,6532.28,0.044,PASS,,,
UP_TO_4.8_MT_FREEZER_2~L3~W2.5~H2.4~all_pu, UP TO 4.8 MT FREEZER  (2,20,FREEZER MEDIUM,all_pu,3.0,2.5,2.4,FLOOR,FLOOR,25383.428125,25380.58,0.011,PASS,,,
UP_TO_4.8_MT_FREEZER_2~L3~W2.5~H2.4~all_pu, UP TO 4.8 MT FREEZER  (2,20,FREEZER MEDIUM,all_pu,3.0,2.5,2.4,ALUMINIUM,ALUMINIUM,5367.928,5367.93,0.0,PASS,,,
UP_TO_4.8_MT_FREEZER_2~L3~W2.5~H2.4~all_pu, UP TO 4.8 MT FREEZER  (2,20,FREEZER MEDIUM,all_pu,3.0,2.5,2.4,SUB FRAME + LIGHT BOX ASSY,SUB FRAME + LIGHT BOX ASSY,7741.648808,7615.97,1.623,ACCEPTED,,PRICE_DIFF SMALL MOUNTING BRACKET (-125.68),"[DATA] SMALL MOUNTING BRACKET priced differently from Burt's sheet on FREEZER MEDIUM (-R126), prod as dev."
UP_TO_4.8_MT_FREEZER_2~L3~W2.5~H2.4~all_pu, UP TO 4.8 MT FREEZER  (2,20,FREEZER MEDIUM,all_pu,3.0,2.5,2.4,REAR FRAME + FLOOR PLATE,REAR FRAME & FLOOR PLATE,4633.7716,4633.77,0.0,PASS,,,
UP_TO_4.8_MT_FREEZER_2~L3~W2.5~H2.4~all_pu, UP TO 4.8 MT FREEZER  (2,20,FREEZER MEDIUM,all_pu,3.0,2.5,2.4,SPRAY PAINTING,SPRAY PAINTING,750.0,750.0,0.0,PASS,,,
UP_TO_4.8_MT_FREEZER_2~L3~W2.5~H2.4~all_pu, UP TO 4.8 MT FREEZER  (2,20,FREEZER MEDIUM,all_pu,3.0,2.5,2.4,REFLEXITE TAPE,REFLEXITE TAPE,153.0,153.0,0.0,PASS,,,
UP_TO_4.8_MT_FREEZER_2~L3~W2.5~H2.4~srd, UP TO 4.8 MT FREEZER  (2,20,FREEZER MEDIUM,srd,3.0,2.5,2.4,FRONT,FRONT,5227.241456,5225.4,0.035,PASS,,,
UP_TO_4.8_MT_FREEZER_2~L3~W2.5~H2.4~srd, UP TO 4.8 MT FREEZER  (2,20,FREEZER MEDIUM,srd,3.0,2.5,2.4,SRD,SRD,5439.592954,5437.75,0.034,PASS,,,
UP_TO_4.8_MT_FREEZER_2~L3~W2.5~H2.4~srd, UP TO 4.8 MT FREEZER  (2,20,FREEZER MEDIUM,srd,3.0,2.5,2.4,SRD DOOR FITTINGS,SRD DOOR FITTINGS,6821.62802,6821.63,0.0,PASS,,,
UP_TO_4.8_MT_FREEZER_2~L3~W2.5~H2.4~srd, UP TO 4.8 MT FREEZER  (2,20,FREEZER MEDIUM,srd,3.0,2.5,2.4,DRD,,0.0,,,SKIP,,,
UP_TO_4.8_MT_FREEZER_2~L3~W2.5~H2.4~srd, UP TO 4.8 MT FREEZER  (2,20,FREEZER MEDIUM,srd,3.0,2.5,2.4,DRD DOOR FITTINGS,,0.0,,,SKIP,,,
UP_TO_4.8_MT_FREEZER_2~L3~W2.5~H2.4~srd, UP TO 4.8 MT FREEZER  (2,20,FREEZER MEDIUM,srd,3.0,2.5,2.4,SIDES,SIDES,13030.381401,13025.77,0.035,PASS,,,
UP_TO_4.8_MT_FREEZER_2~L3~W2.5~H2.4~srd, UP TO 4.8 MT FREEZER  (2,20,FREEZER MEDIUM,srd,3.0,2.5,2.4,ROOF,ROOF,6535.151987,6532.28,0.044,PASS,,,
UP_TO_4.8_MT_FREEZER_2~L3~W2.5~H2.4~srd, UP TO 4.8 MT FREEZER  (2,20,FREEZER MEDIUM,srd,3.0,2.5,2.4,FLOOR,FLOOR,25383.428125,25380.58,0.011,PASS,,,
UP_TO_4.8_MT_FREEZER_2~L3~W2.5~H2.4~srd, UP TO 4.8 MT FREEZER  (2,20,FREEZER MEDIUM,srd,3.0,2.5,2.4,ALUMINIUM,ALUMINIUM,5367.928,5367.93,0.0,PASS,,,
UP_TO_4.8_MT_FREEZER_2~L3~W2.5~H2.4~srd, UP TO 4.8 MT FREEZER  (2,20,FREEZER MEDIUM,srd,3.0,2.5,2.4,SUB FRAME + LIGHT BOX ASSY,SUB FRAME + LIGHT BOX ASSY,7741.648808,7615.97,1.623,ACCEPTED,,PRICE_DIFF SMALL MOUNTING BRACKET (-125.68),"[DATA] SMALL MOUNTING BRACKET priced differently from Burt's sheet on FREEZER MEDIUM (-R126), prod as dev."
UP_TO_4.8_MT_FREEZER_2~L3~W2.5~H2.4~srd, UP TO 4.8 MT FREEZER  (2,20,FREEZER MEDIUM,srd,3.0,2.5,2.4,REAR FRAME + FLOOR PLATE,REAR FRAME & FLOOR PLATE,0.0,4633.77,,ACCEPTED,EXTRA_IN_MES,,"[RULING] Burt gates REAR FRAME + FLOOR PLATE on the DRD flags, so a single-rear-door body carries R0 there; MES always includes the section (R2.4k-R5.5k). Which is right needs Burt/Michael."
UP_TO_4.8_MT_FREEZER_2~L3~W2.5~H2.4~srd, UP TO 4.8 MT FREEZER  (2,20,FREEZER MEDIUM,srd,3.0,2.5,2.4,SPRAY PAINTING,SPRAY PAINTING,750.0,750.0,0.0,PASS,,,
UP_TO_4.8_MT_FREEZER_2~L3~W2.5~H2.4~srd, UP TO 4.8 MT FREEZER  (2,20,FREEZER MEDIUM,srd,3.0,2.5,2.4,REFLEXITE TAPE,REFLEXITE TAPE,153.0,153.0,0.0,PASS,,,
UP_TO_4.8_MT_FREEZER_2~L3~W2.5~H2.4~drd, UP TO 4.8 MT FREEZER  (2,20,FREEZER MEDIUM,drd,3.0,2.5,2.4,FRONT,FRONT,5227.241456,5225.4,0.035,PASS,,,
UP_TO_4.8_MT_FREEZER_2~L3~W2.5~H2.4~drd, UP TO 4.8 MT FREEZER  (2,20,FREEZER MEDIUM,drd,3.0,2.5,2.4,SRD,,0.0,,,SKIP,,,
UP_TO_4.8_MT_FREEZER_2~L3~W2.5~H2.4~drd, UP TO 4.8 MT FREEZER  (2,20,FREEZER MEDIUM,drd,3.0,2.5,2.4,SRD DOOR FITTINGS,,0.0,,,SKIP,,,
UP_TO_4.8_MT_FREEZER_2~L3~W2.5~H2.4~drd, UP TO 4.8 MT FREEZER  (2,20,FREEZER MEDIUM,drd,3.0,2.5,2.4,DRD,DRD,5994.22456,5992.4,0.03,PASS,,,
UP_TO_4.8_MT_FREEZER_2~L3~W2.5~H2.4~drd, UP TO 4.8 MT FREEZER  (2,20,FREEZER MEDIUM,drd,3.0,2.5,2.4,DRD DOOR FITTINGS,DRD DOOR FITTINGS,5983.98526,5983.99,0.0,PASS,,,
UP_TO_4.8_MT_FREEZER_2~L3~W2.5~H2.4~drd, UP TO 4.8 MT FREEZER  (2,20,FREEZER MEDIUM,drd,3.0,2.5,2.4,SIDES,SIDES,13030.381401,13025.77,0.035,PASS,,,
UP_TO_4.8_MT_FREEZER_2~L3~W2.5~H2.4~drd, UP TO 4.8 MT FREEZER  (2,20,FREEZER MEDIUM,drd,3.0,2.5,2.4,ROOF,ROOF,6535.151987,6532.28,0.044,PASS,,,
UP_TO_4.8_MT_FREEZER_2~L3~W2.5~H2.4~drd, UP TO 4.8 MT FREEZER  (2,20,FREEZER MEDIUM,drd,3.0,2.5,2.4,FLOOR,FLOOR,25383.428125,25380.58,0.011,PASS,,,
UP_TO_4.8_MT_FREEZER_2~L3~W2.5~H2.4~drd, UP TO 4.8 MT FREEZER  (2,20,FREEZER MEDIUM,drd,3.0,2.5,2.4,ALUMINIUM,ALUMINIUM,5367.928,5367.93,0.0,PASS,,,
UP_TO_4.8_MT_FREEZER_2~L3~W2.5~H2.4~drd, UP TO 4.8 MT FREEZER  (2,20,FREEZER MEDIUM,drd,3.0,2.5,2.4,SUB FRAME + LIGHT BOX ASSY,SUB FRAME + LIGHT BOX ASSY,7741.648808,7615.97,1.623,ACCEPTED,,PRICE_DIFF SMALL MOUNTING BRACKET (-125.68),"[DATA] SMALL MOUNTING BRACKET priced differently from Burt's sheet on FREEZER MEDIUM (-R126), prod as dev."
UP_TO_4.8_MT_FREEZER_2~L3~W2.5~H2.4~drd, UP TO 4.8 MT FREEZER  (2,20,FREEZER MEDIUM,drd,3.0,2.5,2.4,REAR FRAME + FLOOR PLATE,REAR FRAME & FLOOR PLATE,4633.7716,4633.77,0.0,PASS,,,
UP_TO_4.8_MT_FREEZER_2~L3~W2.5~H2.4~drd, UP TO 4.8 MT FREEZER  (2,20,FREEZER MEDIUM,drd,3.0,2.5,2.4,SPRAY PAINTING,SPRAY PAINTING,750.0,750.0,0.0,PASS,,,
UP_TO_4.8_MT_FREEZER_2~L3~W2.5~H2.4~drd, UP TO 4.8 MT FREEZER  (2,20,FREEZER MEDIUM,drd,3.0,2.5,2.4,REFLEXITE TAPE,REFLEXITE TAPE,153.0,153.0,0.0,PASS,,,
UP_TO_4.8_MT_FREEZER_2~L3~W2.5~H2.4~foam_4g, UP TO 4.8 MT FREEZER  (2,20,FREEZER MEDIUM,foam_4g,3.0,2.5,2.4,FRONT,FRONT,5691.123592,5688.72,0.042,PASS,,,
UP_TO_4.8_MT_FREEZER_2~L3~W2.5~H2.4~foam_4g, UP TO 4.8 MT FREEZER  (2,20,FREEZER MEDIUM,foam_4g,3.0,2.5,2.4,SRD,,0.0,,,SKIP,,,
UP_TO_4.8_MT_FREEZER_2~L3~W2.5~H2.4~foam_4g, UP TO 4.8 MT FREEZER  (2,20,FREEZER MEDIUM,foam_4g,3.0,2.5,2.4,SRD DOOR FITTINGS,,0.0,,,SKIP,,,
UP_TO_4.8_MT_FREEZER_2~L3~W2.5~H2.4~foam_4g, UP TO 4.8 MT FREEZER  (2,20,FREEZER MEDIUM,foam_4g,3.0,2.5,2.4,DRD,DRD,6458.106696,6455.71,0.037,PASS,,,
UP_TO_4.8_MT_FREEZER_2~L3~W2.5~H2.4~foam_4g, UP TO 4.8 MT FREEZER  (2,20,FREEZER MEDIUM,foam_4g,3.0,2.5,2.4,DRD DOOR FITTINGS,DRD DOOR FITTINGS,5983.98526,5983.99,0.0,PASS,,,
UP_TO_4.8_MT_FREEZER_2~L3~W2.5~H2.4~foam_4g, UP TO 4.8 MT FREEZER  (2,20,FREEZER MEDIUM,foam_4g,3.0,2.5,2.4,SIDES,SIDES,14190.086741,14184.06,0.042,PASS,,,
UP_TO_4.8_MT_FREEZER_2~L3~W2.5~H2.4~foam_4g, UP TO 4.8 MT FREEZER  (2,20,FREEZER MEDIUM,foam_4g,3.0,2.5,2.4,ROOF,ROOF,7269.632035,7265.86,0.052,PASS,,,
UP_TO_4.8_MT_FREEZER_2~L3~W2.5~H2.4~foam_4g, UP TO 4.8 MT FREEZER  (2,20,FREEZER MEDIUM,foam_4g,3.0,2.5,2.4,FLOOR,FLOOR,26117.908173,26114.17,0.014,PASS,,,
UP_TO_4.8_MT_FREEZER_2~L3~W2.5~H2.4~foam_4g, UP TO 4.8 MT FREEZER  (2,20,FREEZER MEDIUM,foam_4g,3.0,2.5,2.4,ALUMINIUM,ALUMINIUM,5367.928,5367.93,0.0,PASS,,,
UP_TO_4.8_MT_FREEZER_2~L3~W2.5~H2.4~foam_4g, UP TO 4.8 MT FREEZER  (2,20,FREEZER MEDIUM,foam_4g,3.0,2.5,2.4,SUB FRAME + LIGHT BOX ASSY,SUB FRAME + LIGHT BOX ASSY,7741.648808,7615.97,1.623,ACCEPTED,,PRICE_DIFF SMALL MOUNTING BRACKET (-125.68),"[DATA] SMALL MOUNTING BRACKET priced differently from Burt's sheet on FREEZER MEDIUM (-R126), prod as dev."
UP_TO_4.8_MT_FREEZER_2~L3~W2.5~H2.4~foam_4g, UP TO 4.8 MT FREEZER  (2,20,FREEZER MEDIUM,foam_4g,3.0,2.5,2.4,REAR FRAME + FLOOR PLATE,REAR FRAME & FLOOR PLATE,4633.7716,4633.77,0.0,PASS,,,
UP_TO_4.8_MT_FREEZER_2~L3~W2.5~H2.4~foam_4g, UP TO 4.8 MT FREEZER  (2,20,FREEZER MEDIUM,foam_4g,3.0,2.5,2.4,SPRAY PAINTING,SPRAY PAINTING,750.0,750.0,0.0,PASS,,,
UP_TO_4.8_MT_FREEZER_2~L3~W2.5~H2.4~foam_4g, UP TO 4.8 MT FREEZER  (2,20,FREEZER MEDIUM,foam_4g,3.0,2.5,2.4,REFLEXITE TAPE,REFLEXITE TAPE,153.0,153.0,0.0,PASS,,,
UP_TO_4.8_MT_FREEZER_2~L4.2~W2.5~H2.4~as_sheet, UP TO 4.8 MT FREEZER  (2,20,FREEZER MEDIUM,as_sheet,4.2,2.5,2.4,FRONT,FRONT,5227.241456,5225.4,0.035,PASS,,,
UP_TO_4.8_MT_FREEZER_2~L4.2~W2.5~H2.4~as_sheet, UP TO 4.8 MT FREEZER  (2,20,FREEZER MEDIUM,as_sheet,4.2,2.5,2.4,SRD,,0.0,,,SKIP,,,
UP_TO_4.8_MT_FREEZER_2~L4.2~W2.5~H2.4~as_sheet, UP TO 4.8 MT FREEZER  (2,20,FREEZER MEDIUM,as_sheet,4.2,2.5,2.4,SRD DOOR FITTINGS,,0.0,,,SKIP,,,
UP_TO_4.8_MT_FREEZER_2~L4.2~W2.5~H2.4~as_sheet, UP TO 4.8 MT FREEZER  (2,20,FREEZER MEDIUM,as_sheet,4.2,2.5,2.4,DRD,DRD,5994.22456,5992.4,0.03,PASS,,,
UP_TO_4.8_MT_FREEZER_2~L4.2~W2.5~H2.4~as_sheet, UP TO 4.8 MT FREEZER  (2,20,FREEZER MEDIUM,as_sheet,4.2,2.5,2.4,DRD DOOR FITTINGS,DRD DOOR FITTINGS,5983.98526,5983.99,0.0,PASS,,,
UP_TO_4.8_MT_FREEZER_2~L4.2~W2.5~H2.4~as_sheet, UP TO 4.8 MT FREEZER  (2,20,FREEZER MEDIUM,as_sheet,4.2,2.5,2.4,SIDES,SIDES,18012.316594,18005.89,0.036,PASS,,,
UP_TO_4.8_MT_FREEZER_2~L4.2~W2.5~H2.4~as_sheet, UP TO 4.8 MT FREEZER  (2,20,FREEZER MEDIUM,as_sheet,4.2,2.5,2.4,ROOF,ROOF,9061.806534,9057.8,0.044,PASS,,,
UP_TO_4.8_MT_FREEZER_2~L4.2~W2.5~H2.4~as_sheet, UP TO 4.8 MT FREEZER  (2,20,FREEZER MEDIUM,as_sheet,4.2,2.5,2.4,FLOOR,FLOOR,34797.93237,34793.97,0.011,PASS,,,
UP_TO_4.8_MT_FREEZER_2~L4.2~W2.5~H2.4~as_sheet, UP TO 4.8 MT FREEZER  (2,20,FREEZER MEDIUM,as_sheet,4.2,2.5,2.4,ALUMINIUM,ALUMINIUM,6671.728,6671.73,0.0,PASS,,,
UP_TO_4.8_MT_FREEZER_2~L4.2~W2.5~H2.4~as_sheet, UP TO 4.8 MT FREEZER  (2,20,FREEZER MEDIUM,as_sheet,4.2,2.5,2.4,SUB FRAME + LIGHT BOX ASSY,SUB FRAME + LIGHT BOX ASSY,8324.848808,8199.17,1.51,ACCEPTED,,PRICE_DIFF SMALL MOUNTING BRACKET (-125.68),"[DATA] SMALL MOUNTING BRACKET priced differently from Burt's sheet on FREEZER MEDIUM (-R126), prod as dev."
UP_TO_4.8_MT_FREEZER_2~L4.2~W2.5~H2.4~as_sheet, UP TO 4.8 MT FREEZER  (2,20,FREEZER MEDIUM,as_sheet,4.2,2.5,2.4,REAR FRAME + FLOOR PLATE,REAR FRAME & FLOOR PLATE,4633.7716,4633.77,0.0,PASS,,,
UP_TO_4.8_MT_FREEZER_2~L4.2~W2.5~H2.4~as_sheet, UP TO 4.8 MT FREEZER  (2,20,FREEZER MEDIUM,as_sheet,4.2,2.5,2.4,SPRAY PAINTING,SPRAY PAINTING,750.0,750.0,0.0,PASS,,,
UP_TO_4.8_MT_FREEZER_2~L4.2~W2.5~H2.4~as_sheet, UP TO 4.8 MT FREEZER  (2,20,FREEZER MEDIUM,as_sheet,4.2,2.5,2.4,REFLEXITE TAPE,REFLEXITE TAPE,196.2,196.2,0.0,PASS,,,
UP_TO_4.8_MT_FREEZER_2~L4.2~W2.5~H2.4~all_eps, UP TO 4.8 MT FREEZER  (2,20,FREEZER MEDIUM,all_eps,4.2,2.5,2.4,FRONT,FRONT,3649.523745,3649.47,,UNVERIFIABLE,EXCEL_NO_PRICE:EPS,,
UP_TO_4.8_MT_FREEZER_2~L4.2~W2.5~H2.4~all_eps, UP TO 4.8 MT FREEZER  (2,20,FREEZER MEDIUM,all_eps,4.2,2.5,2.4,SRD,,0.0,,,SKIP,,,
UP_TO_4.8_MT_FREEZER_2~L4.2~W2.5~H2.4~all_eps, UP TO 4.8 MT FREEZER  (2,20,FREEZER MEDIUM,all_eps,4.2,2.5,2.4,SRD DOOR FITTINGS,,0.0,,,SKIP,,,
UP_TO_4.8_MT_FREEZER_2~L4.2~W2.5~H2.4~all_eps, UP TO 4.8 MT FREEZER  (2,20,FREEZER MEDIUM,all_eps,4.2,2.5,2.4,DRD,DRD,4416.116435,4416.08,,UNVERIFIABLE,EXCEL_NO_PRICE:EPS,,
UP_TO_4.8_MT_FREEZER_2~L4.2~W2.5~H2.4~all_eps, UP TO 4.8 MT FREEZER  (2,20,FREEZER MEDIUM,all_eps,4.2,2.5,2.4,DRD DOOR FITTINGS,DRD DOOR FITTINGS,5920.59594,5920.6,0.0,PASS,,,
UP_TO_4.8_MT_FREEZER_2~L4.2~W2.5~H2.4~all_eps, UP TO 4.8 MT FREEZER  (2,20,FREEZER MEDIUM,all_eps,4.2,2.5,2.4,SIDES,SIDES,12528.681635,12552.61,,UNVERIFIABLE,EXCEL_NO_PRICE:EPS,,
UP_TO_4.8_MT_FREEZER_2~L4.2~W2.5~H2.4~all_eps, UP TO 4.8 MT FREEZER  (2,20,FREEZER MEDIUM,all_eps,4.2,2.5,2.4,ROOF,ROOF,7530.703377,7530.63,0.001,PASS,,,
UP_TO_4.8_MT_FREEZER_2~L4.2~W2.5~H2.4~all_eps, UP TO 4.8 MT FREEZER  (2,20,FREEZER MEDIUM,all_eps,4.2,2.5,2.4,FLOOR,FLOOR,33266.829214,33266.8,0.0,PASS,,,
UP_TO_4.8_MT_FREEZER_2~L4.2~W2.5~H2.4~all_eps, UP TO 4.8 MT FREEZER  (2,20,FREEZER MEDIUM,all_eps,4.2,2.5,2.4,ALUMINIUM,ALUMINIUM,6671.728,6671.73,0.0,PASS,,,
UP_TO_4.8_MT_FREEZER_2~L4.2~W2.5~H2.4~all_eps, UP TO 4.8 MT FREEZER  (2,20,FREEZER MEDIUM,all_eps,4.2,2.5,2.4,SUB FRAME + LIGHT BOX ASSY,SUB FRAME + LIGHT BOX ASSY,8324.848808,8199.17,1.51,ACCEPTED,,PRICE_DIFF SMALL MOUNTING BRACKET (-125.68),"[DATA] SMALL MOUNTING BRACKET priced differently from Burt's sheet on FREEZER MEDIUM (-R126), prod as dev."
UP_TO_4.8_MT_FREEZER_2~L4.2~W2.5~H2.4~all_eps, UP TO 4.8 MT FREEZER  (2,20,FREEZER MEDIUM,all_eps,4.2,2.5,2.4,REAR FRAME + FLOOR PLATE,REAR FRAME & FLOOR PLATE,4633.7716,4633.77,0.0,PASS,,,
UP_TO_4.8_MT_FREEZER_2~L4.2~W2.5~H2.4~all_eps, UP TO 4.8 MT FREEZER  (2,20,FREEZER MEDIUM,all_eps,4.2,2.5,2.4,SPRAY PAINTING,SPRAY PAINTING,750.0,750.0,0.0,PASS,,,
UP_TO_4.8_MT_FREEZER_2~L4.2~W2.5~H2.4~all_eps, UP TO 4.8 MT FREEZER  (2,20,FREEZER MEDIUM,all_eps,4.2,2.5,2.4,REFLEXITE TAPE,REFLEXITE TAPE,196.2,196.2,0.0,PASS,,,
UP_TO_4.8_MT_FREEZER_2~L4.2~W2.5~H2.4~all_pu, UP TO 4.8 MT FREEZER  (2,20,FREEZER MEDIUM,all_pu,4.2,2.5,2.4,FRONT,FRONT,5227.241456,5225.4,0.035,PASS,,,
UP_TO_4.8_MT_FREEZER_2~L4.2~W2.5~H2.4~all_pu, UP TO 4.8 MT FREEZER  (2,20,FREEZER MEDIUM,all_pu,4.2,2.5,2.4,SRD,,0.0,,,SKIP,,,
UP_TO_4.8_MT_FREEZER_2~L4.2~W2.5~H2.4~all_pu, UP TO 4.8 MT FREEZER  (2,20,FREEZER MEDIUM,all_pu,4.2,2.5,2.4,SRD DOOR FITTINGS,,0.0,,,SKIP,,,
UP_TO_4.8_MT_FREEZER_2~L4.2~W2.5~H2.4~all_pu, UP TO 4.8 MT FREEZER  (2,20,FREEZER MEDIUM,all_pu,4.2,2.5,2.4,DRD,DRD,5994.22456,5992.4,0.03,PASS,,,
UP_TO_4.8_MT_FREEZER_2~L4.2~W2.5~H2.4~all_pu, UP TO 4.8 MT FREEZER  (2,20,FREEZER MEDIUM,all_pu,4.2,2.5,2.4,DRD DOOR FITTINGS,DRD DOOR FITTINGS,5983.98526,5983.99,0.0,PASS,,,
UP_TO_4.8_MT_FREEZER_2~L4.2~W2.5~H2.4~all_pu, UP TO 4.8 MT FREEZER  (2,20,FREEZER MEDIUM,all_pu,4.2,2.5,2.4,SIDES,SIDES,18012.316594,18005.89,0.036,PASS,,,
UP_TO_4.8_MT_FREEZER_2~L4.2~W2.5~H2.4~all_pu, UP TO 4.8 MT FREEZER  (2,20,FREEZER MEDIUM,all_pu,4.2,2.5,2.4,ROOF,ROOF,9061.806534,9057.8,0.044,PASS,,,
UP_TO_4.8_MT_FREEZER_2~L4.2~W2.5~H2.4~all_pu, UP TO 4.8 MT FREEZER  (2,20,FREEZER MEDIUM,all_pu,4.2,2.5,2.4,FLOOR,FLOOR,34797.93237,34793.97,0.011,PASS,,,
UP_TO_4.8_MT_FREEZER_2~L4.2~W2.5~H2.4~all_pu, UP TO 4.8 MT FREEZER  (2,20,FREEZER MEDIUM,all_pu,4.2,2.5,2.4,ALUMINIUM,ALUMINIUM,6671.728,6671.73,0.0,PASS,,,
UP_TO_4.8_MT_FREEZER_2~L4.2~W2.5~H2.4~all_pu, UP TO 4.8 MT FREEZER  (2,20,FREEZER MEDIUM,all_pu,4.2,2.5,2.4,SUB FRAME + LIGHT BOX ASSY,SUB FRAME + LIGHT BOX ASSY,8324.848808,8199.17,1.51,ACCEPTED,,PRICE_DIFF SMALL MOUNTING BRACKET (-125.68),"[DATA] SMALL MOUNTING BRACKET priced differently from Burt's sheet on FREEZER MEDIUM (-R126), prod as dev."
UP_TO_4.8_MT_FREEZER_2~L4.2~W2.5~H2.4~all_pu, UP TO 4.8 MT FREEZER  (2,20,FREEZER MEDIUM,all_pu,4.2,2.5,2.4,REAR FRAME + FLOOR PLATE,REAR FRAME & FLOOR PLATE,4633.7716,4633.77,0.0,PASS,,,
UP_TO_4.8_MT_FREEZER_2~L4.2~W2.5~H2.4~all_pu, UP TO 4.8 MT FREEZER  (2,20,FREEZER MEDIUM,all_pu,4.2,2.5,2.4,SPRAY PAINTING,SPRAY PAINTING,750.0,750.0,0.0,PASS,,,
UP_TO_4.8_MT_FREEZER_2~L4.2~W2.5~H2.4~all_pu, UP TO 4.8 MT FREEZER  (2,20,FREEZER MEDIUM,all_pu,4.2,2.5,2.4,REFLEXITE TAPE,REFLEXITE TAPE,196.2,196.2,0.0,PASS,,,
UP_TO_4.8_MT_FREEZER_2~L4.2~W2.5~H2.4~srd, UP TO 4.8 MT FREEZER  (2,20,FREEZER MEDIUM,srd,4.2,2.5,2.4,FRONT,FRONT,5227.241456,5225.4,0.035,PASS,,,
UP_TO_4.8_MT_FREEZER_2~L4.2~W2.5~H2.4~srd, UP TO 4.8 MT FREEZER  (2,20,FREEZER MEDIUM,srd,4.2,2.5,2.4,SRD,SRD,5439.592954,5437.75,0.034,PASS,,,
UP_TO_4.8_MT_FREEZER_2~L4.2~W2.5~H2.4~srd, UP TO 4.8 MT FREEZER  (2,20,FREEZER MEDIUM,srd,4.2,2.5,2.4,SRD DOOR FITTINGS,SRD DOOR FITTINGS,6821.62802,6821.63,0.0,PASS,,,
UP_TO_4.8_MT_FREEZER_2~L4.2~W2.5~H2.4~srd, UP TO 4.8 MT FREEZER  (2,20,FREEZER MEDIUM,srd,4.2,2.5,2.4,DRD,,0.0,,,SKIP,,,
UP_TO_4.8_MT_FREEZER_2~L4.2~W2.5~H2.4~srd, UP TO 4.8 MT FREEZER  (2,20,FREEZER MEDIUM,srd,4.2,2.5,2.4,DRD DOOR FITTINGS,,0.0,,,SKIP,,,
UP_TO_4.8_MT_FREEZER_2~L4.2~W2.5~H2.4~srd, UP TO 4.8 MT FREEZER  (2,20,FREEZER MEDIUM,srd,4.2,2.5,2.4,SIDES,SIDES,18012.316594,18005.89,0.036,PASS,,,
UP_TO_4.8_MT_FREEZER_2~L4.2~W2.5~H2.4~srd, UP TO 4.8 MT FREEZER  (2,20,FREEZER MEDIUM,srd,4.2,2.5,2.4,ROOF,ROOF,9061.806534,9057.8,0.044,PASS,,,
UP_TO_4.8_MT_FREEZER_2~L4.2~W2.5~H2.4~srd, UP TO 4.8 MT FREEZER  (2,20,FREEZER MEDIUM,srd,4.2,2.5,2.4,FLOOR,FLOOR,34797.93237,34793.97,0.011,PASS,,,
UP_TO_4.8_MT_FREEZER_2~L4.2~W2.5~H2.4~srd, UP TO 4.8 MT FREEZER  (2,20,FREEZER MEDIUM,srd,4.2,2.5,2.4,ALUMINIUM,ALUMINIUM,6671.728,6671.73,0.0,PASS,,,
UP_TO_4.8_MT_FREEZER_2~L4.2~W2.5~H2.4~srd, UP TO 4.8 MT FREEZER  (2,20,FREEZER MEDIUM,srd,4.2,2.5,2.4,SUB FRAME + LIGHT BOX ASSY,SUB FRAME + LIGHT BOX ASSY,8324.848808,8199.17,1.51,ACCEPTED,,PRICE_DIFF SMALL MOUNTING BRACKET (-125.68),"[DATA] SMALL MOUNTING BRACKET priced differently from Burt's sheet on FREEZER MEDIUM (-R126), prod as dev."
UP_TO_4.8_MT_FREEZER_2~L4.2~W2.5~H2.4~srd, UP TO 4.8 MT FREEZER  (2,20,FREEZER MEDIUM,srd,4.2,2.5,2.4,REAR FRAME + FLOOR PLATE,REAR FRAME & FLOOR PLATE,0.0,4633.77,,ACCEPTED,EXTRA_IN_MES,,"[RULING] Burt gates REAR FRAME + FLOOR PLATE on the DRD flags, so a single-rear-door body carries R0 there; MES always includes the section (R2.4k-R5.5k). Which is right needs Burt/Michael."
UP_TO_4.8_MT_FREEZER_2~L4.2~W2.5~H2.4~srd, UP TO 4.8 MT FREEZER  (2,20,FREEZER MEDIUM,srd,4.2,2.5,2.4,SPRAY PAINTING,SPRAY PAINTING,750.0,750.0,0.0,PASS,,,
UP_TO_4.8_MT_FREEZER_2~L4.2~W2.5~H2.4~srd, UP TO 4.8 MT FREEZER  (2,20,FREEZER MEDIUM,srd,4.2,2.5,2.4,REFLEXITE TAPE,REFLEXITE TAPE,196.2,196.2,0.0,PASS,,,
UP_TO_4.8_MT_FREEZER_2~L4.2~W2.5~H2.4~drd, UP TO 4.8 MT FREEZER  (2,20,FREEZER MEDIUM,drd,4.2,2.5,2.4,FRONT,FRONT,5227.241456,5225.4,0.035,PASS,,,
UP_TO_4.8_MT_FREEZER_2~L4.2~W2.5~H2.4~drd, UP TO 4.8 MT FREEZER  (2,20,FREEZER MEDIUM,drd,4.2,2.5,2.4,SRD,,0.0,,,SKIP,,,
UP_TO_4.8_MT_FREEZER_2~L4.2~W2.5~H2.4~drd, UP TO 4.8 MT FREEZER  (2,20,FREEZER MEDIUM,drd,4.2,2.5,2.4,SRD DOOR FITTINGS,,0.0,,,SKIP,,,
UP_TO_4.8_MT_FREEZER_2~L4.2~W2.5~H2.4~drd, UP TO 4.8 MT FREEZER  (2,20,FREEZER MEDIUM,drd,4.2,2.5,2.4,DRD,DRD,5994.22456,5992.4,0.03,PASS,,,
UP_TO_4.8_MT_FREEZER_2~L4.2~W2.5~H2.4~drd, UP TO 4.8 MT FREEZER  (2,20,FREEZER MEDIUM,drd,4.2,2.5,2.4,DRD DOOR FITTINGS,DRD DOOR FITTINGS,5983.98526,5983.99,0.0,PASS,,,
UP_TO_4.8_MT_FREEZER_2~L4.2~W2.5~H2.4~drd, UP TO 4.8 MT FREEZER  (2,20,FREEZER MEDIUM,drd,4.2,2.5,2.4,SIDES,SIDES,18012.316594,18005.89,0.036,PASS,,,
UP_TO_4.8_MT_FREEZER_2~L4.2~W2.5~H2.4~drd, UP TO 4.8 MT FREEZER  (2,20,FREEZER MEDIUM,drd,4.2,2.5,2.4,ROOF,ROOF,9061.806534,9057.8,0.044,PASS,,,
UP_TO_4.8_MT_FREEZER_2~L4.2~W2.5~H2.4~drd, UP TO 4.8 MT FREEZER  (2,20,FREEZER MEDIUM,drd,4.2,2.5,2.4,FLOOR,FLOOR,34797.93237,34793.97,0.011,PASS,,,
UP_TO_4.8_MT_FREEZER_2~L4.2~W2.5~H2.4~drd, UP TO 4.8 MT FREEZER  (2,20,FREEZER MEDIUM,drd,4.2,2.5,2.4,ALUMINIUM,ALUMINIUM,6671.728,6671.73,0.0,PASS,,,
UP_TO_4.8_MT_FREEZER_2~L4.2~W2.5~H2.4~drd, UP TO 4.8 MT FREEZER  (2,20,FREEZER MEDIUM,drd,4.2,2.5,2.4,SUB FRAME + LIGHT BOX ASSY,SUB FRAME + LIGHT BOX ASSY,8324.848808,8199.17,1.51,ACCEPTED,,PRICE_DIFF SMALL MOUNTING BRACKET (-125.68),"[DATA] SMALL MOUNTING BRACKET priced differently from Burt's sheet on FREEZER MEDIUM (-R126), prod as dev."
UP_TO_4.8_MT_FREEZER_2~L4.2~W2.5~H2.4~drd, UP TO 4.8 MT FREEZER  (2,20,FREEZER MEDIUM,drd,4.2,2.5,2.4,REAR FRAME + FLOOR PLATE,REAR FRAME & FLOOR PLATE,4633.7716,4633.77,0.0,PASS,,,
UP_TO_4.8_MT_FREEZER_2~L4.2~W2.5~H2.4~drd, UP TO 4.8 MT FREEZER  (2,20,FREEZER MEDIUM,drd,4.2,2.5,2.4,SPRAY PAINTING,SPRAY PAINTING,750.0,750.0,0.0,PASS,,,
UP_TO_4.8_MT_FREEZER_2~L4.2~W2.5~H2.4~drd, UP TO 4.8 MT FREEZER  (2,20,FREEZER MEDIUM,drd,4.2,2.5,2.4,REFLEXITE TAPE,REFLEXITE TAPE,196.2,196.2,0.0,PASS,,,
UP_TO_4.8_MT_FREEZER_2~L4.2~W2.5~H2.4~foam_4g, UP TO 4.8 MT FREEZER  (2,20,FREEZER MEDIUM,foam_4g,4.2,2.5,2.4,FRONT,FRONT,5691.123592,5688.72,0.042,PASS,,,
UP_TO_4.8_MT_FREEZER_2~L4.2~W2.5~H2.4~foam_4g, UP TO 4.8 MT FREEZER  (2,20,FREEZER MEDIUM,foam_4g,4.2,2.5,2.4,SRD,,0.0,,,SKIP,,,
UP_TO_4.8_MT_FREEZER_2~L4.2~W2.5~H2.4~foam_4g, UP TO 4.8 MT FREEZER  (2,20,FREEZER MEDIUM,foam_4g,4.2,2.5,2.4,SRD DOOR FITTINGS,,0.0,,,SKIP,,,
UP_TO_4.8_MT_FREEZER_2~L4.2~W2.5~H2.4~foam_4g, UP TO 4.8 MT FREEZER  (2,20,FREEZER MEDIUM,foam_4g,4.2,2.5,2.4,DRD,DRD,6458.106696,6455.71,0.037,PASS,,,
UP_TO_4.8_MT_FREEZER_2~L4.2~W2.5~H2.4~foam_4g, UP TO 4.8 MT FREEZER  (2,20,FREEZER MEDIUM,foam_4g,4.2,2.5,2.4,DRD DOOR FITTINGS,DRD DOOR FITTINGS,5983.98526,5983.99,0.0,PASS,,,
UP_TO_4.8_MT_FREEZER_2~L4.2~W2.5~H2.4~foam_4g, UP TO 4.8 MT FREEZER  (2,20,FREEZER MEDIUM,foam_4g,4.2,2.5,2.4,SIDES,SIDES,19628.299445,19619.91,0.043,PASS,,,
UP_TO_4.8_MT_FREEZER_2~L4.2~W2.5~H2.4~foam_4g, UP TO 4.8 MT FREEZER  (2,20,FREEZER MEDIUM,foam_4g,4.2,2.5,2.4,ROOF,ROOF,10085.262339,10080.01,0.052,PASS,,,
UP_TO_4.8_MT_FREEZER_2~L4.2~W2.5~H2.4~foam_4g, UP TO 4.8 MT FREEZER  (2,20,FREEZER MEDIUM,foam_4g,4.2,2.5,2.4,FLOOR,FLOOR,35821.388176,35816.17,0.015,PASS,,,
UP_TO_4.8_MT_FREEZER_2~L4.2~W2.5~H2.4~foam_4g, UP TO 4.8 MT FREEZER  (2,20,FREEZER MEDIUM,foam_4g,4.2,2.5,2.4,ALUMINIUM,ALUMINIUM,6671.728,6671.73,0.0,PASS,,,
UP_TO_4.8_MT_FREEZER_2~L4.2~W2.5~H2.4~foam_4g, UP TO 4.8 MT FREEZER  (2,20,FREEZER MEDIUM,foam_4g,4.2,2.5,2.4,SUB FRAME + LIGHT BOX ASSY,SUB FRAME + LIGHT BOX ASSY,8324.848808,8199.17,1.51,ACCEPTED,,PRICE_DIFF SMALL MOUNTING BRACKET (-125.68),"[DATA] SMALL MOUNTING BRACKET priced differently from Burt's sheet on FREEZER MEDIUM (-R126), prod as dev."
UP_TO_4.8_MT_FREEZER_2~L4.2~W2.5~H2.4~foam_4g, UP TO 4.8 MT FREEZER  (2,20,FREEZER MEDIUM,foam_4g,4.2,2.5,2.4,REAR FRAME + FLOOR PLATE,REAR FRAME & FLOOR PLATE,4633.7716,4633.77,0.0,PASS,,,
UP_TO_4.8_MT_FREEZER_2~L4.2~W2.5~H2.4~foam_4g, UP TO 4.8 MT FREEZER  (2,20,FREEZER MEDIUM,foam_4g,4.2,2.5,2.4,SPRAY PAINTING,SPRAY PAINTING,750.0,750.0,0.0,PASS,,,
UP_TO_4.8_MT_FREEZER_2~L4.2~W2.5~H2.4~foam_4g, UP TO 4.8 MT FREEZER  (2,20,FREEZER MEDIUM,foam_4g,4.2,2.5,2.4,REFLEXITE TAPE,REFLEXITE TAPE,196.2,196.2,0.0,PASS,,,
UP_TO_4.8_MT_FREEZER_2~L4.8~W2.5~H2.4~as_sheet, UP TO 4.8 MT FREEZER  (2,20,FREEZER MEDIUM,as_sheet,4.8,2.5,2.4,FRONT,FRONT,5227.241456,5225.4,0.035,PASS,,,
UP_TO_4.8_MT_FREEZER_2~L4.8~W2.5~H2.4~as_sheet, UP TO 4.8 MT FREEZER  (2,20,FREEZER MEDIUM,as_sheet,4.8,2.5,2.4,SRD,,0.0,,,SKIP,,,
UP_TO_4.8_MT_FREEZER_2~L4.8~W2.5~H2.4~as_sheet, UP TO 4.8 MT FREEZER  (2,20,FREEZER MEDIUM,as_sheet,4.8,2.5,2.4,SRD DOOR FITTINGS,,0.0,,,SKIP,,,
UP_TO_4.8_MT_FREEZER_2~L4.8~W2.5~H2.4~as_sheet, UP TO 4.8 MT FREEZER  (2,20,FREEZER MEDIUM,as_sheet,4.8,2.5,2.4,DRD,DRD,5994.22456,5992.4,0.03,PASS,,,
UP_TO_4.8_MT_FREEZER_2~L4.8~W2.5~H2.4~as_sheet, UP TO 4.8 MT FREEZER  (2,20,FREEZER MEDIUM,as_sheet,4.8,2.5,2.4,DRD DOOR FITTINGS,DRD DOOR FITTINGS,5983.98526,5983.99,0.0,PASS,,,
UP_TO_4.8_MT_FREEZER_2~L4.8~W2.5~H2.4~as_sheet, UP TO 4.8 MT FREEZER  (2,20,FREEZER MEDIUM,as_sheet,4.8,2.5,2.4,SIDES,SIDES,20503.284191,20495.96,0.036,PASS,,,
UP_TO_4.8_MT_FREEZER_2~L4.8~W2.5~H2.4~as_sheet, UP TO 4.8 MT FREEZER  (2,20,FREEZER MEDIUM,as_sheet,4.8,2.5,2.4,ROOF,ROOF,10325.133807,10320.56,0.044,PASS,,,
UP_TO_4.8_MT_FREEZER_2~L4.8~W2.5~H2.4~as_sheet, UP TO 4.8 MT FREEZER  (2,20,FREEZER MEDIUM,as_sheet,4.8,2.5,2.4,FLOOR,FLOOR,39505.184493,39500.66,0.011,PASS,,,
UP_TO_4.8_MT_FREEZER_2~L4.8~W2.5~H2.4~as_sheet, UP TO 4.8 MT FREEZER  (2,20,FREEZER MEDIUM,as_sheet,4.8,2.5,2.4,ALUMINIUM,ALUMINIUM,7323.628,7323.63,0.0,PASS,,,
UP_TO_4.8_MT_FREEZER_2~L4.8~W2.5~H2.4~as_sheet, UP TO 4.8 MT FREEZER  (2,20,FREEZER MEDIUM,as_sheet,4.8,2.5,2.4,SUB FRAME + LIGHT BOX ASSY,SUB FRAME + LIGHT BOX ASSY,8616.448808,8490.77,1.459,ACCEPTED,,PRICE_DIFF SMALL MOUNTING BRACKET (-125.68),"[DATA] SMALL MOUNTING BRACKET priced differently from Burt's sheet on FREEZER MEDIUM (-R126), prod as dev."
UP_TO_4.8_MT_FREEZER_2~L4.8~W2.5~H2.4~as_sheet, UP TO 4.8 MT FREEZER  (2,20,FREEZER MEDIUM,as_sheet,4.8,2.5,2.4,REAR FRAME + FLOOR PLATE,REAR FRAME & FLOOR PLATE,4633.7716,4633.77,0.0,PASS,,,
UP_TO_4.8_MT_FREEZER_2~L4.8~W2.5~H2.4~as_sheet, UP TO 4.8 MT FREEZER  (2,20,FREEZER MEDIUM,as_sheet,4.8,2.5,2.4,SPRAY PAINTING,SPRAY PAINTING,750.0,750.0,0.0,PASS,,,
UP_TO_4.8_MT_FREEZER_2~L4.8~W2.5~H2.4~as_sheet, UP TO 4.8 MT FREEZER  (2,20,FREEZER MEDIUM,as_sheet,4.8,2.5,2.4,REFLEXITE TAPE,REFLEXITE TAPE,217.8,217.8,0.0,PASS,,,
UP_TO_4.8_MT_FREEZER_2~L4.8~W2.5~H2.4~all_eps, UP TO 4.8 MT FREEZER  (2,20,FREEZER MEDIUM,all_eps,4.8,2.5,2.4,FRONT,FRONT,3649.523745,3649.47,,UNVERIFIABLE,EXCEL_NO_PRICE:EPS,,
UP_TO_4.8_MT_FREEZER_2~L4.8~W2.5~H2.4~all_eps, UP TO 4.8 MT FREEZER  (2,20,FREEZER MEDIUM,all_eps,4.8,2.5,2.4,SRD,,0.0,,,SKIP,,,
UP_TO_4.8_MT_FREEZER_2~L4.8~W2.5~H2.4~all_eps, UP TO 4.8 MT FREEZER  (2,20,FREEZER MEDIUM,all_eps,4.8,2.5,2.4,SRD DOOR FITTINGS,,0.0,,,SKIP,,,
UP_TO_4.8_MT_FREEZER_2~L4.8~W2.5~H2.4~all_eps, UP TO 4.8 MT FREEZER  (2,20,FREEZER MEDIUM,all_eps,4.8,2.5,2.4,DRD,DRD,4416.116435,4416.08,,UNVERIFIABLE,EXCEL_NO_PRICE:EPS,,
UP_TO_4.8_MT_FREEZER_2~L4.8~W2.5~H2.4~all_eps, UP TO 4.8 MT FREEZER  (2,20,FREEZER MEDIUM,all_eps,4.8,2.5,2.4,DRD DOOR FITTINGS,DRD DOOR FITTINGS,5920.59594,5920.6,0.0,PASS,,,
UP_TO_4.8_MT_FREEZER_2~L4.8~W2.5~H2.4~all_eps, UP TO 4.8 MT FREEZER  (2,20,FREEZER MEDIUM,all_eps,4.8,2.5,2.4,SIDES,SIDES,14246.289126,14272.8,,UNVERIFIABLE,EXCEL_NO_PRICE:EPS,,
UP_TO_4.8_MT_FREEZER_2~L4.8~W2.5~H2.4~all_eps, UP TO 4.8 MT FREEZER  (2,20,FREEZER MEDIUM,all_eps,4.8,2.5,2.4,ROOF,ROOF,8577.874911,8577.79,0.001,PASS,,,
UP_TO_4.8_MT_FREEZER_2~L4.8~W2.5~H2.4~all_eps, UP TO 4.8 MT FREEZER  (2,20,FREEZER MEDIUM,all_eps,4.8,2.5,2.4,FLOOR,FLOOR,37757.925597,37757.89,0.0,PASS,,,
UP_TO_4.8_MT_FREEZER_2~L4.8~W2.5~H2.4~all_eps, UP TO 4.8 MT FREEZER  (2,20,FREEZER MEDIUM,all_eps,4.8,2.5,2.4,ALUMINIUM,ALUMINIUM,7323.628,7323.63,0.0,PASS,,,
UP_TO_4.8_MT_FREEZER_2~L4.8~W2.5~H2.4~all_eps, UP TO 4.8 MT FREEZER  (2,20,FREEZER MEDIUM,all_eps,4.8,2.5,2.4,SUB FRAME + LIGHT BOX ASSY,SUB FRAME + LIGHT BOX ASSY,8616.448808,8490.77,1.459,ACCEPTED,,PRICE_DIFF SMALL MOUNTING BRACKET (-125.68),"[DATA] SMALL MOUNTING BRACKET priced differently from Burt's sheet on FREEZER MEDIUM (-R126), prod as dev."
UP_TO_4.8_MT_FREEZER_2~L4.8~W2.5~H2.4~all_eps, UP TO 4.8 MT FREEZER  (2,20,FREEZER MEDIUM,all_eps,4.8,2.5,2.4,REAR FRAME + FLOOR PLATE,REAR FRAME & FLOOR PLATE,4633.7716,4633.77,0.0,PASS,,,
UP_TO_4.8_MT_FREEZER_2~L4.8~W2.5~H2.4~all_eps, UP TO 4.8 MT FREEZER  (2,20,FREEZER MEDIUM,all_eps,4.8,2.5,2.4,SPRAY PAINTING,SPRAY PAINTING,750.0,750.0,0.0,PASS,,,
UP_TO_4.8_MT_FREEZER_2~L4.8~W2.5~H2.4~all_eps, UP TO 4.8 MT FREEZER  (2,20,FREEZER MEDIUM,all_eps,4.8,2.5,2.4,REFLEXITE TAPE,REFLEXITE TAPE,217.8,217.8,0.0,PASS,,,
UP_TO_4.8_MT_FREEZER_2~L4.8~W2.5~H2.4~all_pu, UP TO 4.8 MT FREEZER  (2,20,FREEZER MEDIUM,all_pu,4.8,2.5,2.4,FRONT,FRONT,5227.241456,5225.4,0.035,PASS,,,
UP_TO_4.8_MT_FREEZER_2~L4.8~W2.5~H2.4~all_pu, UP TO 4.8 MT FREEZER  (2,20,FREEZER MEDIUM,all_pu,4.8,2.5,2.4,SRD,,0.0,,,SKIP,,,
UP_TO_4.8_MT_FREEZER_2~L4.8~W2.5~H2.4~all_pu, UP TO 4.8 MT FREEZER  (2,20,FREEZER MEDIUM,all_pu,4.8,2.5,2.4,SRD DOOR FITTINGS,,0.0,,,SKIP,,,
UP_TO_4.8_MT_FREEZER_2~L4.8~W2.5~H2.4~all_pu, UP TO 4.8 MT FREEZER  (2,20,FREEZER MEDIUM,all_pu,4.8,2.5,2.4,DRD,DRD,5994.22456,5992.4,0.03,PASS,,,
UP_TO_4.8_MT_FREEZER_2~L4.8~W2.5~H2.4~all_pu, UP TO 4.8 MT FREEZER  (2,20,FREEZER MEDIUM,all_pu,4.8,2.5,2.4,DRD DOOR FITTINGS,DRD DOOR FITTINGS,5983.98526,5983.99,0.0,PASS,,,
UP_TO_4.8_MT_FREEZER_2~L4.8~W2.5~H2.4~all_pu, UP TO 4.8 MT FREEZER  (2,20,FREEZER MEDIUM,all_pu,4.8,2.5,2.4,SIDES,SIDES,20503.284191,20495.96,0.036,PASS,,,
UP_TO_4.8_MT_FREEZER_2~L4.8~W2.5~H2.4~all_pu, UP TO 4.8 MT FREEZER  (2,20,FREEZER MEDIUM,all_pu,4.8,2.5,2.4,ROOF,ROOF,10325.133807,10320.56,0.044,PASS,,,
UP_TO_4.8_MT_FREEZER_2~L4.8~W2.5~H2.4~all_pu, UP TO 4.8 MT FREEZER  (2,20,FREEZER MEDIUM,all_pu,4.8,2.5,2.4,FLOOR,FLOOR,39505.184493,39500.66,0.011,PASS,,,
UP_TO_4.8_MT_FREEZER_2~L4.8~W2.5~H2.4~all_pu, UP TO 4.8 MT FREEZER  (2,20,FREEZER MEDIUM,all_pu,4.8,2.5,2.4,ALUMINIUM,ALUMINIUM,7323.628,7323.63,0.0,PASS,,,
UP_TO_4.8_MT_FREEZER_2~L4.8~W2.5~H2.4~all_pu, UP TO 4.8 MT FREEZER  (2,20,FREEZER MEDIUM,all_pu,4.8,2.5,2.4,SUB FRAME + LIGHT BOX ASSY,SUB FRAME + LIGHT BOX ASSY,8616.448808,8490.77,1.459,ACCEPTED,,PRICE_DIFF SMALL MOUNTING BRACKET (-125.68),"[DATA] SMALL MOUNTING BRACKET priced differently from Burt's sheet on FREEZER MEDIUM (-R126), prod as dev."
UP_TO_4.8_MT_FREEZER_2~L4.8~W2.5~H2.4~all_pu, UP TO 4.8 MT FREEZER  (2,20,FREEZER MEDIUM,all_pu,4.8,2.5,2.4,REAR FRAME + FLOOR PLATE,REAR FRAME & FLOOR PLATE,4633.7716,4633.77,0.0,PASS,,,
UP_TO_4.8_MT_FREEZER_2~L4.8~W2.5~H2.4~all_pu, UP TO 4.8 MT FREEZER  (2,20,FREEZER MEDIUM,all_pu,4.8,2.5,2.4,SPRAY PAINTING,SPRAY PAINTING,750.0,750.0,0.0,PASS,,,
UP_TO_4.8_MT_FREEZER_2~L4.8~W2.5~H2.4~all_pu, UP TO 4.8 MT FREEZER  (2,20,FREEZER MEDIUM,all_pu,4.8,2.5,2.4,REFLEXITE TAPE,REFLEXITE TAPE,217.8,217.8,0.0,PASS,,,
UP_TO_4.8_MT_FREEZER_2~L4.8~W2.5~H2.4~srd, UP TO 4.8 MT FREEZER  (2,20,FREEZER MEDIUM,srd,4.8,2.5,2.4,FRONT,FRONT,5227.241456,5225.4,0.035,PASS,,,
UP_TO_4.8_MT_FREEZER_2~L4.8~W2.5~H2.4~srd, UP TO 4.8 MT FREEZER  (2,20,FREEZER MEDIUM,srd,4.8,2.5,2.4,SRD,SRD,5439.592954,5437.75,0.034,PASS,,,
UP_TO_4.8_MT_FREEZER_2~L4.8~W2.5~H2.4~srd, UP TO 4.8 MT FREEZER  (2,20,FREEZER MEDIUM,srd,4.8,2.5,2.4,SRD DOOR FITTINGS,SRD DOOR FITTINGS,6821.62802,6821.63,0.0,PASS,,,
UP_TO_4.8_MT_FREEZER_2~L4.8~W2.5~H2.4~srd, UP TO 4.8 MT FREEZER  (2,20,FREEZER MEDIUM,srd,4.8,2.5,2.4,DRD,,0.0,,,SKIP,,,
UP_TO_4.8_MT_FREEZER_2~L4.8~W2.5~H2.4~srd, UP TO 4.8 MT FREEZER  (2,20,FREEZER MEDIUM,srd,4.8,2.5,2.4,DRD DOOR FITTINGS,,0.0,,,SKIP,,,
UP_TO_4.8_MT_FREEZER_2~L4.8~W2.5~H2.4~srd, UP TO 4.8 MT FREEZER  (2,20,FREEZER MEDIUM,srd,4.8,2.5,2.4,SIDES,SIDES,20503.284191,20495.96,0.036,PASS,,,
UP_TO_4.8_MT_FREEZER_2~L4.8~W2.5~H2.4~srd, UP TO 4.8 MT FREEZER  (2,20,FREEZER MEDIUM,srd,4.8,2.5,2.4,ROOF,ROOF,10325.133807,10320.56,0.044,PASS,,,
UP_TO_4.8_MT_FREEZER_2~L4.8~W2.5~H2.4~srd, UP TO 4.8 MT FREEZER  (2,20,FREEZER MEDIUM,srd,4.8,2.5,2.4,FLOOR,FLOOR,39505.184493,39500.66,0.011,PASS,,,
UP_TO_4.8_MT_FREEZER_2~L4.8~W2.5~H2.4~srd, UP TO 4.8 MT FREEZER  (2,20,FREEZER MEDIUM,srd,4.8,2.5,2.4,ALUMINIUM,ALUMINIUM,7323.628,7323.63,0.0,PASS,,,
UP_TO_4.8_MT_FREEZER_2~L4.8~W2.5~H2.4~srd, UP TO 4.8 MT FREEZER  (2,20,FREEZER MEDIUM,srd,4.8,2.5,2.4,SUB FRAME + LIGHT BOX ASSY,SUB FRAME + LIGHT BOX ASSY,8616.448808,8490.77,1.459,ACCEPTED,,PRICE_DIFF SMALL MOUNTING BRACKET (-125.68),"[DATA] SMALL MOUNTING BRACKET priced differently from Burt's sheet on FREEZER MEDIUM (-R126), prod as dev."
UP_TO_4.8_MT_FREEZER_2~L4.8~W2.5~H2.4~srd, UP TO 4.8 MT FREEZER  (2,20,FREEZER MEDIUM,srd,4.8,2.5,2.4,REAR FRAME + FLOOR PLATE,REAR FRAME & FLOOR PLATE,0.0,4633.77,,ACCEPTED,EXTRA_IN_MES,,"[RULING] Burt gates REAR FRAME + FLOOR PLATE on the DRD flags, so a single-rear-door body carries R0 there; MES always includes the section (R2.4k-R5.5k). Which is right needs Burt/Michael."
UP_TO_4.8_MT_FREEZER_2~L4.8~W2.5~H2.4~srd, UP TO 4.8 MT FREEZER  (2,20,FREEZER MEDIUM,srd,4.8,2.5,2.4,SPRAY PAINTING,SPRAY PAINTING,750.0,750.0,0.0,PASS,,,
UP_TO_4.8_MT_FREEZER_2~L4.8~W2.5~H2.4~srd, UP TO 4.8 MT FREEZER  (2,20,FREEZER MEDIUM,srd,4.8,2.5,2.4,REFLEXITE TAPE,REFLEXITE TAPE,217.8,217.8,0.0,PASS,,,
UP_TO_4.8_MT_FREEZER_2~L4.8~W2.5~H2.4~drd, UP TO 4.8 MT FREEZER  (2,20,FREEZER MEDIUM,drd,4.8,2.5,2.4,FRONT,FRONT,5227.241456,5225.4,0.035,PASS,,,
UP_TO_4.8_MT_FREEZER_2~L4.8~W2.5~H2.4~drd, UP TO 4.8 MT FREEZER  (2,20,FREEZER MEDIUM,drd,4.8,2.5,2.4,SRD,,0.0,,,SKIP,,,
UP_TO_4.8_MT_FREEZER_2~L4.8~W2.5~H2.4~drd, UP TO 4.8 MT FREEZER  (2,20,FREEZER MEDIUM,drd,4.8,2.5,2.4,SRD DOOR FITTINGS,,0.0,,,SKIP,,,
UP_TO_4.8_MT_FREEZER_2~L4.8~W2.5~H2.4~drd, UP TO 4.8 MT FREEZER  (2,20,FREEZER MEDIUM,drd,4.8,2.5,2.4,DRD,DRD,5994.22456,5992.4,0.03,PASS,,,
UP_TO_4.8_MT_FREEZER_2~L4.8~W2.5~H2.4~drd, UP TO 4.8 MT FREEZER  (2,20,FREEZER MEDIUM,drd,4.8,2.5,2.4,DRD DOOR FITTINGS,DRD DOOR FITTINGS,5983.98526,5983.99,0.0,PASS,,,
UP_TO_4.8_MT_FREEZER_2~L4.8~W2.5~H2.4~drd, UP TO 4.8 MT FREEZER  (2,20,FREEZER MEDIUM,drd,4.8,2.5,2.4,SIDES,SIDES,20503.284191,20495.96,0.036,PASS,,,
UP_TO_4.8_MT_FREEZER_2~L4.8~W2.5~H2.4~drd, UP TO 4.8 MT FREEZER  (2,20,FREEZER MEDIUM,drd,4.8,2.5,2.4,ROOF,ROOF,10325.133807,10320.56,0.044,PASS,,,
UP_TO_4.8_MT_FREEZER_2~L4.8~W2.5~H2.4~drd, UP TO 4.8 MT FREEZER  (2,20,FREEZER MEDIUM,drd,4.8,2.5,2.4,FLOOR,FLOOR,39505.184493,39500.66,0.011,PASS,,,
UP_TO_4.8_MT_FREEZER_2~L4.8~W2.5~H2.4~drd, UP TO 4.8 MT FREEZER  (2,20,FREEZER MEDIUM,drd,4.8,2.5,2.4,ALUMINIUM,ALUMINIUM,7323.628,7323.63,0.0,PASS,,,
UP_TO_4.8_MT_FREEZER_2~L4.8~W2.5~H2.4~drd, UP TO 4.8 MT FREEZER  (2,20,FREEZER MEDIUM,drd,4.8,2.5,2.4,SUB FRAME + LIGHT BOX ASSY,SUB FRAME + LIGHT BOX ASSY,8616.448808,8490.77,1.459,ACCEPTED,,PRICE_DIFF SMALL MOUNTING BRACKET (-125.68),"[DATA] SMALL MOUNTING BRACKET priced differently from Burt's sheet on FREEZER MEDIUM (-R126), prod as dev."
UP_TO_4.8_MT_FREEZER_2~L4.8~W2.5~H2.4~drd, UP TO 4.8 MT FREEZER  (2,20,FREEZER MEDIUM,drd,4.8,2.5,2.4,REAR FRAME + FLOOR PLATE,REAR FRAME & FLOOR PLATE,4633.7716,4633.77,0.0,PASS,,,
UP_TO_4.8_MT_FREEZER_2~L4.8~W2.5~H2.4~drd, UP TO 4.8 MT FREEZER  (2,20,FREEZER MEDIUM,drd,4.8,2.5,2.4,SPRAY PAINTING,SPRAY PAINTING,750.0,750.0,0.0,PASS,,,
UP_TO_4.8_MT_FREEZER_2~L4.8~W2.5~H2.4~drd, UP TO 4.8 MT FREEZER  (2,20,FREEZER MEDIUM,drd,4.8,2.5,2.4,REFLEXITE TAPE,REFLEXITE TAPE,217.8,217.8,0.0,PASS,,,
UP_TO_4.8_MT_FREEZER_2~L4.8~W2.5~H2.4~foam_4g, UP TO 4.8 MT FREEZER  (2,20,FREEZER MEDIUM,foam_4g,4.8,2.5,2.4,FRONT,FRONT,5691.123592,5688.72,0.042,PASS,,,
UP_TO_4.8_MT_FREEZER_2~L4.8~W2.5~H2.4~foam_4g, UP TO 4.8 MT FREEZER  (2,20,FREEZER MEDIUM,foam_4g,4.8,2.5,2.4,SRD,,0.0,,,SKIP,,,
UP_TO_4.8_MT_FREEZER_2~L4.8~W2.5~H2.4~foam_4g, UP TO 4.8 MT FREEZER  (2,20,FREEZER MEDIUM,foam_4g,4.8,2.5,2.4,SRD DOOR FITTINGS,,0.0,,,SKIP,,,
UP_TO_4.8_MT_FREEZER_2~L4.8~W2.5~H2.4~foam_4g, UP TO 4.8 MT FREEZER  (2,20,FREEZER MEDIUM,foam_4g,4.8,2.5,2.4,DRD,DRD,6458.106696,6455.71,0.037,PASS,,,
UP_TO_4.8_MT_FREEZER_2~L4.8~W2.5~H2.4~foam_4g, UP TO 4.8 MT FREEZER  (2,20,FREEZER MEDIUM,foam_4g,4.8,2.5,2.4,DRD DOOR FITTINGS,DRD DOOR FITTINGS,5983.98526,5983.99,0.0,PASS,,,
UP_TO_4.8_MT_FREEZER_2~L4.8~W2.5~H2.4~foam_4g, UP TO 4.8 MT FREEZER  (2,20,FREEZER MEDIUM,foam_4g,4.8,2.5,2.4,SIDES,SIDES,22347.405797,22337.83,0.043,PASS,,,
UP_TO_4.8_MT_FREEZER_2~L4.8~W2.5~H2.4~foam_4g, UP TO 4.8 MT FREEZER  (2,20,FREEZER MEDIUM,foam_4g,4.8,2.5,2.4,ROOF,ROOF,11493.077491,11487.08,0.052,PASS,,,
UP_TO_4.8_MT_FREEZER_2~L4.8~W2.5~H2.4~foam_4g, UP TO 4.8 MT FREEZER  (2,20,FREEZER MEDIUM,foam_4g,4.8,2.5,2.4,FLOOR,FLOOR,40673.128177,40667.18,0.015,PASS,,,
UP_TO_4.8_MT_FREEZER_2~L4.8~W2.5~H2.4~foam_4g, UP TO 4.8 MT FREEZER  (2,20,FREEZER MEDIUM,foam_4g,4.8,2.5,2.4,ALUMINIUM,ALUMINIUM,7323.628,7323.63,0.0,PASS,,,
UP_TO_4.8_MT_FREEZER_2~L4.8~W2.5~H2.4~foam_4g, UP TO 4.8 MT FREEZER  (2,20,FREEZER MEDIUM,foam_4g,4.8,2.5,2.4,SUB FRAME + LIGHT BOX ASSY,SUB FRAME + LIGHT BOX ASSY,8616.448808,8490.77,1.459,ACCEPTED,,PRICE_DIFF SMALL MOUNTING BRACKET (-125.68),"[DATA] SMALL MOUNTING BRACKET priced differently from Burt's sheet on FREEZER MEDIUM (-R126), prod as dev."
UP_TO_4.8_MT_FREEZER_2~L4.8~W2.5~H2.4~foam_4g, UP TO 4.8 MT FREEZER  (2,20,FREEZER MEDIUM,foam_4g,4.8,2.5,2.4,REAR FRAME + FLOOR PLATE,REAR FRAME & FLOOR PLATE,4633.7716,4633.77,0.0,PASS,,,
UP_TO_4.8_MT_FREEZER_2~L4.8~W2.5~H2.4~foam_4g, UP TO 4.8 MT FREEZER  (2,20,FREEZER MEDIUM,foam_4g,4.8,2.5,2.4,SPRAY PAINTING,SPRAY PAINTING,750.0,750.0,0.0,PASS,,,
UP_TO_4.8_MT_FREEZER_2~L4.8~W2.5~H2.4~foam_4g, UP TO 4.8 MT FREEZER  (2,20,FREEZER MEDIUM,foam_4g,4.8,2.5,2.4,REFLEXITE TAPE,REFLEXITE TAPE,217.8,217.8,0.0,PASS,,,
UP_TO_4.8_MT_FREEZER_2~L5.6~W2.5~H2.4~as_sheet, UP TO 4.8 MT FREEZER  (2,20,FREEZER MEDIUM,as_sheet,5.6,2.5,2.4,FRONT,FRONT,5227.241456,5225.4,0.035,PASS,,,
UP_TO_4.8_MT_FREEZER_2~L5.6~W2.5~H2.4~as_sheet, UP TO 4.8 MT FREEZER  (2,20,FREEZER MEDIUM,as_sheet,5.6,2.5,2.4,SRD,,0.0,,,SKIP,,,
UP_TO_4.8_MT_FREEZER_2~L5.6~W2.5~H2.4~as_sheet, UP TO 4.8 MT FREEZER  (2,20,FREEZER MEDIUM,as_sheet,5.6,2.5,2.4,SRD DOOR FITTINGS,,0.0,,,SKIP,,,
UP_TO_4.8_MT_FREEZER_2~L5.6~W2.5~H2.4~as_sheet, UP TO 4.8 MT FREEZER  (2,20,FREEZER MEDIUM,as_sheet,5.6,2.5,2.4,DRD,DRD,5994.22456,5992.4,0.03,PASS,,,
UP_TO_4.8_MT_FREEZER_2~L5.6~W2.5~H2.4~as_sheet, UP TO 4.8 MT FREEZER  (2,20,FREEZER MEDIUM,as_sheet,5.6,2.5,2.4,DRD DOOR FITTINGS,DRD DOOR FITTINGS,5983.98526,5983.99,0.0,PASS,,,
UP_TO_4.8_MT_FREEZER_2~L5.6~W2.5~H2.4~as_sheet, UP TO 4.8 MT FREEZER  (2,20,FREEZER MEDIUM,as_sheet,5.6,2.5,2.4,SIDES,SIDES,23824.574319,23816.04,0.036,PASS,,,
UP_TO_4.8_MT_FREEZER_2~L5.6~W2.5~H2.4~as_sheet, UP TO 4.8 MT FREEZER  (2,20,FREEZER MEDIUM,as_sheet,5.6,2.5,2.4,ROOF,ROOF,12009.570172,12004.24,0.044,PASS,,,
UP_TO_4.8_MT_FREEZER_2~L5.6~W2.5~H2.4~as_sheet, UP TO 4.8 MT FREEZER  (2,20,FREEZER MEDIUM,as_sheet,5.6,2.5,2.4,FLOOR,FLOOR,45781.520657,45776.25,0.012,PASS,,,
UP_TO_4.8_MT_FREEZER_2~L5.6~W2.5~H2.4~as_sheet, UP TO 4.8 MT FREEZER  (2,20,FREEZER MEDIUM,as_sheet,5.6,2.5,2.4,ALUMINIUM,ALUMINIUM,8192.828,8192.83,0.0,PASS,,,
UP_TO_4.8_MT_FREEZER_2~L5.6~W2.5~H2.4~as_sheet, UP TO 4.8 MT FREEZER  (2,20,FREEZER MEDIUM,as_sheet,5.6,2.5,2.4,SUB FRAME + LIGHT BOX ASSY,SUB FRAME + LIGHT BOX ASSY,9005.248808,8879.57,1.396,ACCEPTED,,PRICE_DIFF SMALL MOUNTING BRACKET (-125.68),"[DATA] SMALL MOUNTING BRACKET priced differently from Burt's sheet on FREEZER MEDIUM (-R126), prod as dev."
UP_TO_4.8_MT_FREEZER_2~L5.6~W2.5~H2.4~as_sheet, UP TO 4.8 MT FREEZER  (2,20,FREEZER MEDIUM,as_sheet,5.6,2.5,2.4,REAR FRAME + FLOOR PLATE,REAR FRAME & FLOOR PLATE,4633.7716,4633.77,0.0,PASS,,,
UP_TO_4.8_MT_FREEZER_2~L5.6~W2.5~H2.4~as_sheet, UP TO 4.8 MT FREEZER  (2,20,FREEZER MEDIUM,as_sheet,5.6,2.5,2.4,SPRAY PAINTING,SPRAY PAINTING,750.0,750.0,0.0,PASS,,,
UP_TO_4.8_MT_FREEZER_2~L5.6~W2.5~H2.4~as_sheet, UP TO 4.8 MT FREEZER  (2,20,FREEZER MEDIUM,as_sheet,5.6,2.5,2.4,REFLEXITE TAPE,REFLEXITE TAPE,246.6,246.6,0.0,PASS,,,
UP_TO_4.8_MT_FREEZER_2~L5.6~W2.5~H2.4~all_eps, UP TO 4.8 MT FREEZER  (2,20,FREEZER MEDIUM,all_eps,5.6,2.5,2.4,FRONT,FRONT,3649.523745,3649.47,,UNVERIFIABLE,EXCEL_NO_PRICE:EPS,,
UP_TO_4.8_MT_FREEZER_2~L5.6~W2.5~H2.4~all_eps, UP TO 4.8 MT FREEZER  (2,20,FREEZER MEDIUM,all_eps,5.6,2.5,2.4,SRD,,0.0,,,SKIP,,,
UP_TO_4.8_MT_FREEZER_2~L5.6~W2.5~H2.4~all_eps, UP TO 4.8 MT FREEZER  (2,20,FREEZER MEDIUM,all_eps,5.6,2.5,2.4,SRD DOOR FITTINGS,,0.0,,,SKIP,,,
UP_TO_4.8_MT_FREEZER_2~L5.6~W2.5~H2.4~all_eps, UP TO 4.8 MT FREEZER  (2,20,FREEZER MEDIUM,all_eps,5.6,2.5,2.4,DRD,DRD,4416.116435,4416.08,,UNVERIFIABLE,EXCEL_NO_PRICE:EPS,,
UP_TO_4.8_MT_FREEZER_2~L5.6~W2.5~H2.4~all_eps, UP TO 4.8 MT FREEZER  (2,20,FREEZER MEDIUM,all_eps,5.6,2.5,2.4,DRD DOOR FITTINGS,DRD DOOR FITTINGS,5920.59594,5920.6,0.0,PASS,,,
UP_TO_4.8_MT_FREEZER_2~L5.6~W2.5~H2.4~all_eps, UP TO 4.8 MT FREEZER  (2,20,FREEZER MEDIUM,all_eps,5.6,2.5,2.4,SIDES,SIDES,16536.432447,16566.38,,UNVERIFIABLE,EXCEL_NO_PRICE:EPS,,
UP_TO_4.8_MT_FREEZER_2~L5.6~W2.5~H2.4~all_eps, UP TO 4.8 MT FREEZER  (2,20,FREEZER MEDIUM,all_eps,5.6,2.5,2.4,ROOF,ROOF,9974.103623,9974.01,0.001,PASS,,,
UP_TO_4.8_MT_FREEZER_2~L5.6~W2.5~H2.4~all_eps, UP TO 4.8 MT FREEZER  (2,20,FREEZER MEDIUM,all_eps,5.6,2.5,2.4,FLOOR,FLOOR,43746.054108,43746.01,0.0,PASS,,,
UP_TO_4.8_MT_FREEZER_2~L5.6~W2.5~H2.4~all_eps, UP TO 4.8 MT FREEZER  (2,20,FREEZER MEDIUM,all_eps,5.6,2.5,2.4,ALUMINIUM,ALUMINIUM,8192.828,8192.83,0.0,PASS,,,
UP_TO_4.8_MT_FREEZER_2~L5.6~W2.5~H2.4~all_eps, UP TO 4.8 MT FREEZER  (2,20,FREEZER MEDIUM,all_eps,5.6,2.5,2.4,SUB FRAME + LIGHT BOX ASSY,SUB FRAME + LIGHT BOX ASSY,9005.248808,8879.57,1.396,ACCEPTED,,PRICE_DIFF SMALL MOUNTING BRACKET (-125.68),"[DATA] SMALL MOUNTING BRACKET priced differently from Burt's sheet on FREEZER MEDIUM (-R126), prod as dev."
UP_TO_4.8_MT_FREEZER_2~L5.6~W2.5~H2.4~all_eps, UP TO 4.8 MT FREEZER  (2,20,FREEZER MEDIUM,all_eps,5.6,2.5,2.4,REAR FRAME + FLOOR PLATE,REAR FRAME & FLOOR PLATE,4633.7716,4633.77,0.0,PASS,,,
UP_TO_4.8_MT_FREEZER_2~L5.6~W2.5~H2.4~all_eps, UP TO 4.8 MT FREEZER  (2,20,FREEZER MEDIUM,all_eps,5.6,2.5,2.4,SPRAY PAINTING,SPRAY PAINTING,750.0,750.0,0.0,PASS,,,
UP_TO_4.8_MT_FREEZER_2~L5.6~W2.5~H2.4~all_eps, UP TO 4.8 MT FREEZER  (2,20,FREEZER MEDIUM,all_eps,5.6,2.5,2.4,REFLEXITE TAPE,REFLEXITE TAPE,246.6,246.6,0.0,PASS,,,
UP_TO_4.8_MT_FREEZER_2~L5.6~W2.5~H2.4~all_pu, UP TO 4.8 MT FREEZER  (2,20,FREEZER MEDIUM,all_pu,5.6,2.5,2.4,FRONT,FRONT,5227.241456,5225.4,0.035,PASS,,,
UP_TO_4.8_MT_FREEZER_2~L5.6~W2.5~H2.4~all_pu, UP TO 4.8 MT FREEZER  (2,20,FREEZER MEDIUM,all_pu,5.6,2.5,2.4,SRD,,0.0,,,SKIP,,,
UP_TO_4.8_MT_FREEZER_2~L5.6~W2.5~H2.4~all_pu, UP TO 4.8 MT FREEZER  (2,20,FREEZER MEDIUM,all_pu,5.6,2.5,2.4,SRD DOOR FITTINGS,,0.0,,,SKIP,,,
UP_TO_4.8_MT_FREEZER_2~L5.6~W2.5~H2.4~all_pu, UP TO 4.8 MT FREEZER  (2,20,FREEZER MEDIUM,all_pu,5.6,2.5,2.4,DRD,DRD,5994.22456,5992.4,0.03,PASS,,,
UP_TO_4.8_MT_FREEZER_2~L5.6~W2.5~H2.4~all_pu, UP TO 4.8 MT FREEZER  (2,20,FREEZER MEDIUM,all_pu,5.6,2.5,2.4,DRD DOOR FITTINGS,DRD DOOR FITTINGS,5983.98526,5983.99,0.0,PASS,,,
UP_TO_4.8_MT_FREEZER_2~L5.6~W2.5~H2.4~all_pu, UP TO 4.8 MT FREEZER  (2,20,FREEZER MEDIUM,all_pu,5.6,2.5,2.4,SIDES,SIDES,23824.574319,23816.04,0.036,PASS,,,
UP_TO_4.8_MT_FREEZER_2~L5.6~W2.5~H2.4~all_pu, UP TO 4.8 MT FREEZER  (2,20,FREEZER MEDIUM,all_pu,5.6,2.5,2.4,ROOF,ROOF,12009.570172,12004.24,0.044,PASS,,,
UP_TO_4.8_MT_FREEZER_2~L5.6~W2.5~H2.4~all_pu, UP TO 4.8 MT FREEZER  (2,20,FREEZER MEDIUM,all_pu,5.6,2.5,2.4,FLOOR,FLOOR,45781.520657,45776.25,0.012,PASS,,,
UP_TO_4.8_MT_FREEZER_2~L5.6~W2.5~H2.4~all_pu, UP TO 4.8 MT FREEZER  (2,20,FREEZER MEDIUM,all_pu,5.6,2.5,2.4,ALUMINIUM,ALUMINIUM,8192.828,8192.83,0.0,PASS,,,
UP_TO_4.8_MT_FREEZER_2~L5.6~W2.5~H2.4~all_pu, UP TO 4.8 MT FREEZER  (2,20,FREEZER MEDIUM,all_pu,5.6,2.5,2.4,SUB FRAME + LIGHT BOX ASSY,SUB FRAME + LIGHT BOX ASSY,9005.248808,8879.57,1.396,ACCEPTED,,PRICE_DIFF SMALL MOUNTING BRACKET (-125.68),"[DATA] SMALL MOUNTING BRACKET priced differently from Burt's sheet on FREEZER MEDIUM (-R126), prod as dev."
UP_TO_4.8_MT_FREEZER_2~L5.6~W2.5~H2.4~all_pu, UP TO 4.8 MT FREEZER  (2,20,FREEZER MEDIUM,all_pu,5.6,2.5,2.4,REAR FRAME + FLOOR PLATE,REAR FRAME & FLOOR PLATE,4633.7716,4633.77,0.0,PASS,,,
UP_TO_4.8_MT_FREEZER_2~L5.6~W2.5~H2.4~all_pu, UP TO 4.8 MT FREEZER  (2,20,FREEZER MEDIUM,all_pu,5.6,2.5,2.4,SPRAY PAINTING,SPRAY PAINTING,750.0,750.0,0.0,PASS,,,
UP_TO_4.8_MT_FREEZER_2~L5.6~W2.5~H2.4~all_pu, UP TO 4.8 MT FREEZER  (2,20,FREEZER MEDIUM,all_pu,5.6,2.5,2.4,REFLEXITE TAPE,REFLEXITE TAPE,246.6,246.6,0.0,PASS,,,
UP_TO_4.8_MT_FREEZER_2~L5.6~W2.5~H2.4~srd, UP TO 4.8 MT FREEZER  (2,20,FREEZER MEDIUM,srd,5.6,2.5,2.4,FRONT,FRONT,5227.241456,5225.4,0.035,PASS,,,
UP_TO_4.8_MT_FREEZER_2~L5.6~W2.5~H2.4~srd, UP TO 4.8 MT FREEZER  (2,20,FREEZER MEDIUM,srd,5.6,2.5,2.4,SRD,SRD,5439.592954,5437.75,0.034,PASS,,,
UP_TO_4.8_MT_FREEZER_2~L5.6~W2.5~H2.4~srd, UP TO 4.8 MT FREEZER  (2,20,FREEZER MEDIUM,srd,5.6,2.5,2.4,SRD DOOR FITTINGS,SRD DOOR FITTINGS,6821.62802,6821.63,0.0,PASS,,,
UP_TO_4.8_MT_FREEZER_2~L5.6~W2.5~H2.4~srd, UP TO 4.8 MT FREEZER  (2,20,FREEZER MEDIUM,srd,5.6,2.5,2.4,DRD,,0.0,,,SKIP,,,
UP_TO_4.8_MT_FREEZER_2~L5.6~W2.5~H2.4~srd, UP TO 4.8 MT FREEZER  (2,20,FREEZER MEDIUM,srd,5.6,2.5,2.4,DRD DOOR FITTINGS,,0.0,,,SKIP,,,
UP_TO_4.8_MT_FREEZER_2~L5.6~W2.5~H2.4~srd, UP TO 4.8 MT FREEZER  (2,20,FREEZER MEDIUM,srd,5.6,2.5,2.4,SIDES,SIDES,23824.574319,23816.04,0.036,PASS,,,
UP_TO_4.8_MT_FREEZER_2~L5.6~W2.5~H2.4~srd, UP TO 4.8 MT FREEZER  (2,20,FREEZER MEDIUM,srd,5.6,2.5,2.4,ROOF,ROOF,12009.570172,12004.24,0.044,PASS,,,
UP_TO_4.8_MT_FREEZER_2~L5.6~W2.5~H2.4~srd, UP TO 4.8 MT FREEZER  (2,20,FREEZER MEDIUM,srd,5.6,2.5,2.4,FLOOR,FLOOR,45781.520657,45776.25,0.012,PASS,,,
UP_TO_4.8_MT_FREEZER_2~L5.6~W2.5~H2.4~srd, UP TO 4.8 MT FREEZER  (2,20,FREEZER MEDIUM,srd,5.6,2.5,2.4,ALUMINIUM,ALUMINIUM,8192.828,8192.83,0.0,PASS,,,
UP_TO_4.8_MT_FREEZER_2~L5.6~W2.5~H2.4~srd, UP TO 4.8 MT FREEZER  (2,20,FREEZER MEDIUM,srd,5.6,2.5,2.4,SUB FRAME + LIGHT BOX ASSY,SUB FRAME + LIGHT BOX ASSY,9005.248808,8879.57,1.396,ACCEPTED,,PRICE_DIFF SMALL MOUNTING BRACKET (-125.68),"[DATA] SMALL MOUNTING BRACKET priced differently from Burt's sheet on FREEZER MEDIUM (-R126), prod as dev."
UP_TO_4.8_MT_FREEZER_2~L5.6~W2.5~H2.4~srd, UP TO 4.8 MT FREEZER  (2,20,FREEZER MEDIUM,srd,5.6,2.5,2.4,REAR FRAME + FLOOR PLATE,REAR FRAME & FLOOR PLATE,0.0,4633.77,,ACCEPTED,EXTRA_IN_MES,,"[RULING] Burt gates REAR FRAME + FLOOR PLATE on the DRD flags, so a single-rear-door body carries R0 there; MES always includes the section (R2.4k-R5.5k). Which is right needs Burt/Michael."
UP_TO_4.8_MT_FREEZER_2~L5.6~W2.5~H2.4~srd, UP TO 4.8 MT FREEZER  (2,20,FREEZER MEDIUM,srd,5.6,2.5,2.4,SPRAY PAINTING,SPRAY PAINTING,750.0,750.0,0.0,PASS,,,
UP_TO_4.8_MT_FREEZER_2~L5.6~W2.5~H2.4~srd, UP TO 4.8 MT FREEZER  (2,20,FREEZER MEDIUM,srd,5.6,2.5,2.4,REFLEXITE TAPE,REFLEXITE TAPE,246.6,246.6,0.0,PASS,,,
UP_TO_4.8_MT_FREEZER_2~L5.6~W2.5~H2.4~drd, UP TO 4.8 MT FREEZER  (2,20,FREEZER MEDIUM,drd,5.6,2.5,2.4,FRONT,FRONT,5227.241456,5225.4,0.035,PASS,,,
UP_TO_4.8_MT_FREEZER_2~L5.6~W2.5~H2.4~drd, UP TO 4.8 MT FREEZER  (2,20,FREEZER MEDIUM,drd,5.6,2.5,2.4,SRD,,0.0,,,SKIP,,,
UP_TO_4.8_MT_FREEZER_2~L5.6~W2.5~H2.4~drd, UP TO 4.8 MT FREEZER  (2,20,FREEZER MEDIUM,drd,5.6,2.5,2.4,SRD DOOR FITTINGS,,0.0,,,SKIP,,,
UP_TO_4.8_MT_FREEZER_2~L5.6~W2.5~H2.4~drd, UP TO 4.8 MT FREEZER  (2,20,FREEZER MEDIUM,drd,5.6,2.5,2.4,DRD,DRD,5994.22456,5992.4,0.03,PASS,,,
UP_TO_4.8_MT_FREEZER_2~L5.6~W2.5~H2.4~drd, UP TO 4.8 MT FREEZER  (2,20,FREEZER MEDIUM,drd,5.6,2.5,2.4,DRD DOOR FITTINGS,DRD DOOR FITTINGS,5983.98526,5983.99,0.0,PASS,,,
UP_TO_4.8_MT_FREEZER_2~L5.6~W2.5~H2.4~drd, UP TO 4.8 MT FREEZER  (2,20,FREEZER MEDIUM,drd,5.6,2.5,2.4,SIDES,SIDES,23824.574319,23816.04,0.036,PASS,,,
UP_TO_4.8_MT_FREEZER_2~L5.6~W2.5~H2.4~drd, UP TO 4.8 MT FREEZER  (2,20,FREEZER MEDIUM,drd,5.6,2.5,2.4,ROOF,ROOF,12009.570172,12004.24,0.044,PASS,,,
UP_TO_4.8_MT_FREEZER_2~L5.6~W2.5~H2.4~drd, UP TO 4.8 MT FREEZER  (2,20,FREEZER MEDIUM,drd,5.6,2.5,2.4,FLOOR,FLOOR,45781.520657,45776.25,0.012,PASS,,,
UP_TO_4.8_MT_FREEZER_2~L5.6~W2.5~H2.4~drd, UP TO 4.8 MT FREEZER  (2,20,FREEZER MEDIUM,drd,5.6,2.5,2.4,ALUMINIUM,ALUMINIUM,8192.828,8192.83,0.0,PASS,,,
UP_TO_4.8_MT_FREEZER_2~L5.6~W2.5~H2.4~drd, UP TO 4.8 MT FREEZER  (2,20,FREEZER MEDIUM,drd,5.6,2.5,2.4,SUB FRAME + LIGHT BOX ASSY,SUB FRAME + LIGHT BOX ASSY,9005.248808,8879.57,1.396,ACCEPTED,,PRICE_DIFF SMALL MOUNTING BRACKET (-125.68),"[DATA] SMALL MOUNTING BRACKET priced differently from Burt's sheet on FREEZER MEDIUM (-R126), prod as dev."
UP_TO_4.8_MT_FREEZER_2~L5.6~W2.5~H2.4~drd, UP TO 4.8 MT FREEZER  (2,20,FREEZER MEDIUM,drd,5.6,2.5,2.4,REAR FRAME + FLOOR PLATE,REAR FRAME & FLOOR PLATE,4633.7716,4633.77,0.0,PASS,,,
UP_TO_4.8_MT_FREEZER_2~L5.6~W2.5~H2.4~drd, UP TO 4.8 MT FREEZER  (2,20,FREEZER MEDIUM,drd,5.6,2.5,2.4,SPRAY PAINTING,SPRAY PAINTING,750.0,750.0,0.0,PASS,,,
UP_TO_4.8_MT_FREEZER_2~L5.6~W2.5~H2.4~drd, UP TO 4.8 MT FREEZER  (2,20,FREEZER MEDIUM,drd,5.6,2.5,2.4,REFLEXITE TAPE,REFLEXITE TAPE,246.6,246.6,0.0,PASS,,,
UP_TO_4.8_MT_FREEZER_2~L5.6~W2.5~H2.4~foam_4g, UP TO 4.8 MT FREEZER  (2,20,FREEZER MEDIUM,foam_4g,5.6,2.5,2.4,FRONT,FRONT,5691.123592,5688.72,0.042,PASS,,,
UP_TO_4.8_MT_FREEZER_2~L5.6~W2.5~H2.4~foam_4g, UP TO 4.8 MT FREEZER  (2,20,FREEZER MEDIUM,foam_4g,5.6,2.5,2.4,SRD,,0.0,,,SKIP,,,
UP_TO_4.8_MT_FREEZER_2~L5.6~W2.5~H2.4~foam_4g, UP TO 4.8 MT FREEZER  (2,20,FREEZER MEDIUM,foam_4g,5.6,2.5,2.4,SRD DOOR FITTINGS,,0.0,,,SKIP,,,
UP_TO_4.8_MT_FREEZER_2~L5.6~W2.5~H2.4~foam_4g, UP TO 4.8 MT FREEZER  (2,20,FREEZER MEDIUM,foam_4g,5.6,2.5,2.4,DRD,DRD,6458.106696,6455.71,0.037,PASS,,,
UP_TO_4.8_MT_FREEZER_2~L5.6~W2.5~H2.4~foam_4g, UP TO 4.8 MT FREEZER  (2,20,FREEZER MEDIUM,foam_4g,5.6,2.5,2.4,DRD DOOR FITTINGS,DRD DOOR FITTINGS,5983.98526,5983.99,0.0,PASS,,,
UP_TO_4.8_MT_FREEZER_2~L5.6~W2.5~H2.4~foam_4g, UP TO 4.8 MT FREEZER  (2,20,FREEZER MEDIUM,foam_4g,5.6,2.5,2.4,SIDES,SIDES,25972.880933,25961.72,0.043,PASS,,,
UP_TO_4.8_MT_FREEZER_2~L5.6~W2.5~H2.4~foam_4g, UP TO 4.8 MT FREEZER  (2,20,FREEZER MEDIUM,foam_4g,5.6,2.5,2.4,ROOF,ROOF,13370.16436,13363.18,0.052,PASS,,,
UP_TO_4.8_MT_FREEZER_2~L5.6~W2.5~H2.4~foam_4g, UP TO 4.8 MT FREEZER  (2,20,FREEZER MEDIUM,foam_4g,5.6,2.5,2.4,FLOOR,FLOOR,47142.114846,47135.18,0.015,PASS,,,
UP_TO_4.8_MT_FREEZER_2~L5.6~W2.5~H2.4~foam_4g, UP TO 4.8 MT FREEZER  (2,20,FREEZER MEDIUM,foam_4g,5.6,2.5,2.4,ALUMINIUM,ALUMINIUM,8192.828,8192.83,0.0,PASS,,,
UP_TO_4.8_MT_FREEZER_2~L5.6~W2.5~H2.4~foam_4g, UP TO 4.8 MT FREEZER  (2,20,FREEZER MEDIUM,foam_4g,5.6,2.5,2.4,SUB FRAME + LIGHT BOX ASSY,SUB FRAME + LIGHT BOX ASSY,9005.248808,8879.57,1.396,ACCEPTED,,PRICE_DIFF SMALL MOUNTING BRACKET (-125.68),"[DATA] SMALL MOUNTING BRACKET priced differently from Burt's sheet on FREEZER MEDIUM (-R126), prod as dev."
UP_TO_4.8_MT_FREEZER_2~L5.6~W2.5~H2.4~foam_4g, UP TO 4.8 MT FREEZER  (2,20,FREEZER MEDIUM,foam_4g,5.6,2.5,2.4,REAR FRAME + FLOOR PLATE,REAR FRAME & FLOOR PLATE,4633.7716,4633.77,0.0,PASS,,,
UP_TO_4.8_MT_FREEZER_2~L5.6~W2.5~H2.4~foam_4g, UP TO 4.8 MT FREEZER  (2,20,FREEZER MEDIUM,foam_4g,5.6,2.5,2.4,SPRAY PAINTING,SPRAY PAINTING,750.0,750.0,0.0,PASS,,,
UP_TO_4.8_MT_FREEZER_2~L5.6~W2.5~H2.4~foam_4g, UP TO 4.8 MT FREEZER  (2,20,FREEZER MEDIUM,foam_4g,5.6,2.5,2.4,REFLEXITE TAPE,REFLEXITE TAPE,246.6,246.6,0.0,PASS,,,
4.9_+_UP_FREEZER_BODY_2~L4.9~W2.6~H2.56~as_sheet, 4.9 & UP FREEZER BODY (2,21,FREEZER LARGE,as_sheet,4.9,2.6,2.56,FRONT,FRONT,5588.153405,5594.5,0.114,PASS,,,
4.9_+_UP_FREEZER_BODY_2~L4.9~W2.6~H2.56~as_sheet, 4.9 & UP FREEZER BODY (2,21,FREEZER LARGE,as_sheet,4.9,2.6,2.56,SRD,,0.0,,,SKIP,,,
4.9_+_UP_FREEZER_BODY_2~L4.9~W2.6~H2.56~as_sheet, 4.9 & UP FREEZER BODY (2,21,FREEZER LARGE,as_sheet,4.9,2.6,2.56,SRD DOOR FITTINGS,,0.0,,,SKIP,,,
4.9_+_UP_FREEZER_BODY_2~L4.9~W2.6~H2.56~as_sheet, 4.9 & UP FREEZER BODY (2,21,FREEZER LARGE,as_sheet,4.9,2.6,2.56,DRD,DRD,6352.841946,6350.99,0.029,PASS,,,
4.9_+_UP_FREEZER_BODY_2~L4.9~W2.6~H2.56~as_sheet, 4.9 & UP FREEZER BODY (2,21,FREEZER LARGE,as_sheet,4.9,2.6,2.56,DRD DOOR FITTINGS,DRD DOOR FITTINGS,6438.75928,6438.76,0.0,PASS,,,
4.9_+_UP_FREEZER_BODY_2~L4.9~W2.6~H2.56~as_sheet, 4.9 & UP FREEZER BODY (2,21,FREEZER LARGE,as_sheet,4.9,2.6,2.56,SIDES,SIDES,21723.518019,21716.02,0.035,PASS,,,
4.9_+_UP_FREEZER_BODY_2~L4.9~W2.6~H2.56~as_sheet, 4.9 & UP FREEZER BODY (2,21,FREEZER LARGE,as_sheet,4.9,2.6,2.56,ROOF,ROOF,11996.67899,11990.56,0.051,PASS,,,
4.9_+_UP_FREEZER_BODY_2~L4.9~W2.6~H2.56~as_sheet, 4.9 & UP FREEZER BODY (2,21,FREEZER LARGE,as_sheet,4.9,2.6,2.56,FLOOR,FLOOR,22693.883877,22688.03,0.026,PASS,,,
4.9_+_UP_FREEZER_BODY_2~L4.9~W2.6~H2.56~as_sheet, 4.9 & UP FREEZER BODY (2,21,FREEZER LARGE,as_sheet,4.9,2.6,2.56,ALUMINIUM,ALUMINIUM,8693.878,8693.88,0.0,PASS,,,
4.9_+_UP_FREEZER_BODY_2~L4.9~W2.6~H2.56~as_sheet, 4.9 & UP FREEZER BODY (2,21,FREEZER LARGE,as_sheet,4.9,2.6,2.56,SUB FRAME + LIGHT BOX ASSY,SUB FRAME + LIGHT BOX ASSY,8316.704025,8316.73,0.0,PASS,,,
4.9_+_UP_FREEZER_BODY_2~L4.9~W2.6~H2.56~as_sheet, 4.9 & UP FREEZER BODY (2,21,FREEZER LARGE,as_sheet,4.9,2.6,2.56,REAR FRAME + FLOOR PLATE,REAR FRAME & FLOOR PLATE,5432.105904,5432.11,0.0,PASS,,,
4.9_+_UP_FREEZER_BODY_2~L4.9~W2.6~H2.56~as_sheet, 4.9 & UP FREEZER BODY (2,21,FREEZER LARGE,as_sheet,4.9,2.6,2.56,SPRAY PAINTING,SPRAY PAINTING,750.0,750.0,0.0,PASS,,,
4.9_+_UP_FREEZER_BODY_2~L4.9~W2.6~H2.56~as_sheet, 4.9 & UP FREEZER BODY (2,21,FREEZER LARGE,as_sheet,4.9,2.6,2.56,REFLEXITE TAPE,REFLEXITE TAPE,225.9,225.9,0.0,PASS,,,
4.9_+_UP_FREEZER_BODY_2~L4.9~W2.6~H2.56~all_eps, 4.9 & UP FREEZER BODY (2,21,FREEZER LARGE,all_eps,4.9,2.6,2.56,FRONT,FRONT,4043.588126,4051.64,,UNVERIFIABLE,EXCEL_NO_PRICE:EPS,,
4.9_+_UP_FREEZER_BODY_2~L4.9~W2.6~H2.56~all_eps, 4.9 & UP FREEZER BODY (2,21,FREEZER LARGE,all_eps,4.9,2.6,2.56,SRD,,0.0,,,SKIP,,,
4.9_+_UP_FREEZER_BODY_2~L4.9~W2.6~H2.56~all_eps, 4.9 & UP FREEZER BODY (2,21,FREEZER LARGE,all_eps,4.9,2.6,2.56,SRD DOOR FITTINGS,,0.0,,,SKIP,,,
4.9_+_UP_FREEZER_BODY_2~L4.9~W2.6~H2.56~all_eps, 4.9 & UP FREEZER BODY (2,21,FREEZER LARGE,all_eps,4.9,2.6,2.56,DRD,DRD,4807.917059,4807.85,,UNVERIFIABLE,EXCEL_NO_PRICE:EPS,,
4.9_+_UP_FREEZER_BODY_2~L4.9~W2.6~H2.56~all_eps, 4.9 & UP FREEZER BODY (2,21,FREEZER LARGE,all_eps,4.9,2.6,2.56,DRD DOOR FITTINGS,DRD DOOR FITTINGS,6394.50624,6394.51,0.0,PASS,,,
4.9_+_UP_FREEZER_BODY_2~L4.9~W2.6~H2.56~all_eps, 4.9 & UP FREEZER BODY (2,21,FREEZER LARGE,all_eps,4.9,2.6,2.56,SIDES,SIDES,15479.701232,15479.45,,UNVERIFIABLE,EXCEL_NO_PRICE:EPS,,
4.9_+_UP_FREEZER_BODY_2~L4.9~W2.6~H2.56~all_eps, 4.9 & UP FREEZER BODY (2,21,FREEZER LARGE,all_eps,4.9,2.6,2.56,ROOF,ROOF,9752.221553,9752.13,0.001,PASS,,,
4.9_+_UP_FREEZER_BODY_2~L4.9~W2.6~H2.56~all_eps, 4.9 & UP FREEZER BODY (2,21,FREEZER LARGE,all_eps,4.9,2.6,2.56,FLOOR,FLOOR,20449.42644,20449.61,0.001,PASS,,,
4.9_+_UP_FREEZER_BODY_2~L4.9~W2.6~H2.56~all_eps, 4.9 & UP FREEZER BODY (2,21,FREEZER LARGE,all_eps,4.9,2.6,2.56,ALUMINIUM,ALUMINIUM,8693.878,8693.88,0.0,PASS,,,
4.9_+_UP_FREEZER_BODY_2~L4.9~W2.6~H2.56~all_eps, 4.9 & UP FREEZER BODY (2,21,FREEZER LARGE,all_eps,4.9,2.6,2.56,SUB FRAME + LIGHT BOX ASSY,SUB FRAME + LIGHT BOX ASSY,8316.704025,8316.73,0.0,PASS,,,
4.9_+_UP_FREEZER_BODY_2~L4.9~W2.6~H2.56~all_eps, 4.9 & UP FREEZER BODY (2,21,FREEZER LARGE,all_eps,4.9,2.6,2.56,REAR FRAME + FLOOR PLATE,REAR FRAME & FLOOR PLATE,5432.105904,5432.11,0.0,PASS,,,
4.9_+_UP_FREEZER_BODY_2~L4.9~W2.6~H2.56~all_eps, 4.9 & UP FREEZER BODY (2,21,FREEZER LARGE,all_eps,4.9,2.6,2.56,SPRAY PAINTING,SPRAY PAINTING,750.0,750.0,0.0,PASS,,,
4.9_+_UP_FREEZER_BODY_2~L4.9~W2.6~H2.56~all_eps, 4.9 & UP FREEZER BODY (2,21,FREEZER LARGE,all_eps,4.9,2.6,2.56,REFLEXITE TAPE,REFLEXITE TAPE,225.9,225.9,0.0,PASS,,,
4.9_+_UP_FREEZER_BODY_2~L4.9~W2.6~H2.56~all_pu, 4.9 & UP FREEZER BODY (2,21,FREEZER LARGE,all_pu,4.9,2.6,2.56,FRONT,FRONT,5588.153405,5594.5,0.114,PASS,,,
4.9_+_UP_FREEZER_BODY_2~L4.9~W2.6~H2.56~all_pu, 4.9 & UP FREEZER BODY (2,21,FREEZER LARGE,all_pu,4.9,2.6,2.56,SRD,,0.0,,,SKIP,,,
4.9_+_UP_FREEZER_BODY_2~L4.9~W2.6~H2.56~all_pu, 4.9 & UP FREEZER BODY (2,21,FREEZER LARGE,all_pu,4.9,2.6,2.56,SRD DOOR FITTINGS,,0.0,,,SKIP,,,
4.9_+_UP_FREEZER_BODY_2~L4.9~W2.6~H2.56~all_pu, 4.9 & UP FREEZER BODY (2,21,FREEZER LARGE,all_pu,4.9,2.6,2.56,DRD,DRD,6352.841946,6350.99,0.029,PASS,,,
4.9_+_UP_FREEZER_BODY_2~L4.9~W2.6~H2.56~all_pu, 4.9 & UP FREEZER BODY (2,21,FREEZER LARGE,all_pu,4.9,2.6,2.56,DRD DOOR FITTINGS,DRD DOOR FITTINGS,6438.75928,6438.76,0.0,PASS,,,
4.9_+_UP_FREEZER_BODY_2~L4.9~W2.6~H2.56~all_pu, 4.9 & UP FREEZER BODY (2,21,FREEZER LARGE,all_pu,4.9,2.6,2.56,SIDES,SIDES,21723.518019,21716.02,0.035,PASS,,,
4.9_+_UP_FREEZER_BODY_2~L4.9~W2.6~H2.56~all_pu, 4.9 & UP FREEZER BODY (2,21,FREEZER LARGE,all_pu,4.9,2.6,2.56,ROOF,ROOF,11996.67899,11990.56,0.051,PASS,,,
4.9_+_UP_FREEZER_BODY_2~L4.9~W2.6~H2.56~all_pu, 4.9 & UP FREEZER BODY (2,21,FREEZER LARGE,all_pu,4.9,2.6,2.56,FLOOR,FLOOR,22693.883877,22688.03,0.026,PASS,,,
4.9_+_UP_FREEZER_BODY_2~L4.9~W2.6~H2.56~all_pu, 4.9 & UP FREEZER BODY (2,21,FREEZER LARGE,all_pu,4.9,2.6,2.56,ALUMINIUM,ALUMINIUM,8693.878,8693.88,0.0,PASS,,,
4.9_+_UP_FREEZER_BODY_2~L4.9~W2.6~H2.56~all_pu, 4.9 & UP FREEZER BODY (2,21,FREEZER LARGE,all_pu,4.9,2.6,2.56,SUB FRAME + LIGHT BOX ASSY,SUB FRAME + LIGHT BOX ASSY,8316.704025,8316.73,0.0,PASS,,,
4.9_+_UP_FREEZER_BODY_2~L4.9~W2.6~H2.56~all_pu, 4.9 & UP FREEZER BODY (2,21,FREEZER LARGE,all_pu,4.9,2.6,2.56,REAR FRAME + FLOOR PLATE,REAR FRAME & FLOOR PLATE,5432.105904,5432.11,0.0,PASS,,,
4.9_+_UP_FREEZER_BODY_2~L4.9~W2.6~H2.56~all_pu, 4.9 & UP FREEZER BODY (2,21,FREEZER LARGE,all_pu,4.9,2.6,2.56,SPRAY PAINTING,SPRAY PAINTING,750.0,750.0,0.0,PASS,,,
4.9_+_UP_FREEZER_BODY_2~L4.9~W2.6~H2.56~all_pu, 4.9 & UP FREEZER BODY (2,21,FREEZER LARGE,all_pu,4.9,2.6,2.56,REFLEXITE TAPE,REFLEXITE TAPE,225.9,225.9,0.0,PASS,,,
4.9_+_UP_FREEZER_BODY_2~L4.9~W2.6~H2.56~srd, 4.9 & UP FREEZER BODY (2,21,FREEZER LARGE,srd,4.9,2.6,2.56,FRONT,FRONT,5588.153405,5594.5,0.114,PASS,,,
4.9_+_UP_FREEZER_BODY_2~L4.9~W2.6~H2.56~srd, 4.9 & UP FREEZER BODY (2,21,FREEZER LARGE,srd,4.9,2.6,2.56,SRD,SRD,5680.305873,5680.24,0.001,PASS,,,
4.9_+_UP_FREEZER_BODY_2~L4.9~W2.6~H2.56~srd, 4.9 & UP FREEZER BODY (2,21,FREEZER LARGE,srd,4.9,2.6,2.56,SRD DOOR FITTINGS,SRD DOOR FITTINGS,7088.08054,7048.48,0.559,PASS,,,
4.9_+_UP_FREEZER_BODY_2~L4.9~W2.6~H2.56~srd, 4.9 & UP FREEZER BODY (2,21,FREEZER LARGE,srd,4.9,2.6,2.56,DRD,,0.0,,,SKIP,,,
4.9_+_UP_FREEZER_BODY_2~L4.9~W2.6~H2.56~srd, 4.9 & UP FREEZER BODY (2,21,FREEZER LARGE,srd,4.9,2.6,2.56,DRD DOOR FITTINGS,,0.0,,,SKIP,,,
4.9_+_UP_FREEZER_BODY_2~L4.9~W2.6~H2.56~srd, 4.9 & UP FREEZER BODY (2,21,FREEZER LARGE,srd,4.9,2.6,2.56,SIDES,SIDES,21723.518019,21716.02,0.035,PASS,,,
4.9_+_UP_FREEZER_BODY_2~L4.9~W2.6~H2.56~srd, 4.9 & UP FREEZER BODY (2,21,FREEZER LARGE,srd,4.9,2.6,2.56,ROOF,ROOF,11996.67899,11990.56,0.051,PASS,,,
4.9_+_UP_FREEZER_BODY_2~L4.9~W2.6~H2.56~srd, 4.9 & UP FREEZER BODY (2,21,FREEZER LARGE,srd,4.9,2.6,2.56,FLOOR,FLOOR,22693.883877,22688.03,0.026,PASS,,,
4.9_+_UP_FREEZER_BODY_2~L4.9~W2.6~H2.56~srd, 4.9 & UP FREEZER BODY (2,21,FREEZER LARGE,srd,4.9,2.6,2.56,ALUMINIUM,ALUMINIUM,8693.878,8693.88,0.0,PASS,,,
4.9_+_UP_FREEZER_BODY_2~L4.9~W2.6~H2.56~srd, 4.9 & UP FREEZER BODY (2,21,FREEZER LARGE,srd,4.9,2.6,2.56,SUB FRAME + LIGHT BOX ASSY,SUB FRAME + LIGHT BOX ASSY,8316.704025,8316.73,0.0,PASS,,,
4.9_+_UP_FREEZER_BODY_2~L4.9~W2.6~H2.56~srd, 4.9 & UP FREEZER BODY (2,21,FREEZER LARGE,srd,4.9,2.6,2.56,REAR FRAME + FLOOR PLATE,REAR FRAME & FLOOR PLATE,0.0,5432.11,,ACCEPTED,EXTRA_IN_MES,,"[RULING] Burt gates REAR FRAME + FLOOR PLATE on the DRD flags, so a single-rear-door body carries R0 there; MES always includes the section (R2.4k-R5.5k). Which is right needs Burt/Michael."
4.9_+_UP_FREEZER_BODY_2~L4.9~W2.6~H2.56~srd, 4.9 & UP FREEZER BODY (2,21,FREEZER LARGE,srd,4.9,2.6,2.56,SPRAY PAINTING,SPRAY PAINTING,750.0,750.0,0.0,PASS,,,
4.9_+_UP_FREEZER_BODY_2~L4.9~W2.6~H2.56~srd, 4.9 & UP FREEZER BODY (2,21,FREEZER LARGE,srd,4.9,2.6,2.56,REFLEXITE TAPE,REFLEXITE TAPE,225.9,225.9,0.0,PASS,,,
4.9_+_UP_FREEZER_BODY_2~L4.9~W2.6~H2.56~drd, 4.9 & UP FREEZER BODY (2,21,FREEZER LARGE,drd,4.9,2.6,2.56,FRONT,FRONT,5588.153405,5594.5,0.114,PASS,,,
4.9_+_UP_FREEZER_BODY_2~L4.9~W2.6~H2.56~drd, 4.9 & UP FREEZER BODY (2,21,FREEZER LARGE,drd,4.9,2.6,2.56,SRD,,0.0,,,SKIP,,,
4.9_+_UP_FREEZER_BODY_2~L4.9~W2.6~H2.56~drd, 4.9 & UP FREEZER BODY (2,21,FREEZER LARGE,drd,4.9,2.6,2.56,SRD DOOR FITTINGS,,0.0,,,SKIP,,,
4.9_+_UP_FREEZER_BODY_2~L4.9~W2.6~H2.56~drd, 4.9 & UP FREEZER BODY (2,21,FREEZER LARGE,drd,4.9,2.6,2.56,DRD,DRD,6352.841946,6350.99,0.029,PASS,,,
4.9_+_UP_FREEZER_BODY_2~L4.9~W2.6~H2.56~drd, 4.9 & UP FREEZER BODY (2,21,FREEZER LARGE,drd,4.9,2.6,2.56,DRD DOOR FITTINGS,DRD DOOR FITTINGS,6438.75928,6438.76,0.0,PASS,,,
4.9_+_UP_FREEZER_BODY_2~L4.9~W2.6~H2.56~drd, 4.9 & UP FREEZER BODY (2,21,FREEZER LARGE,drd,4.9,2.6,2.56,SIDES,SIDES,21723.518019,21716.02,0.035,PASS,,,
4.9_+_UP_FREEZER_BODY_2~L4.9~W2.6~H2.56~drd, 4.9 & UP FREEZER BODY (2,21,FREEZER LARGE,drd,4.9,2.6,2.56,ROOF,ROOF,11996.67899,11990.56,0.051,PASS,,,
4.9_+_UP_FREEZER_BODY_2~L4.9~W2.6~H2.56~drd, 4.9 & UP FREEZER BODY (2,21,FREEZER LARGE,drd,4.9,2.6,2.56,FLOOR,FLOOR,22693.883877,22688.03,0.026,PASS,,,
4.9_+_UP_FREEZER_BODY_2~L4.9~W2.6~H2.56~drd, 4.9 & UP FREEZER BODY (2,21,FREEZER LARGE,drd,4.9,2.6,2.56,ALUMINIUM,ALUMINIUM,8693.878,8693.88,0.0,PASS,,,
4.9_+_UP_FREEZER_BODY_2~L4.9~W2.6~H2.56~drd, 4.9 & UP FREEZER BODY (2,21,FREEZER LARGE,drd,4.9,2.6,2.56,SUB FRAME + LIGHT BOX ASSY,SUB FRAME + LIGHT BOX ASSY,8316.704025,8316.73,0.0,PASS,,,
4.9_+_UP_FREEZER_BODY_2~L4.9~W2.6~H2.56~drd, 4.9 & UP FREEZER BODY (2,21,FREEZER LARGE,drd,4.9,2.6,2.56,REAR FRAME + FLOOR PLATE,REAR FRAME & FLOOR PLATE,5432.105904,5432.11,0.0,PASS,,,
4.9_+_UP_FREEZER_BODY_2~L4.9~W2.6~H2.56~drd, 4.9 & UP FREEZER BODY (2,21,FREEZER LARGE,drd,4.9,2.6,2.56,SPRAY PAINTING,SPRAY PAINTING,750.0,750.0,0.0,PASS,,,
4.9_+_UP_FREEZER_BODY_2~L4.9~W2.6~H2.56~drd, 4.9 & UP FREEZER BODY (2,21,FREEZER LARGE,drd,4.9,2.6,2.56,REFLEXITE TAPE,REFLEXITE TAPE,225.9,225.9,0.0,PASS,,,
4.9_+_UP_FREEZER_BODY_2~L4.9~W2.6~H2.56~foam_4g, 4.9 & UP FREEZER BODY (2,21,FREEZER LARGE,foam_4g,4.9,2.6,2.56,FRONT,FRONT,6052.035541,6057.82,0.096,PASS,,,
4.9_+_UP_FREEZER_BODY_2~L4.9~W2.6~H2.56~foam_4g, 4.9 & UP FREEZER BODY (2,21,FREEZER LARGE,foam_4g,4.9,2.6,2.56,SRD,,0.0,,,SKIP,,,
4.9_+_UP_FREEZER_BODY_2~L4.9~W2.6~H2.56~foam_4g, 4.9 & UP FREEZER BODY (2,21,FREEZER LARGE,foam_4g,4.9,2.6,2.56,SRD DOOR FITTINGS,,0.0,,,SKIP,,,
4.9_+_UP_FREEZER_BODY_2~L4.9~W2.6~H2.56~foam_4g, 4.9 & UP FREEZER BODY (2,21,FREEZER LARGE,foam_4g,4.9,2.6,2.56,DRD,DRD,6816.724082,6814.31,0.035,PASS,,,
4.9_+_UP_FREEZER_BODY_2~L4.9~W2.6~H2.56~foam_4g, 4.9 & UP FREEZER BODY (2,21,FREEZER LARGE,foam_4g,4.9,2.6,2.56,DRD DOOR FITTINGS,DRD DOOR FITTINGS,6438.75928,6438.76,0.0,PASS,,,
4.9_+_UP_FREEZER_BODY_2~L4.9~W2.6~H2.56~foam_4g, 4.9 & UP FREEZER BODY (2,21,FREEZER LARGE,foam_4g,4.9,2.6,2.56,SIDES,SIDES,23605.662751,23595.87,0.041,PASS,,,
4.9_+_UP_FREEZER_BODY_2~L4.9~W2.6~H2.56~foam_4g, 4.9 & UP FREEZER BODY (2,21,FREEZER LARGE,foam_4g,4.9,2.6,2.56,ROOF,ROOF,13565.132934,13557.1,0.059,PASS,,,
4.9_+_UP_FREEZER_BODY_2~L4.9~W2.6~H2.56~foam_4g, 4.9 & UP FREEZER BODY (2,21,FREEZER LARGE,foam_4g,4.9,2.6,2.56,FLOOR,FLOOR,24262.337821,24254.57,0.032,PASS,,,
4.9_+_UP_FREEZER_BODY_2~L4.9~W2.6~H2.56~foam_4g, 4.9 & UP FREEZER BODY (2,21,FREEZER LARGE,foam_4g,4.9,2.6,2.56,ALUMINIUM,ALUMINIUM,8693.878,8693.88,0.0,PASS,,,
4.9_+_UP_FREEZER_BODY_2~L4.9~W2.6~H2.56~foam_4g, 4.9 & UP FREEZER BODY (2,21,FREEZER LARGE,foam_4g,4.9,2.6,2.56,SUB FRAME + LIGHT BOX ASSY,SUB FRAME + LIGHT BOX ASSY,8316.704025,8316.73,0.0,PASS,,,
4.9_+_UP_FREEZER_BODY_2~L4.9~W2.6~H2.56~foam_4g, 4.9 & UP FREEZER BODY (2,21,FREEZER LARGE,foam_4g,4.9,2.6,2.56,REAR FRAME + FLOOR PLATE,REAR FRAME & FLOOR PLATE,5432.105904,5432.11,0.0,PASS,,,
4.9_+_UP_FREEZER_BODY_2~L4.9~W2.6~H2.56~foam_4g, 4.9 & UP FREEZER BODY (2,21,FREEZER LARGE,foam_4g,4.9,2.6,2.56,SPRAY PAINTING,SPRAY PAINTING,750.0,750.0,0.0,PASS,,,
4.9_+_UP_FREEZER_BODY_2~L4.9~W2.6~H2.56~foam_4g, 4.9 & UP FREEZER BODY (2,21,FREEZER LARGE,foam_4g,4.9,2.6,2.56,REFLEXITE TAPE,REFLEXITE TAPE,225.9,225.9,0.0,PASS,,,
4.9_+_UP_FREEZER_BODY_2~L6.5~W2.6~H2.56~as_sheet, 4.9 & UP FREEZER BODY (2,21,FREEZER LARGE,as_sheet,6.5,2.6,2.56,FRONT,FRONT,5588.153405,5594.5,0.114,PASS,,,
4.9_+_UP_FREEZER_BODY_2~L6.5~W2.6~H2.56~as_sheet, 4.9 & UP FREEZER BODY (2,21,FREEZER LARGE,as_sheet,6.5,2.6,2.56,SRD,,0.0,,,SKIP,,,
4.9_+_UP_FREEZER_BODY_2~L6.5~W2.6~H2.56~as_sheet, 4.9 & UP FREEZER BODY (2,21,FREEZER LARGE,as_sheet,6.5,2.6,2.56,SRD DOOR FITTINGS,,0.0,,,SKIP,,,
4.9_+_UP_FREEZER_BODY_2~L6.5~W2.6~H2.56~as_sheet, 4.9 & UP FREEZER BODY (2,21,FREEZER LARGE,as_sheet,6.5,2.6,2.56,DRD,DRD,6352.841946,6350.99,0.029,PASS,,,
4.9_+_UP_FREEZER_BODY_2~L6.5~W2.6~H2.56~as_sheet, 4.9 & UP FREEZER BODY (2,21,FREEZER LARGE,as_sheet,6.5,2.6,2.56,DRD DOOR FITTINGS,DRD DOOR FITTINGS,6438.75928,6438.76,0.0,PASS,,,
4.9_+_UP_FREEZER_BODY_2~L6.5~W2.6~H2.56~as_sheet, 4.9 & UP FREEZER BODY (2,21,FREEZER LARGE,as_sheet,6.5,2.6,2.56,SIDES,SIDES,28623.045555,28613.13,0.035,PASS,,,
4.9_+_UP_FREEZER_BODY_2~L6.5~W2.6~H2.56~as_sheet, 4.9 & UP FREEZER BODY (2,21,FREEZER LARGE,as_sheet,6.5,2.6,2.56,ROOF,ROOF,15828.178672,15820.08,0.051,PASS,,,
4.9_+_UP_FREEZER_BODY_2~L6.5~W2.6~H2.56~as_sheet, 4.9 & UP FREEZER BODY (2,21,FREEZER LARGE,as_sheet,6.5,2.6,2.56,FLOOR,FLOOR,29941.74266,29934.0,0.026,PASS,,,
4.9_+_UP_FREEZER_BODY_2~L6.5~W2.6~H2.56~as_sheet, 4.9 & UP FREEZER BODY (2,21,FREEZER LARGE,as_sheet,6.5,2.6,2.56,ALUMINIUM,ALUMINIUM,10686.038,10686.04,0.0,PASS,,,
4.9_+_UP_FREEZER_BODY_2~L6.5~W2.6~H2.56~as_sheet, 4.9 & UP FREEZER BODY (2,21,FREEZER LARGE,as_sheet,6.5,2.6,2.56,SUB FRAME + LIGHT BOX ASSY,SUB FRAME + LIGHT BOX ASSY,9094.304025,9094.33,0.0,PASS,,,
4.9_+_UP_FREEZER_BODY_2~L6.5~W2.6~H2.56~as_sheet, 4.9 & UP FREEZER BODY (2,21,FREEZER LARGE,as_sheet,6.5,2.6,2.56,REAR FRAME + FLOOR PLATE,REAR FRAME & FLOOR PLATE,5432.105904,5432.11,0.0,PASS,,,
4.9_+_UP_FREEZER_BODY_2~L6.5~W2.6~H2.56~as_sheet, 4.9 & UP FREEZER BODY (2,21,FREEZER LARGE,as_sheet,6.5,2.6,2.56,SPRAY PAINTING,SPRAY PAINTING,750.0,750.0,0.0,PASS,,,
4.9_+_UP_FREEZER_BODY_2~L6.5~W2.6~H2.56~as_sheet, 4.9 & UP FREEZER BODY (2,21,FREEZER LARGE,as_sheet,6.5,2.6,2.56,REFLEXITE TAPE,REFLEXITE TAPE,283.5,283.5,0.0,PASS,,,
4.9_+_UP_FREEZER_BODY_2~L6.5~W2.6~H2.56~all_eps, 4.9 & UP FREEZER BODY (2,21,FREEZER LARGE,all_eps,6.5,2.6,2.56,FRONT,FRONT,4043.588126,4051.64,,UNVERIFIABLE,EXCEL_NO_PRICE:EPS,,
4.9_+_UP_FREEZER_BODY_2~L6.5~W2.6~H2.56~all_eps, 4.9 & UP FREEZER BODY (2,21,FREEZER LARGE,all_eps,6.5,2.6,2.56,SRD,,0.0,,,SKIP,,,
4.9_+_UP_FREEZER_BODY_2~L6.5~W2.6~H2.56~all_eps, 4.9 & UP FREEZER BODY (2,21,FREEZER LARGE,all_eps,6.5,2.6,2.56,SRD DOOR FITTINGS,,0.0,,,SKIP,,,
4.9_+_UP_FREEZER_BODY_2~L6.5~W2.6~H2.56~all_eps, 4.9 & UP FREEZER BODY (2,21,FREEZER LARGE,all_eps,6.5,2.6,2.56,DRD,DRD,4807.917059,4807.85,,UNVERIFIABLE,EXCEL_NO_PRICE:EPS,,
4.9_+_UP_FREEZER_BODY_2~L6.5~W2.6~H2.56~all_eps, 4.9 & UP FREEZER BODY (2,21,FREEZER LARGE,all_eps,6.5,2.6,2.56,DRD DOOR FITTINGS,DRD DOOR FITTINGS,6394.50624,6394.51,0.0,PASS,,,
4.9_+_UP_FREEZER_BODY_2~L6.5~W2.6~H2.56~all_eps, 4.9 & UP FREEZER BODY (2,21,FREEZER LARGE,all_eps,6.5,2.6,2.56,SIDES,SIDES,20362.27879,20361.95,,UNVERIFIABLE,EXCEL_NO_PRICE:EPS,,
4.9_+_UP_FREEZER_BODY_2~L6.5~W2.6~H2.56~all_eps, 4.9 & UP FREEZER BODY (2,21,FREEZER LARGE,all_eps,6.5,2.6,2.56,ROOF,ROOF,12858.240043,12858.12,0.001,PASS,,,
4.9_+_UP_FREEZER_BODY_2~L6.5~W2.6~H2.56~all_eps, 4.9 & UP FREEZER BODY (2,21,FREEZER LARGE,all_eps,6.5,2.6,2.56,FLOOR,FLOOR,26971.804031,26972.04,0.001,PASS,,,
4.9_+_UP_FREEZER_BODY_2~L6.5~W2.6~H2.56~all_eps, 4.9 & UP FREEZER BODY (2,21,FREEZER LARGE,all_eps,6.5,2.6,2.56,ALUMINIUM,ALUMINIUM,10686.038,10686.04,0.0,PASS,,,
4.9_+_UP_FREEZER_BODY_2~L6.5~W2.6~H2.56~all_eps, 4.9 & UP FREEZER BODY (2,21,FREEZER LARGE,all_eps,6.5,2.6,2.56,SUB FRAME + LIGHT BOX ASSY,SUB FRAME + LIGHT BOX ASSY,9094.304025,9094.33,0.0,PASS,,,
4.9_+_UP_FREEZER_BODY_2~L6.5~W2.6~H2.56~all_eps, 4.9 & UP FREEZER BODY (2,21,FREEZER LARGE,all_eps,6.5,2.6,2.56,REAR FRAME + FLOOR PLATE,REAR FRAME & FLOOR PLATE,5432.105904,5432.11,0.0,PASS,,,
4.9_+_UP_FREEZER_BODY_2~L6.5~W2.6~H2.56~all_eps, 4.9 & UP FREEZER BODY (2,21,FREEZER LARGE,all_eps,6.5,2.6,2.56,SPRAY PAINTING,SPRAY PAINTING,750.0,750.0,0.0,PASS,,,
4.9_+_UP_FREEZER_BODY_2~L6.5~W2.6~H2.56~all_eps, 4.9 & UP FREEZER BODY (2,21,FREEZER LARGE,all_eps,6.5,2.6,2.56,REFLEXITE TAPE,REFLEXITE TAPE,283.5,283.5,0.0,PASS,,,
4.9_+_UP_FREEZER_BODY_2~L6.5~W2.6~H2.56~all_pu, 4.9 & UP FREEZER BODY (2,21,FREEZER LARGE,all_pu,6.5,2.6,2.56,FRONT,FRONT,5588.153405,5594.5,0.114,PASS,,,
4.9_+_UP_FREEZER_BODY_2~L6.5~W2.6~H2.56~all_pu, 4.9 & UP FREEZER BODY (2,21,FREEZER LARGE,all_pu,6.5,2.6,2.56,SRD,,0.0,,,SKIP,,,
4.9_+_UP_FREEZER_BODY_2~L6.5~W2.6~H2.56~all_pu, 4.9 & UP FREEZER BODY (2,21,FREEZER LARGE,all_pu,6.5,2.6,2.56,SRD DOOR FITTINGS,,0.0,,,SKIP,,,
4.9_+_UP_FREEZER_BODY_2~L6.5~W2.6~H2.56~all_pu, 4.9 & UP FREEZER BODY (2,21,FREEZER LARGE,all_pu,6.5,2.6,2.56,DRD,DRD,6352.841946,6350.99,0.029,PASS,,,
4.9_+_UP_FREEZER_BODY_2~L6.5~W2.6~H2.56~all_pu, 4.9 & UP FREEZER BODY (2,21,FREEZER LARGE,all_pu,6.5,2.6,2.56,DRD DOOR FITTINGS,DRD DOOR FITTINGS,6438.75928,6438.76,0.0,PASS,,,
4.9_+_UP_FREEZER_BODY_2~L6.5~W2.6~H2.56~all_pu, 4.9 & UP FREEZER BODY (2,21,FREEZER LARGE,all_pu,6.5,2.6,2.56,SIDES,SIDES,28623.045555,28613.13,0.035,PASS,,,
4.9_+_UP_FREEZER_BODY_2~L6.5~W2.6~H2.56~all_pu, 4.9 & UP FREEZER BODY (2,21,FREEZER LARGE,all_pu,6.5,2.6,2.56,ROOF,ROOF,15828.178672,15820.08,0.051,PASS,,,
4.9_+_UP_FREEZER_BODY_2~L6.5~W2.6~H2.56~all_pu, 4.9 & UP FREEZER BODY (2,21,FREEZER LARGE,all_pu,6.5,2.6,2.56,FLOOR,FLOOR,29941.74266,29934.0,0.026,PASS,,,
4.9_+_UP_FREEZER_BODY_2~L6.5~W2.6~H2.56~all_pu, 4.9 & UP FREEZER BODY (2,21,FREEZER LARGE,all_pu,6.5,2.6,2.56,ALUMINIUM,ALUMINIUM,10686.038,10686.04,0.0,PASS,,,
4.9_+_UP_FREEZER_BODY_2~L6.5~W2.6~H2.56~all_pu, 4.9 & UP FREEZER BODY (2,21,FREEZER LARGE,all_pu,6.5,2.6,2.56,SUB FRAME + LIGHT BOX ASSY,SUB FRAME + LIGHT BOX ASSY,9094.304025,9094.33,0.0,PASS,,,
4.9_+_UP_FREEZER_BODY_2~L6.5~W2.6~H2.56~all_pu, 4.9 & UP FREEZER BODY (2,21,FREEZER LARGE,all_pu,6.5,2.6,2.56,REAR FRAME + FLOOR PLATE,REAR FRAME & FLOOR PLATE,5432.105904,5432.11,0.0,PASS,,,
4.9_+_UP_FREEZER_BODY_2~L6.5~W2.6~H2.56~all_pu, 4.9 & UP FREEZER BODY (2,21,FREEZER LARGE,all_pu,6.5,2.6,2.56,SPRAY PAINTING,SPRAY PAINTING,750.0,750.0,0.0,PASS,,,
4.9_+_UP_FREEZER_BODY_2~L6.5~W2.6~H2.56~all_pu, 4.9 & UP FREEZER BODY (2,21,FREEZER LARGE,all_pu,6.5,2.6,2.56,REFLEXITE TAPE,REFLEXITE TAPE,283.5,283.5,0.0,PASS,,,
4.9_+_UP_FREEZER_BODY_2~L6.5~W2.6~H2.56~srd, 4.9 & UP FREEZER BODY (2,21,FREEZER LARGE,srd,6.5,2.6,2.56,FRONT,FRONT,5588.153405,5594.5,0.114,PASS,,,
4.9_+_UP_FREEZER_BODY_2~L6.5~W2.6~H2.56~srd, 4.9 & UP FREEZER BODY (2,21,FREEZER LARGE,srd,6.5,2.6,2.56,SRD,SRD,5680.305873,5680.24,0.001,PASS,,,
4.9_+_UP_FREEZER_BODY_2~L6.5~W2.6~H2.56~srd, 4.9 & UP FREEZER BODY (2,21,FREEZER LARGE,srd,6.5,2.6,2.56,SRD DOOR FITTINGS,SRD DOOR FITTINGS,7088.08054,7048.48,0.559,PASS,,,
4.9_+_UP_FREEZER_BODY_2~L6.5~W2.6~H2.56~srd, 4.9 & UP FREEZER BODY (2,21,FREEZER LARGE,srd,6.5,2.6,2.56,DRD,,0.0,,,SKIP,,,
4.9_+_UP_FREEZER_BODY_2~L6.5~W2.6~H2.56~srd, 4.9 & UP FREEZER BODY (2,21,FREEZER LARGE,srd,6.5,2.6,2.56,DRD DOOR FITTINGS,,0.0,,,SKIP,,,
4.9_+_UP_FREEZER_BODY_2~L6.5~W2.6~H2.56~srd, 4.9 & UP FREEZER BODY (2,21,FREEZER LARGE,srd,6.5,2.6,2.56,SIDES,SIDES,28623.045555,28613.13,0.035,PASS,,,
4.9_+_UP_FREEZER_BODY_2~L6.5~W2.6~H2.56~srd, 4.9 & UP FREEZER BODY (2,21,FREEZER LARGE,srd,6.5,2.6,2.56,ROOF,ROOF,15828.178672,15820.08,0.051,PASS,,,
4.9_+_UP_FREEZER_BODY_2~L6.5~W2.6~H2.56~srd, 4.9 & UP FREEZER BODY (2,21,FREEZER LARGE,srd,6.5,2.6,2.56,FLOOR,FLOOR,29941.74266,29934.0,0.026,PASS,,,
4.9_+_UP_FREEZER_BODY_2~L6.5~W2.6~H2.56~srd, 4.9 & UP FREEZER BODY (2,21,FREEZER LARGE,srd,6.5,2.6,2.56,ALUMINIUM,ALUMINIUM,10686.038,10686.04,0.0,PASS,,,
4.9_+_UP_FREEZER_BODY_2~L6.5~W2.6~H2.56~srd, 4.9 & UP FREEZER BODY (2,21,FREEZER LARGE,srd,6.5,2.6,2.56,SUB FRAME + LIGHT BOX ASSY,SUB FRAME + LIGHT BOX ASSY,9094.304025,9094.33,0.0,PASS,,,
4.9_+_UP_FREEZER_BODY_2~L6.5~W2.6~H2.56~srd, 4.9 & UP FREEZER BODY (2,21,FREEZER LARGE,srd,6.5,2.6,2.56,REAR FRAME + FLOOR PLATE,REAR FRAME & FLOOR PLATE,0.0,5432.11,,ACCEPTED,EXTRA_IN_MES,,"[RULING] Burt gates REAR FRAME + FLOOR PLATE on the DRD flags, so a single-rear-door body carries R0 there; MES always includes the section (R2.4k-R5.5k). Which is right needs Burt/Michael."
4.9_+_UP_FREEZER_BODY_2~L6.5~W2.6~H2.56~srd, 4.9 & UP FREEZER BODY (2,21,FREEZER LARGE,srd,6.5,2.6,2.56,SPRAY PAINTING,SPRAY PAINTING,750.0,750.0,0.0,PASS,,,
4.9_+_UP_FREEZER_BODY_2~L6.5~W2.6~H2.56~srd, 4.9 & UP FREEZER BODY (2,21,FREEZER LARGE,srd,6.5,2.6,2.56,REFLEXITE TAPE,REFLEXITE TAPE,283.5,283.5,0.0,PASS,,,
4.9_+_UP_FREEZER_BODY_2~L6.5~W2.6~H2.56~drd, 4.9 & UP FREEZER BODY (2,21,FREEZER LARGE,drd,6.5,2.6,2.56,FRONT,FRONT,5588.153405,5594.5,0.114,PASS,,,
4.9_+_UP_FREEZER_BODY_2~L6.5~W2.6~H2.56~drd, 4.9 & UP FREEZER BODY (2,21,FREEZER LARGE,drd,6.5,2.6,2.56,SRD,,0.0,,,SKIP,,,
4.9_+_UP_FREEZER_BODY_2~L6.5~W2.6~H2.56~drd, 4.9 & UP FREEZER BODY (2,21,FREEZER LARGE,drd,6.5,2.6,2.56,SRD DOOR FITTINGS,,0.0,,,SKIP,,,
4.9_+_UP_FREEZER_BODY_2~L6.5~W2.6~H2.56~drd, 4.9 & UP FREEZER BODY (2,21,FREEZER LARGE,drd,6.5,2.6,2.56,DRD,DRD,6352.841946,6350.99,0.029,PASS,,,
4.9_+_UP_FREEZER_BODY_2~L6.5~W2.6~H2.56~drd, 4.9 & UP FREEZER BODY (2,21,FREEZER LARGE,drd,6.5,2.6,2.56,DRD DOOR FITTINGS,DRD DOOR FITTINGS,6438.75928,6438.76,0.0,PASS,,,
4.9_+_UP_FREEZER_BODY_2~L6.5~W2.6~H2.56~drd, 4.9 & UP FREEZER BODY (2,21,FREEZER LARGE,drd,6.5,2.6,2.56,SIDES,SIDES,28623.045555,28613.13,0.035,PASS,,,
4.9_+_UP_FREEZER_BODY_2~L6.5~W2.6~H2.56~drd, 4.9 & UP FREEZER BODY (2,21,FREEZER LARGE,drd,6.5,2.6,2.56,ROOF,ROOF,15828.178672,15820.08,0.051,PASS,,,
4.9_+_UP_FREEZER_BODY_2~L6.5~W2.6~H2.56~drd, 4.9 & UP FREEZER BODY (2,21,FREEZER LARGE,drd,6.5,2.6,2.56,FLOOR,FLOOR,29941.74266,29934.0,0.026,PASS,,,
4.9_+_UP_FREEZER_BODY_2~L6.5~W2.6~H2.56~drd, 4.9 & UP FREEZER BODY (2,21,FREEZER LARGE,drd,6.5,2.6,2.56,ALUMINIUM,ALUMINIUM,10686.038,10686.04,0.0,PASS,,,
4.9_+_UP_FREEZER_BODY_2~L6.5~W2.6~H2.56~drd, 4.9 & UP FREEZER BODY (2,21,FREEZER LARGE,drd,6.5,2.6,2.56,SUB FRAME + LIGHT BOX ASSY,SUB FRAME + LIGHT BOX ASSY,9094.304025,9094.33,0.0,PASS,,,
4.9_+_UP_FREEZER_BODY_2~L6.5~W2.6~H2.56~drd, 4.9 & UP FREEZER BODY (2,21,FREEZER LARGE,drd,6.5,2.6,2.56,REAR FRAME + FLOOR PLATE,REAR FRAME & FLOOR PLATE,5432.105904,5432.11,0.0,PASS,,,
4.9_+_UP_FREEZER_BODY_2~L6.5~W2.6~H2.56~drd, 4.9 & UP FREEZER BODY (2,21,FREEZER LARGE,drd,6.5,2.6,2.56,SPRAY PAINTING,SPRAY PAINTING,750.0,750.0,0.0,PASS,,,
4.9_+_UP_FREEZER_BODY_2~L6.5~W2.6~H2.56~drd, 4.9 & UP FREEZER BODY (2,21,FREEZER LARGE,drd,6.5,2.6,2.56,REFLEXITE TAPE,REFLEXITE TAPE,283.5,283.5,0.0,PASS,,,
4.9_+_UP_FREEZER_BODY_2~L6.5~W2.6~H2.56~foam_4g, 4.9 & UP FREEZER BODY (2,21,FREEZER LARGE,foam_4g,6.5,2.6,2.56,FRONT,FRONT,6052.035541,6057.82,0.096,PASS,,,
4.9_+_UP_FREEZER_BODY_2~L6.5~W2.6~H2.56~foam_4g, 4.9 & UP FREEZER BODY (2,21,FREEZER LARGE,foam_4g,6.5,2.6,2.56,SRD,,0.0,,,SKIP,,,
4.9_+_UP_FREEZER_BODY_2~L6.5~W2.6~H2.56~foam_4g, 4.9 & UP FREEZER BODY (2,21,FREEZER LARGE,foam_4g,6.5,2.6,2.56,SRD DOOR FITTINGS,,0.0,,,SKIP,,,
4.9_+_UP_FREEZER_BODY_2~L6.5~W2.6~H2.56~foam_4g, 4.9 & UP FREEZER BODY (2,21,FREEZER LARGE,foam_4g,6.5,2.6,2.56,DRD,DRD,6816.724082,6814.31,0.035,PASS,,,
4.9_+_UP_FREEZER_BODY_2~L6.5~W2.6~H2.56~foam_4g, 4.9 & UP FREEZER BODY (2,21,FREEZER LARGE,foam_4g,6.5,2.6,2.56,DRD DOOR FITTINGS,DRD DOOR FITTINGS,6438.75928,6438.76,0.0,PASS,,,
4.9_+_UP_FREEZER_BODY_2~L6.5~W2.6~H2.56~foam_4g, 4.9 & UP FREEZER BODY (2,21,FREEZER LARGE,foam_4g,6.5,2.6,2.56,SIDES,SIDES,31113.560302,31100.61,0.042,PASS,,,
4.9_+_UP_FREEZER_BODY_2~L6.5~W2.6~H2.56~foam_4g, 4.9 & UP FREEZER BODY (2,21,FREEZER LARGE,foam_4g,6.5,2.6,2.56,ROOF,ROOF,17903.607628,17892.98,0.059,PASS,,,
4.9_+_UP_FREEZER_BODY_2~L6.5~W2.6~H2.56~foam_4g, 4.9 & UP FREEZER BODY (2,21,FREEZER LARGE,foam_4g,6.5,2.6,2.56,FLOOR,FLOOR,32017.171616,32006.89,0.032,PASS,,,
4.9_+_UP_FREEZER_BODY_2~L6.5~W2.6~H2.56~foam_4g, 4.9 & UP FREEZER BODY (2,21,FREEZER LARGE,foam_4g,6.5,2.6,2.56,ALUMINIUM,ALUMINIUM,10686.038,10686.04,0.0,PASS,,,
4.9_+_UP_FREEZER_BODY_2~L6.5~W2.6~H2.56~foam_4g, 4.9 & UP FREEZER BODY (2,21,FREEZER LARGE,foam_4g,6.5,2.6,2.56,SUB FRAME + LIGHT BOX ASSY,SUB FRAME + LIGHT BOX ASSY,9094.304025,9094.33,0.0,PASS,,,
4.9_+_UP_FREEZER_BODY_2~L6.5~W2.6~H2.56~foam_4g, 4.9 & UP FREEZER BODY (2,21,FREEZER LARGE,foam_4g,6.5,2.6,2.56,REAR FRAME + FLOOR PLATE,REAR FRAME & FLOOR PLATE,5432.105904,5432.11,0.0,PASS,,,
4.9_+_UP_FREEZER_BODY_2~L6.5~W2.6~H2.56~foam_4g, 4.9 & UP FREEZER BODY (2,21,FREEZER LARGE,foam_4g,6.5,2.6,2.56,SPRAY PAINTING,SPRAY PAINTING,750.0,750.0,0.0,PASS,,,
4.9_+_UP_FREEZER_BODY_2~L6.5~W2.6~H2.56~foam_4g, 4.9 & UP FREEZER BODY (2,21,FREEZER LARGE,foam_4g,6.5,2.6,2.56,REFLEXITE TAPE,REFLEXITE TAPE,283.5,283.5,0.0,PASS,,,
4.9_+_UP_FREEZER_BODY_2~L8.2~W2.6~H2.56~as_sheet, 4.9 & UP FREEZER BODY (2,21,FREEZER LARGE,as_sheet,8.2,2.6,2.56,FRONT,FRONT,5588.153405,5594.5,0.114,PASS,,,
4.9_+_UP_FREEZER_BODY_2~L8.2~W2.6~H2.56~as_sheet, 4.9 & UP FREEZER BODY (2,21,FREEZER LARGE,as_sheet,8.2,2.6,2.56,SRD,,0.0,,,SKIP,,,
4.9_+_UP_FREEZER_BODY_2~L8.2~W2.6~H2.56~as_sheet, 4.9 & UP FREEZER BODY (2,21,FREEZER LARGE,as_sheet,8.2,2.6,2.56,SRD DOOR FITTINGS,,0.0,,,SKIP,,,
4.9_+_UP_FREEZER_BODY_2~L8.2~W2.6~H2.56~as_sheet, 4.9 & UP FREEZER BODY (2,21,FREEZER LARGE,as_sheet,8.2,2.6,2.56,DRD,DRD,6352.841946,6350.99,0.029,PASS,,,
4.9_+_UP_FREEZER_BODY_2~L8.2~W2.6~H2.56~as_sheet, 4.9 & UP FREEZER BODY (2,21,FREEZER LARGE,as_sheet,8.2,2.6,2.56,DRD DOOR FITTINGS,DRD DOOR FITTINGS,6438.75928,6438.76,0.0,PASS,,,
4.9_+_UP_FREEZER_BODY_2~L8.2~W2.6~H2.56~as_sheet, 4.9 & UP FREEZER BODY (2,21,FREEZER LARGE,as_sheet,8.2,2.6,2.56,SIDES,SIDES,35953.793562,35941.31,0.035,PASS,,,
4.9_+_UP_FREEZER_BODY_2~L8.2~W2.6~H2.56~as_sheet, 4.9 & UP FREEZER BODY (2,21,FREEZER LARGE,as_sheet,8.2,2.6,2.56,ROOF,ROOF,19899.147084,19888.95,0.051,PASS,,,
4.9_+_UP_FREEZER_BODY_2~L8.2~W2.6~H2.56~as_sheet, 4.9 & UP FREEZER BODY (2,21,FREEZER LARGE,as_sheet,8.2,2.6,2.56,FLOOR,FLOOR,37642.592617,37632.83,0.026,PASS,,,
4.9_+_UP_FREEZER_BODY_2~L8.2~W2.6~H2.56~as_sheet, 4.9 & UP FREEZER BODY (2,21,FREEZER LARGE,as_sheet,8.2,2.6,2.56,ALUMINIUM,ALUMINIUM,12802.708,12802.71,0.0,PASS,,,
4.9_+_UP_FREEZER_BODY_2~L8.2~W2.6~H2.56~as_sheet, 4.9 & UP FREEZER BODY (2,21,FREEZER LARGE,as_sheet,8.2,2.6,2.56,SUB FRAME + LIGHT BOX ASSY,SUB FRAME + LIGHT BOX ASSY,9920.504025,9920.53,0.0,PASS,,,
4.9_+_UP_FREEZER_BODY_2~L8.2~W2.6~H2.56~as_sheet, 4.9 & UP FREEZER BODY (2,21,FREEZER LARGE,as_sheet,8.2,2.6,2.56,REAR FRAME + FLOOR PLATE,REAR FRAME & FLOOR PLATE,5432.105904,5432.11,0.0,PASS,,,
4.9_+_UP_FREEZER_BODY_2~L8.2~W2.6~H2.56~as_sheet, 4.9 & UP FREEZER BODY (2,21,FREEZER LARGE,as_sheet,8.2,2.6,2.56,SPRAY PAINTING,SPRAY PAINTING,750.0,750.0,0.0,PASS,,,
4.9_+_UP_FREEZER_BODY_2~L8.2~W2.6~H2.56~as_sheet, 4.9 & UP FREEZER BODY (2,21,FREEZER LARGE,as_sheet,8.2,2.6,2.56,REFLEXITE TAPE,REFLEXITE TAPE,344.7,344.7,0.0,PASS,,,
4.9_+_UP_FREEZER_BODY_2~L8.2~W2.6~H2.56~all_eps, 4.9 & UP FREEZER BODY (2,21,FREEZER LARGE,all_eps,8.2,2.6,2.56,FRONT,FRONT,4043.588126,4051.64,,UNVERIFIABLE,EXCEL_NO_PRICE:EPS,,
4.9_+_UP_FREEZER_BODY_2~L8.2~W2.6~H2.56~all_eps, 4.9 & UP FREEZER BODY (2,21,FREEZER LARGE,all_eps,8.2,2.6,2.56,SRD,,0.0,,,SKIP,,,
4.9_+_UP_FREEZER_BODY_2~L8.2~W2.6~H2.56~all_eps, 4.9 & UP FREEZER BODY (2,21,FREEZER LARGE,all_eps,8.2,2.6,2.56,SRD DOOR FITTINGS,,0.0,,,SKIP,,,
4.9_+_UP_FREEZER_BODY_2~L8.2~W2.6~H2.56~all_eps, 4.9 & UP FREEZER BODY (2,21,FREEZER LARGE,all_eps,8.2,2.6,2.56,DRD,DRD,4807.917059,4807.85,,UNVERIFIABLE,EXCEL_NO_PRICE:EPS,,
4.9_+_UP_FREEZER_BODY_2~L8.2~W2.6~H2.56~all_eps, 4.9 & UP FREEZER BODY (2,21,FREEZER LARGE,all_eps,8.2,2.6,2.56,DRD DOOR FITTINGS,DRD DOOR FITTINGS,6394.50624,6394.51,0.0,PASS,,,
4.9_+_UP_FREEZER_BODY_2~L8.2~W2.6~H2.56~all_eps, 4.9 & UP FREEZER BODY (2,21,FREEZER LARGE,all_eps,8.2,2.6,2.56,SIDES,SIDES,25550.017445,25549.61,,UNVERIFIABLE,EXCEL_NO_PRICE:EPS,,
4.9_+_UP_FREEZER_BODY_2~L8.2~W2.6~H2.56~all_eps, 4.9 & UP FREEZER BODY (2,21,FREEZER LARGE,all_eps,8.2,2.6,2.56,ROOF,ROOF,16158.384688,16158.24,0.001,PASS,,,
4.9_+_UP_FREEZER_BODY_2~L8.2~W2.6~H2.56~all_eps, 4.9 & UP FREEZER BODY (2,21,FREEZER LARGE,all_eps,8.2,2.6,2.56,FLOOR,FLOOR,33901.830222,33902.12,0.001,PASS,,,
4.9_+_UP_FREEZER_BODY_2~L8.2~W2.6~H2.56~all_eps, 4.9 & UP FREEZER BODY (2,21,FREEZER LARGE,all_eps,8.2,2.6,2.56,ALUMINIUM,ALUMINIUM,12802.708,12802.71,0.0,PASS,,,
4.9_+_UP_FREEZER_BODY_2~L8.2~W2.6~H2.56~all_eps, 4.9 & UP FREEZER BODY (2,21,FREEZER LARGE,all_eps,8.2,2.6,2.56,SUB FRAME + LIGHT BOX ASSY,SUB FRAME + LIGHT BOX ASSY,9920.504025,9920.53,0.0,PASS,,,
4.9_+_UP_FREEZER_BODY_2~L8.2~W2.6~H2.56~all_eps, 4.9 & UP FREEZER BODY (2,21,FREEZER LARGE,all_eps,8.2,2.6,2.56,REAR FRAME + FLOOR PLATE,REAR FRAME & FLOOR PLATE,5432.105904,5432.11,0.0,PASS,,,
4.9_+_UP_FREEZER_BODY_2~L8.2~W2.6~H2.56~all_eps, 4.9 & UP FREEZER BODY (2,21,FREEZER LARGE,all_eps,8.2,2.6,2.56,SPRAY PAINTING,SPRAY PAINTING,750.0,750.0,0.0,PASS,,,
4.9_+_UP_FREEZER_BODY_2~L8.2~W2.6~H2.56~all_eps, 4.9 & UP FREEZER BODY (2,21,FREEZER LARGE,all_eps,8.2,2.6,2.56,REFLEXITE TAPE,REFLEXITE TAPE,344.7,344.7,0.0,PASS,,,
4.9_+_UP_FREEZER_BODY_2~L8.2~W2.6~H2.56~all_pu, 4.9 & UP FREEZER BODY (2,21,FREEZER LARGE,all_pu,8.2,2.6,2.56,FRONT,FRONT,5588.153405,5594.5,0.114,PASS,,,
4.9_+_UP_FREEZER_BODY_2~L8.2~W2.6~H2.56~all_pu, 4.9 & UP FREEZER BODY (2,21,FREEZER LARGE,all_pu,8.2,2.6,2.56,SRD,,0.0,,,SKIP,,,
4.9_+_UP_FREEZER_BODY_2~L8.2~W2.6~H2.56~all_pu, 4.9 & UP FREEZER BODY (2,21,FREEZER LARGE,all_pu,8.2,2.6,2.56,SRD DOOR FITTINGS,,0.0,,,SKIP,,,
4.9_+_UP_FREEZER_BODY_2~L8.2~W2.6~H2.56~all_pu, 4.9 & UP FREEZER BODY (2,21,FREEZER LARGE,all_pu,8.2,2.6,2.56,DRD,DRD,6352.841946,6350.99,0.029,PASS,,,
4.9_+_UP_FREEZER_BODY_2~L8.2~W2.6~H2.56~all_pu, 4.9 & UP FREEZER BODY (2,21,FREEZER LARGE,all_pu,8.2,2.6,2.56,DRD DOOR FITTINGS,DRD DOOR FITTINGS,6438.75928,6438.76,0.0,PASS,,,
4.9_+_UP_FREEZER_BODY_2~L8.2~W2.6~H2.56~all_pu, 4.9 & UP FREEZER BODY (2,21,FREEZER LARGE,all_pu,8.2,2.6,2.56,SIDES,SIDES,35953.793562,35941.31,0.035,PASS,,,
4.9_+_UP_FREEZER_BODY_2~L8.2~W2.6~H2.56~all_pu, 4.9 & UP FREEZER BODY (2,21,FREEZER LARGE,all_pu,8.2,2.6,2.56,ROOF,ROOF,19899.147084,19888.95,0.051,PASS,,,
4.9_+_UP_FREEZER_BODY_2~L8.2~W2.6~H2.56~all_pu, 4.9 & UP FREEZER BODY (2,21,FREEZER LARGE,all_pu,8.2,2.6,2.56,FLOOR,FLOOR,37642.592617,37632.83,0.026,PASS,,,
4.9_+_UP_FREEZER_BODY_2~L8.2~W2.6~H2.56~all_pu, 4.9 & UP FREEZER BODY (2,21,FREEZER LARGE,all_pu,8.2,2.6,2.56,ALUMINIUM,ALUMINIUM,12802.708,12802.71,0.0,PASS,,,
4.9_+_UP_FREEZER_BODY_2~L8.2~W2.6~H2.56~all_pu, 4.9 & UP FREEZER BODY (2,21,FREEZER LARGE,all_pu,8.2,2.6,2.56,SUB FRAME + LIGHT BOX ASSY,SUB FRAME + LIGHT BOX ASSY,9920.504025,9920.53,0.0,PASS,,,
4.9_+_UP_FREEZER_BODY_2~L8.2~W2.6~H2.56~all_pu, 4.9 & UP FREEZER BODY (2,21,FREEZER LARGE,all_pu,8.2,2.6,2.56,REAR FRAME + FLOOR PLATE,REAR FRAME & FLOOR PLATE,5432.105904,5432.11,0.0,PASS,,,
4.9_+_UP_FREEZER_BODY_2~L8.2~W2.6~H2.56~all_pu, 4.9 & UP FREEZER BODY (2,21,FREEZER LARGE,all_pu,8.2,2.6,2.56,SPRAY PAINTING,SPRAY PAINTING,750.0,750.0,0.0,PASS,,,
4.9_+_UP_FREEZER_BODY_2~L8.2~W2.6~H2.56~all_pu, 4.9 & UP FREEZER BODY (2,21,FREEZER LARGE,all_pu,8.2,2.6,2.56,REFLEXITE TAPE,REFLEXITE TAPE,344.7,344.7,0.0,PASS,,,
4.9_+_UP_FREEZER_BODY_2~L8.2~W2.6~H2.56~srd, 4.9 & UP FREEZER BODY (2,21,FREEZER LARGE,srd,8.2,2.6,2.56,FRONT,FRONT,5588.153405,5594.5,0.114,PASS,,,
4.9_+_UP_FREEZER_BODY_2~L8.2~W2.6~H2.56~srd, 4.9 & UP FREEZER BODY (2,21,FREEZER LARGE,srd,8.2,2.6,2.56,SRD,SRD,5680.305873,5680.24,0.001,PASS,,,
4.9_+_UP_FREEZER_BODY_2~L8.2~W2.6~H2.56~srd, 4.9 & UP FREEZER BODY (2,21,FREEZER LARGE,srd,8.2,2.6,2.56,SRD DOOR FITTINGS,SRD DOOR FITTINGS,7088.08054,7048.48,0.559,PASS,,,
4.9_+_UP_FREEZER_BODY_2~L8.2~W2.6~H2.56~srd, 4.9 & UP FREEZER BODY (2,21,FREEZER LARGE,srd,8.2,2.6,2.56,DRD,,0.0,,,SKIP,,,
4.9_+_UP_FREEZER_BODY_2~L8.2~W2.6~H2.56~srd, 4.9 & UP FREEZER BODY (2,21,FREEZER LARGE,srd,8.2,2.6,2.56,DRD DOOR FITTINGS,,0.0,,,SKIP,,,
4.9_+_UP_FREEZER_BODY_2~L8.2~W2.6~H2.56~srd, 4.9 & UP FREEZER BODY (2,21,FREEZER LARGE,srd,8.2,2.6,2.56,SIDES,SIDES,35953.793562,35941.31,0.035,PASS,,,
4.9_+_UP_FREEZER_BODY_2~L8.2~W2.6~H2.56~srd, 4.9 & UP FREEZER BODY (2,21,FREEZER LARGE,srd,8.2,2.6,2.56,ROOF,ROOF,19899.147084,19888.95,0.051,PASS,,,
4.9_+_UP_FREEZER_BODY_2~L8.2~W2.6~H2.56~srd, 4.9 & UP FREEZER BODY (2,21,FREEZER LARGE,srd,8.2,2.6,2.56,FLOOR,FLOOR,37642.592617,37632.83,0.026,PASS,,,
4.9_+_UP_FREEZER_BODY_2~L8.2~W2.6~H2.56~srd, 4.9 & UP FREEZER BODY (2,21,FREEZER LARGE,srd,8.2,2.6,2.56,ALUMINIUM,ALUMINIUM,12802.708,12802.71,0.0,PASS,,,
4.9_+_UP_FREEZER_BODY_2~L8.2~W2.6~H2.56~srd, 4.9 & UP FREEZER BODY (2,21,FREEZER LARGE,srd,8.2,2.6,2.56,SUB FRAME + LIGHT BOX ASSY,SUB FRAME + LIGHT BOX ASSY,9920.504025,9920.53,0.0,PASS,,,
4.9_+_UP_FREEZER_BODY_2~L8.2~W2.6~H2.56~srd, 4.9 & UP FREEZER BODY (2,21,FREEZER LARGE,srd,8.2,2.6,2.56,REAR FRAME + FLOOR PLATE,REAR FRAME & FLOOR PLATE,0.0,5432.11,,ACCEPTED,EXTRA_IN_MES,,"[RULING] Burt gates REAR FRAME + FLOOR PLATE on the DRD flags, so a single-rear-door body carries R0 there; MES always includes the section (R2.4k-R5.5k). Which is right needs Burt/Michael."
4.9_+_UP_FREEZER_BODY_2~L8.2~W2.6~H2.56~srd, 4.9 & UP FREEZER BODY (2,21,FREEZER LARGE,srd,8.2,2.6,2.56,SPRAY PAINTING,SPRAY PAINTING,750.0,750.0,0.0,PASS,,,
4.9_+_UP_FREEZER_BODY_2~L8.2~W2.6~H2.56~srd, 4.9 & UP FREEZER BODY (2,21,FREEZER LARGE,srd,8.2,2.6,2.56,REFLEXITE TAPE,REFLEXITE TAPE,344.7,344.7,0.0,PASS,,,
4.9_+_UP_FREEZER_BODY_2~L8.2~W2.6~H2.56~drd, 4.9 & UP FREEZER BODY (2,21,FREEZER LARGE,drd,8.2,2.6,2.56,FRONT,FRONT,5588.153405,5594.5,0.114,PASS,,,
4.9_+_UP_FREEZER_BODY_2~L8.2~W2.6~H2.56~drd, 4.9 & UP FREEZER BODY (2,21,FREEZER LARGE,drd,8.2,2.6,2.56,SRD,,0.0,,,SKIP,,,
4.9_+_UP_FREEZER_BODY_2~L8.2~W2.6~H2.56~drd, 4.9 & UP FREEZER BODY (2,21,FREEZER LARGE,drd,8.2,2.6,2.56,SRD DOOR FITTINGS,,0.0,,,SKIP,,,
4.9_+_UP_FREEZER_BODY_2~L8.2~W2.6~H2.56~drd, 4.9 & UP FREEZER BODY (2,21,FREEZER LARGE,drd,8.2,2.6,2.56,DRD,DRD,6352.841946,6350.99,0.029,PASS,,,
4.9_+_UP_FREEZER_BODY_2~L8.2~W2.6~H2.56~drd, 4.9 & UP FREEZER BODY (2,21,FREEZER LARGE,drd,8.2,2.6,2.56,DRD DOOR FITTINGS,DRD DOOR FITTINGS,6438.75928,6438.76,0.0,PASS,,,
4.9_+_UP_FREEZER_BODY_2~L8.2~W2.6~H2.56~drd, 4.9 & UP FREEZER BODY (2,21,FREEZER LARGE,drd,8.2,2.6,2.56,SIDES,SIDES,35953.793562,35941.31,0.035,PASS,,,
4.9_+_UP_FREEZER_BODY_2~L8.2~W2.6~H2.56~drd, 4.9 & UP FREEZER BODY (2,21,FREEZER LARGE,drd,8.2,2.6,2.56,ROOF,ROOF,19899.147084,19888.95,0.051,PASS,,,
4.9_+_UP_FREEZER_BODY_2~L8.2~W2.6~H2.56~drd, 4.9 & UP FREEZER BODY (2,21,FREEZER LARGE,drd,8.2,2.6,2.56,FLOOR,FLOOR,37642.592617,37632.83,0.026,PASS,,,
4.9_+_UP_FREEZER_BODY_2~L8.2~W2.6~H2.56~drd, 4.9 & UP FREEZER BODY (2,21,FREEZER LARGE,drd,8.2,2.6,2.56,ALUMINIUM,ALUMINIUM,12802.708,12802.71,0.0,PASS,,,
4.9_+_UP_FREEZER_BODY_2~L8.2~W2.6~H2.56~drd, 4.9 & UP FREEZER BODY (2,21,FREEZER LARGE,drd,8.2,2.6,2.56,SUB FRAME + LIGHT BOX ASSY,SUB FRAME + LIGHT BOX ASSY,9920.504025,9920.53,0.0,PASS,,,
4.9_+_UP_FREEZER_BODY_2~L8.2~W2.6~H2.56~drd, 4.9 & UP FREEZER BODY (2,21,FREEZER LARGE,drd,8.2,2.6,2.56,REAR FRAME + FLOOR PLATE,REAR FRAME & FLOOR PLATE,5432.105904,5432.11,0.0,PASS,,,
4.9_+_UP_FREEZER_BODY_2~L8.2~W2.6~H2.56~drd, 4.9 & UP FREEZER BODY (2,21,FREEZER LARGE,drd,8.2,2.6,2.56,SPRAY PAINTING,SPRAY PAINTING,750.0,750.0,0.0,PASS,,,
4.9_+_UP_FREEZER_BODY_2~L8.2~W2.6~H2.56~drd, 4.9 & UP FREEZER BODY (2,21,FREEZER LARGE,drd,8.2,2.6,2.56,REFLEXITE TAPE,REFLEXITE TAPE,344.7,344.7,0.0,PASS,,,
4.9_+_UP_FREEZER_BODY_2~L8.2~W2.6~H2.56~foam_4g, 4.9 & UP FREEZER BODY (2,21,FREEZER LARGE,foam_4g,8.2,2.6,2.56,FRONT,FRONT,6052.035541,6057.82,0.096,PASS,,,
4.9_+_UP_FREEZER_BODY_2~L8.2~W2.6~H2.56~foam_4g, 4.9 & UP FREEZER BODY (2,21,FREEZER LARGE,foam_4g,8.2,2.6,2.56,SRD,,0.0,,,SKIP,,,
4.9_+_UP_FREEZER_BODY_2~L8.2~W2.6~H2.56~foam_4g, 4.9 & UP FREEZER BODY (2,21,FREEZER LARGE,foam_4g,8.2,2.6,2.56,SRD DOOR FITTINGS,,0.0,,,SKIP,,,
4.9_+_UP_FREEZER_BODY_2~L8.2~W2.6~H2.56~foam_4g, 4.9 & UP FREEZER BODY (2,21,FREEZER LARGE,foam_4g,8.2,2.6,2.56,DRD,DRD,6816.724082,6814.31,0.035,PASS,,,
4.9_+_UP_FREEZER_BODY_2~L8.2~W2.6~H2.56~foam_4g, 4.9 & UP FREEZER BODY (2,21,FREEZER LARGE,foam_4g,8.2,2.6,2.56,DRD DOOR FITTINGS,DRD DOOR FITTINGS,6438.75928,6438.76,0.0,PASS,,,
4.9_+_UP_FREEZER_BODY_2~L8.2~W2.6~H2.56~foam_4g, 4.9 & UP FREEZER BODY (2,21,FREEZER LARGE,foam_4g,8.2,2.6,2.56,SIDES,SIDES,39090.70145,39074.39,0.042,PASS,,,
4.9_+_UP_FREEZER_BODY_2~L8.2~W2.6~H2.56~foam_4g, 4.9 & UP FREEZER BODY (2,21,FREEZER LARGE,foam_4g,8.2,2.6,2.56,ROOF,ROOF,22513.23699,22499.85,0.059,PASS,,,
4.9_+_UP_FREEZER_BODY_2~L8.2~W2.6~H2.56~foam_4g, 4.9 & UP FREEZER BODY (2,21,FREEZER LARGE,foam_4g,8.2,2.6,2.56,FLOOR,FLOOR,40256.682524,40243.73,0.032,PASS,,,
4.9_+_UP_FREEZER_BODY_2~L8.2~W2.6~H2.56~foam_4g, 4.9 & UP FREEZER BODY (2,21,FREEZER LARGE,foam_4g,8.2,2.6,2.56,ALUMINIUM,ALUMINIUM,12802.708,12802.71,0.0,PASS,,,
4.9_+_UP_FREEZER_BODY_2~L8.2~W2.6~H2.56~foam_4g, 4.9 & UP FREEZER BODY (2,21,FREEZER LARGE,foam_4g,8.2,2.6,2.56,SUB FRAME + LIGHT BOX ASSY,SUB FRAME + LIGHT BOX ASSY,9920.504025,9920.53,0.0,PASS,,,
4.9_+_UP_FREEZER_BODY_2~L8.2~W2.6~H2.56~foam_4g, 4.9 & UP FREEZER BODY (2,21,FREEZER LARGE,foam_4g,8.2,2.6,2.56,REAR FRAME + FLOOR PLATE,REAR FRAME & FLOOR PLATE,5432.105904,5432.11,0.0,PASS,,,
4.9_+_UP_FREEZER_BODY_2~L8.2~W2.6~H2.56~foam_4g, 4.9 & UP FREEZER BODY (2,21,FREEZER LARGE,foam_4g,8.2,2.6,2.56,SPRAY PAINTING,SPRAY PAINTING,750.0,750.0,0.0,PASS,,,
4.9_+_UP_FREEZER_BODY_2~L8.2~W2.6~H2.56~foam_4g, 4.9 & UP FREEZER BODY (2,21,FREEZER LARGE,foam_4g,8.2,2.6,2.56,REFLEXITE TAPE,REFLEXITE TAPE,344.7,344.7,0.0,PASS,,,
