scenario_id,sheet,trailer_id,trailer_name,variant,length,width,height,section_excel,section_mes,excel_total,mes_total,variance_pct,status,reason,likely_cause,accepted_reason
UP_TO_2.3_CHILLER_BODY~L1.8~W1.8~H1.8~as_sheet,UP TO 2.3 CHILLER BODY,25,CHILLER 2.3 METER,as_sheet,1.8,1.8,1.8,FRONT,FRONT,2103.338848,2103.32,0.001,PASS,,,
UP_TO_2.3_CHILLER_BODY~L1.8~W1.8~H1.8~as_sheet,UP TO 2.3 CHILLER BODY,25,CHILLER 2.3 METER,as_sheet,1.8,1.8,1.8,SRD,,0.0,,,SKIP,,,
UP_TO_2.3_CHILLER_BODY~L1.8~W1.8~H1.8~as_sheet,UP TO 2.3 CHILLER BODY,25,CHILLER 2.3 METER,as_sheet,1.8,1.8,1.8,SRD DOOR FITTINGS,,0.0,,,SKIP,,,
UP_TO_2.3_CHILLER_BODY~L1.8~W1.8~H1.8~as_sheet,UP TO 2.3 CHILLER BODY,25,CHILLER 2.3 METER,as_sheet,1.8,1.8,1.8,DRD,DRD,2847.785049,2847.76,0.001,PASS,,,
UP_TO_2.3_CHILLER_BODY~L1.8~W1.8~H1.8~as_sheet,UP TO 2.3 CHILLER BODY,25,CHILLER 2.3 METER,as_sheet,1.8,1.8,1.8,DRD DOOR FITTINGS,DRD DOOR FITTINGS,4799.12194,4799.12,0.0,PASS,,,
UP_TO_2.3_CHILLER_BODY~L1.8~W1.8~H1.8~as_sheet,UP TO 2.3 CHILLER BODY,25,CHILLER 2.3 METER,as_sheet,1.8,1.8,1.8,SIDES,SIDES,4671.830585,4671.78,0.001,PASS,,,
UP_TO_2.3_CHILLER_BODY~L1.8~W1.8~H1.8~as_sheet,UP TO 2.3 CHILLER BODY,25,CHILLER 2.3 METER,as_sheet,1.8,1.8,1.8,ROOF,ROOF,2647.321166,2647.3,0.001,PASS,,,
UP_TO_2.3_CHILLER_BODY~L1.8~W1.8~H1.8~as_sheet,UP TO 2.3 CHILLER BODY,25,CHILLER 2.3 METER,as_sheet,1.8,1.8,1.8,FLOOR,FLOOR,5011.562192,5011.56,0.0,PASS,,,
UP_TO_2.3_CHILLER_BODY~L1.8~W1.8~H1.8~as_sheet,UP TO 2.3 CHILLER BODY,25,CHILLER 2.3 METER,as_sheet,1.8,1.8,1.8,ALUMINIUM,ALUMINIUM,3540.816,3540.82,0.0,PASS,,,
UP_TO_2.3_CHILLER_BODY~L1.8~W1.8~H1.8~as_sheet,UP TO 2.3 CHILLER BODY,25,CHILLER 2.3 METER,as_sheet,1.8,1.8,1.8,SUB FRAME + LIGHT BOX ASSY,SUB FRAME + LIGHT BOX ASSY,3082.148426,3082.15,0.0,PASS,,,
UP_TO_2.3_CHILLER_BODY~L1.8~W1.8~H1.8~as_sheet,UP TO 2.3 CHILLER BODY,25,CHILLER 2.3 METER,as_sheet,1.8,1.8,1.8,REAR FRAME + FLOOR PLATE,REAR FRAME & FLOOR PLATE,2447.54552,2447.57,0.001,PASS,,,
UP_TO_2.3_CHILLER_BODY~L1.8~W1.8~H1.8~as_sheet,UP TO 2.3 CHILLER BODY,25,CHILLER 2.3 METER,as_sheet,1.8,1.8,1.8,SPRAY PAINTING,SPRAY PAINTING,750.0,750.0,0.0,PASS,,,
UP_TO_2.3_CHILLER_BODY~L1.8~W1.8~H1.8~all_eps,UP TO 2.3 CHILLER BODY,25,CHILLER 2.3 METER,all_eps,1.8,1.8,1.8,FRONT,FRONT,2103.338848,2103.32,0.001,PASS,,,
UP_TO_2.3_CHILLER_BODY~L1.8~W1.8~H1.8~all_eps,UP TO 2.3 CHILLER BODY,25,CHILLER 2.3 METER,all_eps,1.8,1.8,1.8,SRD,,0.0,,,SKIP,,,
UP_TO_2.3_CHILLER_BODY~L1.8~W1.8~H1.8~all_eps,UP TO 2.3 CHILLER BODY,25,CHILLER 2.3 METER,all_eps,1.8,1.8,1.8,SRD DOOR FITTINGS,,0.0,,,SKIP,,,
UP_TO_2.3_CHILLER_BODY~L1.8~W1.8~H1.8~all_eps,UP TO 2.3 CHILLER BODY,25,CHILLER 2.3 METER,all_eps,1.8,1.8,1.8,DRD,DRD,2847.785049,2847.76,0.001,PASS,,,
UP_TO_2.3_CHILLER_BODY~L1.8~W1.8~H1.8~all_eps,UP TO 2.3 CHILLER BODY,25,CHILLER 2.3 METER,all_eps,1.8,1.8,1.8,DRD DOOR FITTINGS,DRD DOOR FITTINGS,4799.12194,4799.12,0.0,PASS,,,
UP_TO_2.3_CHILLER_BODY~L1.8~W1.8~H1.8~all_eps,UP TO 2.3 CHILLER BODY,25,CHILLER 2.3 METER,all_eps,1.8,1.8,1.8,SIDES,SIDES,4671.830585,4671.78,0.001,PASS,,,
UP_TO_2.3_CHILLER_BODY~L1.8~W1.8~H1.8~all_eps,UP TO 2.3 CHILLER BODY,25,CHILLER 2.3 METER,all_eps,1.8,1.8,1.8,ROOF,ROOF,2647.321166,2647.3,0.001,PASS,,,
UP_TO_2.3_CHILLER_BODY~L1.8~W1.8~H1.8~all_eps,UP TO 2.3 CHILLER BODY,25,CHILLER 2.3 METER,all_eps,1.8,1.8,1.8,FLOOR,FLOOR,5011.562192,5011.56,0.0,PASS,,,
UP_TO_2.3_CHILLER_BODY~L1.8~W1.8~H1.8~all_eps,UP TO 2.3 CHILLER BODY,25,CHILLER 2.3 METER,all_eps,1.8,1.8,1.8,ALUMINIUM,ALUMINIUM,3540.816,3540.82,0.0,PASS,,,
UP_TO_2.3_CHILLER_BODY~L1.8~W1.8~H1.8~all_eps,UP TO 2.3 CHILLER BODY,25,CHILLER 2.3 METER,all_eps,1.8,1.8,1.8,SUB FRAME + LIGHT BOX ASSY,SUB FRAME + LIGHT BOX ASSY,3082.148426,3082.15,0.0,PASS,,,
UP_TO_2.3_CHILLER_BODY~L1.8~W1.8~H1.8~all_eps,UP TO 2.3 CHILLER BODY,25,CHILLER 2.3 METER,all_eps,1.8,1.8,1.8,REAR FRAME + FLOOR PLATE,REAR FRAME & FLOOR PLATE,2447.54552,2447.57,0.001,PASS,,,
UP_TO_2.3_CHILLER_BODY~L1.8~W1.8~H1.8~all_eps,UP TO 2.3 CHILLER BODY,25,CHILLER 2.3 METER,all_eps,1.8,1.8,1.8,SPRAY PAINTING,SPRAY PAINTING,750.0,750.0,0.0,PASS,,,
UP_TO_2.3_CHILLER_BODY~L1.8~W1.8~H1.8~all_pu,UP TO 2.3 CHILLER BODY,25,CHILLER 2.3 METER,all_pu,1.8,1.8,1.8,FRONT,FRONT,2325.74899,2326.32,0.025,PASS,,,
UP_TO_2.3_CHILLER_BODY~L1.8~W1.8~H1.8~all_pu,UP TO 2.3 CHILLER BODY,25,CHILLER 2.3 METER,all_pu,1.8,1.8,1.8,SRD,,0.0,,,SKIP,,,
UP_TO_2.3_CHILLER_BODY~L1.8~W1.8~H1.8~all_pu,UP TO 2.3 CHILLER BODY,25,CHILLER 2.3 METER,all_pu,1.8,1.8,1.8,SRD DOOR FITTINGS,,0.0,,,SKIP,,,
UP_TO_2.3_CHILLER_BODY~L1.8~W1.8~H1.8~all_pu,UP TO 2.3 CHILLER BODY,25,CHILLER 2.3 METER,all_pu,1.8,1.8,1.8,DRD,DRD,3484.659832,3605.39,3.465,ACCEPTED,,BOTH PU (+552.49),[RULING] PROD prices chiller PU at R334.50/sheet (the September 32D rate) where Burt's chiller sheets hard-code a 2018 rate (3090 -> R185.20/sheet): MES +R890 (front) to +R4k (sides) per PU panel. Prod is likely the current one; Burt's sheets need the [1]PU! link.
UP_TO_2.3_CHILLER_BODY~L1.8~W1.8~H1.8~all_pu,UP TO 2.3 CHILLER BODY,25,CHILLER 2.3 METER,all_pu,1.8,1.8,1.8,DRD DOOR FITTINGS,DRD DOOR FITTINGS,4862.51126,4862.51,0.0,PASS,,,
UP_TO_2.3_CHILLER_BODY~L1.8~W1.8~H1.8~all_pu,UP TO 2.3 CHILLER BODY,25,CHILLER 2.3 METER,all_pu,1.8,1.8,1.8,SIDES,SIDES,5070.237439,5071.37,0.022,PASS,,,
UP_TO_2.3_CHILLER_BODY~L1.8~W1.8~H1.8~all_pu,UP TO 2.3 CHILLER BODY,25,CHILLER 2.3 METER,all_pu,1.8,1.8,1.8,ROOF,ROOF,2809.815597,2810.54,0.026,PASS,,,
UP_TO_2.3_CHILLER_BODY~L1.8~W1.8~H1.8~all_pu,UP TO 2.3 CHILLER BODY,25,CHILLER 2.3 METER,all_pu,1.8,1.8,1.8,FLOOR,FLOOR,5174.056623,5174.81,0.015,PASS,,,
UP_TO_2.3_CHILLER_BODY~L1.8~W1.8~H1.8~all_pu,UP TO 2.3 CHILLER BODY,25,CHILLER 2.3 METER,all_pu,1.8,1.8,1.8,ALUMINIUM,ALUMINIUM,3540.816,3540.82,0.0,PASS,,,
UP_TO_2.3_CHILLER_BODY~L1.8~W1.8~H1.8~all_pu,UP TO 2.3 CHILLER BODY,25,CHILLER 2.3 METER,all_pu,1.8,1.8,1.8,SUB FRAME + LIGHT BOX ASSY,SUB FRAME + LIGHT BOX ASSY,3082.148426,3082.15,0.0,PASS,,,
UP_TO_2.3_CHILLER_BODY~L1.8~W1.8~H1.8~all_pu,UP TO 2.3 CHILLER BODY,25,CHILLER 2.3 METER,all_pu,1.8,1.8,1.8,REAR FRAME + FLOOR PLATE,REAR FRAME & FLOOR PLATE,2447.54552,2447.57,0.001,PASS,,,
UP_TO_2.3_CHILLER_BODY~L1.8~W1.8~H1.8~all_pu,UP TO 2.3 CHILLER BODY,25,CHILLER 2.3 METER,all_pu,1.8,1.8,1.8,SPRAY PAINTING,SPRAY PAINTING,750.0,750.0,0.0,PASS,,,
UP_TO_2.3_CHILLER_BODY~L1.8~W1.8~H1.8~srd,UP TO 2.3 CHILLER BODY,25,CHILLER 2.3 METER,srd,1.8,1.8,1.8,FRONT,FRONT,2103.338848,2103.32,0.001,PASS,,,
UP_TO_2.3_CHILLER_BODY~L1.8~W1.8~H1.8~srd,UP TO 2.3 CHILLER BODY,25,CHILLER 2.3 METER,srd,1.8,1.8,1.8,SRD,SRD,2315.702868,2231.48,3.637,ACCEPTED,,GROUP_DIFF 130*62MM TAPPING BLOCKS ~ 1 MES line(s) (-60.00),[DATA] 130*62MM TAPPING BLOCKS: on prod the icecream and EXPLOSIVE 4.9 AND UP bodies price them differently from Burt (missing or one size only); the chillers/freezers match.
UP_TO_2.3_CHILLER_BODY~L1.8~W1.8~H1.8~srd,UP TO 2.3 CHILLER BODY,25,CHILLER 2.3 METER,srd,1.8,1.8,1.8,SRD DOOR FITTINGS,SRD DOOR FITTINGS,5501.00542,5501.01,0.0,PASS,,,
UP_TO_2.3_CHILLER_BODY~L1.8~W1.8~H1.8~srd,UP TO 2.3 CHILLER BODY,25,CHILLER 2.3 METER,srd,1.8,1.8,1.8,DRD,,0.0,,,SKIP,,,
UP_TO_2.3_CHILLER_BODY~L1.8~W1.8~H1.8~srd,UP TO 2.3 CHILLER BODY,25,CHILLER 2.3 METER,srd,1.8,1.8,1.8,DRD DOOR FITTINGS,,0.0,,,SKIP,,,
UP_TO_2.3_CHILLER_BODY~L1.8~W1.8~H1.8~srd,UP TO 2.3 CHILLER BODY,25,CHILLER 2.3 METER,srd,1.8,1.8,1.8,SIDES,SIDES,4671.830585,4671.78,0.001,PASS,,,
UP_TO_2.3_CHILLER_BODY~L1.8~W1.8~H1.8~srd,UP TO 2.3 CHILLER BODY,25,CHILLER 2.3 METER,srd,1.8,1.8,1.8,ROOF,ROOF,2647.321166,2647.3,0.001,PASS,,,
UP_TO_2.3_CHILLER_BODY~L1.8~W1.8~H1.8~srd,UP TO 2.3 CHILLER BODY,25,CHILLER 2.3 METER,srd,1.8,1.8,1.8,FLOOR,FLOOR,5011.562192,5011.56,0.0,PASS,,,
UP_TO_2.3_CHILLER_BODY~L1.8~W1.8~H1.8~srd,UP TO 2.3 CHILLER BODY,25,CHILLER 2.3 METER,srd,1.8,1.8,1.8,ALUMINIUM,ALUMINIUM,3540.816,3540.82,0.0,PASS,,,
UP_TO_2.3_CHILLER_BODY~L1.8~W1.8~H1.8~srd,UP TO 2.3 CHILLER BODY,25,CHILLER 2.3 METER,srd,1.8,1.8,1.8,SUB FRAME + LIGHT BOX ASSY,SUB FRAME + LIGHT BOX ASSY,3082.148426,3082.15,0.0,PASS,,,
UP_TO_2.3_CHILLER_BODY~L1.8~W1.8~H1.8~srd,UP TO 2.3 CHILLER BODY,25,CHILLER 2.3 METER,srd,1.8,1.8,1.8,REAR FRAME + FLOOR PLATE,REAR FRAME & FLOOR PLATE,0.0,2447.57,,ACCEPTED,EXTRA_IN_MES,,"[RULING] Burt gates REAR FRAME + FLOOR PLATE on the DRD flags, so a single-rear-door body carries R0 there; MES always includes the section (R2.4k-R5.5k). Which is right needs Burt/Michael."
UP_TO_2.3_CHILLER_BODY~L1.8~W1.8~H1.8~srd,UP TO 2.3 CHILLER BODY,25,CHILLER 2.3 METER,srd,1.8,1.8,1.8,SPRAY PAINTING,SPRAY PAINTING,750.0,750.0,0.0,PASS,,,
UP_TO_2.3_CHILLER_BODY~L1.8~W1.8~H1.8~drd,UP TO 2.3 CHILLER BODY,25,CHILLER 2.3 METER,drd,1.8,1.8,1.8,FRONT,FRONT,2103.338848,2103.32,0.001,PASS,,,
UP_TO_2.3_CHILLER_BODY~L1.8~W1.8~H1.8~drd,UP TO 2.3 CHILLER BODY,25,CHILLER 2.3 METER,drd,1.8,1.8,1.8,SRD,,0.0,,,SKIP,,,
UP_TO_2.3_CHILLER_BODY~L1.8~W1.8~H1.8~drd,UP TO 2.3 CHILLER BODY,25,CHILLER 2.3 METER,drd,1.8,1.8,1.8,SRD DOOR FITTINGS,,0.0,,,SKIP,,,
UP_TO_2.3_CHILLER_BODY~L1.8~W1.8~H1.8~drd,UP TO 2.3 CHILLER BODY,25,CHILLER 2.3 METER,drd,1.8,1.8,1.8,DRD,DRD,2847.785049,2847.76,0.001,PASS,,,
UP_TO_2.3_CHILLER_BODY~L1.8~W1.8~H1.8~drd,UP TO 2.3 CHILLER BODY,25,CHILLER 2.3 METER,drd,1.8,1.8,1.8,DRD DOOR FITTINGS,DRD DOOR FITTINGS,4799.12194,4799.12,0.0,PASS,,,
UP_TO_2.3_CHILLER_BODY~L1.8~W1.8~H1.8~drd,UP TO 2.3 CHILLER BODY,25,CHILLER 2.3 METER,drd,1.8,1.8,1.8,SIDES,SIDES,4671.830585,4671.78,0.001,PASS,,,
UP_TO_2.3_CHILLER_BODY~L1.8~W1.8~H1.8~drd,UP TO 2.3 CHILLER BODY,25,CHILLER 2.3 METER,drd,1.8,1.8,1.8,ROOF,ROOF,2647.321166,2647.3,0.001,PASS,,,
UP_TO_2.3_CHILLER_BODY~L1.8~W1.8~H1.8~drd,UP TO 2.3 CHILLER BODY,25,CHILLER 2.3 METER,drd,1.8,1.8,1.8,FLOOR,FLOOR,5011.562192,5011.56,0.0,PASS,,,
UP_TO_2.3_CHILLER_BODY~L1.8~W1.8~H1.8~drd,UP TO 2.3 CHILLER BODY,25,CHILLER 2.3 METER,drd,1.8,1.8,1.8,ALUMINIUM,ALUMINIUM,3540.816,3540.82,0.0,PASS,,,
UP_TO_2.3_CHILLER_BODY~L1.8~W1.8~H1.8~drd,UP TO 2.3 CHILLER BODY,25,CHILLER 2.3 METER,drd,1.8,1.8,1.8,SUB FRAME + LIGHT BOX ASSY,SUB FRAME + LIGHT BOX ASSY,3082.148426,3082.15,0.0,PASS,,,
UP_TO_2.3_CHILLER_BODY~L1.8~W1.8~H1.8~drd,UP TO 2.3 CHILLER BODY,25,CHILLER 2.3 METER,drd,1.8,1.8,1.8,REAR FRAME + FLOOR PLATE,REAR FRAME & FLOOR PLATE,2447.54552,2447.57,0.001,PASS,,,
UP_TO_2.3_CHILLER_BODY~L1.8~W1.8~H1.8~drd,UP TO 2.3 CHILLER BODY,25,CHILLER 2.3 METER,drd,1.8,1.8,1.8,SPRAY PAINTING,SPRAY PAINTING,750.0,750.0,0.0,PASS,,,
UP_TO_2.3_CHILLER_BODY~L1.8~W1.8~H1.8~foam_4g,UP TO 2.3 CHILLER BODY,25,CHILLER 2.3 METER,foam_4g,1.8,1.8,1.8,FRONT,FRONT,2103.338848,2103.32,0.001,PASS,,,
UP_TO_2.3_CHILLER_BODY~L1.8~W1.8~H1.8~foam_4g,UP TO 2.3 CHILLER BODY,25,CHILLER 2.3 METER,foam_4g,1.8,1.8,1.8,SRD,,0.0,,,SKIP,,,
UP_TO_2.3_CHILLER_BODY~L1.8~W1.8~H1.8~foam_4g,UP TO 2.3 CHILLER BODY,25,CHILLER 2.3 METER,foam_4g,1.8,1.8,1.8,SRD DOOR FITTINGS,,0.0,,,SKIP,,,
UP_TO_2.3_CHILLER_BODY~L1.8~W1.8~H1.8~foam_4g,UP TO 2.3 CHILLER BODY,25,CHILLER 2.3 METER,foam_4g,1.8,1.8,1.8,DRD,DRD,2847.785049,2847.76,0.001,PASS,,,
UP_TO_2.3_CHILLER_BODY~L1.8~W1.8~H1.8~foam_4g,UP TO 2.3 CHILLER BODY,25,CHILLER 2.3 METER,foam_4g,1.8,1.8,1.8,DRD DOOR FITTINGS,DRD DOOR FITTINGS,4799.12194,4799.12,0.0,PASS,,,
UP_TO_2.3_CHILLER_BODY~L1.8~W1.8~H1.8~foam_4g,UP TO 2.3 CHILLER BODY,25,CHILLER 2.3 METER,foam_4g,1.8,1.8,1.8,SIDES,SIDES,4671.830585,4671.78,0.001,PASS,,,
UP_TO_2.3_CHILLER_BODY~L1.8~W1.8~H1.8~foam_4g,UP TO 2.3 CHILLER BODY,25,CHILLER 2.3 METER,foam_4g,1.8,1.8,1.8,ROOF,ROOF,2647.321166,2647.3,0.001,PASS,,,
UP_TO_2.3_CHILLER_BODY~L1.8~W1.8~H1.8~foam_4g,UP TO 2.3 CHILLER BODY,25,CHILLER 2.3 METER,foam_4g,1.8,1.8,1.8,FLOOR,FLOOR,5011.562192,5011.56,0.0,PASS,,,
UP_TO_2.3_CHILLER_BODY~L1.8~W1.8~H1.8~foam_4g,UP TO 2.3 CHILLER BODY,25,CHILLER 2.3 METER,foam_4g,1.8,1.8,1.8,ALUMINIUM,ALUMINIUM,3540.816,3540.82,0.0,PASS,,,
UP_TO_2.3_CHILLER_BODY~L1.8~W1.8~H1.8~foam_4g,UP TO 2.3 CHILLER BODY,25,CHILLER 2.3 METER,foam_4g,1.8,1.8,1.8,SUB FRAME + LIGHT BOX ASSY,SUB FRAME + LIGHT BOX ASSY,3082.148426,3082.15,0.0,PASS,,,
UP_TO_2.3_CHILLER_BODY~L1.8~W1.8~H1.8~foam_4g,UP TO 2.3 CHILLER BODY,25,CHILLER 2.3 METER,foam_4g,1.8,1.8,1.8,REAR FRAME + FLOOR PLATE,REAR FRAME & FLOOR PLATE,2447.54552,2447.57,0.001,PASS,,,
UP_TO_2.3_CHILLER_BODY~L1.8~W1.8~H1.8~foam_4g,UP TO 2.3 CHILLER BODY,25,CHILLER 2.3 METER,foam_4g,1.8,1.8,1.8,SPRAY PAINTING,SPRAY PAINTING,750.0,750.0,0.0,PASS,,,
UP_TO_2.3_CHILLER_BODY~L1.8~W1.8~H1.8~srd_pu,UP TO 2.3 CHILLER BODY,25,CHILLER 2.3 METER,srd_pu,1.8,1.8,1.8,FRONT,FRONT,2096.716046,2103.32,0.315,PASS,,,
UP_TO_2.3_CHILLER_BODY~L1.8~W1.8~H1.8~srd_pu,UP TO 2.3 CHILLER BODY,25,CHILLER 2.3 METER,srd_pu,1.8,1.8,1.8,SRD,SRD,2407.621007,2407.6,0.001,PASS,,,
UP_TO_2.3_CHILLER_BODY~L1.8~W1.8~H1.8~srd_pu,UP TO 2.3 CHILLER BODY,25,CHILLER 2.3 METER,srd_pu,1.8,1.8,1.8,SRD DOOR FITTINGS,SRD DOOR FITTINGS,5501.00542,5501.01,0.0,PASS,,,
UP_TO_2.3_CHILLER_BODY~L1.8~W1.8~H1.8~srd_pu,UP TO 2.3 CHILLER BODY,25,CHILLER 2.3 METER,srd_pu,1.8,1.8,1.8,DRD,,0.0,,,SKIP,,,
UP_TO_2.3_CHILLER_BODY~L1.8~W1.8~H1.8~srd_pu,UP TO 2.3 CHILLER BODY,25,CHILLER 2.3 METER,srd_pu,1.8,1.8,1.8,DRD DOOR FITTINGS,,0.0,,,SKIP,,,
UP_TO_2.3_CHILLER_BODY~L1.8~W1.8~H1.8~srd_pu,UP TO 2.3 CHILLER BODY,25,CHILLER 2.3 METER,srd_pu,1.8,1.8,1.8,SIDES,SIDES,4658.121307,4671.78,0.293,PASS,,,
UP_TO_2.3_CHILLER_BODY~L1.8~W1.8~H1.8~srd_pu,UP TO 2.3 CHILLER BODY,25,CHILLER 2.3 METER,srd_pu,1.8,1.8,1.8,ROOF,ROOF,2632.711587,2647.3,0.554,PASS,,,
UP_TO_2.3_CHILLER_BODY~L1.8~W1.8~H1.8~srd_pu,UP TO 2.3 CHILLER BODY,25,CHILLER 2.3 METER,srd_pu,1.8,1.8,1.8,FLOOR,FLOOR,5011.562192,5011.56,0.0,PASS,,,
UP_TO_2.3_CHILLER_BODY~L1.8~W1.8~H1.8~srd_pu,UP TO 2.3 CHILLER BODY,25,CHILLER 2.3 METER,srd_pu,1.8,1.8,1.8,ALUMINIUM,ALUMINIUM,3540.816,3540.82,0.0,PASS,,,
UP_TO_2.3_CHILLER_BODY~L1.8~W1.8~H1.8~srd_pu,UP TO 2.3 CHILLER BODY,25,CHILLER 2.3 METER,srd_pu,1.8,1.8,1.8,SUB FRAME + LIGHT BOX ASSY,SUB FRAME + LIGHT BOX ASSY,3082.148426,3082.15,0.0,PASS,,,
UP_TO_2.3_CHILLER_BODY~L1.8~W1.8~H1.8~srd_pu,UP TO 2.3 CHILLER BODY,25,CHILLER 2.3 METER,srd_pu,1.8,1.8,1.8,REAR FRAME + FLOOR PLATE,REAR FRAME & FLOOR PLATE,0.0,2447.57,,ACCEPTED,EXTRA_IN_MES,,"[RULING] Burt gates REAR FRAME + FLOOR PLATE on the DRD flags, so a single-rear-door body carries R0 there; MES always includes the section (R2.4k-R5.5k). Which is right needs Burt/Michael."
UP_TO_2.3_CHILLER_BODY~L1.8~W1.8~H1.8~srd_pu,UP TO 2.3 CHILLER BODY,25,CHILLER 2.3 METER,srd_pu,1.8,1.8,1.8,SPRAY PAINTING,SPRAY PAINTING,750.0,750.0,0.0,PASS,,,
UP_TO_2.3_CHILLER_BODY~L2.3~W1.8~H1.8~as_sheet,UP TO 2.3 CHILLER BODY,25,CHILLER 2.3 METER,as_sheet,2.3,1.8,1.8,FRONT,FRONT,2103.338848,2103.32,0.001,PASS,,,
UP_TO_2.3_CHILLER_BODY~L2.3~W1.8~H1.8~as_sheet,UP TO 2.3 CHILLER BODY,25,CHILLER 2.3 METER,as_sheet,2.3,1.8,1.8,SRD,,0.0,,,SKIP,,,
UP_TO_2.3_CHILLER_BODY~L2.3~W1.8~H1.8~as_sheet,UP TO 2.3 CHILLER BODY,25,CHILLER 2.3 METER,as_sheet,2.3,1.8,1.8,SRD DOOR FITTINGS,,0.0,,,SKIP,,,
UP_TO_2.3_CHILLER_BODY~L2.3~W1.8~H1.8~as_sheet,UP TO 2.3 CHILLER BODY,25,CHILLER 2.3 METER,as_sheet,2.3,1.8,1.8,DRD,DRD,2847.785049,2847.76,0.001,PASS,,,
UP_TO_2.3_CHILLER_BODY~L2.3~W1.8~H1.8~as_sheet,UP TO 2.3 CHILLER BODY,25,CHILLER 2.3 METER,as_sheet,2.3,1.8,1.8,DRD DOOR FITTINGS,DRD DOOR FITTINGS,4799.12194,4799.12,0.0,PASS,,,
UP_TO_2.3_CHILLER_BODY~L2.3~W1.8~H1.8~as_sheet,UP TO 2.3 CHILLER BODY,25,CHILLER 2.3 METER,as_sheet,2.3,1.8,1.8,SIDES,SIDES,5814.439848,5814.38,0.001,PASS,,,
UP_TO_2.3_CHILLER_BODY~L2.3~W1.8~H1.8~as_sheet,UP TO 2.3 CHILLER BODY,25,CHILLER 2.3 METER,as_sheet,2.3,1.8,1.8,ROOF,ROOF,3292.605278,3292.57,0.001,PASS,,,
UP_TO_2.3_CHILLER_BODY~L2.3~W1.8~H1.8~as_sheet,UP TO 2.3 CHILLER BODY,25,CHILLER 2.3 METER,as_sheet,2.3,1.8,1.8,FLOOR,FLOOR,6094.167818,6094.17,0.0,PASS,,,
UP_TO_2.3_CHILLER_BODY~L2.3~W1.8~H1.8~as_sheet,UP TO 2.3 CHILLER BODY,25,CHILLER 2.3 METER,as_sheet,2.3,1.8,1.8,ALUMINIUM,ALUMINIUM,4084.066,4084.07,0.0,PASS,,,
UP_TO_2.3_CHILLER_BODY~L2.3~W1.8~H1.8~as_sheet,UP TO 2.3 CHILLER BODY,25,CHILLER 2.3 METER,as_sheet,2.3,1.8,1.8,SUB FRAME + LIGHT BOX ASSY,SUB FRAME + LIGHT BOX ASSY,3237.538286,3237.54,0.0,PASS,,,
UP_TO_2.3_CHILLER_BODY~L2.3~W1.8~H1.8~as_sheet,UP TO 2.3 CHILLER BODY,25,CHILLER 2.3 METER,as_sheet,2.3,1.8,1.8,REAR FRAME + FLOOR PLATE,REAR FRAME & FLOOR PLATE,2447.54552,2447.57,0.001,PASS,,,
UP_TO_2.3_CHILLER_BODY~L2.3~W1.8~H1.8~as_sheet,UP TO 2.3 CHILLER BODY,25,CHILLER 2.3 METER,as_sheet,2.3,1.8,1.8,SPRAY PAINTING,SPRAY PAINTING,750.0,750.0,0.0,PASS,,,
UP_TO_2.3_CHILLER_BODY~L2.3~W1.8~H1.8~all_eps,UP TO 2.3 CHILLER BODY,25,CHILLER 2.3 METER,all_eps,2.3,1.8,1.8,FRONT,FRONT,2103.338848,2103.32,0.001,PASS,,,
UP_TO_2.3_CHILLER_BODY~L2.3~W1.8~H1.8~all_eps,UP TO 2.3 CHILLER BODY,25,CHILLER 2.3 METER,all_eps,2.3,1.8,1.8,SRD,,0.0,,,SKIP,,,
UP_TO_2.3_CHILLER_BODY~L2.3~W1.8~H1.8~all_eps,UP TO 2.3 CHILLER BODY,25,CHILLER 2.3 METER,all_eps,2.3,1.8,1.8,SRD DOOR FITTINGS,,0.0,,,SKIP,,,
UP_TO_2.3_CHILLER_BODY~L2.3~W1.8~H1.8~all_eps,UP TO 2.3 CHILLER BODY,25,CHILLER 2.3 METER,all_eps,2.3,1.8,1.8,DRD,DRD,2847.785049,2847.76,0.001,PASS,,,
UP_TO_2.3_CHILLER_BODY~L2.3~W1.8~H1.8~all_eps,UP TO 2.3 CHILLER BODY,25,CHILLER 2.3 METER,all_eps,2.3,1.8,1.8,DRD DOOR FITTINGS,DRD DOOR FITTINGS,4799.12194,4799.12,0.0,PASS,,,
UP_TO_2.3_CHILLER_BODY~L2.3~W1.8~H1.8~all_eps,UP TO 2.3 CHILLER BODY,25,CHILLER 2.3 METER,all_eps,2.3,1.8,1.8,SIDES,SIDES,5814.439848,5814.38,0.001,PASS,,,
UP_TO_2.3_CHILLER_BODY~L2.3~W1.8~H1.8~all_eps,UP TO 2.3 CHILLER BODY,25,CHILLER 2.3 METER,all_eps,2.3,1.8,1.8,ROOF,ROOF,3292.605278,3292.57,0.001,PASS,,,
UP_TO_2.3_CHILLER_BODY~L2.3~W1.8~H1.8~all_eps,UP TO 2.3 CHILLER BODY,25,CHILLER 2.3 METER,all_eps,2.3,1.8,1.8,FLOOR,FLOOR,6094.167818,6094.17,0.0,PASS,,,
UP_TO_2.3_CHILLER_BODY~L2.3~W1.8~H1.8~all_eps,UP TO 2.3 CHILLER BODY,25,CHILLER 2.3 METER,all_eps,2.3,1.8,1.8,ALUMINIUM,ALUMINIUM,4084.066,4084.07,0.0,PASS,,,
UP_TO_2.3_CHILLER_BODY~L2.3~W1.8~H1.8~all_eps,UP TO 2.3 CHILLER BODY,25,CHILLER 2.3 METER,all_eps,2.3,1.8,1.8,SUB FRAME + LIGHT BOX ASSY,SUB FRAME + LIGHT BOX ASSY,3237.538286,3237.54,0.0,PASS,,,
UP_TO_2.3_CHILLER_BODY~L2.3~W1.8~H1.8~all_eps,UP TO 2.3 CHILLER BODY,25,CHILLER 2.3 METER,all_eps,2.3,1.8,1.8,REAR FRAME + FLOOR PLATE,REAR FRAME & FLOOR PLATE,2447.54552,2447.57,0.001,PASS,,,
UP_TO_2.3_CHILLER_BODY~L2.3~W1.8~H1.8~all_eps,UP TO 2.3 CHILLER BODY,25,CHILLER 2.3 METER,all_eps,2.3,1.8,1.8,SPRAY PAINTING,SPRAY PAINTING,750.0,750.0,0.0,PASS,,,
UP_TO_2.3_CHILLER_BODY~L2.3~W1.8~H1.8~all_pu,UP TO 2.3 CHILLER BODY,25,CHILLER 2.3 METER,all_pu,2.3,1.8,1.8,FRONT,FRONT,2325.74899,2326.32,0.025,PASS,,,
UP_TO_2.3_CHILLER_BODY~L2.3~W1.8~H1.8~all_pu,UP TO 2.3 CHILLER BODY,25,CHILLER 2.3 METER,all_pu,2.3,1.8,1.8,SRD,,0.0,,,SKIP,,,
UP_TO_2.3_CHILLER_BODY~L2.3~W1.8~H1.8~all_pu,UP TO 2.3 CHILLER BODY,25,CHILLER 2.3 METER,all_pu,2.3,1.8,1.8,SRD DOOR FITTINGS,,0.0,,,SKIP,,,
UP_TO_2.3_CHILLER_BODY~L2.3~W1.8~H1.8~all_pu,UP TO 2.3 CHILLER BODY,25,CHILLER 2.3 METER,all_pu,2.3,1.8,1.8,DRD,DRD,3484.659832,3605.39,3.465,ACCEPTED,,BOTH PU (+552.49),[RULING] PROD prices chiller PU at R334.50/sheet (the September 32D rate) where Burt's chiller sheets hard-code a 2018 rate (3090 -> R185.20/sheet): MES +R890 (front) to +R4k (sides) per PU panel. Prod is likely the current one; Burt's sheets need the [1]PU! link.
UP_TO_2.3_CHILLER_BODY~L2.3~W1.8~H1.8~all_pu,UP TO 2.3 CHILLER BODY,25,CHILLER 2.3 METER,all_pu,2.3,1.8,1.8,DRD DOOR FITTINGS,DRD DOOR FITTINGS,4862.51126,4862.51,0.0,PASS,,,
UP_TO_2.3_CHILLER_BODY~L2.3~W1.8~H1.8~all_pu,UP TO 2.3 CHILLER BODY,25,CHILLER 2.3 METER,all_pu,2.3,1.8,1.8,SIDES,SIDES,6019.457408,6020.58,0.019,PASS,,,
UP_TO_2.3_CHILLER_BODY~L2.3~W1.8~H1.8~all_pu,UP TO 2.3 CHILLER BODY,25,CHILLER 2.3 METER,all_pu,2.3,1.8,1.8,ROOF,ROOF,3310.281709,3311.0,0.022,PASS,,,
UP_TO_2.3_CHILLER_BODY~L2.3~W1.8~H1.8~all_pu,UP TO 2.3 CHILLER BODY,25,CHILLER 2.3 METER,all_pu,2.3,1.8,1.8,FLOOR,FLOOR,6111.844249,6112.59,0.012,PASS,,,
UP_TO_2.3_CHILLER_BODY~L2.3~W1.8~H1.8~all_pu,UP TO 2.3 CHILLER BODY,25,CHILLER 2.3 METER,all_pu,2.3,1.8,1.8,ALUMINIUM,ALUMINIUM,4084.066,4084.07,0.0,PASS,,,
UP_TO_2.3_CHILLER_BODY~L2.3~W1.8~H1.8~all_pu,UP TO 2.3 CHILLER BODY,25,CHILLER 2.3 METER,all_pu,2.3,1.8,1.8,SUB FRAME + LIGHT BOX ASSY,SUB FRAME + LIGHT BOX ASSY,3237.538286,3237.54,0.0,PASS,,,
UP_TO_2.3_CHILLER_BODY~L2.3~W1.8~H1.8~all_pu,UP TO 2.3 CHILLER BODY,25,CHILLER 2.3 METER,all_pu,2.3,1.8,1.8,REAR FRAME + FLOOR PLATE,REAR FRAME & FLOOR PLATE,2447.54552,2447.57,0.001,PASS,,,
UP_TO_2.3_CHILLER_BODY~L2.3~W1.8~H1.8~all_pu,UP TO 2.3 CHILLER BODY,25,CHILLER 2.3 METER,all_pu,2.3,1.8,1.8,SPRAY PAINTING,SPRAY PAINTING,750.0,750.0,0.0,PASS,,,
UP_TO_2.3_CHILLER_BODY~L2.3~W1.8~H1.8~srd,UP TO 2.3 CHILLER BODY,25,CHILLER 2.3 METER,srd,2.3,1.8,1.8,FRONT,FRONT,2103.338848,2103.32,0.001,PASS,,,
UP_TO_2.3_CHILLER_BODY~L2.3~W1.8~H1.8~srd,UP TO 2.3 CHILLER BODY,25,CHILLER 2.3 METER,srd,2.3,1.8,1.8,SRD,SRD,2315.702868,2231.48,3.637,ACCEPTED,,GROUP_DIFF 130*62MM TAPPING BLOCKS ~ 1 MES line(s) (-60.00),[DATA] 130*62MM TAPPING BLOCKS: on prod the icecream and EXPLOSIVE 4.9 AND UP bodies price them differently from Burt (missing or one size only); the chillers/freezers match.
UP_TO_2.3_CHILLER_BODY~L2.3~W1.8~H1.8~srd,UP TO 2.3 CHILLER BODY,25,CHILLER 2.3 METER,srd,2.3,1.8,1.8,SRD DOOR FITTINGS,SRD DOOR FITTINGS,5501.00542,5501.01,0.0,PASS,,,
UP_TO_2.3_CHILLER_BODY~L2.3~W1.8~H1.8~srd,UP TO 2.3 CHILLER BODY,25,CHILLER 2.3 METER,srd,2.3,1.8,1.8,DRD,,0.0,,,SKIP,,,
UP_TO_2.3_CHILLER_BODY~L2.3~W1.8~H1.8~srd,UP TO 2.3 CHILLER BODY,25,CHILLER 2.3 METER,srd,2.3,1.8,1.8,DRD DOOR FITTINGS,,0.0,,,SKIP,,,
UP_TO_2.3_CHILLER_BODY~L2.3~W1.8~H1.8~srd,UP TO 2.3 CHILLER BODY,25,CHILLER 2.3 METER,srd,2.3,1.8,1.8,SIDES,SIDES,5814.439848,5814.38,0.001,PASS,,,
UP_TO_2.3_CHILLER_BODY~L2.3~W1.8~H1.8~srd,UP TO 2.3 CHILLER BODY,25,CHILLER 2.3 METER,srd,2.3,1.8,1.8,ROOF,ROOF,3292.605278,3292.57,0.001,PASS,,,
UP_TO_2.3_CHILLER_BODY~L2.3~W1.8~H1.8~srd,UP TO 2.3 CHILLER BODY,25,CHILLER 2.3 METER,srd,2.3,1.8,1.8,FLOOR,FLOOR,6094.167818,6094.17,0.0,PASS,,,
UP_TO_2.3_CHILLER_BODY~L2.3~W1.8~H1.8~srd,UP TO 2.3 CHILLER BODY,25,CHILLER 2.3 METER,srd,2.3,1.8,1.8,ALUMINIUM,ALUMINIUM,4084.066,4084.07,0.0,PASS,,,
UP_TO_2.3_CHILLER_BODY~L2.3~W1.8~H1.8~srd,UP TO 2.3 CHILLER BODY,25,CHILLER 2.3 METER,srd,2.3,1.8,1.8,SUB FRAME + LIGHT BOX ASSY,SUB FRAME + LIGHT BOX ASSY,3237.538286,3237.54,0.0,PASS,,,
UP_TO_2.3_CHILLER_BODY~L2.3~W1.8~H1.8~srd,UP TO 2.3 CHILLER BODY,25,CHILLER 2.3 METER,srd,2.3,1.8,1.8,REAR FRAME + FLOOR PLATE,REAR FRAME & FLOOR PLATE,0.0,2447.57,,ACCEPTED,EXTRA_IN_MES,,"[RULING] Burt gates REAR FRAME + FLOOR PLATE on the DRD flags, so a single-rear-door body carries R0 there; MES always includes the section (R2.4k-R5.5k). Which is right needs Burt/Michael."
UP_TO_2.3_CHILLER_BODY~L2.3~W1.8~H1.8~srd,UP TO 2.3 CHILLER BODY,25,CHILLER 2.3 METER,srd,2.3,1.8,1.8,SPRAY PAINTING,SPRAY PAINTING,750.0,750.0,0.0,PASS,,,
UP_TO_2.3_CHILLER_BODY~L2.3~W1.8~H1.8~drd,UP TO 2.3 CHILLER BODY,25,CHILLER 2.3 METER,drd,2.3,1.8,1.8,FRONT,FRONT,2103.338848,2103.32,0.001,PASS,,,
UP_TO_2.3_CHILLER_BODY~L2.3~W1.8~H1.8~drd,UP TO 2.3 CHILLER BODY,25,CHILLER 2.3 METER,drd,2.3,1.8,1.8,SRD,,0.0,,,SKIP,,,
UP_TO_2.3_CHILLER_BODY~L2.3~W1.8~H1.8~drd,UP TO 2.3 CHILLER BODY,25,CHILLER 2.3 METER,drd,2.3,1.8,1.8,SRD DOOR FITTINGS,,0.0,,,SKIP,,,
UP_TO_2.3_CHILLER_BODY~L2.3~W1.8~H1.8~drd,UP TO 2.3 CHILLER BODY,25,CHILLER 2.3 METER,drd,2.3,1.8,1.8,DRD,DRD,2847.785049,2847.76,0.001,PASS,,,
UP_TO_2.3_CHILLER_BODY~L2.3~W1.8~H1.8~drd,UP TO 2.3 CHILLER BODY,25,CHILLER 2.3 METER,drd,2.3,1.8,1.8,DRD DOOR FITTINGS,DRD DOOR FITTINGS,4799.12194,4799.12,0.0,PASS,,,
UP_TO_2.3_CHILLER_BODY~L2.3~W1.8~H1.8~drd,UP TO 2.3 CHILLER BODY,25,CHILLER 2.3 METER,drd,2.3,1.8,1.8,SIDES,SIDES,5814.439848,5814.38,0.001,PASS,,,
UP_TO_2.3_CHILLER_BODY~L2.3~W1.8~H1.8~drd,UP TO 2.3 CHILLER BODY,25,CHILLER 2.3 METER,drd,2.3,1.8,1.8,ROOF,ROOF,3292.605278,3292.57,0.001,PASS,,,
UP_TO_2.3_CHILLER_BODY~L2.3~W1.8~H1.8~drd,UP TO 2.3 CHILLER BODY,25,CHILLER 2.3 METER,drd,2.3,1.8,1.8,FLOOR,FLOOR,6094.167818,6094.17,0.0,PASS,,,
UP_TO_2.3_CHILLER_BODY~L2.3~W1.8~H1.8~drd,UP TO 2.3 CHILLER BODY,25,CHILLER 2.3 METER,drd,2.3,1.8,1.8,ALUMINIUM,ALUMINIUM,4084.066,4084.07,0.0,PASS,,,
UP_TO_2.3_CHILLER_BODY~L2.3~W1.8~H1.8~drd,UP TO 2.3 CHILLER BODY,25,CHILLER 2.3 METER,drd,2.3,1.8,1.8,SUB FRAME + LIGHT BOX ASSY,SUB FRAME + LIGHT BOX ASSY,3237.538286,3237.54,0.0,PASS,,,
UP_TO_2.3_CHILLER_BODY~L2.3~W1.8~H1.8~drd,UP TO 2.3 CHILLER BODY,25,CHILLER 2.3 METER,drd,2.3,1.8,1.8,REAR FRAME + FLOOR PLATE,REAR FRAME & FLOOR PLATE,2447.54552,2447.57,0.001,PASS,,,
UP_TO_2.3_CHILLER_BODY~L2.3~W1.8~H1.8~drd,UP TO 2.3 CHILLER BODY,25,CHILLER 2.3 METER,drd,2.3,1.8,1.8,SPRAY PAINTING,SPRAY PAINTING,750.0,750.0,0.0,PASS,,,
UP_TO_2.3_CHILLER_BODY~L2.3~W1.8~H1.8~foam_4g,UP TO 2.3 CHILLER BODY,25,CHILLER 2.3 METER,foam_4g,2.3,1.8,1.8,FRONT,FRONT,2103.338848,2103.32,0.001,PASS,,,
UP_TO_2.3_CHILLER_BODY~L2.3~W1.8~H1.8~foam_4g,UP TO 2.3 CHILLER BODY,25,CHILLER 2.3 METER,foam_4g,2.3,1.8,1.8,SRD,,0.0,,,SKIP,,,
UP_TO_2.3_CHILLER_BODY~L2.3~W1.8~H1.8~foam_4g,UP TO 2.3 CHILLER BODY,25,CHILLER 2.3 METER,foam_4g,2.3,1.8,1.8,SRD DOOR FITTINGS,,0.0,,,SKIP,,,
UP_TO_2.3_CHILLER_BODY~L2.3~W1.8~H1.8~foam_4g,UP TO 2.3 CHILLER BODY,25,CHILLER 2.3 METER,foam_4g,2.3,1.8,1.8,DRD,DRD,2847.785049,2847.76,0.001,PASS,,,
UP_TO_2.3_CHILLER_BODY~L2.3~W1.8~H1.8~foam_4g,UP TO 2.3 CHILLER BODY,25,CHILLER 2.3 METER,foam_4g,2.3,1.8,1.8,DRD DOOR FITTINGS,DRD DOOR FITTINGS,4799.12194,4799.12,0.0,PASS,,,
UP_TO_2.3_CHILLER_BODY~L2.3~W1.8~H1.8~foam_4g,UP TO 2.3 CHILLER BODY,25,CHILLER 2.3 METER,foam_4g,2.3,1.8,1.8,SIDES,SIDES,5814.439848,5814.38,0.001,PASS,,,
UP_TO_2.3_CHILLER_BODY~L2.3~W1.8~H1.8~foam_4g,UP TO 2.3 CHILLER BODY,25,CHILLER 2.3 METER,foam_4g,2.3,1.8,1.8,ROOF,ROOF,3292.605278,3292.57,0.001,PASS,,,
UP_TO_2.3_CHILLER_BODY~L2.3~W1.8~H1.8~foam_4g,UP TO 2.3 CHILLER BODY,25,CHILLER 2.3 METER,foam_4g,2.3,1.8,1.8,FLOOR,FLOOR,6094.167818,6094.17,0.0,PASS,,,
UP_TO_2.3_CHILLER_BODY~L2.3~W1.8~H1.8~foam_4g,UP TO 2.3 CHILLER BODY,25,CHILLER 2.3 METER,foam_4g,2.3,1.8,1.8,ALUMINIUM,ALUMINIUM,4084.066,4084.07,0.0,PASS,,,
UP_TO_2.3_CHILLER_BODY~L2.3~W1.8~H1.8~foam_4g,UP TO 2.3 CHILLER BODY,25,CHILLER 2.3 METER,foam_4g,2.3,1.8,1.8,SUB FRAME + LIGHT BOX ASSY,SUB FRAME + LIGHT BOX ASSY,3237.538286,3237.54,0.0,PASS,,,
UP_TO_2.3_CHILLER_BODY~L2.3~W1.8~H1.8~foam_4g,UP TO 2.3 CHILLER BODY,25,CHILLER 2.3 METER,foam_4g,2.3,1.8,1.8,REAR FRAME + FLOOR PLATE,REAR FRAME & FLOOR PLATE,2447.54552,2447.57,0.001,PASS,,,
UP_TO_2.3_CHILLER_BODY~L2.3~W1.8~H1.8~foam_4g,UP TO 2.3 CHILLER BODY,25,CHILLER 2.3 METER,foam_4g,2.3,1.8,1.8,SPRAY PAINTING,SPRAY PAINTING,750.0,750.0,0.0,PASS,,,
UP_TO_2.3_CHILLER_BODY~L2.3~W1.8~H1.8~srd_pu,UP TO 2.3 CHILLER BODY,25,CHILLER 2.3 METER,srd_pu,2.3,1.8,1.8,FRONT,FRONT,2096.716046,2103.32,0.315,PASS,,,
UP_TO_2.3_CHILLER_BODY~L2.3~W1.8~H1.8~srd_pu,UP TO 2.3 CHILLER BODY,25,CHILLER 2.3 METER,srd_pu,2.3,1.8,1.8,SRD,SRD,2407.621007,2407.6,0.001,PASS,,,
UP_TO_2.3_CHILLER_BODY~L2.3~W1.8~H1.8~srd_pu,UP TO 2.3 CHILLER BODY,25,CHILLER 2.3 METER,srd_pu,2.3,1.8,1.8,SRD DOOR FITTINGS,SRD DOOR FITTINGS,5501.00542,5501.01,0.0,PASS,,,
UP_TO_2.3_CHILLER_BODY~L2.3~W1.8~H1.8~srd_pu,UP TO 2.3 CHILLER BODY,25,CHILLER 2.3 METER,srd_pu,2.3,1.8,1.8,DRD,,0.0,,,SKIP,,,
UP_TO_2.3_CHILLER_BODY~L2.3~W1.8~H1.8~srd_pu,UP TO 2.3 CHILLER BODY,25,CHILLER 2.3 METER,srd_pu,2.3,1.8,1.8,DRD DOOR FITTINGS,,0.0,,,SKIP,,,
UP_TO_2.3_CHILLER_BODY~L2.3~W1.8~H1.8~srd_pu,UP TO 2.3 CHILLER BODY,25,CHILLER 2.3 METER,srd_pu,2.3,1.8,1.8,SIDES,SIDES,5798.798598,5814.38,0.269,PASS,,,
UP_TO_2.3_CHILLER_BODY~L2.3~W1.8~H1.8~srd_pu,UP TO 2.3 CHILLER BODY,25,CHILLER 2.3 METER,srd_pu,2.3,1.8,1.8,ROOF,ROOF,3276.021431,3292.57,0.505,PASS,,,
UP_TO_2.3_CHILLER_BODY~L2.3~W1.8~H1.8~srd_pu,UP TO 2.3 CHILLER BODY,25,CHILLER 2.3 METER,srd_pu,2.3,1.8,1.8,FLOOR,FLOOR,6094.167818,6094.17,0.0,PASS,,,
UP_TO_2.3_CHILLER_BODY~L2.3~W1.8~H1.8~srd_pu,UP TO 2.3 CHILLER BODY,25,CHILLER 2.3 METER,srd_pu,2.3,1.8,1.8,ALUMINIUM,ALUMINIUM,4084.066,4084.07,0.0,PASS,,,
UP_TO_2.3_CHILLER_BODY~L2.3~W1.8~H1.8~srd_pu,UP TO 2.3 CHILLER BODY,25,CHILLER 2.3 METER,srd_pu,2.3,1.8,1.8,SUB FRAME + LIGHT BOX ASSY,SUB FRAME + LIGHT BOX ASSY,3237.538286,3237.54,0.0,PASS,,,
UP_TO_2.3_CHILLER_BODY~L2.3~W1.8~H1.8~srd_pu,UP TO 2.3 CHILLER BODY,25,CHILLER 2.3 METER,srd_pu,2.3,1.8,1.8,REAR FRAME + FLOOR PLATE,REAR FRAME & FLOOR PLATE,0.0,2447.57,,ACCEPTED,EXTRA_IN_MES,,"[RULING] Burt gates REAR FRAME + FLOOR PLATE on the DRD flags, so a single-rear-door body carries R0 there; MES always includes the section (R2.4k-R5.5k). Which is right needs Burt/Michael."
UP_TO_2.3_CHILLER_BODY~L2.3~W1.8~H1.8~srd_pu,UP TO 2.3 CHILLER BODY,25,CHILLER 2.3 METER,srd_pu,2.3,1.8,1.8,SPRAY PAINTING,SPRAY PAINTING,750.0,750.0,0.0,PASS,,,
UP_TO_2.3_CHILLER_BODY~L2.7~W1.8~H1.8~as_sheet,UP TO 2.3 CHILLER BODY,25,CHILLER 2.3 METER,as_sheet,2.7,1.8,1.8,FRONT,FRONT,2103.338848,2103.32,0.001,PASS,,,
UP_TO_2.3_CHILLER_BODY~L2.7~W1.8~H1.8~as_sheet,UP TO 2.3 CHILLER BODY,25,CHILLER 2.3 METER,as_sheet,2.7,1.8,1.8,SRD,,0.0,,,SKIP,,,
UP_TO_2.3_CHILLER_BODY~L2.7~W1.8~H1.8~as_sheet,UP TO 2.3 CHILLER BODY,25,CHILLER 2.3 METER,as_sheet,2.7,1.8,1.8,SRD DOOR FITTINGS,,0.0,,,SKIP,,,
UP_TO_2.3_CHILLER_BODY~L2.7~W1.8~H1.8~as_sheet,UP TO 2.3 CHILLER BODY,25,CHILLER 2.3 METER,as_sheet,2.7,1.8,1.8,DRD,DRD,2847.785049,2847.76,0.001,PASS,,,
UP_TO_2.3_CHILLER_BODY~L2.7~W1.8~H1.8~as_sheet,UP TO 2.3 CHILLER BODY,25,CHILLER 2.3 METER,as_sheet,2.7,1.8,1.8,DRD DOOR FITTINGS,DRD DOOR FITTINGS,4799.12194,4799.12,0.0,PASS,,,
UP_TO_2.3_CHILLER_BODY~L2.7~W1.8~H1.8~as_sheet,UP TO 2.3 CHILLER BODY,25,CHILLER 2.3 METER,as_sheet,2.7,1.8,1.8,SIDES,SIDES,6728.527259,6728.46,0.001,PASS,,,
UP_TO_2.3_CHILLER_BODY~L2.7~W1.8~H1.8~as_sheet,UP TO 2.3 CHILLER BODY,25,CHILLER 2.3 METER,as_sheet,2.7,1.8,1.8,ROOF,ROOF,3808.832567,3808.8,0.001,PASS,,,
UP_TO_2.3_CHILLER_BODY~L2.7~W1.8~H1.8~as_sheet,UP TO 2.3 CHILLER BODY,25,CHILLER 2.3 METER,as_sheet,2.7,1.8,1.8,FLOOR,FLOOR,6960.252319,6960.25,0.0,PASS,,,
UP_TO_2.3_CHILLER_BODY~L2.7~W1.8~H1.8~as_sheet,UP TO 2.3 CHILLER BODY,25,CHILLER 2.3 METER,as_sheet,2.7,1.8,1.8,ALUMINIUM,ALUMINIUM,4518.666,4518.67,0.0,PASS,,,
UP_TO_2.3_CHILLER_BODY~L2.7~W1.8~H1.8~as_sheet,UP TO 2.3 CHILLER BODY,25,CHILLER 2.3 METER,as_sheet,2.7,1.8,1.8,SUB FRAME + LIGHT BOX ASSY,SUB FRAME + LIGHT BOX ASSY,3361.850174,3361.85,0.0,PASS,,,
UP_TO_2.3_CHILLER_BODY~L2.7~W1.8~H1.8~as_sheet,UP TO 2.3 CHILLER BODY,25,CHILLER 2.3 METER,as_sheet,2.7,1.8,1.8,REAR FRAME + FLOOR PLATE,REAR FRAME & FLOOR PLATE,2447.54552,2447.57,0.001,PASS,,,
UP_TO_2.3_CHILLER_BODY~L2.7~W1.8~H1.8~as_sheet,UP TO 2.3 CHILLER BODY,25,CHILLER 2.3 METER,as_sheet,2.7,1.8,1.8,SPRAY PAINTING,SPRAY PAINTING,750.0,750.0,0.0,PASS,,,
UP_TO_2.3_CHILLER_BODY~L2.7~W1.8~H1.8~all_eps,UP TO 2.3 CHILLER BODY,25,CHILLER 2.3 METER,all_eps,2.7,1.8,1.8,FRONT,FRONT,2103.338848,2103.32,0.001,PASS,,,
UP_TO_2.3_CHILLER_BODY~L2.7~W1.8~H1.8~all_eps,UP TO 2.3 CHILLER BODY,25,CHILLER 2.3 METER,all_eps,2.7,1.8,1.8,SRD,,0.0,,,SKIP,,,
UP_TO_2.3_CHILLER_BODY~L2.7~W1.8~H1.8~all_eps,UP TO 2.3 CHILLER BODY,25,CHILLER 2.3 METER,all_eps,2.7,1.8,1.8,SRD DOOR FITTINGS,,0.0,,,SKIP,,,
UP_TO_2.3_CHILLER_BODY~L2.7~W1.8~H1.8~all_eps,UP TO 2.3 CHILLER BODY,25,CHILLER 2.3 METER,all_eps,2.7,1.8,1.8,DRD,DRD,2847.785049,2847.76,0.001,PASS,,,
UP_TO_2.3_CHILLER_BODY~L2.7~W1.8~H1.8~all_eps,UP TO 2.3 CHILLER BODY,25,CHILLER 2.3 METER,all_eps,2.7,1.8,1.8,DRD DOOR FITTINGS,DRD DOOR FITTINGS,4799.12194,4799.12,0.0,PASS,,,
UP_TO_2.3_CHILLER_BODY~L2.7~W1.8~H1.8~all_eps,UP TO 2.3 CHILLER BODY,25,CHILLER 2.3 METER,all_eps,2.7,1.8,1.8,SIDES,SIDES,6728.527259,6728.46,0.001,PASS,,,
UP_TO_2.3_CHILLER_BODY~L2.7~W1.8~H1.8~all_eps,UP TO 2.3 CHILLER BODY,25,CHILLER 2.3 METER,all_eps,2.7,1.8,1.8,ROOF,ROOF,3808.832567,3808.8,0.001,PASS,,,
UP_TO_2.3_CHILLER_BODY~L2.7~W1.8~H1.8~all_eps,UP TO 2.3 CHILLER BODY,25,CHILLER 2.3 METER,all_eps,2.7,1.8,1.8,FLOOR,FLOOR,6960.252319,6960.25,0.0,PASS,,,
UP_TO_2.3_CHILLER_BODY~L2.7~W1.8~H1.8~all_eps,UP TO 2.3 CHILLER BODY,25,CHILLER 2.3 METER,all_eps,2.7,1.8,1.8,ALUMINIUM,ALUMINIUM,4518.666,4518.67,0.0,PASS,,,
UP_TO_2.3_CHILLER_BODY~L2.7~W1.8~H1.8~all_eps,UP TO 2.3 CHILLER BODY,25,CHILLER 2.3 METER,all_eps,2.7,1.8,1.8,SUB FRAME + LIGHT BOX ASSY,SUB FRAME + LIGHT BOX ASSY,3361.850174,3361.85,0.0,PASS,,,
UP_TO_2.3_CHILLER_BODY~L2.7~W1.8~H1.8~all_eps,UP TO 2.3 CHILLER BODY,25,CHILLER 2.3 METER,all_eps,2.7,1.8,1.8,REAR FRAME + FLOOR PLATE,REAR FRAME & FLOOR PLATE,2447.54552,2447.57,0.001,PASS,,,
UP_TO_2.3_CHILLER_BODY~L2.7~W1.8~H1.8~all_eps,UP TO 2.3 CHILLER BODY,25,CHILLER 2.3 METER,all_eps,2.7,1.8,1.8,SPRAY PAINTING,SPRAY PAINTING,750.0,750.0,0.0,PASS,,,
UP_TO_2.3_CHILLER_BODY~L2.7~W1.8~H1.8~all_pu,UP TO 2.3 CHILLER BODY,25,CHILLER 2.3 METER,all_pu,2.7,1.8,1.8,FRONT,FRONT,2325.74899,2326.32,0.025,PASS,,,
UP_TO_2.3_CHILLER_BODY~L2.7~W1.8~H1.8~all_pu,UP TO 2.3 CHILLER BODY,25,CHILLER 2.3 METER,all_pu,2.7,1.8,1.8,SRD,,0.0,,,SKIP,,,
UP_TO_2.3_CHILLER_BODY~L2.7~W1.8~H1.8~all_pu,UP TO 2.3 CHILLER BODY,25,CHILLER 2.3 METER,all_pu,2.7,1.8,1.8,SRD DOOR FITTINGS,,0.0,,,SKIP,,,
UP_TO_2.3_CHILLER_BODY~L2.7~W1.8~H1.8~all_pu,UP TO 2.3 CHILLER BODY,25,CHILLER 2.3 METER,all_pu,2.7,1.8,1.8,DRD,DRD,3484.659832,3605.39,3.465,ACCEPTED,,BOTH PU (+552.49),[RULING] PROD prices chiller PU at R334.50/sheet (the September 32D rate) where Burt's chiller sheets hard-code a 2018 rate (3090 -> R185.20/sheet): MES +R890 (front) to +R4k (sides) per PU panel. Prod is likely the current one; Burt's sheets need the [1]PU! link.
UP_TO_2.3_CHILLER_BODY~L2.7~W1.8~H1.8~all_pu,UP TO 2.3 CHILLER BODY,25,CHILLER 2.3 METER,all_pu,2.7,1.8,1.8,DRD DOOR FITTINGS,DRD DOOR FITTINGS,4862.51126,4862.51,0.0,PASS,,,
UP_TO_2.3_CHILLER_BODY~L2.7~W1.8~H1.8~all_pu,UP TO 2.3 CHILLER BODY,25,CHILLER 2.3 METER,all_pu,2.7,1.8,1.8,SIDES,SIDES,6778.833384,6779.95,0.016,PASS,,,
UP_TO_2.3_CHILLER_BODY~L2.7~W1.8~H1.8~all_pu,UP TO 2.3 CHILLER BODY,25,CHILLER 2.3 METER,all_pu,2.7,1.8,1.8,ROOF,ROOF,3710.654598,3711.37,0.019,PASS,,,
UP_TO_2.3_CHILLER_BODY~L2.7~W1.8~H1.8~all_pu,UP TO 2.3 CHILLER BODY,25,CHILLER 2.3 METER,all_pu,2.7,1.8,1.8,FLOOR,FLOOR,6862.07435,6862.82,0.011,PASS,,,
UP_TO_2.3_CHILLER_BODY~L2.7~W1.8~H1.8~all_pu,UP TO 2.3 CHILLER BODY,25,CHILLER 2.3 METER,all_pu,2.7,1.8,1.8,ALUMINIUM,ALUMINIUM,4518.666,4518.67,0.0,PASS,,,
UP_TO_2.3_CHILLER_BODY~L2.7~W1.8~H1.8~all_pu,UP TO 2.3 CHILLER BODY,25,CHILLER 2.3 METER,all_pu,2.7,1.8,1.8,SUB FRAME + LIGHT BOX ASSY,SUB FRAME + LIGHT BOX ASSY,3361.850174,3361.85,0.0,PASS,,,
UP_TO_2.3_CHILLER_BODY~L2.7~W1.8~H1.8~all_pu,UP TO 2.3 CHILLER BODY,25,CHILLER 2.3 METER,all_pu,2.7,1.8,1.8,REAR FRAME + FLOOR PLATE,REAR FRAME & FLOOR PLATE,2447.54552,2447.57,0.001,PASS,,,
UP_TO_2.3_CHILLER_BODY~L2.7~W1.8~H1.8~all_pu,UP TO 2.3 CHILLER BODY,25,CHILLER 2.3 METER,all_pu,2.7,1.8,1.8,SPRAY PAINTING,SPRAY PAINTING,750.0,750.0,0.0,PASS,,,
UP_TO_2.3_CHILLER_BODY~L2.7~W1.8~H1.8~srd,UP TO 2.3 CHILLER BODY,25,CHILLER 2.3 METER,srd,2.7,1.8,1.8,FRONT,FRONT,2103.338848,2103.32,0.001,PASS,,,
UP_TO_2.3_CHILLER_BODY~L2.7~W1.8~H1.8~srd,UP TO 2.3 CHILLER BODY,25,CHILLER 2.3 METER,srd,2.7,1.8,1.8,SRD,SRD,2315.702868,2231.48,3.637,ACCEPTED,,GROUP_DIFF 130*62MM TAPPING BLOCKS ~ 1 MES line(s) (-60.00),[DATA] 130*62MM TAPPING BLOCKS: on prod the icecream and EXPLOSIVE 4.9 AND UP bodies price them differently from Burt (missing or one size only); the chillers/freezers match.
UP_TO_2.3_CHILLER_BODY~L2.7~W1.8~H1.8~srd,UP TO 2.3 CHILLER BODY,25,CHILLER 2.3 METER,srd,2.7,1.8,1.8,SRD DOOR FITTINGS,SRD DOOR FITTINGS,5501.00542,5501.01,0.0,PASS,,,
UP_TO_2.3_CHILLER_BODY~L2.7~W1.8~H1.8~srd,UP TO 2.3 CHILLER BODY,25,CHILLER 2.3 METER,srd,2.7,1.8,1.8,DRD,,0.0,,,SKIP,,,
UP_TO_2.3_CHILLER_BODY~L2.7~W1.8~H1.8~srd,UP TO 2.3 CHILLER BODY,25,CHILLER 2.3 METER,srd,2.7,1.8,1.8,DRD DOOR FITTINGS,,0.0,,,SKIP,,,
UP_TO_2.3_CHILLER_BODY~L2.7~W1.8~H1.8~srd,UP TO 2.3 CHILLER BODY,25,CHILLER 2.3 METER,srd,2.7,1.8,1.8,SIDES,SIDES,6728.527259,6728.46,0.001,PASS,,,
UP_TO_2.3_CHILLER_BODY~L2.7~W1.8~H1.8~srd,UP TO 2.3 CHILLER BODY,25,CHILLER 2.3 METER,srd,2.7,1.8,1.8,ROOF,ROOF,3808.832567,3808.8,0.001,PASS,,,
UP_TO_2.3_CHILLER_BODY~L2.7~W1.8~H1.8~srd,UP TO 2.3 CHILLER BODY,25,CHILLER 2.3 METER,srd,2.7,1.8,1.8,FLOOR,FLOOR,6960.252319,6960.25,0.0,PASS,,,
UP_TO_2.3_CHILLER_BODY~L2.7~W1.8~H1.8~srd,UP TO 2.3 CHILLER BODY,25,CHILLER 2.3 METER,srd,2.7,1.8,1.8,ALUMINIUM,ALUMINIUM,4518.666,4518.67,0.0,PASS,,,
UP_TO_2.3_CHILLER_BODY~L2.7~W1.8~H1.8~srd,UP TO 2.3 CHILLER BODY,25,CHILLER 2.3 METER,srd,2.7,1.8,1.8,SUB FRAME + LIGHT BOX ASSY,SUB FRAME + LIGHT BOX ASSY,3361.850174,3361.85,0.0,PASS,,,
UP_TO_2.3_CHILLER_BODY~L2.7~W1.8~H1.8~srd,UP TO 2.3 CHILLER BODY,25,CHILLER 2.3 METER,srd,2.7,1.8,1.8,REAR FRAME + FLOOR PLATE,REAR FRAME & FLOOR PLATE,0.0,2447.57,,ACCEPTED,EXTRA_IN_MES,,"[RULING] Burt gates REAR FRAME + FLOOR PLATE on the DRD flags, so a single-rear-door body carries R0 there; MES always includes the section (R2.4k-R5.5k). Which is right needs Burt/Michael."
UP_TO_2.3_CHILLER_BODY~L2.7~W1.8~H1.8~srd,UP TO 2.3 CHILLER BODY,25,CHILLER 2.3 METER,srd,2.7,1.8,1.8,SPRAY PAINTING,SPRAY PAINTING,750.0,750.0,0.0,PASS,,,
UP_TO_2.3_CHILLER_BODY~L2.7~W1.8~H1.8~drd,UP TO 2.3 CHILLER BODY,25,CHILLER 2.3 METER,drd,2.7,1.8,1.8,FRONT,FRONT,2103.338848,2103.32,0.001,PASS,,,
UP_TO_2.3_CHILLER_BODY~L2.7~W1.8~H1.8~drd,UP TO 2.3 CHILLER BODY,25,CHILLER 2.3 METER,drd,2.7,1.8,1.8,SRD,,0.0,,,SKIP,,,
UP_TO_2.3_CHILLER_BODY~L2.7~W1.8~H1.8~drd,UP TO 2.3 CHILLER BODY,25,CHILLER 2.3 METER,drd,2.7,1.8,1.8,SRD DOOR FITTINGS,,0.0,,,SKIP,,,
UP_TO_2.3_CHILLER_BODY~L2.7~W1.8~H1.8~drd,UP TO 2.3 CHILLER BODY,25,CHILLER 2.3 METER,drd,2.7,1.8,1.8,DRD,DRD,2847.785049,2847.76,0.001,PASS,,,
UP_TO_2.3_CHILLER_BODY~L2.7~W1.8~H1.8~drd,UP TO 2.3 CHILLER BODY,25,CHILLER 2.3 METER,drd,2.7,1.8,1.8,DRD DOOR FITTINGS,DRD DOOR FITTINGS,4799.12194,4799.12,0.0,PASS,,,
UP_TO_2.3_CHILLER_BODY~L2.7~W1.8~H1.8~drd,UP TO 2.3 CHILLER BODY,25,CHILLER 2.3 METER,drd,2.7,1.8,1.8,SIDES,SIDES,6728.527259,6728.46,0.001,PASS,,,
UP_TO_2.3_CHILLER_BODY~L2.7~W1.8~H1.8~drd,UP TO 2.3 CHILLER BODY,25,CHILLER 2.3 METER,drd,2.7,1.8,1.8,ROOF,ROOF,3808.832567,3808.8,0.001,PASS,,,
UP_TO_2.3_CHILLER_BODY~L2.7~W1.8~H1.8~drd,UP TO 2.3 CHILLER BODY,25,CHILLER 2.3 METER,drd,2.7,1.8,1.8,FLOOR,FLOOR,6960.252319,6960.25,0.0,PASS,,,
UP_TO_2.3_CHILLER_BODY~L2.7~W1.8~H1.8~drd,UP TO 2.3 CHILLER BODY,25,CHILLER 2.3 METER,drd,2.7,1.8,1.8,ALUMINIUM,ALUMINIUM,4518.666,4518.67,0.0,PASS,,,
UP_TO_2.3_CHILLER_BODY~L2.7~W1.8~H1.8~drd,UP TO 2.3 CHILLER BODY,25,CHILLER 2.3 METER,drd,2.7,1.8,1.8,SUB FRAME + LIGHT BOX ASSY,SUB FRAME + LIGHT BOX ASSY,3361.850174,3361.85,0.0,PASS,,,
UP_TO_2.3_CHILLER_BODY~L2.7~W1.8~H1.8~drd,UP TO 2.3 CHILLER BODY,25,CHILLER 2.3 METER,drd,2.7,1.8,1.8,REAR FRAME + FLOOR PLATE,REAR FRAME & FLOOR PLATE,2447.54552,2447.57,0.001,PASS,,,
UP_TO_2.3_CHILLER_BODY~L2.7~W1.8~H1.8~drd,UP TO 2.3 CHILLER BODY,25,CHILLER 2.3 METER,drd,2.7,1.8,1.8,SPRAY PAINTING,SPRAY PAINTING,750.0,750.0,0.0,PASS,,,
UP_TO_2.3_CHILLER_BODY~L2.7~W1.8~H1.8~foam_4g,UP TO 2.3 CHILLER BODY,25,CHILLER 2.3 METER,foam_4g,2.7,1.8,1.8,FRONT,FRONT,2103.338848,2103.32,0.001,PASS,,,
UP_TO_2.3_CHILLER_BODY~L2.7~W1.8~H1.8~foam_4g,UP TO 2.3 CHILLER BODY,25,CHILLER 2.3 METER,foam_4g,2.7,1.8,1.8,SRD,,0.0,,,SKIP,,,
UP_TO_2.3_CHILLER_BODY~L2.7~W1.8~H1.8~foam_4g,UP TO 2.3 CHILLER BODY,25,CHILLER 2.3 METER,foam_4g,2.7,1.8,1.8,SRD DOOR FITTINGS,,0.0,,,SKIP,,,
UP_TO_2.3_CHILLER_BODY~L2.7~W1.8~H1.8~foam_4g,UP TO 2.3 CHILLER BODY,25,CHILLER 2.3 METER,foam_4g,2.7,1.8,1.8,DRD,DRD,2847.785049,2847.76,0.001,PASS,,,
UP_TO_2.3_CHILLER_BODY~L2.7~W1.8~H1.8~foam_4g,UP TO 2.3 CHILLER BODY,25,CHILLER 2.3 METER,foam_4g,2.7,1.8,1.8,DRD DOOR FITTINGS,DRD DOOR FITTINGS,4799.12194,4799.12,0.0,PASS,,,
UP_TO_2.3_CHILLER_BODY~L2.7~W1.8~H1.8~foam_4g,UP TO 2.3 CHILLER BODY,25,CHILLER 2.3 METER,foam_4g,2.7,1.8,1.8,SIDES,SIDES,6728.527259,6728.46,0.001,PASS,,,
UP_TO_2.3_CHILLER_BODY~L2.7~W1.8~H1.8~foam_4g,UP TO 2.3 CHILLER BODY,25,CHILLER 2.3 METER,foam_4g,2.7,1.8,1.8,ROOF,ROOF,3808.832567,3808.8,0.001,PASS,,,
UP_TO_2.3_CHILLER_BODY~L2.7~W1.8~H1.8~foam_4g,UP TO 2.3 CHILLER BODY,25,CHILLER 2.3 METER,foam_4g,2.7,1.8,1.8,FLOOR,FLOOR,6960.252319,6960.25,0.0,PASS,,,
UP_TO_2.3_CHILLER_BODY~L2.7~W1.8~H1.8~foam_4g,UP TO 2.3 CHILLER BODY,25,CHILLER 2.3 METER,foam_4g,2.7,1.8,1.8,ALUMINIUM,ALUMINIUM,4518.666,4518.67,0.0,PASS,,,
UP_TO_2.3_CHILLER_BODY~L2.7~W1.8~H1.8~foam_4g,UP TO 2.3 CHILLER BODY,25,CHILLER 2.3 METER,foam_4g,2.7,1.8,1.8,SUB FRAME + LIGHT BOX ASSY,SUB FRAME + LIGHT BOX ASSY,3361.850174,3361.85,0.0,PASS,,,
UP_TO_2.3_CHILLER_BODY~L2.7~W1.8~H1.8~foam_4g,UP TO 2.3 CHILLER BODY,25,CHILLER 2.3 METER,foam_4g,2.7,1.8,1.8,REAR FRAME + FLOOR PLATE,REAR FRAME & FLOOR PLATE,2447.54552,2447.57,0.001,PASS,,,
UP_TO_2.3_CHILLER_BODY~L2.7~W1.8~H1.8~foam_4g,UP TO 2.3 CHILLER BODY,25,CHILLER 2.3 METER,foam_4g,2.7,1.8,1.8,SPRAY PAINTING,SPRAY PAINTING,750.0,750.0,0.0,PASS,,,
UP_TO_2.3_CHILLER_BODY~L2.7~W1.8~H1.8~srd_pu,UP TO 2.3 CHILLER BODY,25,CHILLER 2.3 METER,srd_pu,2.7,1.8,1.8,FRONT,FRONT,2096.716046,2103.32,0.315,PASS,,,
UP_TO_2.3_CHILLER_BODY~L2.7~W1.8~H1.8~srd_pu,UP TO 2.3 CHILLER BODY,25,CHILLER 2.3 METER,srd_pu,2.7,1.8,1.8,SRD,SRD,2407.621007,2407.6,0.001,PASS,,,
UP_TO_2.3_CHILLER_BODY~L2.7~W1.8~H1.8~srd_pu,UP TO 2.3 CHILLER BODY,25,CHILLER 2.3 METER,srd_pu,2.7,1.8,1.8,SRD DOOR FITTINGS,SRD DOOR FITTINGS,5501.00542,5501.01,0.0,PASS,,,
UP_TO_2.3_CHILLER_BODY~L2.7~W1.8~H1.8~srd_pu,UP TO 2.3 CHILLER BODY,25,CHILLER 2.3 METER,srd_pu,2.7,1.8,1.8,DRD,,0.0,,,SKIP,,,
UP_TO_2.3_CHILLER_BODY~L2.7~W1.8~H1.8~srd_pu,UP TO 2.3 CHILLER BODY,25,CHILLER 2.3 METER,srd_pu,2.7,1.8,1.8,DRD DOOR FITTINGS,,0.0,,,SKIP,,,
UP_TO_2.3_CHILLER_BODY~L2.7~W1.8~H1.8~srd_pu,UP TO 2.3 CHILLER BODY,25,CHILLER 2.3 METER,srd_pu,2.7,1.8,1.8,SIDES,SIDES,6711.34043,6728.46,0.255,PASS,,,
UP_TO_2.3_CHILLER_BODY~L2.7~W1.8~H1.8~srd_pu,UP TO 2.3 CHILLER BODY,25,CHILLER 2.3 METER,srd_pu,2.7,1.8,1.8,ROOF,ROOF,3790.669306,3808.8,0.478,PASS,,,
UP_TO_2.3_CHILLER_BODY~L2.7~W1.8~H1.8~srd_pu,UP TO 2.3 CHILLER BODY,25,CHILLER 2.3 METER,srd_pu,2.7,1.8,1.8,FLOOR,FLOOR,6960.252319,6960.25,0.0,PASS,,,
UP_TO_2.3_CHILLER_BODY~L2.7~W1.8~H1.8~srd_pu,UP TO 2.3 CHILLER BODY,25,CHILLER 2.3 METER,srd_pu,2.7,1.8,1.8,ALUMINIUM,ALUMINIUM,4518.666,4518.67,0.0,PASS,,,
UP_TO_2.3_CHILLER_BODY~L2.7~W1.8~H1.8~srd_pu,UP TO 2.3 CHILLER BODY,25,CHILLER 2.3 METER,srd_pu,2.7,1.8,1.8,SUB FRAME + LIGHT BOX ASSY,SUB FRAME + LIGHT BOX ASSY,3361.850174,3361.85,0.0,PASS,,,
UP_TO_2.3_CHILLER_BODY~L2.7~W1.8~H1.8~srd_pu,UP TO 2.3 CHILLER BODY,25,CHILLER 2.3 METER,srd_pu,2.7,1.8,1.8,REAR FRAME + FLOOR PLATE,REAR FRAME & FLOOR PLATE,0.0,2447.57,,ACCEPTED,EXTRA_IN_MES,,"[RULING] Burt gates REAR FRAME + FLOOR PLATE on the DRD flags, so a single-rear-door body carries R0 there; MES always includes the section (R2.4k-R5.5k). Which is right needs Burt/Michael."
UP_TO_2.3_CHILLER_BODY~L2.7~W1.8~H1.8~srd_pu,UP TO 2.3 CHILLER BODY,25,CHILLER 2.3 METER,srd_pu,2.7,1.8,1.8,SPRAY PAINTING,SPRAY PAINTING,750.0,750.0,0.0,PASS,,,
UP_TO_5.5_CHILLER_AND_2.~L3~W2.3~H2.3~as_sheet,UP TO 5.5 CHILLER AND 2.3 WIDE,26,CHILLER MEDIUM,as_sheet,3.0,2.3,2.3,FRONT,FRONT,4250.996789,4250.95,0.001,PASS,,,
UP_TO_5.5_CHILLER_AND_2.~L3~W2.3~H2.3~as_sheet,UP TO 5.5 CHILLER AND 2.3 WIDE,26,CHILLER MEDIUM,as_sheet,3.0,2.3,2.3,SRD,,0.0,,,SKIP,,,
UP_TO_5.5_CHILLER_AND_2.~L3~W2.3~H2.3~as_sheet,UP TO 5.5 CHILLER AND 2.3 WIDE,26,CHILLER MEDIUM,as_sheet,3.0,2.3,2.3,SRD DOOR FITTINGS,,0.0,,,SKIP,,,
UP_TO_5.5_CHILLER_AND_2.~L3~W2.3~H2.3~as_sheet,UP TO 5.5 CHILLER AND 2.3 WIDE,26,CHILLER MEDIUM,as_sheet,3.0,2.3,2.3,DRD,DRD,4550.659701,4550.61,0.001,PASS,,,
UP_TO_5.5_CHILLER_AND_2.~L3~W2.3~H2.3~as_sheet,UP TO 5.5 CHILLER AND 2.3 WIDE,26,CHILLER MEDIUM,as_sheet,3.0,2.3,2.3,DRD DOOR FITTINGS,DRD DOOR FITTINGS,5450.13694,5450.14,0.0,PASS,,,
UP_TO_5.5_CHILLER_AND_2.~L3~W2.3~H2.3~as_sheet,UP TO 5.5 CHILLER AND 2.3 WIDE,26,CHILLER MEDIUM,as_sheet,3.0,2.3,2.3,SIDES,SIDES,10602.213575,10602.07,0.001,PASS,,,
UP_TO_5.5_CHILLER_AND_2.~L3~W2.3~H2.3~as_sheet,UP TO 5.5 CHILLER AND 2.3 WIDE,26,CHILLER MEDIUM,as_sheet,3.0,2.3,2.3,ROOF,ROOF,5231.045145,5230.99,0.001,PASS,,,
UP_TO_5.5_CHILLER_AND_2.~L3~W2.3~H2.3~as_sheet,UP TO 5.5 CHILLER AND 2.3 WIDE,26,CHILLER MEDIUM,as_sheet,3.0,2.3,2.3,FLOOR,FLOOR,9354.131097,9354.13,0.0,PASS,,,
UP_TO_5.5_CHILLER_AND_2.~L3~W2.3~H2.3~as_sheet,UP TO 5.5 CHILLER AND 2.3 WIDE,26,CHILLER MEDIUM,as_sheet,3.0,2.3,2.3,ALUMINIUM,ALUMINIUM,5150.741,5150.74,0.0,PASS,,,
UP_TO_5.5_CHILLER_AND_2.~L3~W2.3~H2.3~as_sheet,UP TO 5.5 CHILLER AND 2.3 WIDE,26,CHILLER MEDIUM,as_sheet,3.0,2.3,2.3,SUB FRAME + LIGHT BOX ASSY,SUB FRAME + LIGHT BOX ASSY,6891.316432,6891.32,0.0,PASS,,,
UP_TO_5.5_CHILLER_AND_2.~L3~W2.3~H2.3~as_sheet,UP TO 5.5 CHILLER AND 2.3 WIDE,26,CHILLER MEDIUM,as_sheet,3.0,2.3,2.3,REAR FRAME + FLOOR PLATE,REAR FRAME & FLOOR PLATE,3129.9508,3129.75,0.006,PASS,,,
UP_TO_5.5_CHILLER_AND_2.~L3~W2.3~H2.3~as_sheet,UP TO 5.5 CHILLER AND 2.3 WIDE,26,CHILLER MEDIUM,as_sheet,3.0,2.3,2.3,SPRAY PAINTING,SPRAY PAINTING,750.0,750.0,0.0,PASS,,,
UP_TO_5.5_CHILLER_AND_2.~L3~W2.3~H2.3~as_sheet,UP TO 5.5 CHILLER AND 2.3 WIDE,26,CHILLER MEDIUM,as_sheet,3.0,2.3,2.3,REFLEXITE TAPE,REFLEXITE TAPE,149.4,149.4,0.0,PASS,,,
UP_TO_5.5_CHILLER_AND_2.~L3~W2.3~H2.3~all_eps,UP TO 5.5 CHILLER AND 2.3 WIDE,26,CHILLER MEDIUM,all_eps,3.0,2.3,2.3,FRONT,FRONT,4250.996789,4250.95,0.001,PASS,,,
UP_TO_5.5_CHILLER_AND_2.~L3~W2.3~H2.3~all_eps,UP TO 5.5 CHILLER AND 2.3 WIDE,26,CHILLER MEDIUM,all_eps,3.0,2.3,2.3,SRD,,0.0,,,SKIP,,,
UP_TO_5.5_CHILLER_AND_2.~L3~W2.3~H2.3~all_eps,UP TO 5.5 CHILLER AND 2.3 WIDE,26,CHILLER MEDIUM,all_eps,3.0,2.3,2.3,SRD DOOR FITTINGS,,0.0,,,SKIP,,,
UP_TO_5.5_CHILLER_AND_2.~L3~W2.3~H2.3~all_eps,UP TO 5.5 CHILLER AND 2.3 WIDE,26,CHILLER MEDIUM,all_eps,3.0,2.3,2.3,DRD,DRD,4550.659701,4550.61,0.001,PASS,,,
UP_TO_5.5_CHILLER_AND_2.~L3~W2.3~H2.3~all_eps,UP TO 5.5 CHILLER AND 2.3 WIDE,26,CHILLER MEDIUM,all_eps,3.0,2.3,2.3,DRD DOOR FITTINGS,DRD DOOR FITTINGS,5450.13694,5450.14,0.0,PASS,,,
UP_TO_5.5_CHILLER_AND_2.~L3~W2.3~H2.3~all_eps,UP TO 5.5 CHILLER AND 2.3 WIDE,26,CHILLER MEDIUM,all_eps,3.0,2.3,2.3,SIDES,SIDES,10602.213575,10602.07,0.001,PASS,,,
UP_TO_5.5_CHILLER_AND_2.~L3~W2.3~H2.3~all_eps,UP TO 5.5 CHILLER AND 2.3 WIDE,26,CHILLER MEDIUM,all_eps,3.0,2.3,2.3,ROOF,ROOF,5231.045145,5230.99,0.001,PASS,,,
UP_TO_5.5_CHILLER_AND_2.~L3~W2.3~H2.3~all_eps,UP TO 5.5 CHILLER AND 2.3 WIDE,26,CHILLER MEDIUM,all_eps,3.0,2.3,2.3,FLOOR,FLOOR,9354.131097,9354.13,0.0,PASS,,,
UP_TO_5.5_CHILLER_AND_2.~L3~W2.3~H2.3~all_eps,UP TO 5.5 CHILLER AND 2.3 WIDE,26,CHILLER MEDIUM,all_eps,3.0,2.3,2.3,ALUMINIUM,ALUMINIUM,5150.741,5150.74,0.0,PASS,,,
UP_TO_5.5_CHILLER_AND_2.~L3~W2.3~H2.3~all_eps,UP TO 5.5 CHILLER AND 2.3 WIDE,26,CHILLER MEDIUM,all_eps,3.0,2.3,2.3,SUB FRAME + LIGHT BOX ASSY,SUB FRAME + LIGHT BOX ASSY,6891.316432,6891.32,0.0,PASS,,,
UP_TO_5.5_CHILLER_AND_2.~L3~W2.3~H2.3~all_eps,UP TO 5.5 CHILLER AND 2.3 WIDE,26,CHILLER MEDIUM,all_eps,3.0,2.3,2.3,REAR FRAME + FLOOR PLATE,REAR FRAME & FLOOR PLATE,3129.9508,3129.75,0.006,PASS,,,
UP_TO_5.5_CHILLER_AND_2.~L3~W2.3~H2.3~all_eps,UP TO 5.5 CHILLER AND 2.3 WIDE,26,CHILLER MEDIUM,all_eps,3.0,2.3,2.3,SPRAY PAINTING,SPRAY PAINTING,750.0,750.0,0.0,PASS,,,
UP_TO_5.5_CHILLER_AND_2.~L3~W2.3~H2.3~all_eps,UP TO 5.5 CHILLER AND 2.3 WIDE,26,CHILLER MEDIUM,all_eps,3.0,2.3,2.3,REFLEXITE TAPE,REFLEXITE TAPE,149.4,149.4,0.0,PASS,,,
UP_TO_5.5_CHILLER_AND_2.~L3~W2.3~H2.3~all_pu,UP TO 5.5 CHILLER AND 2.3 WIDE,26,CHILLER MEDIUM,all_pu,3.0,2.3,2.3,FRONT,FRONT,4852.924509,4854.06,0.023,PASS,,,
UP_TO_5.5_CHILLER_AND_2.~L3~W2.3~H2.3~all_pu,UP TO 5.5 CHILLER AND 2.3 WIDE,26,CHILLER MEDIUM,all_pu,3.0,2.3,2.3,SRD,,0.0,,,SKIP,,,
UP_TO_5.5_CHILLER_AND_2.~L3~W2.3~H2.3~all_pu,UP TO 5.5 CHILLER AND 2.3 WIDE,26,CHILLER MEDIUM,all_pu,3.0,2.3,2.3,SRD DOOR FITTINGS,,0.0,,,SKIP,,,
UP_TO_5.5_CHILLER_AND_2.~L3~W2.3~H2.3~all_pu,UP TO 5.5 CHILLER AND 2.3 WIDE,26,CHILLER MEDIUM,all_pu,3.0,2.3,2.3,DRD,DRD,5113.158748,5114.29,0.022,PASS,,,
UP_TO_5.5_CHILLER_AND_2.~L3~W2.3~H2.3~all_pu,UP TO 5.5 CHILLER AND 2.3 WIDE,26,CHILLER MEDIUM,all_pu,3.0,2.3,2.3,DRD DOOR FITTINGS,DRD DOOR FITTINGS,5513.52626,5513.53,0.0,PASS,,,
UP_TO_5.5_CHILLER_AND_2.~L3~W2.3~H2.3~all_pu,UP TO 5.5 CHILLER AND 2.3 WIDE,26,CHILLER MEDIUM,all_pu,3.0,2.3,2.3,SIDES,SIDES,11931.349807,11934.17,0.024,PASS,,,
UP_TO_5.5_CHILLER_AND_2.~L3~W2.3~H2.3~all_pu,UP TO 5.5 CHILLER AND 2.3 WIDE,26,CHILLER MEDIUM,all_pu,3.0,2.3,2.3,ROOF,ROOF,5854.703923,5856.53,0.031,PASS,,,
UP_TO_5.5_CHILLER_AND_2.~L3~W2.3~H2.3~all_pu,UP TO 5.5 CHILLER AND 2.3 WIDE,26,CHILLER MEDIUM,all_pu,3.0,2.3,2.3,FLOOR,FLOOR,9977.789875,9979.67,0.019,PASS,,,
UP_TO_5.5_CHILLER_AND_2.~L3~W2.3~H2.3~all_pu,UP TO 5.5 CHILLER AND 2.3 WIDE,26,CHILLER MEDIUM,all_pu,3.0,2.3,2.3,ALUMINIUM,ALUMINIUM,5150.741,5150.74,0.0,PASS,,,
UP_TO_5.5_CHILLER_AND_2.~L3~W2.3~H2.3~all_pu,UP TO 5.5 CHILLER AND 2.3 WIDE,26,CHILLER MEDIUM,all_pu,3.0,2.3,2.3,SUB FRAME + LIGHT BOX ASSY,SUB FRAME + LIGHT BOX ASSY,6891.316432,6891.32,0.0,PASS,,,
UP_TO_5.5_CHILLER_AND_2.~L3~W2.3~H2.3~all_pu,UP TO 5.5 CHILLER AND 2.3 WIDE,26,CHILLER MEDIUM,all_pu,3.0,2.3,2.3,REAR FRAME + FLOOR PLATE,REAR FRAME & FLOOR PLATE,3129.9508,3129.75,0.006,PASS,,,
UP_TO_5.5_CHILLER_AND_2.~L3~W2.3~H2.3~all_pu,UP TO 5.5 CHILLER AND 2.3 WIDE,26,CHILLER MEDIUM,all_pu,3.0,2.3,2.3,SPRAY PAINTING,SPRAY PAINTING,750.0,750.0,0.0,PASS,,,
UP_TO_5.5_CHILLER_AND_2.~L3~W2.3~H2.3~all_pu,UP TO 5.5 CHILLER AND 2.3 WIDE,26,CHILLER MEDIUM,all_pu,3.0,2.3,2.3,REFLEXITE TAPE,REFLEXITE TAPE,149.4,149.4,0.0,PASS,,,
UP_TO_5.5_CHILLER_AND_2.~L3~W2.3~H2.3~srd,UP TO 5.5 CHILLER AND 2.3 WIDE,26,CHILLER MEDIUM,srd,3.0,2.3,2.3,FRONT,FRONT,4250.996789,4250.95,0.001,PASS,,,
UP_TO_5.5_CHILLER_AND_2.~L3~W2.3~H2.3~srd,UP TO 5.5 CHILLER AND 2.3 WIDE,26,CHILLER MEDIUM,srd,3.0,2.3,2.3,SRD,SRD,3510.663632,3510.63,0.001,PASS,,,
UP_TO_5.5_CHILLER_AND_2.~L3~W2.3~H2.3~srd,UP TO 5.5 CHILLER AND 2.3 WIDE,26,CHILLER MEDIUM,srd,3.0,2.3,2.3,SRD DOOR FITTINGS,SRD DOOR FITTINGS,6166.05802,6226.24,0.976,PASS,,,
UP_TO_5.5_CHILLER_AND_2.~L3~W2.3~H2.3~srd,UP TO 5.5 CHILLER AND 2.3 WIDE,26,CHILLER MEDIUM,srd,3.0,2.3,2.3,DRD,,0.0,,,SKIP,,,
UP_TO_5.5_CHILLER_AND_2.~L3~W2.3~H2.3~srd,UP TO 5.5 CHILLER AND 2.3 WIDE,26,CHILLER MEDIUM,srd,3.0,2.3,2.3,DRD DOOR FITTINGS,,0.0,,,SKIP,,,
UP_TO_5.5_CHILLER_AND_2.~L3~W2.3~H2.3~srd,UP TO 5.5 CHILLER AND 2.3 WIDE,26,CHILLER MEDIUM,srd,3.0,2.3,2.3,SIDES,SIDES,10602.213575,10602.07,0.001,PASS,,,
UP_TO_5.5_CHILLER_AND_2.~L3~W2.3~H2.3~srd,UP TO 5.5 CHILLER AND 2.3 WIDE,26,CHILLER MEDIUM,srd,3.0,2.3,2.3,ROOF,ROOF,5231.045145,5230.99,0.001,PASS,,,
UP_TO_5.5_CHILLER_AND_2.~L3~W2.3~H2.3~srd,UP TO 5.5 CHILLER AND 2.3 WIDE,26,CHILLER MEDIUM,srd,3.0,2.3,2.3,FLOOR,FLOOR,9354.131097,9354.13,0.0,PASS,,,
UP_TO_5.5_CHILLER_AND_2.~L3~W2.3~H2.3~srd,UP TO 5.5 CHILLER AND 2.3 WIDE,26,CHILLER MEDIUM,srd,3.0,2.3,2.3,ALUMINIUM,ALUMINIUM,5150.741,5150.74,0.0,PASS,,,
UP_TO_5.5_CHILLER_AND_2.~L3~W2.3~H2.3~srd,UP TO 5.5 CHILLER AND 2.3 WIDE,26,CHILLER MEDIUM,srd,3.0,2.3,2.3,SUB FRAME + LIGHT BOX ASSY,SUB FRAME + LIGHT BOX ASSY,6891.316432,6891.32,0.0,PASS,,,
UP_TO_5.5_CHILLER_AND_2.~L3~W2.3~H2.3~srd,UP TO 5.5 CHILLER AND 2.3 WIDE,26,CHILLER MEDIUM,srd,3.0,2.3,2.3,REAR FRAME + FLOOR PLATE,REAR FRAME & FLOOR PLATE,0.0,3129.75,,ACCEPTED,EXTRA_IN_MES,,"[RULING] Burt gates REAR FRAME + FLOOR PLATE on the DRD flags, so a single-rear-door body carries R0 there; MES always includes the section (R2.4k-R5.5k). Which is right needs Burt/Michael."
UP_TO_5.5_CHILLER_AND_2.~L3~W2.3~H2.3~srd,UP TO 5.5 CHILLER AND 2.3 WIDE,26,CHILLER MEDIUM,srd,3.0,2.3,2.3,SPRAY PAINTING,SPRAY PAINTING,750.0,750.0,0.0,PASS,,,
UP_TO_5.5_CHILLER_AND_2.~L3~W2.3~H2.3~srd,UP TO 5.5 CHILLER AND 2.3 WIDE,26,CHILLER MEDIUM,srd,3.0,2.3,2.3,REFLEXITE TAPE,REFLEXITE TAPE,149.4,149.4,0.0,PASS,,,
UP_TO_5.5_CHILLER_AND_2.~L3~W2.3~H2.3~drd,UP TO 5.5 CHILLER AND 2.3 WIDE,26,CHILLER MEDIUM,drd,3.0,2.3,2.3,FRONT,FRONT,4250.996789,4250.95,0.001,PASS,,,
UP_TO_5.5_CHILLER_AND_2.~L3~W2.3~H2.3~drd,UP TO 5.5 CHILLER AND 2.3 WIDE,26,CHILLER MEDIUM,drd,3.0,2.3,2.3,SRD,,0.0,,,SKIP,,,
UP_TO_5.5_CHILLER_AND_2.~L3~W2.3~H2.3~drd,UP TO 5.5 CHILLER AND 2.3 WIDE,26,CHILLER MEDIUM,drd,3.0,2.3,2.3,SRD DOOR FITTINGS,,0.0,,,SKIP,,,
UP_TO_5.5_CHILLER_AND_2.~L3~W2.3~H2.3~drd,UP TO 5.5 CHILLER AND 2.3 WIDE,26,CHILLER MEDIUM,drd,3.0,2.3,2.3,DRD,DRD,4550.659701,4550.61,0.001,PASS,,,
UP_TO_5.5_CHILLER_AND_2.~L3~W2.3~H2.3~drd,UP TO 5.5 CHILLER AND 2.3 WIDE,26,CHILLER MEDIUM,drd,3.0,2.3,2.3,DRD DOOR FITTINGS,DRD DOOR FITTINGS,5450.13694,5450.14,0.0,PASS,,,
UP_TO_5.5_CHILLER_AND_2.~L3~W2.3~H2.3~drd,UP TO 5.5 CHILLER AND 2.3 WIDE,26,CHILLER MEDIUM,drd,3.0,2.3,2.3,SIDES,SIDES,10602.213575,10602.07,0.001,PASS,,,
UP_TO_5.5_CHILLER_AND_2.~L3~W2.3~H2.3~drd,UP TO 5.5 CHILLER AND 2.3 WIDE,26,CHILLER MEDIUM,drd,3.0,2.3,2.3,ROOF,ROOF,5231.045145,5230.99,0.001,PASS,,,
UP_TO_5.5_CHILLER_AND_2.~L3~W2.3~H2.3~drd,UP TO 5.5 CHILLER AND 2.3 WIDE,26,CHILLER MEDIUM,drd,3.0,2.3,2.3,FLOOR,FLOOR,9354.131097,9354.13,0.0,PASS,,,
UP_TO_5.5_CHILLER_AND_2.~L3~W2.3~H2.3~drd,UP TO 5.5 CHILLER AND 2.3 WIDE,26,CHILLER MEDIUM,drd,3.0,2.3,2.3,ALUMINIUM,ALUMINIUM,5150.741,5150.74,0.0,PASS,,,
UP_TO_5.5_CHILLER_AND_2.~L3~W2.3~H2.3~drd,UP TO 5.5 CHILLER AND 2.3 WIDE,26,CHILLER MEDIUM,drd,3.0,2.3,2.3,SUB FRAME + LIGHT BOX ASSY,SUB FRAME + LIGHT BOX ASSY,6891.316432,6891.32,0.0,PASS,,,
UP_TO_5.5_CHILLER_AND_2.~L3~W2.3~H2.3~drd,UP TO 5.5 CHILLER AND 2.3 WIDE,26,CHILLER MEDIUM,drd,3.0,2.3,2.3,REAR FRAME + FLOOR PLATE,REAR FRAME & FLOOR PLATE,3129.9508,3129.75,0.006,PASS,,,
UP_TO_5.5_CHILLER_AND_2.~L3~W2.3~H2.3~drd,UP TO 5.5 CHILLER AND 2.3 WIDE,26,CHILLER MEDIUM,drd,3.0,2.3,2.3,SPRAY PAINTING,SPRAY PAINTING,750.0,750.0,0.0,PASS,,,
UP_TO_5.5_CHILLER_AND_2.~L3~W2.3~H2.3~drd,UP TO 5.5 CHILLER AND 2.3 WIDE,26,CHILLER MEDIUM,drd,3.0,2.3,2.3,REFLEXITE TAPE,REFLEXITE TAPE,149.4,149.4,0.0,PASS,,,
UP_TO_5.5_CHILLER_AND_2.~L3~W2.3~H2.3~foam_4g,UP TO 5.5 CHILLER AND 2.3 WIDE,26,CHILLER MEDIUM,foam_4g,3.0,2.3,2.3,FRONT,FRONT,4250.996789,4250.95,0.001,PASS,,,
UP_TO_5.5_CHILLER_AND_2.~L3~W2.3~H2.3~foam_4g,UP TO 5.5 CHILLER AND 2.3 WIDE,26,CHILLER MEDIUM,foam_4g,3.0,2.3,2.3,SRD,,0.0,,,SKIP,,,
UP_TO_5.5_CHILLER_AND_2.~L3~W2.3~H2.3~foam_4g,UP TO 5.5 CHILLER AND 2.3 WIDE,26,CHILLER MEDIUM,foam_4g,3.0,2.3,2.3,SRD DOOR FITTINGS,,0.0,,,SKIP,,,
UP_TO_5.5_CHILLER_AND_2.~L3~W2.3~H2.3~foam_4g,UP TO 5.5 CHILLER AND 2.3 WIDE,26,CHILLER MEDIUM,foam_4g,3.0,2.3,2.3,DRD,DRD,4550.659701,4550.61,0.001,PASS,,,
UP_TO_5.5_CHILLER_AND_2.~L3~W2.3~H2.3~foam_4g,UP TO 5.5 CHILLER AND 2.3 WIDE,26,CHILLER MEDIUM,foam_4g,3.0,2.3,2.3,DRD DOOR FITTINGS,DRD DOOR FITTINGS,5450.13694,5450.14,0.0,PASS,,,
UP_TO_5.5_CHILLER_AND_2.~L3~W2.3~H2.3~foam_4g,UP TO 5.5 CHILLER AND 2.3 WIDE,26,CHILLER MEDIUM,foam_4g,3.0,2.3,2.3,SIDES,SIDES,10602.213575,10602.07,0.001,PASS,,,
UP_TO_5.5_CHILLER_AND_2.~L3~W2.3~H2.3~foam_4g,UP TO 5.5 CHILLER AND 2.3 WIDE,26,CHILLER MEDIUM,foam_4g,3.0,2.3,2.3,ROOF,ROOF,5231.045145,5230.99,0.001,PASS,,,
UP_TO_5.5_CHILLER_AND_2.~L3~W2.3~H2.3~foam_4g,UP TO 5.5 CHILLER AND 2.3 WIDE,26,CHILLER MEDIUM,foam_4g,3.0,2.3,2.3,FLOOR,FLOOR,9354.131097,9354.13,0.0,PASS,,,
UP_TO_5.5_CHILLER_AND_2.~L3~W2.3~H2.3~foam_4g,UP TO 5.5 CHILLER AND 2.3 WIDE,26,CHILLER MEDIUM,foam_4g,3.0,2.3,2.3,ALUMINIUM,ALUMINIUM,5150.741,5150.74,0.0,PASS,,,
UP_TO_5.5_CHILLER_AND_2.~L3~W2.3~H2.3~foam_4g,UP TO 5.5 CHILLER AND 2.3 WIDE,26,CHILLER MEDIUM,foam_4g,3.0,2.3,2.3,SUB FRAME + LIGHT BOX ASSY,SUB FRAME + LIGHT BOX ASSY,6891.316432,6891.32,0.0,PASS,,,
UP_TO_5.5_CHILLER_AND_2.~L3~W2.3~H2.3~foam_4g,UP TO 5.5 CHILLER AND 2.3 WIDE,26,CHILLER MEDIUM,foam_4g,3.0,2.3,2.3,REAR FRAME + FLOOR PLATE,REAR FRAME & FLOOR PLATE,3129.9508,3129.75,0.006,PASS,,,
UP_TO_5.5_CHILLER_AND_2.~L3~W2.3~H2.3~foam_4g,UP TO 5.5 CHILLER AND 2.3 WIDE,26,CHILLER MEDIUM,foam_4g,3.0,2.3,2.3,SPRAY PAINTING,SPRAY PAINTING,750.0,750.0,0.0,PASS,,,
UP_TO_5.5_CHILLER_AND_2.~L3~W2.3~H2.3~foam_4g,UP TO 5.5 CHILLER AND 2.3 WIDE,26,CHILLER MEDIUM,foam_4g,3.0,2.3,2.3,REFLEXITE TAPE,REFLEXITE TAPE,149.4,149.4,0.0,PASS,,,
UP_TO_5.5_CHILLER_AND_2.~L3~W2.3~H2.3~srd_pu,UP TO 5.5 CHILLER AND 2.3 WIDE,26,CHILLER MEDIUM,srd_pu,3.0,2.3,2.3,FRONT,FRONT,4232.057506,4250.95,0.446,PASS,,,
UP_TO_5.5_CHILLER_AND_2.~L3~W2.3~H2.3~srd_pu,UP TO 5.5 CHILLER AND 2.3 WIDE,26,CHILLER MEDIUM,srd_pu,3.0,2.3,2.3,SRD,SRD,3927.251097,3987.22,1.527,ACCEPTED,,QTY_DIFF GLUE LINE (-140.10),[RULING] Burt's SRD sections carry 4MM PF PLYWOOD and one GLUE LINE at R0 (the total cells are hard-coded 0) where MES charges them: +R480 to +R590 per single rear door. Does a single rear door get the inner plywood skin?
UP_TO_5.5_CHILLER_AND_2.~L3~W2.3~H2.3~srd_pu,UP TO 5.5 CHILLER AND 2.3 WIDE,26,CHILLER MEDIUM,srd_pu,3.0,2.3,2.3,SRD DOOR FITTINGS,SRD DOOR FITTINGS,6166.05802,6226.24,0.976,PASS,,,
UP_TO_5.5_CHILLER_AND_2.~L3~W2.3~H2.3~srd_pu,UP TO 5.5 CHILLER AND 2.3 WIDE,26,CHILLER MEDIUM,srd_pu,3.0,2.3,2.3,DRD,,0.0,,,SKIP,,,
UP_TO_5.5_CHILLER_AND_2.~L3~W2.3~H2.3~srd_pu,UP TO 5.5 CHILLER AND 2.3 WIDE,26,CHILLER MEDIUM,srd_pu,3.0,2.3,2.3,DRD DOOR FITTINGS,,0.0,,,SKIP,,,
UP_TO_5.5_CHILLER_AND_2.~L3~W2.3~H2.3~srd_pu,UP TO 5.5 CHILLER AND 2.3 WIDE,26,CHILLER MEDIUM,srd_pu,3.0,2.3,2.3,SIDES,SIDES,10581.93559,10602.07,0.19,PASS,,,
UP_TO_5.5_CHILLER_AND_2.~L3~W2.3~H2.3~srd_pu,UP TO 5.5 CHILLER AND 2.3 WIDE,26,CHILLER MEDIUM,srd_pu,3.0,2.3,2.3,ROOF,ROOF,5209.723056,5230.99,0.408,PASS,,,
UP_TO_5.5_CHILLER_AND_2.~L3~W2.3~H2.3~srd_pu,UP TO 5.5 CHILLER AND 2.3 WIDE,26,CHILLER MEDIUM,srd_pu,3.0,2.3,2.3,FLOOR,FLOOR,9354.131097,9354.13,0.0,PASS,,,
UP_TO_5.5_CHILLER_AND_2.~L3~W2.3~H2.3~srd_pu,UP TO 5.5 CHILLER AND 2.3 WIDE,26,CHILLER MEDIUM,srd_pu,3.0,2.3,2.3,ALUMINIUM,ALUMINIUM,5150.741,5150.74,0.0,PASS,,,
UP_TO_5.5_CHILLER_AND_2.~L3~W2.3~H2.3~srd_pu,UP TO 5.5 CHILLER AND 2.3 WIDE,26,CHILLER MEDIUM,srd_pu,3.0,2.3,2.3,SUB FRAME + LIGHT BOX ASSY,SUB FRAME + LIGHT BOX ASSY,6891.316432,6891.32,0.0,PASS,,,
UP_TO_5.5_CHILLER_AND_2.~L3~W2.3~H2.3~srd_pu,UP TO 5.5 CHILLER AND 2.3 WIDE,26,CHILLER MEDIUM,srd_pu,3.0,2.3,2.3,REAR FRAME + FLOOR PLATE,REAR FRAME & FLOOR PLATE,0.0,3129.75,,ACCEPTED,EXTRA_IN_MES,,"[RULING] Burt gates REAR FRAME + FLOOR PLATE on the DRD flags, so a single-rear-door body carries R0 there; MES always includes the section (R2.4k-R5.5k). Which is right needs Burt/Michael."
UP_TO_5.5_CHILLER_AND_2.~L3~W2.3~H2.3~srd_pu,UP TO 5.5 CHILLER AND 2.3 WIDE,26,CHILLER MEDIUM,srd_pu,3.0,2.3,2.3,SPRAY PAINTING,SPRAY PAINTING,750.0,750.0,0.0,PASS,,,
UP_TO_5.5_CHILLER_AND_2.~L3~W2.3~H2.3~srd_pu,UP TO 5.5 CHILLER AND 2.3 WIDE,26,CHILLER MEDIUM,srd_pu,3.0,2.3,2.3,REFLEXITE TAPE,REFLEXITE TAPE,149.4,149.4,0.0,PASS,,,
UP_TO_5.5_CHILLER_AND_2.~L4.2~W2.3~H2.3~as_sheet,UP TO 5.5 CHILLER AND 2.3 WIDE,26,CHILLER MEDIUM,as_sheet,4.2,2.3,2.3,FRONT,FRONT,4250.996789,4250.95,0.001,PASS,,,
UP_TO_5.5_CHILLER_AND_2.~L4.2~W2.3~H2.3~as_sheet,UP TO 5.5 CHILLER AND 2.3 WIDE,26,CHILLER MEDIUM,as_sheet,4.2,2.3,2.3,SRD,,0.0,,,SKIP,,,
UP_TO_5.5_CHILLER_AND_2.~L4.2~W2.3~H2.3~as_sheet,UP TO 5.5 CHILLER AND 2.3 WIDE,26,CHILLER MEDIUM,as_sheet,4.2,2.3,2.3,SRD DOOR FITTINGS,,0.0,,,SKIP,,,
UP_TO_5.5_CHILLER_AND_2.~L4.2~W2.3~H2.3~as_sheet,UP TO 5.5 CHILLER AND 2.3 WIDE,26,CHILLER MEDIUM,as_sheet,4.2,2.3,2.3,DRD,DRD,4550.659701,4550.61,0.001,PASS,,,
UP_TO_5.5_CHILLER_AND_2.~L4.2~W2.3~H2.3~as_sheet,UP TO 5.5 CHILLER AND 2.3 WIDE,26,CHILLER MEDIUM,as_sheet,4.2,2.3,2.3,DRD DOOR FITTINGS,DRD DOOR FITTINGS,5450.13694,5450.14,0.0,PASS,,,
UP_TO_5.5_CHILLER_AND_2.~L4.2~W2.3~H2.3~as_sheet,UP TO 5.5 CHILLER AND 2.3 WIDE,26,CHILLER MEDIUM,as_sheet,4.2,2.3,2.3,SIDES,SIDES,14569.478233,14569.29,0.001,PASS,,,
UP_TO_5.5_CHILLER_AND_2.~L4.2~W2.3~H2.3~as_sheet,UP TO 5.5 CHILLER AND 2.3 WIDE,26,CHILLER MEDIUM,as_sheet,4.2,2.3,2.3,ROOF,ROOF,7169.485013,7169.42,0.001,PASS,,,
UP_TO_5.5_CHILLER_AND_2.~L4.2~W2.3~H2.3~as_sheet,UP TO 5.5 CHILLER AND 2.3 WIDE,26,CHILLER MEDIUM,as_sheet,4.2,2.3,2.3,FLOOR,FLOOR,12964.302571,12964.3,0.0,PASS,,,
UP_TO_5.5_CHILLER_AND_2.~L4.2~W2.3~H2.3~as_sheet,UP TO 5.5 CHILLER AND 2.3 WIDE,26,CHILLER MEDIUM,as_sheet,4.2,2.3,2.3,ALUMINIUM,ALUMINIUM,6429.821,6429.82,0.0,PASS,,,
UP_TO_5.5_CHILLER_AND_2.~L4.2~W2.3~H2.3~as_sheet,UP TO 5.5 CHILLER AND 2.3 WIDE,26,CHILLER MEDIUM,as_sheet,4.2,2.3,2.3,SUB FRAME + LIGHT BOX ASSY,SUB FRAME + LIGHT BOX ASSY,7474.516432,7474.52,0.0,PASS,,,
UP_TO_5.5_CHILLER_AND_2.~L4.2~W2.3~H2.3~as_sheet,UP TO 5.5 CHILLER AND 2.3 WIDE,26,CHILLER MEDIUM,as_sheet,4.2,2.3,2.3,REAR FRAME + FLOOR PLATE,REAR FRAME & FLOOR PLATE,3129.9508,3129.75,0.006,PASS,,,
UP_TO_5.5_CHILLER_AND_2.~L4.2~W2.3~H2.3~as_sheet,UP TO 5.5 CHILLER AND 2.3 WIDE,26,CHILLER MEDIUM,as_sheet,4.2,2.3,2.3,SPRAY PAINTING,SPRAY PAINTING,750.0,750.0,0.0,PASS,,,
UP_TO_5.5_CHILLER_AND_2.~L4.2~W2.3~H2.3~as_sheet,UP TO 5.5 CHILLER AND 2.3 WIDE,26,CHILLER MEDIUM,as_sheet,4.2,2.3,2.3,REFLEXITE TAPE,REFLEXITE TAPE,192.6,192.6,0.0,PASS,,,
UP_TO_5.5_CHILLER_AND_2.~L4.2~W2.3~H2.3~all_eps,UP TO 5.5 CHILLER AND 2.3 WIDE,26,CHILLER MEDIUM,all_eps,4.2,2.3,2.3,FRONT,FRONT,4250.996789,4250.95,0.001,PASS,,,
UP_TO_5.5_CHILLER_AND_2.~L4.2~W2.3~H2.3~all_eps,UP TO 5.5 CHILLER AND 2.3 WIDE,26,CHILLER MEDIUM,all_eps,4.2,2.3,2.3,SRD,,0.0,,,SKIP,,,
UP_TO_5.5_CHILLER_AND_2.~L4.2~W2.3~H2.3~all_eps,UP TO 5.5 CHILLER AND 2.3 WIDE,26,CHILLER MEDIUM,all_eps,4.2,2.3,2.3,SRD DOOR FITTINGS,,0.0,,,SKIP,,,
UP_TO_5.5_CHILLER_AND_2.~L4.2~W2.3~H2.3~all_eps,UP TO 5.5 CHILLER AND 2.3 WIDE,26,CHILLER MEDIUM,all_eps,4.2,2.3,2.3,DRD,DRD,4550.659701,4550.61,0.001,PASS,,,
UP_TO_5.5_CHILLER_AND_2.~L4.2~W2.3~H2.3~all_eps,UP TO 5.5 CHILLER AND 2.3 WIDE,26,CHILLER MEDIUM,all_eps,4.2,2.3,2.3,DRD DOOR FITTINGS,DRD DOOR FITTINGS,5450.13694,5450.14,0.0,PASS,,,
UP_TO_5.5_CHILLER_AND_2.~L4.2~W2.3~H2.3~all_eps,UP TO 5.5 CHILLER AND 2.3 WIDE,26,CHILLER MEDIUM,all_eps,4.2,2.3,2.3,SIDES,SIDES,14569.478233,14569.29,0.001,PASS,,,
UP_TO_5.5_CHILLER_AND_2.~L4.2~W2.3~H2.3~all_eps,UP TO 5.5 CHILLER AND 2.3 WIDE,26,CHILLER MEDIUM,all_eps,4.2,2.3,2.3,ROOF,ROOF,7169.485013,7169.42,0.001,PASS,,,
UP_TO_5.5_CHILLER_AND_2.~L4.2~W2.3~H2.3~all_eps,UP TO 5.5 CHILLER AND 2.3 WIDE,26,CHILLER MEDIUM,all_eps,4.2,2.3,2.3,FLOOR,FLOOR,12964.302571,12964.3,0.0,PASS,,,
UP_TO_5.5_CHILLER_AND_2.~L4.2~W2.3~H2.3~all_eps,UP TO 5.5 CHILLER AND 2.3 WIDE,26,CHILLER MEDIUM,all_eps,4.2,2.3,2.3,ALUMINIUM,ALUMINIUM,6429.821,6429.82,0.0,PASS,,,
UP_TO_5.5_CHILLER_AND_2.~L4.2~W2.3~H2.3~all_eps,UP TO 5.5 CHILLER AND 2.3 WIDE,26,CHILLER MEDIUM,all_eps,4.2,2.3,2.3,SUB FRAME + LIGHT BOX ASSY,SUB FRAME + LIGHT BOX ASSY,7474.516432,7474.52,0.0,PASS,,,
UP_TO_5.5_CHILLER_AND_2.~L4.2~W2.3~H2.3~all_eps,UP TO 5.5 CHILLER AND 2.3 WIDE,26,CHILLER MEDIUM,all_eps,4.2,2.3,2.3,REAR FRAME + FLOOR PLATE,REAR FRAME & FLOOR PLATE,3129.9508,3129.75,0.006,PASS,,,
UP_TO_5.5_CHILLER_AND_2.~L4.2~W2.3~H2.3~all_eps,UP TO 5.5 CHILLER AND 2.3 WIDE,26,CHILLER MEDIUM,all_eps,4.2,2.3,2.3,SPRAY PAINTING,SPRAY PAINTING,750.0,750.0,0.0,PASS,,,
UP_TO_5.5_CHILLER_AND_2.~L4.2~W2.3~H2.3~all_eps,UP TO 5.5 CHILLER AND 2.3 WIDE,26,CHILLER MEDIUM,all_eps,4.2,2.3,2.3,REFLEXITE TAPE,REFLEXITE TAPE,192.6,192.6,0.0,PASS,,,
UP_TO_5.5_CHILLER_AND_2.~L4.2~W2.3~H2.3~all_pu,UP TO 5.5 CHILLER AND 2.3 WIDE,26,CHILLER MEDIUM,all_pu,4.2,2.3,2.3,FRONT,FRONT,4852.924509,4854.06,0.023,PASS,,,
UP_TO_5.5_CHILLER_AND_2.~L4.2~W2.3~H2.3~all_pu,UP TO 5.5 CHILLER AND 2.3 WIDE,26,CHILLER MEDIUM,all_pu,4.2,2.3,2.3,SRD,,0.0,,,SKIP,,,
UP_TO_5.5_CHILLER_AND_2.~L4.2~W2.3~H2.3~all_pu,UP TO 5.5 CHILLER AND 2.3 WIDE,26,CHILLER MEDIUM,all_pu,4.2,2.3,2.3,SRD DOOR FITTINGS,,0.0,,,SKIP,,,
UP_TO_5.5_CHILLER_AND_2.~L4.2~W2.3~H2.3~all_pu,UP TO 5.5 CHILLER AND 2.3 WIDE,26,CHILLER MEDIUM,all_pu,4.2,2.3,2.3,DRD,DRD,5113.158748,5114.29,0.022,PASS,,,
UP_TO_5.5_CHILLER_AND_2.~L4.2~W2.3~H2.3~all_pu,UP TO 5.5 CHILLER AND 2.3 WIDE,26,CHILLER MEDIUM,all_pu,4.2,2.3,2.3,DRD DOOR FITTINGS,DRD DOOR FITTINGS,5513.52626,5513.53,0.0,PASS,,,
UP_TO_5.5_CHILLER_AND_2.~L4.2~W2.3~H2.3~all_pu,UP TO 5.5 CHILLER AND 2.3 WIDE,26,CHILLER MEDIUM,all_pu,4.2,2.3,2.3,SIDES,SIDES,16417.093605,16421.02,0.024,PASS,,,
UP_TO_5.5_CHILLER_AND_2.~L4.2~W2.3~H2.3~all_pu,UP TO 5.5 CHILLER AND 2.3 WIDE,26,CHILLER MEDIUM,all_pu,4.2,2.3,2.3,ROOF,ROOF,8038.517735,8041.06,0.032,PASS,,,
UP_TO_5.5_CHILLER_AND_2.~L4.2~W2.3~H2.3~all_pu,UP TO 5.5 CHILLER AND 2.3 WIDE,26,CHILLER MEDIUM,all_pu,4.2,2.3,2.3,FLOOR,FLOOR,13833.335294,13835.95,0.019,PASS,,,
UP_TO_5.5_CHILLER_AND_2.~L4.2~W2.3~H2.3~all_pu,UP TO 5.5 CHILLER AND 2.3 WIDE,26,CHILLER MEDIUM,all_pu,4.2,2.3,2.3,ALUMINIUM,ALUMINIUM,6429.821,6429.82,0.0,PASS,,,
UP_TO_5.5_CHILLER_AND_2.~L4.2~W2.3~H2.3~all_pu,UP TO 5.5 CHILLER AND 2.3 WIDE,26,CHILLER MEDIUM,all_pu,4.2,2.3,2.3,SUB FRAME + LIGHT BOX ASSY,SUB FRAME + LIGHT BOX ASSY,7474.516432,7474.52,0.0,PASS,,,
UP_TO_5.5_CHILLER_AND_2.~L4.2~W2.3~H2.3~all_pu,UP TO 5.5 CHILLER AND 2.3 WIDE,26,CHILLER MEDIUM,all_pu,4.2,2.3,2.3,REAR FRAME + FLOOR PLATE,REAR FRAME & FLOOR PLATE,3129.9508,3129.75,0.006,PASS,,,
UP_TO_5.5_CHILLER_AND_2.~L4.2~W2.3~H2.3~all_pu,UP TO 5.5 CHILLER AND 2.3 WIDE,26,CHILLER MEDIUM,all_pu,4.2,2.3,2.3,SPRAY PAINTING,SPRAY PAINTING,750.0,750.0,0.0,PASS,,,
UP_TO_5.5_CHILLER_AND_2.~L4.2~W2.3~H2.3~all_pu,UP TO 5.5 CHILLER AND 2.3 WIDE,26,CHILLER MEDIUM,all_pu,4.2,2.3,2.3,REFLEXITE TAPE,REFLEXITE TAPE,192.6,192.6,0.0,PASS,,,
UP_TO_5.5_CHILLER_AND_2.~L4.2~W2.3~H2.3~srd,UP TO 5.5 CHILLER AND 2.3 WIDE,26,CHILLER MEDIUM,srd,4.2,2.3,2.3,FRONT,FRONT,4250.996789,4250.95,0.001,PASS,,,
UP_TO_5.5_CHILLER_AND_2.~L4.2~W2.3~H2.3~srd,UP TO 5.5 CHILLER AND 2.3 WIDE,26,CHILLER MEDIUM,srd,4.2,2.3,2.3,SRD,SRD,3510.663632,3510.63,0.001,PASS,,,
UP_TO_5.5_CHILLER_AND_2.~L4.2~W2.3~H2.3~srd,UP TO 5.5 CHILLER AND 2.3 WIDE,26,CHILLER MEDIUM,srd,4.2,2.3,2.3,SRD DOOR FITTINGS,SRD DOOR FITTINGS,6166.05802,6226.24,0.976,PASS,,,
UP_TO_5.5_CHILLER_AND_2.~L4.2~W2.3~H2.3~srd,UP TO 5.5 CHILLER AND 2.3 WIDE,26,CHILLER MEDIUM,srd,4.2,2.3,2.3,DRD,,0.0,,,SKIP,,,
UP_TO_5.5_CHILLER_AND_2.~L4.2~W2.3~H2.3~srd,UP TO 5.5 CHILLER AND 2.3 WIDE,26,CHILLER MEDIUM,srd,4.2,2.3,2.3,DRD DOOR FITTINGS,,0.0,,,SKIP,,,
UP_TO_5.5_CHILLER_AND_2.~L4.2~W2.3~H2.3~srd,UP TO 5.5 CHILLER AND 2.3 WIDE,26,CHILLER MEDIUM,srd,4.2,2.3,2.3,SIDES,SIDES,14569.478233,14569.29,0.001,PASS,,,
UP_TO_5.5_CHILLER_AND_2.~L4.2~W2.3~H2.3~srd,UP TO 5.5 CHILLER AND 2.3 WIDE,26,CHILLER MEDIUM,srd,4.2,2.3,2.3,ROOF,ROOF,7169.485013,7169.42,0.001,PASS,,,
UP_TO_5.5_CHILLER_AND_2.~L4.2~W2.3~H2.3~srd,UP TO 5.5 CHILLER AND 2.3 WIDE,26,CHILLER MEDIUM,srd,4.2,2.3,2.3,FLOOR,FLOOR,12964.302571,12964.3,0.0,PASS,,,
UP_TO_5.5_CHILLER_AND_2.~L4.2~W2.3~H2.3~srd,UP TO 5.5 CHILLER AND 2.3 WIDE,26,CHILLER MEDIUM,srd,4.2,2.3,2.3,ALUMINIUM,ALUMINIUM,6429.821,6429.82,0.0,PASS,,,
UP_TO_5.5_CHILLER_AND_2.~L4.2~W2.3~H2.3~srd,UP TO 5.5 CHILLER AND 2.3 WIDE,26,CHILLER MEDIUM,srd,4.2,2.3,2.3,SUB FRAME + LIGHT BOX ASSY,SUB FRAME + LIGHT BOX ASSY,7474.516432,7474.52,0.0,PASS,,,
UP_TO_5.5_CHILLER_AND_2.~L4.2~W2.3~H2.3~srd,UP TO 5.5 CHILLER AND 2.3 WIDE,26,CHILLER MEDIUM,srd,4.2,2.3,2.3,REAR FRAME + FLOOR PLATE,REAR FRAME & FLOOR PLATE,0.0,3129.75,,ACCEPTED,EXTRA_IN_MES,,"[RULING] Burt gates REAR FRAME + FLOOR PLATE on the DRD flags, so a single-rear-door body carries R0 there; MES always includes the section (R2.4k-R5.5k). Which is right needs Burt/Michael."
UP_TO_5.5_CHILLER_AND_2.~L4.2~W2.3~H2.3~srd,UP TO 5.5 CHILLER AND 2.3 WIDE,26,CHILLER MEDIUM,srd,4.2,2.3,2.3,SPRAY PAINTING,SPRAY PAINTING,750.0,750.0,0.0,PASS,,,
UP_TO_5.5_CHILLER_AND_2.~L4.2~W2.3~H2.3~srd,UP TO 5.5 CHILLER AND 2.3 WIDE,26,CHILLER MEDIUM,srd,4.2,2.3,2.3,REFLEXITE TAPE,REFLEXITE TAPE,192.6,192.6,0.0,PASS,,,
UP_TO_5.5_CHILLER_AND_2.~L4.2~W2.3~H2.3~drd,UP TO 5.5 CHILLER AND 2.3 WIDE,26,CHILLER MEDIUM,drd,4.2,2.3,2.3,FRONT,FRONT,4250.996789,4250.95,0.001,PASS,,,
UP_TO_5.5_CHILLER_AND_2.~L4.2~W2.3~H2.3~drd,UP TO 5.5 CHILLER AND 2.3 WIDE,26,CHILLER MEDIUM,drd,4.2,2.3,2.3,SRD,,0.0,,,SKIP,,,
UP_TO_5.5_CHILLER_AND_2.~L4.2~W2.3~H2.3~drd,UP TO 5.5 CHILLER AND 2.3 WIDE,26,CHILLER MEDIUM,drd,4.2,2.3,2.3,SRD DOOR FITTINGS,,0.0,,,SKIP,,,
UP_TO_5.5_CHILLER_AND_2.~L4.2~W2.3~H2.3~drd,UP TO 5.5 CHILLER AND 2.3 WIDE,26,CHILLER MEDIUM,drd,4.2,2.3,2.3,DRD,DRD,4550.659701,4550.61,0.001,PASS,,,
UP_TO_5.5_CHILLER_AND_2.~L4.2~W2.3~H2.3~drd,UP TO 5.5 CHILLER AND 2.3 WIDE,26,CHILLER MEDIUM,drd,4.2,2.3,2.3,DRD DOOR FITTINGS,DRD DOOR FITTINGS,5450.13694,5450.14,0.0,PASS,,,
UP_TO_5.5_CHILLER_AND_2.~L4.2~W2.3~H2.3~drd,UP TO 5.5 CHILLER AND 2.3 WIDE,26,CHILLER MEDIUM,drd,4.2,2.3,2.3,SIDES,SIDES,14569.478233,14569.29,0.001,PASS,,,
UP_TO_5.5_CHILLER_AND_2.~L4.2~W2.3~H2.3~drd,UP TO 5.5 CHILLER AND 2.3 WIDE,26,CHILLER MEDIUM,drd,4.2,2.3,2.3,ROOF,ROOF,7169.485013,7169.42,0.001,PASS,,,
UP_TO_5.5_CHILLER_AND_2.~L4.2~W2.3~H2.3~drd,UP TO 5.5 CHILLER AND 2.3 WIDE,26,CHILLER MEDIUM,drd,4.2,2.3,2.3,FLOOR,FLOOR,12964.302571,12964.3,0.0,PASS,,,
UP_TO_5.5_CHILLER_AND_2.~L4.2~W2.3~H2.3~drd,UP TO 5.5 CHILLER AND 2.3 WIDE,26,CHILLER MEDIUM,drd,4.2,2.3,2.3,ALUMINIUM,ALUMINIUM,6429.821,6429.82,0.0,PASS,,,
UP_TO_5.5_CHILLER_AND_2.~L4.2~W2.3~H2.3~drd,UP TO 5.5 CHILLER AND 2.3 WIDE,26,CHILLER MEDIUM,drd,4.2,2.3,2.3,SUB FRAME + LIGHT BOX ASSY,SUB FRAME + LIGHT BOX ASSY,7474.516432,7474.52,0.0,PASS,,,
UP_TO_5.5_CHILLER_AND_2.~L4.2~W2.3~H2.3~drd,UP TO 5.5 CHILLER AND 2.3 WIDE,26,CHILLER MEDIUM,drd,4.2,2.3,2.3,REAR FRAME + FLOOR PLATE,REAR FRAME & FLOOR PLATE,3129.9508,3129.75,0.006,PASS,,,
UP_TO_5.5_CHILLER_AND_2.~L4.2~W2.3~H2.3~drd,UP TO 5.5 CHILLER AND 2.3 WIDE,26,CHILLER MEDIUM,drd,4.2,2.3,2.3,SPRAY PAINTING,SPRAY PAINTING,750.0,750.0,0.0,PASS,,,
UP_TO_5.5_CHILLER_AND_2.~L4.2~W2.3~H2.3~drd,UP TO 5.5 CHILLER AND 2.3 WIDE,26,CHILLER MEDIUM,drd,4.2,2.3,2.3,REFLEXITE TAPE,REFLEXITE TAPE,192.6,192.6,0.0,PASS,,,
UP_TO_5.5_CHILLER_AND_2.~L4.2~W2.3~H2.3~foam_4g,UP TO 5.5 CHILLER AND 2.3 WIDE,26,CHILLER MEDIUM,foam_4g,4.2,2.3,2.3,FRONT,FRONT,4250.996789,4250.95,0.001,PASS,,,
UP_TO_5.5_CHILLER_AND_2.~L4.2~W2.3~H2.3~foam_4g,UP TO 5.5 CHILLER AND 2.3 WIDE,26,CHILLER MEDIUM,foam_4g,4.2,2.3,2.3,SRD,,0.0,,,SKIP,,,
UP_TO_5.5_CHILLER_AND_2.~L4.2~W2.3~H2.3~foam_4g,UP TO 5.5 CHILLER AND 2.3 WIDE,26,CHILLER MEDIUM,foam_4g,4.2,2.3,2.3,SRD DOOR FITTINGS,,0.0,,,SKIP,,,
UP_TO_5.5_CHILLER_AND_2.~L4.2~W2.3~H2.3~foam_4g,UP TO 5.5 CHILLER AND 2.3 WIDE,26,CHILLER MEDIUM,foam_4g,4.2,2.3,2.3,DRD,DRD,4550.659701,4550.61,0.001,PASS,,,
UP_TO_5.5_CHILLER_AND_2.~L4.2~W2.3~H2.3~foam_4g,UP TO 5.5 CHILLER AND 2.3 WIDE,26,CHILLER MEDIUM,foam_4g,4.2,2.3,2.3,DRD DOOR FITTINGS,DRD DOOR FITTINGS,5450.13694,5450.14,0.0,PASS,,,
UP_TO_5.5_CHILLER_AND_2.~L4.2~W2.3~H2.3~foam_4g,UP TO 5.5 CHILLER AND 2.3 WIDE,26,CHILLER MEDIUM,foam_4g,4.2,2.3,2.3,SIDES,SIDES,14569.478233,14569.29,0.001,PASS,,,
UP_TO_5.5_CHILLER_AND_2.~L4.2~W2.3~H2.3~foam_4g,UP TO 5.5 CHILLER AND 2.3 WIDE,26,CHILLER MEDIUM,foam_4g,4.2,2.3,2.3,ROOF,ROOF,7169.485013,7169.42,0.001,PASS,,,
UP_TO_5.5_CHILLER_AND_2.~L4.2~W2.3~H2.3~foam_4g,UP TO 5.5 CHILLER AND 2.3 WIDE,26,CHILLER MEDIUM,foam_4g,4.2,2.3,2.3,FLOOR,FLOOR,12964.302571,12964.3,0.0,PASS,,,
UP_TO_5.5_CHILLER_AND_2.~L4.2~W2.3~H2.3~foam_4g,UP TO 5.5 CHILLER AND 2.3 WIDE,26,CHILLER MEDIUM,foam_4g,4.2,2.3,2.3,ALUMINIUM,ALUMINIUM,6429.821,6429.82,0.0,PASS,,,
UP_TO_5.5_CHILLER_AND_2.~L4.2~W2.3~H2.3~foam_4g,UP TO 5.5 CHILLER AND 2.3 WIDE,26,CHILLER MEDIUM,foam_4g,4.2,2.3,2.3,SUB FRAME + LIGHT BOX ASSY,SUB FRAME + LIGHT BOX ASSY,7474.516432,7474.52,0.0,PASS,,,
UP_TO_5.5_CHILLER_AND_2.~L4.2~W2.3~H2.3~foam_4g,UP TO 5.5 CHILLER AND 2.3 WIDE,26,CHILLER MEDIUM,foam_4g,4.2,2.3,2.3,REAR FRAME + FLOOR PLATE,REAR FRAME & FLOOR PLATE,3129.9508,3129.75,0.006,PASS,,,
UP_TO_5.5_CHILLER_AND_2.~L4.2~W2.3~H2.3~foam_4g,UP TO 5.5 CHILLER AND 2.3 WIDE,26,CHILLER MEDIUM,foam_4g,4.2,2.3,2.3,SPRAY PAINTING,SPRAY PAINTING,750.0,750.0,0.0,PASS,,,
UP_TO_5.5_CHILLER_AND_2.~L4.2~W2.3~H2.3~foam_4g,UP TO 5.5 CHILLER AND 2.3 WIDE,26,CHILLER MEDIUM,foam_4g,4.2,2.3,2.3,REFLEXITE TAPE,REFLEXITE TAPE,192.6,192.6,0.0,PASS,,,
UP_TO_5.5_CHILLER_AND_2.~L4.2~W2.3~H2.3~srd_pu,UP TO 5.5 CHILLER AND 2.3 WIDE,26,CHILLER MEDIUM,srd_pu,4.2,2.3,2.3,FRONT,FRONT,4232.057506,4250.95,0.446,PASS,,,
UP_TO_5.5_CHILLER_AND_2.~L4.2~W2.3~H2.3~srd_pu,UP TO 5.5 CHILLER AND 2.3 WIDE,26,CHILLER MEDIUM,srd_pu,4.2,2.3,2.3,SRD,SRD,3927.251097,3987.22,1.527,ACCEPTED,,QTY_DIFF GLUE LINE (-140.10),[RULING] Burt's SRD sections carry 4MM PF PLYWOOD and one GLUE LINE at R0 (the total cells are hard-coded 0) where MES charges them: +R480 to +R590 per single rear door. Does a single rear door get the inner plywood skin?
UP_TO_5.5_CHILLER_AND_2.~L4.2~W2.3~H2.3~srd_pu,UP TO 5.5 CHILLER AND 2.3 WIDE,26,CHILLER MEDIUM,srd_pu,4.2,2.3,2.3,SRD DOOR FITTINGS,SRD DOOR FITTINGS,6166.05802,6226.24,0.976,PASS,,,
UP_TO_5.5_CHILLER_AND_2.~L4.2~W2.3~H2.3~srd_pu,UP TO 5.5 CHILLER AND 2.3 WIDE,26,CHILLER MEDIUM,srd_pu,4.2,2.3,2.3,DRD,,0.0,,,SKIP,,,
UP_TO_5.5_CHILLER_AND_2.~L4.2~W2.3~H2.3~srd_pu,UP TO 5.5 CHILLER AND 2.3 WIDE,26,CHILLER MEDIUM,srd_pu,4.2,2.3,2.3,DRD DOOR FITTINGS,,0.0,,,SKIP,,,
UP_TO_5.5_CHILLER_AND_2.~L4.2~W2.3~H2.3~srd_pu,UP TO 5.5 CHILLER AND 2.3 WIDE,26,CHILLER MEDIUM,srd_pu,4.2,2.3,2.3,SIDES,SIDES,14544.563513,14569.29,0.17,PASS,,,
UP_TO_5.5_CHILLER_AND_2.~L4.2~W2.3~H2.3~srd_pu,UP TO 5.5 CHILLER AND 2.3 WIDE,26,CHILLER MEDIUM,srd_pu,4.2,2.3,2.3,ROOF,ROOF,7143.424682,7169.42,0.364,PASS,,,
UP_TO_5.5_CHILLER_AND_2.~L4.2~W2.3~H2.3~srd_pu,UP TO 5.5 CHILLER AND 2.3 WIDE,26,CHILLER MEDIUM,srd_pu,4.2,2.3,2.3,FLOOR,FLOOR,12964.302571,12964.3,0.0,PASS,,,
UP_TO_5.5_CHILLER_AND_2.~L4.2~W2.3~H2.3~srd_pu,UP TO 5.5 CHILLER AND 2.3 WIDE,26,CHILLER MEDIUM,srd_pu,4.2,2.3,2.3,ALUMINIUM,ALUMINIUM,6429.821,6429.82,0.0,PASS,,,
UP_TO_5.5_CHILLER_AND_2.~L4.2~W2.3~H2.3~srd_pu,UP TO 5.5 CHILLER AND 2.3 WIDE,26,CHILLER MEDIUM,srd_pu,4.2,2.3,2.3,SUB FRAME + LIGHT BOX ASSY,SUB FRAME + LIGHT BOX ASSY,7474.516432,7474.52,0.0,PASS,,,
UP_TO_5.5_CHILLER_AND_2.~L4.2~W2.3~H2.3~srd_pu,UP TO 5.5 CHILLER AND 2.3 WIDE,26,CHILLER MEDIUM,srd_pu,4.2,2.3,2.3,REAR FRAME + FLOOR PLATE,REAR FRAME & FLOOR PLATE,0.0,3129.75,,ACCEPTED,EXTRA_IN_MES,,"[RULING] Burt gates REAR FRAME + FLOOR PLATE on the DRD flags, so a single-rear-door body carries R0 there; MES always includes the section (R2.4k-R5.5k). Which is right needs Burt/Michael."
UP_TO_5.5_CHILLER_AND_2.~L4.2~W2.3~H2.3~srd_pu,UP TO 5.5 CHILLER AND 2.3 WIDE,26,CHILLER MEDIUM,srd_pu,4.2,2.3,2.3,SPRAY PAINTING,SPRAY PAINTING,750.0,750.0,0.0,PASS,,,
UP_TO_5.5_CHILLER_AND_2.~L4.2~W2.3~H2.3~srd_pu,UP TO 5.5 CHILLER AND 2.3 WIDE,26,CHILLER MEDIUM,srd_pu,4.2,2.3,2.3,REFLEXITE TAPE,REFLEXITE TAPE,192.6,192.6,0.0,PASS,,,
UP_TO_5.5_CHILLER_AND_2.~L5.5~W2.3~H2.3~as_sheet,UP TO 5.5 CHILLER AND 2.3 WIDE,26,CHILLER MEDIUM,as_sheet,5.5,2.3,2.3,FRONT,FRONT,4250.996789,4250.95,0.001,PASS,,,
UP_TO_5.5_CHILLER_AND_2.~L5.5~W2.3~H2.3~as_sheet,UP TO 5.5 CHILLER AND 2.3 WIDE,26,CHILLER MEDIUM,as_sheet,5.5,2.3,2.3,SRD,,0.0,,,SKIP,,,
UP_TO_5.5_CHILLER_AND_2.~L5.5~W2.3~H2.3~as_sheet,UP TO 5.5 CHILLER AND 2.3 WIDE,26,CHILLER MEDIUM,as_sheet,5.5,2.3,2.3,SRD DOOR FITTINGS,,0.0,,,SKIP,,,
UP_TO_5.5_CHILLER_AND_2.~L5.5~W2.3~H2.3~as_sheet,UP TO 5.5 CHILLER AND 2.3 WIDE,26,CHILLER MEDIUM,as_sheet,5.5,2.3,2.3,DRD,DRD,4550.659701,4550.61,0.001,PASS,,,
UP_TO_5.5_CHILLER_AND_2.~L5.5~W2.3~H2.3~as_sheet,UP TO 5.5 CHILLER AND 2.3 WIDE,26,CHILLER MEDIUM,as_sheet,5.5,2.3,2.3,DRD DOOR FITTINGS,DRD DOOR FITTINGS,5450.13694,5450.14,0.0,PASS,,,
UP_TO_5.5_CHILLER_AND_2.~L5.5~W2.3~H2.3~as_sheet,UP TO 5.5 CHILLER AND 2.3 WIDE,26,CHILLER MEDIUM,as_sheet,5.5,2.3,2.3,SIDES,SIDES,18867.348279,18867.1,0.001,PASS,,,
UP_TO_5.5_CHILLER_AND_2.~L5.5~W2.3~H2.3~as_sheet,UP TO 5.5 CHILLER AND 2.3 WIDE,26,CHILLER MEDIUM,as_sheet,5.5,2.3,2.3,ROOF,ROOF,9269.461536,9269.37,0.001,PASS,,,
UP_TO_5.5_CHILLER_AND_2.~L5.5~W2.3~H2.3~as_sheet,UP TO 5.5 CHILLER AND 2.3 WIDE,26,CHILLER MEDIUM,as_sheet,5.5,2.3,2.3,FLOOR,FLOOR,16875.321668,16875.32,0.0,PASS,,,
UP_TO_5.5_CHILLER_AND_2.~L5.5~W2.3~H2.3~as_sheet,UP TO 5.5 CHILLER AND 2.3 WIDE,26,CHILLER MEDIUM,as_sheet,5.5,2.3,2.3,ALUMINIUM,ALUMINIUM,7815.491,7815.49,0.0,PASS,,,
UP_TO_5.5_CHILLER_AND_2.~L5.5~W2.3~H2.3~as_sheet,UP TO 5.5 CHILLER AND 2.3 WIDE,26,CHILLER MEDIUM,as_sheet,5.5,2.3,2.3,SUB FRAME + LIGHT BOX ASSY,SUB FRAME + LIGHT BOX ASSY,8106.316432,8106.32,0.0,PASS,,,
UP_TO_5.5_CHILLER_AND_2.~L5.5~W2.3~H2.3~as_sheet,UP TO 5.5 CHILLER AND 2.3 WIDE,26,CHILLER MEDIUM,as_sheet,5.5,2.3,2.3,REAR FRAME + FLOOR PLATE,REAR FRAME & FLOOR PLATE,3129.9508,3129.75,0.006,PASS,,,
UP_TO_5.5_CHILLER_AND_2.~L5.5~W2.3~H2.3~as_sheet,UP TO 5.5 CHILLER AND 2.3 WIDE,26,CHILLER MEDIUM,as_sheet,5.5,2.3,2.3,SPRAY PAINTING,SPRAY PAINTING,750.0,750.0,0.0,PASS,,,
UP_TO_5.5_CHILLER_AND_2.~L5.5~W2.3~H2.3~as_sheet,UP TO 5.5 CHILLER AND 2.3 WIDE,26,CHILLER MEDIUM,as_sheet,5.5,2.3,2.3,REFLEXITE TAPE,REFLEXITE TAPE,239.4,239.4,0.0,PASS,,,
UP_TO_5.5_CHILLER_AND_2.~L5.5~W2.3~H2.3~all_eps,UP TO 5.5 CHILLER AND 2.3 WIDE,26,CHILLER MEDIUM,all_eps,5.5,2.3,2.3,FRONT,FRONT,4250.996789,4250.95,0.001,PASS,,,
UP_TO_5.5_CHILLER_AND_2.~L5.5~W2.3~H2.3~all_eps,UP TO 5.5 CHILLER AND 2.3 WIDE,26,CHILLER MEDIUM,all_eps,5.5,2.3,2.3,SRD,,0.0,,,SKIP,,,
UP_TO_5.5_CHILLER_AND_2.~L5.5~W2.3~H2.3~all_eps,UP TO 5.5 CHILLER AND 2.3 WIDE,26,CHILLER MEDIUM,all_eps,5.5,2.3,2.3,SRD DOOR FITTINGS,,0.0,,,SKIP,,,
UP_TO_5.5_CHILLER_AND_2.~L5.5~W2.3~H2.3~all_eps,UP TO 5.5 CHILLER AND 2.3 WIDE,26,CHILLER MEDIUM,all_eps,5.5,2.3,2.3,DRD,DRD,4550.659701,4550.61,0.001,PASS,,,
UP_TO_5.5_CHILLER_AND_2.~L5.5~W2.3~H2.3~all_eps,UP TO 5.5 CHILLER AND 2.3 WIDE,26,CHILLER MEDIUM,all_eps,5.5,2.3,2.3,DRD DOOR FITTINGS,DRD DOOR FITTINGS,5450.13694,5450.14,0.0,PASS,,,
UP_TO_5.5_CHILLER_AND_2.~L5.5~W2.3~H2.3~all_eps,UP TO 5.5 CHILLER AND 2.3 WIDE,26,CHILLER MEDIUM,all_eps,5.5,2.3,2.3,SIDES,SIDES,18867.348279,18867.1,0.001,PASS,,,
UP_TO_5.5_CHILLER_AND_2.~L5.5~W2.3~H2.3~all_eps,UP TO 5.5 CHILLER AND 2.3 WIDE,26,CHILLER MEDIUM,all_eps,5.5,2.3,2.3,ROOF,ROOF,9269.461536,9269.37,0.001,PASS,,,
UP_TO_5.5_CHILLER_AND_2.~L5.5~W2.3~H2.3~all_eps,UP TO 5.5 CHILLER AND 2.3 WIDE,26,CHILLER MEDIUM,all_eps,5.5,2.3,2.3,FLOOR,FLOOR,16875.321668,16875.32,0.0,PASS,,,
UP_TO_5.5_CHILLER_AND_2.~L5.5~W2.3~H2.3~all_eps,UP TO 5.5 CHILLER AND 2.3 WIDE,26,CHILLER MEDIUM,all_eps,5.5,2.3,2.3,ALUMINIUM,ALUMINIUM,7815.491,7815.49,0.0,PASS,,,
UP_TO_5.5_CHILLER_AND_2.~L5.5~W2.3~H2.3~all_eps,UP TO 5.5 CHILLER AND 2.3 WIDE,26,CHILLER MEDIUM,all_eps,5.5,2.3,2.3,SUB FRAME + LIGHT BOX ASSY,SUB FRAME + LIGHT BOX ASSY,8106.316432,8106.32,0.0,PASS,,,
UP_TO_5.5_CHILLER_AND_2.~L5.5~W2.3~H2.3~all_eps,UP TO 5.5 CHILLER AND 2.3 WIDE,26,CHILLER MEDIUM,all_eps,5.5,2.3,2.3,REAR FRAME + FLOOR PLATE,REAR FRAME & FLOOR PLATE,3129.9508,3129.75,0.006,PASS,,,
UP_TO_5.5_CHILLER_AND_2.~L5.5~W2.3~H2.3~all_eps,UP TO 5.5 CHILLER AND 2.3 WIDE,26,CHILLER MEDIUM,all_eps,5.5,2.3,2.3,SPRAY PAINTING,SPRAY PAINTING,750.0,750.0,0.0,PASS,,,
UP_TO_5.5_CHILLER_AND_2.~L5.5~W2.3~H2.3~all_eps,UP TO 5.5 CHILLER AND 2.3 WIDE,26,CHILLER MEDIUM,all_eps,5.5,2.3,2.3,REFLEXITE TAPE,REFLEXITE TAPE,239.4,239.4,0.0,PASS,,,
UP_TO_5.5_CHILLER_AND_2.~L5.5~W2.3~H2.3~all_pu,UP TO 5.5 CHILLER AND 2.3 WIDE,26,CHILLER MEDIUM,all_pu,5.5,2.3,2.3,FRONT,FRONT,4852.924509,4854.06,0.023,PASS,,,
UP_TO_5.5_CHILLER_AND_2.~L5.5~W2.3~H2.3~all_pu,UP TO 5.5 CHILLER AND 2.3 WIDE,26,CHILLER MEDIUM,all_pu,5.5,2.3,2.3,SRD,,0.0,,,SKIP,,,
UP_TO_5.5_CHILLER_AND_2.~L5.5~W2.3~H2.3~all_pu,UP TO 5.5 CHILLER AND 2.3 WIDE,26,CHILLER MEDIUM,all_pu,5.5,2.3,2.3,SRD DOOR FITTINGS,,0.0,,,SKIP,,,
UP_TO_5.5_CHILLER_AND_2.~L5.5~W2.3~H2.3~all_pu,UP TO 5.5 CHILLER AND 2.3 WIDE,26,CHILLER MEDIUM,all_pu,5.5,2.3,2.3,DRD,DRD,5113.158748,5114.29,0.022,PASS,,,
UP_TO_5.5_CHILLER_AND_2.~L5.5~W2.3~H2.3~all_pu,UP TO 5.5 CHILLER AND 2.3 WIDE,26,CHILLER MEDIUM,all_pu,5.5,2.3,2.3,DRD DOOR FITTINGS,DRD DOOR FITTINGS,5513.52626,5513.53,0.0,PASS,,,
UP_TO_5.5_CHILLER_AND_2.~L5.5~W2.3~H2.3~all_pu,UP TO 5.5 CHILLER AND 2.3 WIDE,26,CHILLER MEDIUM,all_pu,5.5,2.3,2.3,SIDES,SIDES,21276.649387,21281.78,0.024,PASS,,,
UP_TO_5.5_CHILLER_AND_2.~L5.5~W2.3~H2.3~all_pu,UP TO 5.5 CHILLER AND 2.3 WIDE,26,CHILLER MEDIUM,all_pu,5.5,2.3,2.3,ROOF,ROOF,10404.316032,10407.64,0.032,PASS,,,
UP_TO_5.5_CHILLER_AND_2.~L5.5~W2.3~H2.3~all_pu,UP TO 5.5 CHILLER AND 2.3 WIDE,26,CHILLER MEDIUM,all_pu,5.5,2.3,2.3,FLOOR,FLOOR,18010.176165,18013.59,0.019,PASS,,,
UP_TO_5.5_CHILLER_AND_2.~L5.5~W2.3~H2.3~all_pu,UP TO 5.5 CHILLER AND 2.3 WIDE,26,CHILLER MEDIUM,all_pu,5.5,2.3,2.3,ALUMINIUM,ALUMINIUM,7815.491,7815.49,0.0,PASS,,,
UP_TO_5.5_CHILLER_AND_2.~L5.5~W2.3~H2.3~all_pu,UP TO 5.5 CHILLER AND 2.3 WIDE,26,CHILLER MEDIUM,all_pu,5.5,2.3,2.3,SUB FRAME + LIGHT BOX ASSY,SUB FRAME + LIGHT BOX ASSY,8106.316432,8106.32,0.0,PASS,,,
UP_TO_5.5_CHILLER_AND_2.~L5.5~W2.3~H2.3~all_pu,UP TO 5.5 CHILLER AND 2.3 WIDE,26,CHILLER MEDIUM,all_pu,5.5,2.3,2.3,REAR FRAME + FLOOR PLATE,REAR FRAME & FLOOR PLATE,3129.9508,3129.75,0.006,PASS,,,
UP_TO_5.5_CHILLER_AND_2.~L5.5~W2.3~H2.3~all_pu,UP TO 5.5 CHILLER AND 2.3 WIDE,26,CHILLER MEDIUM,all_pu,5.5,2.3,2.3,SPRAY PAINTING,SPRAY PAINTING,750.0,750.0,0.0,PASS,,,
UP_TO_5.5_CHILLER_AND_2.~L5.5~W2.3~H2.3~all_pu,UP TO 5.5 CHILLER AND 2.3 WIDE,26,CHILLER MEDIUM,all_pu,5.5,2.3,2.3,REFLEXITE TAPE,REFLEXITE TAPE,239.4,239.4,0.0,PASS,,,
UP_TO_5.5_CHILLER_AND_2.~L5.5~W2.3~H2.3~srd,UP TO 5.5 CHILLER AND 2.3 WIDE,26,CHILLER MEDIUM,srd,5.5,2.3,2.3,FRONT,FRONT,4250.996789,4250.95,0.001,PASS,,,
UP_TO_5.5_CHILLER_AND_2.~L5.5~W2.3~H2.3~srd,UP TO 5.5 CHILLER AND 2.3 WIDE,26,CHILLER MEDIUM,srd,5.5,2.3,2.3,SRD,SRD,3510.663632,3510.63,0.001,PASS,,,
UP_TO_5.5_CHILLER_AND_2.~L5.5~W2.3~H2.3~srd,UP TO 5.5 CHILLER AND 2.3 WIDE,26,CHILLER MEDIUM,srd,5.5,2.3,2.3,SRD DOOR FITTINGS,SRD DOOR FITTINGS,6166.05802,6226.24,0.976,PASS,,,
UP_TO_5.5_CHILLER_AND_2.~L5.5~W2.3~H2.3~srd,UP TO 5.5 CHILLER AND 2.3 WIDE,26,CHILLER MEDIUM,srd,5.5,2.3,2.3,DRD,,0.0,,,SKIP,,,
UP_TO_5.5_CHILLER_AND_2.~L5.5~W2.3~H2.3~srd,UP TO 5.5 CHILLER AND 2.3 WIDE,26,CHILLER MEDIUM,srd,5.5,2.3,2.3,DRD DOOR FITTINGS,,0.0,,,SKIP,,,
UP_TO_5.5_CHILLER_AND_2.~L5.5~W2.3~H2.3~srd,UP TO 5.5 CHILLER AND 2.3 WIDE,26,CHILLER MEDIUM,srd,5.5,2.3,2.3,SIDES,SIDES,18867.348279,18867.1,0.001,PASS,,,
UP_TO_5.5_CHILLER_AND_2.~L5.5~W2.3~H2.3~srd,UP TO 5.5 CHILLER AND 2.3 WIDE,26,CHILLER MEDIUM,srd,5.5,2.3,2.3,ROOF,ROOF,9269.461536,9269.37,0.001,PASS,,,
UP_TO_5.5_CHILLER_AND_2.~L5.5~W2.3~H2.3~srd,UP TO 5.5 CHILLER AND 2.3 WIDE,26,CHILLER MEDIUM,srd,5.5,2.3,2.3,FLOOR,FLOOR,16875.321668,16875.32,0.0,PASS,,,
UP_TO_5.5_CHILLER_AND_2.~L5.5~W2.3~H2.3~srd,UP TO 5.5 CHILLER AND 2.3 WIDE,26,CHILLER MEDIUM,srd,5.5,2.3,2.3,ALUMINIUM,ALUMINIUM,7815.491,7815.49,0.0,PASS,,,
UP_TO_5.5_CHILLER_AND_2.~L5.5~W2.3~H2.3~srd,UP TO 5.5 CHILLER AND 2.3 WIDE,26,CHILLER MEDIUM,srd,5.5,2.3,2.3,SUB FRAME + LIGHT BOX ASSY,SUB FRAME + LIGHT BOX ASSY,8106.316432,8106.32,0.0,PASS,,,
UP_TO_5.5_CHILLER_AND_2.~L5.5~W2.3~H2.3~srd,UP TO 5.5 CHILLER AND 2.3 WIDE,26,CHILLER MEDIUM,srd,5.5,2.3,2.3,REAR FRAME + FLOOR PLATE,REAR FRAME & FLOOR PLATE,0.0,3129.75,,ACCEPTED,EXTRA_IN_MES,,"[RULING] Burt gates REAR FRAME + FLOOR PLATE on the DRD flags, so a single-rear-door body carries R0 there; MES always includes the section (R2.4k-R5.5k). Which is right needs Burt/Michael."
UP_TO_5.5_CHILLER_AND_2.~L5.5~W2.3~H2.3~srd,UP TO 5.5 CHILLER AND 2.3 WIDE,26,CHILLER MEDIUM,srd,5.5,2.3,2.3,SPRAY PAINTING,SPRAY PAINTING,750.0,750.0,0.0,PASS,,,
UP_TO_5.5_CHILLER_AND_2.~L5.5~W2.3~H2.3~srd,UP TO 5.5 CHILLER AND 2.3 WIDE,26,CHILLER MEDIUM,srd,5.5,2.3,2.3,REFLEXITE TAPE,REFLEXITE TAPE,239.4,239.4,0.0,PASS,,,
UP_TO_5.5_CHILLER_AND_2.~L5.5~W2.3~H2.3~drd,UP TO 5.5 CHILLER AND 2.3 WIDE,26,CHILLER MEDIUM,drd,5.5,2.3,2.3,FRONT,FRONT,4250.996789,4250.95,0.001,PASS,,,
UP_TO_5.5_CHILLER_AND_2.~L5.5~W2.3~H2.3~drd,UP TO 5.5 CHILLER AND 2.3 WIDE,26,CHILLER MEDIUM,drd,5.5,2.3,2.3,SRD,,0.0,,,SKIP,,,
UP_TO_5.5_CHILLER_AND_2.~L5.5~W2.3~H2.3~drd,UP TO 5.5 CHILLER AND 2.3 WIDE,26,CHILLER MEDIUM,drd,5.5,2.3,2.3,SRD DOOR FITTINGS,,0.0,,,SKIP,,,
UP_TO_5.5_CHILLER_AND_2.~L5.5~W2.3~H2.3~drd,UP TO 5.5 CHILLER AND 2.3 WIDE,26,CHILLER MEDIUM,drd,5.5,2.3,2.3,DRD,DRD,4550.659701,4550.61,0.001,PASS,,,
UP_TO_5.5_CHILLER_AND_2.~L5.5~W2.3~H2.3~drd,UP TO 5.5 CHILLER AND 2.3 WIDE,26,CHILLER MEDIUM,drd,5.5,2.3,2.3,DRD DOOR FITTINGS,DRD DOOR FITTINGS,5450.13694,5450.14,0.0,PASS,,,
UP_TO_5.5_CHILLER_AND_2.~L5.5~W2.3~H2.3~drd,UP TO 5.5 CHILLER AND 2.3 WIDE,26,CHILLER MEDIUM,drd,5.5,2.3,2.3,SIDES,SIDES,18867.348279,18867.1,0.001,PASS,,,
UP_TO_5.5_CHILLER_AND_2.~L5.5~W2.3~H2.3~drd,UP TO 5.5 CHILLER AND 2.3 WIDE,26,CHILLER MEDIUM,drd,5.5,2.3,2.3,ROOF,ROOF,9269.461536,9269.37,0.001,PASS,,,
UP_TO_5.5_CHILLER_AND_2.~L5.5~W2.3~H2.3~drd,UP TO 5.5 CHILLER AND 2.3 WIDE,26,CHILLER MEDIUM,drd,5.5,2.3,2.3,FLOOR,FLOOR,16875.321668,16875.32,0.0,PASS,,,
UP_TO_5.5_CHILLER_AND_2.~L5.5~W2.3~H2.3~drd,UP TO 5.5 CHILLER AND 2.3 WIDE,26,CHILLER MEDIUM,drd,5.5,2.3,2.3,ALUMINIUM,ALUMINIUM,7815.491,7815.49,0.0,PASS,,,
UP_TO_5.5_CHILLER_AND_2.~L5.5~W2.3~H2.3~drd,UP TO 5.5 CHILLER AND 2.3 WIDE,26,CHILLER MEDIUM,drd,5.5,2.3,2.3,SUB FRAME + LIGHT BOX ASSY,SUB FRAME + LIGHT BOX ASSY,8106.316432,8106.32,0.0,PASS,,,
UP_TO_5.5_CHILLER_AND_2.~L5.5~W2.3~H2.3~drd,UP TO 5.5 CHILLER AND 2.3 WIDE,26,CHILLER MEDIUM,drd,5.5,2.3,2.3,REAR FRAME + FLOOR PLATE,REAR FRAME & FLOOR PLATE,3129.9508,3129.75,0.006,PASS,,,
UP_TO_5.5_CHILLER_AND_2.~L5.5~W2.3~H2.3~drd,UP TO 5.5 CHILLER AND 2.3 WIDE,26,CHILLER MEDIUM,drd,5.5,2.3,2.3,SPRAY PAINTING,SPRAY PAINTING,750.0,750.0,0.0,PASS,,,
UP_TO_5.5_CHILLER_AND_2.~L5.5~W2.3~H2.3~drd,UP TO 5.5 CHILLER AND 2.3 WIDE,26,CHILLER MEDIUM,drd,5.5,2.3,2.3,REFLEXITE TAPE,REFLEXITE TAPE,239.4,239.4,0.0,PASS,,,
UP_TO_5.5_CHILLER_AND_2.~L5.5~W2.3~H2.3~foam_4g,UP TO 5.5 CHILLER AND 2.3 WIDE,26,CHILLER MEDIUM,foam_4g,5.5,2.3,2.3,FRONT,FRONT,4250.996789,4250.95,0.001,PASS,,,
UP_TO_5.5_CHILLER_AND_2.~L5.5~W2.3~H2.3~foam_4g,UP TO 5.5 CHILLER AND 2.3 WIDE,26,CHILLER MEDIUM,foam_4g,5.5,2.3,2.3,SRD,,0.0,,,SKIP,,,
UP_TO_5.5_CHILLER_AND_2.~L5.5~W2.3~H2.3~foam_4g,UP TO 5.5 CHILLER AND 2.3 WIDE,26,CHILLER MEDIUM,foam_4g,5.5,2.3,2.3,SRD DOOR FITTINGS,,0.0,,,SKIP,,,
UP_TO_5.5_CHILLER_AND_2.~L5.5~W2.3~H2.3~foam_4g,UP TO 5.5 CHILLER AND 2.3 WIDE,26,CHILLER MEDIUM,foam_4g,5.5,2.3,2.3,DRD,DRD,4550.659701,4550.61,0.001,PASS,,,
UP_TO_5.5_CHILLER_AND_2.~L5.5~W2.3~H2.3~foam_4g,UP TO 5.5 CHILLER AND 2.3 WIDE,26,CHILLER MEDIUM,foam_4g,5.5,2.3,2.3,DRD DOOR FITTINGS,DRD DOOR FITTINGS,5450.13694,5450.14,0.0,PASS,,,
UP_TO_5.5_CHILLER_AND_2.~L5.5~W2.3~H2.3~foam_4g,UP TO 5.5 CHILLER AND 2.3 WIDE,26,CHILLER MEDIUM,foam_4g,5.5,2.3,2.3,SIDES,SIDES,18867.348279,18867.1,0.001,PASS,,,
UP_TO_5.5_CHILLER_AND_2.~L5.5~W2.3~H2.3~foam_4g,UP TO 5.5 CHILLER AND 2.3 WIDE,26,CHILLER MEDIUM,foam_4g,5.5,2.3,2.3,ROOF,ROOF,9269.461536,9269.37,0.001,PASS,,,
UP_TO_5.5_CHILLER_AND_2.~L5.5~W2.3~H2.3~foam_4g,UP TO 5.5 CHILLER AND 2.3 WIDE,26,CHILLER MEDIUM,foam_4g,5.5,2.3,2.3,FLOOR,FLOOR,16875.321668,16875.32,0.0,PASS,,,
UP_TO_5.5_CHILLER_AND_2.~L5.5~W2.3~H2.3~foam_4g,UP TO 5.5 CHILLER AND 2.3 WIDE,26,CHILLER MEDIUM,foam_4g,5.5,2.3,2.3,ALUMINIUM,ALUMINIUM,7815.491,7815.49,0.0,PASS,,,
UP_TO_5.5_CHILLER_AND_2.~L5.5~W2.3~H2.3~foam_4g,UP TO 5.5 CHILLER AND 2.3 WIDE,26,CHILLER MEDIUM,foam_4g,5.5,2.3,2.3,SUB FRAME + LIGHT BOX ASSY,SUB FRAME + LIGHT BOX ASSY,8106.316432,8106.32,0.0,PASS,,,
UP_TO_5.5_CHILLER_AND_2.~L5.5~W2.3~H2.3~foam_4g,UP TO 5.5 CHILLER AND 2.3 WIDE,26,CHILLER MEDIUM,foam_4g,5.5,2.3,2.3,REAR FRAME + FLOOR PLATE,REAR FRAME & FLOOR PLATE,3129.9508,3129.75,0.006,PASS,,,
UP_TO_5.5_CHILLER_AND_2.~L5.5~W2.3~H2.3~foam_4g,UP TO 5.5 CHILLER AND 2.3 WIDE,26,CHILLER MEDIUM,foam_4g,5.5,2.3,2.3,SPRAY PAINTING,SPRAY PAINTING,750.0,750.0,0.0,PASS,,,
UP_TO_5.5_CHILLER_AND_2.~L5.5~W2.3~H2.3~foam_4g,UP TO 5.5 CHILLER AND 2.3 WIDE,26,CHILLER MEDIUM,foam_4g,5.5,2.3,2.3,REFLEXITE TAPE,REFLEXITE TAPE,239.4,239.4,0.0,PASS,,,
UP_TO_5.5_CHILLER_AND_2.~L5.5~W2.3~H2.3~srd_pu,UP TO 5.5 CHILLER AND 2.3 WIDE,26,CHILLER MEDIUM,srd_pu,5.5,2.3,2.3,FRONT,FRONT,4232.057506,4250.95,0.446,PASS,,,
UP_TO_5.5_CHILLER_AND_2.~L5.5~W2.3~H2.3~srd_pu,UP TO 5.5 CHILLER AND 2.3 WIDE,26,CHILLER MEDIUM,srd_pu,5.5,2.3,2.3,SRD,SRD,3927.251097,3987.22,1.527,ACCEPTED,,QTY_DIFF GLUE LINE (-140.10),[RULING] Burt's SRD sections carry 4MM PF PLYWOOD and one GLUE LINE at R0 (the total cells are hard-coded 0) where MES charges them: +R480 to +R590 per single rear door. Does a single rear door get the inner plywood skin?
UP_TO_5.5_CHILLER_AND_2.~L5.5~W2.3~H2.3~srd_pu,UP TO 5.5 CHILLER AND 2.3 WIDE,26,CHILLER MEDIUM,srd_pu,5.5,2.3,2.3,SRD DOOR FITTINGS,SRD DOOR FITTINGS,6166.05802,6226.24,0.976,PASS,,,
UP_TO_5.5_CHILLER_AND_2.~L5.5~W2.3~H2.3~srd_pu,UP TO 5.5 CHILLER AND 2.3 WIDE,26,CHILLER MEDIUM,srd_pu,5.5,2.3,2.3,DRD,,0.0,,,SKIP,,,
UP_TO_5.5_CHILLER_AND_2.~L5.5~W2.3~H2.3~srd_pu,UP TO 5.5 CHILLER AND 2.3 WIDE,26,CHILLER MEDIUM,srd_pu,5.5,2.3,2.3,DRD DOOR FITTINGS,,0.0,,,SKIP,,,
UP_TO_5.5_CHILLER_AND_2.~L5.5~W2.3~H2.3~srd_pu,UP TO 5.5 CHILLER AND 2.3 WIDE,26,CHILLER MEDIUM,srd_pu,5.5,2.3,2.3,SIDES,SIDES,18837.410431,18867.1,0.158,PASS,,,
UP_TO_5.5_CHILLER_AND_2.~L5.5~W2.3~H2.3~srd_pu,UP TO 5.5 CHILLER AND 2.3 WIDE,26,CHILLER MEDIUM,srd_pu,5.5,2.3,2.3,ROOF,ROOF,9238.26811,9269.37,0.337,PASS,,,
UP_TO_5.5_CHILLER_AND_2.~L5.5~W2.3~H2.3~srd_pu,UP TO 5.5 CHILLER AND 2.3 WIDE,26,CHILLER MEDIUM,srd_pu,5.5,2.3,2.3,FLOOR,FLOOR,16875.321668,16875.32,0.0,PASS,,,
UP_TO_5.5_CHILLER_AND_2.~L5.5~W2.3~H2.3~srd_pu,UP TO 5.5 CHILLER AND 2.3 WIDE,26,CHILLER MEDIUM,srd_pu,5.5,2.3,2.3,ALUMINIUM,ALUMINIUM,7815.491,7815.49,0.0,PASS,,,
UP_TO_5.5_CHILLER_AND_2.~L5.5~W2.3~H2.3~srd_pu,UP TO 5.5 CHILLER AND 2.3 WIDE,26,CHILLER MEDIUM,srd_pu,5.5,2.3,2.3,SUB FRAME + LIGHT BOX ASSY,SUB FRAME + LIGHT BOX ASSY,8106.316432,8106.32,0.0,PASS,,,
UP_TO_5.5_CHILLER_AND_2.~L5.5~W2.3~H2.3~srd_pu,UP TO 5.5 CHILLER AND 2.3 WIDE,26,CHILLER MEDIUM,srd_pu,5.5,2.3,2.3,REAR FRAME + FLOOR PLATE,REAR FRAME & FLOOR PLATE,0.0,3129.75,,ACCEPTED,EXTRA_IN_MES,,"[RULING] Burt gates REAR FRAME + FLOOR PLATE on the DRD flags, so a single-rear-door body carries R0 there; MES always includes the section (R2.4k-R5.5k). Which is right needs Burt/Michael."
UP_TO_5.5_CHILLER_AND_2.~L5.5~W2.3~H2.3~srd_pu,UP TO 5.5 CHILLER AND 2.3 WIDE,26,CHILLER MEDIUM,srd_pu,5.5,2.3,2.3,SPRAY PAINTING,SPRAY PAINTING,750.0,750.0,0.0,PASS,,,
UP_TO_5.5_CHILLER_AND_2.~L5.5~W2.3~H2.3~srd_pu,UP TO 5.5 CHILLER AND 2.3 WIDE,26,CHILLER MEDIUM,srd_pu,5.5,2.3,2.3,REFLEXITE TAPE,REFLEXITE TAPE,239.4,239.4,0.0,PASS,,,
4.9_+_UP_CHILLER_AND_2.5~L4.9~W2.5~H2.56~as_sheet, 4.9 & UP CHILLER AND 2.5 WIDE ,27,CHILLER LARGE,as_sheet,4.9,2.5,2.56,FRONT,FRONT,4566.529064,4566.47,0.001,PASS,,,
4.9_+_UP_CHILLER_AND_2.5~L4.9~W2.5~H2.56~as_sheet, 4.9 & UP CHILLER AND 2.5 WIDE ,27,CHILLER LARGE,as_sheet,4.9,2.5,2.56,SRD,,0.0,,,SKIP,,,
4.9_+_UP_CHILLER_AND_2.5~L4.9~W2.5~H2.56~as_sheet, 4.9 & UP CHILLER AND 2.5 WIDE ,27,CHILLER LARGE,as_sheet,4.9,2.5,2.56,SRD DOOR FITTINGS,,0.0,,,SKIP,,,
4.9_+_UP_CHILLER_AND_2.5~L4.9~W2.5~H2.56~as_sheet, 4.9 & UP CHILLER AND 2.5 WIDE ,27,CHILLER LARGE,as_sheet,4.9,2.5,2.56,DRD,DRD,5715.188449,5715.13,0.001,PASS,,,
4.9_+_UP_CHILLER_AND_2.5~L4.9~W2.5~H2.56~as_sheet, 4.9 & UP CHILLER AND 2.5 WIDE ,27,CHILLER LARGE,as_sheet,4.9,2.5,2.56,DRD DOOR FITTINGS,DRD DOOR FITTINGS,6200.61678,6200.62,0.0,PASS,,,
4.9_+_UP_CHILLER_AND_2.5~L4.9~W2.5~H2.56~as_sheet, 4.9 & UP CHILLER AND 2.5 WIDE ,27,CHILLER LARGE,as_sheet,4.9,2.5,2.56,SIDES,SIDES,18422.550199,18422.31,0.001,PASS,,,
4.9_+_UP_CHILLER_AND_2.5~L4.9~W2.5~H2.56~as_sheet, 4.9 & UP CHILLER AND 2.5 WIDE ,27,CHILLER LARGE,as_sheet,4.9,2.5,2.56,ROOF,ROOF,9514.041397,9513.96,0.001,PASS,,,
4.9_+_UP_CHILLER_AND_2.5~L4.9~W2.5~H2.56~as_sheet, 4.9 & UP CHILLER AND 2.5 WIDE ,27,CHILLER LARGE,as_sheet,4.9,2.5,2.56,FLOOR,FLOOR,16210.992888,16210.99,0.0,PASS,,,
4.9_+_UP_CHILLER_AND_2.5~L4.9~W2.5~H2.56~as_sheet, 4.9 & UP CHILLER AND 2.5 WIDE ,27,CHILLER LARGE,as_sheet,4.9,2.5,2.56,ALUMINIUM,ALUMINIUM,10285.7931,10285.79,0.0,PASS,,,
4.9_+_UP_CHILLER_AND_2.5~L4.9~W2.5~H2.56~as_sheet, 4.9 & UP CHILLER AND 2.5 WIDE ,27,CHILLER LARGE,as_sheet,4.9,2.5,2.56,SUB FRAME + LIGHT BOX ASSY,SUB FRAME + LIGHT BOX ASSY,7999.623068,7999.63,0.0,PASS,,,
4.9_+_UP_CHILLER_AND_2.5~L4.9~W2.5~H2.56~as_sheet, 4.9 & UP CHILLER AND 2.5 WIDE ,27,CHILLER LARGE,as_sheet,4.9,2.5,2.56,REAR FRAME + FLOOR PLATE,REAR FRAME & FLOOR PLATE,5472.944561,5472.97,0.0,PASS,,,
4.9_+_UP_CHILLER_AND_2.5~L4.9~W2.5~H2.56~as_sheet, 4.9 & UP CHILLER AND 2.5 WIDE ,27,CHILLER LARGE,as_sheet,4.9,2.5,2.56,SPRAY PAINTING,SPRAY PAINTING,750.0,750.0,0.0,PASS,,,
4.9_+_UP_CHILLER_AND_2.5~L4.9~W2.5~H2.56~as_sheet, 4.9 & UP CHILLER AND 2.5 WIDE ,27,CHILLER LARGE,as_sheet,4.9,2.5,2.56,REFLEXITE TAPE,REFLEXITE TAPE,224.1,224.1,0.0,PASS,,,
4.9_+_UP_CHILLER_AND_2.5~L4.9~W2.5~H2.56~all_eps, 4.9 & UP CHILLER AND 2.5 WIDE ,27,CHILLER LARGE,all_eps,4.9,2.5,2.56,FRONT,FRONT,4566.529064,4566.47,0.001,PASS,,,
4.9_+_UP_CHILLER_AND_2.5~L4.9~W2.5~H2.56~all_eps, 4.9 & UP CHILLER AND 2.5 WIDE ,27,CHILLER LARGE,all_eps,4.9,2.5,2.56,SRD,,0.0,,,SKIP,,,
4.9_+_UP_CHILLER_AND_2.5~L4.9~W2.5~H2.56~all_eps, 4.9 & UP CHILLER AND 2.5 WIDE ,27,CHILLER LARGE,all_eps,4.9,2.5,2.56,SRD DOOR FITTINGS,,0.0,,,SKIP,,,
4.9_+_UP_CHILLER_AND_2.5~L4.9~W2.5~H2.56~all_eps, 4.9 & UP CHILLER AND 2.5 WIDE ,27,CHILLER LARGE,all_eps,4.9,2.5,2.56,DRD,DRD,5715.188449,5715.13,0.001,PASS,,,
4.9_+_UP_CHILLER_AND_2.5~L4.9~W2.5~H2.56~all_eps, 4.9 & UP CHILLER AND 2.5 WIDE ,27,CHILLER LARGE,all_eps,4.9,2.5,2.56,DRD DOOR FITTINGS,DRD DOOR FITTINGS,6200.61678,6200.62,0.0,PASS,,,
4.9_+_UP_CHILLER_AND_2.5~L4.9~W2.5~H2.56~all_eps, 4.9 & UP CHILLER AND 2.5 WIDE ,27,CHILLER LARGE,all_eps,4.9,2.5,2.56,SIDES,SIDES,18422.550199,18422.31,0.001,PASS,,,
4.9_+_UP_CHILLER_AND_2.5~L4.9~W2.5~H2.56~all_eps, 4.9 & UP CHILLER AND 2.5 WIDE ,27,CHILLER LARGE,all_eps,4.9,2.5,2.56,ROOF,ROOF,9514.041397,9513.96,0.001,PASS,,,
4.9_+_UP_CHILLER_AND_2.5~L4.9~W2.5~H2.56~all_eps, 4.9 & UP CHILLER AND 2.5 WIDE ,27,CHILLER LARGE,all_eps,4.9,2.5,2.56,FLOOR,FLOOR,16210.992888,16210.99,0.0,PASS,,,
4.9_+_UP_CHILLER_AND_2.5~L4.9~W2.5~H2.56~all_eps, 4.9 & UP CHILLER AND 2.5 WIDE ,27,CHILLER LARGE,all_eps,4.9,2.5,2.56,ALUMINIUM,ALUMINIUM,10285.7931,10285.79,0.0,PASS,,,
4.9_+_UP_CHILLER_AND_2.5~L4.9~W2.5~H2.56~all_eps, 4.9 & UP CHILLER AND 2.5 WIDE ,27,CHILLER LARGE,all_eps,4.9,2.5,2.56,SUB FRAME + LIGHT BOX ASSY,SUB FRAME + LIGHT BOX ASSY,7999.623068,7999.63,0.0,PASS,,,
4.9_+_UP_CHILLER_AND_2.5~L4.9~W2.5~H2.56~all_eps, 4.9 & UP CHILLER AND 2.5 WIDE ,27,CHILLER LARGE,all_eps,4.9,2.5,2.56,REAR FRAME + FLOOR PLATE,REAR FRAME & FLOOR PLATE,5472.944561,5472.97,0.0,PASS,,,
4.9_+_UP_CHILLER_AND_2.5~L4.9~W2.5~H2.56~all_eps, 4.9 & UP CHILLER AND 2.5 WIDE ,27,CHILLER LARGE,all_eps,4.9,2.5,2.56,SPRAY PAINTING,SPRAY PAINTING,750.0,750.0,0.0,PASS,,,
4.9_+_UP_CHILLER_AND_2.5~L4.9~W2.5~H2.56~all_eps, 4.9 & UP CHILLER AND 2.5 WIDE ,27,CHILLER LARGE,all_eps,4.9,2.5,2.56,REFLEXITE TAPE,REFLEXITE TAPE,224.1,224.1,0.0,PASS,,,
4.9_+_UP_CHILLER_AND_2.5~L4.9~W2.5~H2.56~all_pu, 4.9 & UP CHILLER AND 2.5 WIDE ,27,CHILLER LARGE,all_pu,4.9,2.5,2.56,FRONT,FRONT,5108.324552,5108.26,0.001,PASS,,,
4.9_+_UP_CHILLER_AND_2.5~L4.9~W2.5~H2.56~all_pu, 4.9 & UP CHILLER AND 2.5 WIDE ,27,CHILLER LARGE,all_pu,4.9,2.5,2.56,SRD,,0.0,,,SKIP,,,
4.9_+_UP_CHILLER_AND_2.5~L4.9~W2.5~H2.56~all_pu, 4.9 & UP CHILLER AND 2.5 WIDE ,27,CHILLER LARGE,all_pu,4.9,2.5,2.56,SRD DOOR FITTINGS,,0.0,,,SKIP,,,
4.9_+_UP_CHILLER_AND_2.5~L4.9~W2.5~H2.56~all_pu, 4.9 & UP CHILLER AND 2.5 WIDE ,27,CHILLER LARGE,all_pu,4.9,2.5,2.56,DRD,DRD,5763.910795,5765.03,0.019,PASS,,,
4.9_+_UP_CHILLER_AND_2.5~L4.9~W2.5~H2.56~all_pu, 4.9 & UP CHILLER AND 2.5 WIDE ,27,CHILLER LARGE,all_pu,4.9,2.5,2.56,DRD DOOR FITTINGS,DRD DOOR FITTINGS,6304.22746,6304.04,0.003,PASS,,,
4.9_+_UP_CHILLER_AND_2.5~L4.9~W2.5~H2.56~all_pu, 4.9 & UP CHILLER AND 2.5 WIDE ,27,CHILLER LARGE,all_pu,4.9,2.5,2.56,SIDES,SIDES,20592.275757,20596.83,0.022,PASS,,,
4.9_+_UP_CHILLER_AND_2.5~L4.9~W2.5~H2.56~all_pu, 4.9 & UP CHILLER AND 2.5 WIDE ,27,CHILLER LARGE,all_pu,4.9,2.5,2.56,ROOF,ROOF,9747.158121,9750.12,0.03,PASS,,,
4.9_+_UP_CHILLER_AND_2.5~L4.9~W2.5~H2.56~all_pu, 4.9 & UP CHILLER AND 2.5 WIDE ,27,CHILLER LARGE,all_pu,4.9,2.5,2.56,FLOOR,FLOOR,16444.109612,16447.15,0.018,PASS,,,
4.9_+_UP_CHILLER_AND_2.5~L4.9~W2.5~H2.56~all_pu, 4.9 & UP CHILLER AND 2.5 WIDE ,27,CHILLER LARGE,all_pu,4.9,2.5,2.56,ALUMINIUM,ALUMINIUM,10285.7931,10285.79,0.0,PASS,,,
4.9_+_UP_CHILLER_AND_2.5~L4.9~W2.5~H2.56~all_pu, 4.9 & UP CHILLER AND 2.5 WIDE ,27,CHILLER LARGE,all_pu,4.9,2.5,2.56,SUB FRAME + LIGHT BOX ASSY,SUB FRAME + LIGHT BOX ASSY,7999.623068,7999.63,0.0,PASS,,,
4.9_+_UP_CHILLER_AND_2.5~L4.9~W2.5~H2.56~all_pu, 4.9 & UP CHILLER AND 2.5 WIDE ,27,CHILLER LARGE,all_pu,4.9,2.5,2.56,REAR FRAME + FLOOR PLATE,REAR FRAME & FLOOR PLATE,5472.944561,5472.97,0.0,PASS,,,
4.9_+_UP_CHILLER_AND_2.5~L4.9~W2.5~H2.56~all_pu, 4.9 & UP CHILLER AND 2.5 WIDE ,27,CHILLER LARGE,all_pu,4.9,2.5,2.56,SPRAY PAINTING,SPRAY PAINTING,750.0,750.0,0.0,PASS,,,
4.9_+_UP_CHILLER_AND_2.5~L4.9~W2.5~H2.56~all_pu, 4.9 & UP CHILLER AND 2.5 WIDE ,27,CHILLER LARGE,all_pu,4.9,2.5,2.56,REFLEXITE TAPE,REFLEXITE TAPE,224.1,224.1,0.0,PASS,,,
4.9_+_UP_CHILLER_AND_2.5~L4.9~W2.5~H2.56~srd, 4.9 & UP CHILLER AND 2.5 WIDE ,27,CHILLER LARGE,srd,4.9,2.5,2.56,FRONT,FRONT,4566.529064,4566.47,0.001,PASS,,,
4.9_+_UP_CHILLER_AND_2.5~L4.9~W2.5~H2.56~srd, 4.9 & UP CHILLER AND 2.5 WIDE ,27,CHILLER LARGE,srd,4.9,2.5,2.56,SRD,SRD,4777.751788,4777.69,0.001,PASS,,,
4.9_+_UP_CHILLER_AND_2.5~L4.9~W2.5~H2.56~srd, 4.9 & UP CHILLER AND 2.5 WIDE ,27,CHILLER LARGE,srd,4.9,2.5,2.56,SRD DOOR FITTINGS,SRD DOOR FITTINGS,6683.48854,6683.49,0.0,PASS,,,
4.9_+_UP_CHILLER_AND_2.5~L4.9~W2.5~H2.56~srd, 4.9 & UP CHILLER AND 2.5 WIDE ,27,CHILLER LARGE,srd,4.9,2.5,2.56,DRD,,0.0,,,SKIP,,,
4.9_+_UP_CHILLER_AND_2.5~L4.9~W2.5~H2.56~srd, 4.9 & UP CHILLER AND 2.5 WIDE ,27,CHILLER LARGE,srd,4.9,2.5,2.56,DRD DOOR FITTINGS,,0.0,,,SKIP,,,
4.9_+_UP_CHILLER_AND_2.5~L4.9~W2.5~H2.56~srd, 4.9 & UP CHILLER AND 2.5 WIDE ,27,CHILLER LARGE,srd,4.9,2.5,2.56,SIDES,SIDES,18422.550199,18422.31,0.001,PASS,,,
4.9_+_UP_CHILLER_AND_2.5~L4.9~W2.5~H2.56~srd, 4.9 & UP CHILLER AND 2.5 WIDE ,27,CHILLER LARGE,srd,4.9,2.5,2.56,ROOF,ROOF,9514.041397,9513.96,0.001,PASS,,,
4.9_+_UP_CHILLER_AND_2.5~L4.9~W2.5~H2.56~srd, 4.9 & UP CHILLER AND 2.5 WIDE ,27,CHILLER LARGE,srd,4.9,2.5,2.56,FLOOR,FLOOR,16210.992888,16210.99,0.0,PASS,,,
4.9_+_UP_CHILLER_AND_2.5~L4.9~W2.5~H2.56~srd, 4.9 & UP CHILLER AND 2.5 WIDE ,27,CHILLER LARGE,srd,4.9,2.5,2.56,ALUMINIUM,ALUMINIUM,10285.7931,10285.79,0.0,PASS,,,
4.9_+_UP_CHILLER_AND_2.5~L4.9~W2.5~H2.56~srd, 4.9 & UP CHILLER AND 2.5 WIDE ,27,CHILLER LARGE,srd,4.9,2.5,2.56,SUB FRAME + LIGHT BOX ASSY,SUB FRAME + LIGHT BOX ASSY,7999.623068,7999.63,0.0,PASS,,,
4.9_+_UP_CHILLER_AND_2.5~L4.9~W2.5~H2.56~srd, 4.9 & UP CHILLER AND 2.5 WIDE ,27,CHILLER LARGE,srd,4.9,2.5,2.56,REAR FRAME + FLOOR PLATE,REAR FRAME & FLOOR PLATE,0.0,5472.97,,ACCEPTED,EXTRA_IN_MES,,"[RULING] Burt gates REAR FRAME + FLOOR PLATE on the DRD flags, so a single-rear-door body carries R0 there; MES always includes the section (R2.4k-R5.5k). Which is right needs Burt/Michael."
4.9_+_UP_CHILLER_AND_2.5~L4.9~W2.5~H2.56~srd, 4.9 & UP CHILLER AND 2.5 WIDE ,27,CHILLER LARGE,srd,4.9,2.5,2.56,SPRAY PAINTING,SPRAY PAINTING,750.0,750.0,0.0,PASS,,,
4.9_+_UP_CHILLER_AND_2.5~L4.9~W2.5~H2.56~srd, 4.9 & UP CHILLER AND 2.5 WIDE ,27,CHILLER LARGE,srd,4.9,2.5,2.56,REFLEXITE TAPE,REFLEXITE TAPE,224.1,224.1,0.0,PASS,,,
4.9_+_UP_CHILLER_AND_2.5~L4.9~W2.5~H2.56~drd, 4.9 & UP CHILLER AND 2.5 WIDE ,27,CHILLER LARGE,drd,4.9,2.5,2.56,FRONT,FRONT,4566.529064,4566.47,0.001,PASS,,,
4.9_+_UP_CHILLER_AND_2.5~L4.9~W2.5~H2.56~drd, 4.9 & UP CHILLER AND 2.5 WIDE ,27,CHILLER LARGE,drd,4.9,2.5,2.56,SRD,,0.0,,,SKIP,,,
4.9_+_UP_CHILLER_AND_2.5~L4.9~W2.5~H2.56~drd, 4.9 & UP CHILLER AND 2.5 WIDE ,27,CHILLER LARGE,drd,4.9,2.5,2.56,SRD DOOR FITTINGS,,0.0,,,SKIP,,,
4.9_+_UP_CHILLER_AND_2.5~L4.9~W2.5~H2.56~drd, 4.9 & UP CHILLER AND 2.5 WIDE ,27,CHILLER LARGE,drd,4.9,2.5,2.56,DRD,DRD,5715.188449,5715.13,0.001,PASS,,,
4.9_+_UP_CHILLER_AND_2.5~L4.9~W2.5~H2.56~drd, 4.9 & UP CHILLER AND 2.5 WIDE ,27,CHILLER LARGE,drd,4.9,2.5,2.56,DRD DOOR FITTINGS,DRD DOOR FITTINGS,6200.61678,6200.62,0.0,PASS,,,
4.9_+_UP_CHILLER_AND_2.5~L4.9~W2.5~H2.56~drd, 4.9 & UP CHILLER AND 2.5 WIDE ,27,CHILLER LARGE,drd,4.9,2.5,2.56,SIDES,SIDES,18422.550199,18422.31,0.001,PASS,,,
4.9_+_UP_CHILLER_AND_2.5~L4.9~W2.5~H2.56~drd, 4.9 & UP CHILLER AND 2.5 WIDE ,27,CHILLER LARGE,drd,4.9,2.5,2.56,ROOF,ROOF,9514.041397,9513.96,0.001,PASS,,,
4.9_+_UP_CHILLER_AND_2.5~L4.9~W2.5~H2.56~drd, 4.9 & UP CHILLER AND 2.5 WIDE ,27,CHILLER LARGE,drd,4.9,2.5,2.56,FLOOR,FLOOR,16210.992888,16210.99,0.0,PASS,,,
4.9_+_UP_CHILLER_AND_2.5~L4.9~W2.5~H2.56~drd, 4.9 & UP CHILLER AND 2.5 WIDE ,27,CHILLER LARGE,drd,4.9,2.5,2.56,ALUMINIUM,ALUMINIUM,10285.7931,10285.79,0.0,PASS,,,
4.9_+_UP_CHILLER_AND_2.5~L4.9~W2.5~H2.56~drd, 4.9 & UP CHILLER AND 2.5 WIDE ,27,CHILLER LARGE,drd,4.9,2.5,2.56,SUB FRAME + LIGHT BOX ASSY,SUB FRAME + LIGHT BOX ASSY,7999.623068,7999.63,0.0,PASS,,,
4.9_+_UP_CHILLER_AND_2.5~L4.9~W2.5~H2.56~drd, 4.9 & UP CHILLER AND 2.5 WIDE ,27,CHILLER LARGE,drd,4.9,2.5,2.56,REAR FRAME + FLOOR PLATE,REAR FRAME & FLOOR PLATE,5472.944561,5472.97,0.0,PASS,,,
4.9_+_UP_CHILLER_AND_2.5~L4.9~W2.5~H2.56~drd, 4.9 & UP CHILLER AND 2.5 WIDE ,27,CHILLER LARGE,drd,4.9,2.5,2.56,SPRAY PAINTING,SPRAY PAINTING,750.0,750.0,0.0,PASS,,,
4.9_+_UP_CHILLER_AND_2.5~L4.9~W2.5~H2.56~drd, 4.9 & UP CHILLER AND 2.5 WIDE ,27,CHILLER LARGE,drd,4.9,2.5,2.56,REFLEXITE TAPE,REFLEXITE TAPE,224.1,224.1,0.0,PASS,,,
4.9_+_UP_CHILLER_AND_2.5~L4.9~W2.5~H2.56~foam_4g, 4.9 & UP CHILLER AND 2.5 WIDE ,27,CHILLER LARGE,foam_4g,4.9,2.5,2.56,FRONT,FRONT,4566.529064,4566.47,0.001,PASS,,,
4.9_+_UP_CHILLER_AND_2.5~L4.9~W2.5~H2.56~foam_4g, 4.9 & UP CHILLER AND 2.5 WIDE ,27,CHILLER LARGE,foam_4g,4.9,2.5,2.56,SRD,,0.0,,,SKIP,,,
4.9_+_UP_CHILLER_AND_2.5~L4.9~W2.5~H2.56~foam_4g, 4.9 & UP CHILLER AND 2.5 WIDE ,27,CHILLER LARGE,foam_4g,4.9,2.5,2.56,SRD DOOR FITTINGS,,0.0,,,SKIP,,,
4.9_+_UP_CHILLER_AND_2.5~L4.9~W2.5~H2.56~foam_4g, 4.9 & UP CHILLER AND 2.5 WIDE ,27,CHILLER LARGE,foam_4g,4.9,2.5,2.56,DRD,DRD,5715.188449,5715.13,0.001,PASS,,,
4.9_+_UP_CHILLER_AND_2.5~L4.9~W2.5~H2.56~foam_4g, 4.9 & UP CHILLER AND 2.5 WIDE ,27,CHILLER LARGE,foam_4g,4.9,2.5,2.56,DRD DOOR FITTINGS,DRD DOOR FITTINGS,6200.61678,6200.62,0.0,PASS,,,
4.9_+_UP_CHILLER_AND_2.5~L4.9~W2.5~H2.56~foam_4g, 4.9 & UP CHILLER AND 2.5 WIDE ,27,CHILLER LARGE,foam_4g,4.9,2.5,2.56,SIDES,SIDES,18422.550199,18422.31,0.001,PASS,,,
4.9_+_UP_CHILLER_AND_2.5~L4.9~W2.5~H2.56~foam_4g, 4.9 & UP CHILLER AND 2.5 WIDE ,27,CHILLER LARGE,foam_4g,4.9,2.5,2.56,ROOF,ROOF,9514.041397,9513.96,0.001,PASS,,,
4.9_+_UP_CHILLER_AND_2.5~L4.9~W2.5~H2.56~foam_4g, 4.9 & UP CHILLER AND 2.5 WIDE ,27,CHILLER LARGE,foam_4g,4.9,2.5,2.56,FLOOR,FLOOR,16210.992888,16210.99,0.0,PASS,,,
4.9_+_UP_CHILLER_AND_2.5~L4.9~W2.5~H2.56~foam_4g, 4.9 & UP CHILLER AND 2.5 WIDE ,27,CHILLER LARGE,foam_4g,4.9,2.5,2.56,ALUMINIUM,ALUMINIUM,10285.7931,10285.79,0.0,PASS,,,
4.9_+_UP_CHILLER_AND_2.5~L4.9~W2.5~H2.56~foam_4g, 4.9 & UP CHILLER AND 2.5 WIDE ,27,CHILLER LARGE,foam_4g,4.9,2.5,2.56,SUB FRAME + LIGHT BOX ASSY,SUB FRAME + LIGHT BOX ASSY,7999.623068,7999.63,0.0,PASS,,,
4.9_+_UP_CHILLER_AND_2.5~L4.9~W2.5~H2.56~foam_4g, 4.9 & UP CHILLER AND 2.5 WIDE ,27,CHILLER LARGE,foam_4g,4.9,2.5,2.56,REAR FRAME + FLOOR PLATE,REAR FRAME & FLOOR PLATE,5472.944561,5472.97,0.0,PASS,,,
4.9_+_UP_CHILLER_AND_2.5~L4.9~W2.5~H2.56~foam_4g, 4.9 & UP CHILLER AND 2.5 WIDE ,27,CHILLER LARGE,foam_4g,4.9,2.5,2.56,SPRAY PAINTING,SPRAY PAINTING,750.0,750.0,0.0,PASS,,,
4.9_+_UP_CHILLER_AND_2.5~L4.9~W2.5~H2.56~foam_4g, 4.9 & UP CHILLER AND 2.5 WIDE ,27,CHILLER LARGE,foam_4g,4.9,2.5,2.56,REFLEXITE TAPE,REFLEXITE TAPE,224.1,224.1,0.0,PASS,,,
4.9_+_UP_CHILLER_AND_2.5~L4.9~W2.5~H2.56~srd_pu, 4.9 & UP CHILLER AND 2.5 WIDE ,27,CHILLER LARGE,srd_pu,4.9,2.5,2.56,FRONT,FRONT,4557.178316,4566.47,0.204,PASS,,,
4.9_+_UP_CHILLER_AND_2.5~L4.9~W2.5~H2.56~srd_pu, 4.9 & UP CHILLER AND 2.5 WIDE ,27,CHILLER LARGE,srd_pu,4.9,2.5,2.56,SRD,SRD,5072.397306,5132.34,1.182,ACCEPTED,,GROUP_DIFF 130*62MM TAPPING BLOCKS ~ 2 MES line(s) (+60.00),[DATA] 130*62MM TAPPING BLOCKS: on prod the icecream and EXPLOSIVE 4.9 AND UP bodies price them differently from Burt (missing or one size only); the chillers/freezers match.
4.9_+_UP_CHILLER_AND_2.5~L4.9~W2.5~H2.56~srd_pu, 4.9 & UP CHILLER AND 2.5 WIDE ,27,CHILLER LARGE,srd_pu,4.9,2.5,2.56,SRD DOOR FITTINGS,SRD DOOR FITTINGS,6683.48854,6683.49,0.0,PASS,,,
4.9_+_UP_CHILLER_AND_2.5~L4.9~W2.5~H2.56~srd_pu, 4.9 & UP CHILLER AND 2.5 WIDE ,27,CHILLER LARGE,srd_pu,4.9,2.5,2.56,DRD,,0.0,,,SKIP,,,
4.9_+_UP_CHILLER_AND_2.5~L4.9~W2.5~H2.56~srd_pu, 4.9 & UP CHILLER AND 2.5 WIDE ,27,CHILLER LARGE,srd_pu,4.9,2.5,2.56,DRD DOOR FITTINGS,,0.0,,,SKIP,,,
4.9_+_UP_CHILLER_AND_2.5~L4.9~W2.5~H2.56~srd_pu, 4.9 & UP CHILLER AND 2.5 WIDE ,27,CHILLER LARGE,srd_pu,4.9,2.5,2.56,SIDES,SIDES,18394.111561,18422.31,0.153,PASS,,,
4.9_+_UP_CHILLER_AND_2.5~L4.9~W2.5~H2.56~srd_pu, 4.9 & UP CHILLER AND 2.5 WIDE ,27,CHILLER LARGE,srd_pu,4.9,2.5,2.56,ROOF,ROOF,9484.427384,9513.96,0.311,PASS,,,
4.9_+_UP_CHILLER_AND_2.5~L4.9~W2.5~H2.56~srd_pu, 4.9 & UP CHILLER AND 2.5 WIDE ,27,CHILLER LARGE,srd_pu,4.9,2.5,2.56,FLOOR,FLOOR,16210.992888,16210.99,0.0,PASS,,,
4.9_+_UP_CHILLER_AND_2.5~L4.9~W2.5~H2.56~srd_pu, 4.9 & UP CHILLER AND 2.5 WIDE ,27,CHILLER LARGE,srd_pu,4.9,2.5,2.56,ALUMINIUM,ALUMINIUM,10285.7931,10285.79,0.0,PASS,,,
4.9_+_UP_CHILLER_AND_2.5~L4.9~W2.5~H2.56~srd_pu, 4.9 & UP CHILLER AND 2.5 WIDE ,27,CHILLER LARGE,srd_pu,4.9,2.5,2.56,SUB FRAME + LIGHT BOX ASSY,SUB FRAME + LIGHT BOX ASSY,7999.623068,7999.63,0.0,PASS,,,
4.9_+_UP_CHILLER_AND_2.5~L4.9~W2.5~H2.56~srd_pu, 4.9 & UP CHILLER AND 2.5 WIDE ,27,CHILLER LARGE,srd_pu,4.9,2.5,2.56,REAR FRAME + FLOOR PLATE,REAR FRAME & FLOOR PLATE,0.0,5472.97,,ACCEPTED,EXTRA_IN_MES,,"[RULING] Burt gates REAR FRAME + FLOOR PLATE on the DRD flags, so a single-rear-door body carries R0 there; MES always includes the section (R2.4k-R5.5k). Which is right needs Burt/Michael."
4.9_+_UP_CHILLER_AND_2.5~L4.9~W2.5~H2.56~srd_pu, 4.9 & UP CHILLER AND 2.5 WIDE ,27,CHILLER LARGE,srd_pu,4.9,2.5,2.56,SPRAY PAINTING,SPRAY PAINTING,750.0,750.0,0.0,PASS,,,
4.9_+_UP_CHILLER_AND_2.5~L4.9~W2.5~H2.56~srd_pu, 4.9 & UP CHILLER AND 2.5 WIDE ,27,CHILLER LARGE,srd_pu,4.9,2.5,2.56,REFLEXITE TAPE,REFLEXITE TAPE,224.1,224.1,0.0,PASS,,,
4.9_+_UP_CHILLER_AND_2.5~L4.9~W2.6~H2.56~as_sheet, 4.9 & UP CHILLER AND 2.5 WIDE ,27,CHILLER LARGE,as_sheet,4.9,2.6,2.56,FRONT,FRONT,4747.056155,4747.0,0.001,PASS,,,
4.9_+_UP_CHILLER_AND_2.5~L4.9~W2.6~H2.56~as_sheet, 4.9 & UP CHILLER AND 2.5 WIDE ,27,CHILLER LARGE,as_sheet,4.9,2.6,2.56,SRD,,0.0,,,SKIP,,,
4.9_+_UP_CHILLER_AND_2.5~L4.9~W2.6~H2.56~as_sheet, 4.9 & UP CHILLER AND 2.5 WIDE ,27,CHILLER LARGE,as_sheet,4.9,2.6,2.56,SRD DOOR FITTINGS,,0.0,,,SKIP,,,
4.9_+_UP_CHILLER_AND_2.5~L4.9~W2.6~H2.56~as_sheet, 4.9 & UP CHILLER AND 2.5 WIDE ,27,CHILLER LARGE,as_sheet,4.9,2.6,2.56,DRD,DRD,5907.123728,5907.06,0.001,PASS,,,
4.9_+_UP_CHILLER_AND_2.5~L4.9~W2.6~H2.56~as_sheet, 4.9 & UP CHILLER AND 2.5 WIDE ,27,CHILLER LARGE,as_sheet,4.9,2.6,2.56,DRD DOOR FITTINGS,DRD DOOR FITTINGS,6247.51278,6247.51,0.0,PASS,,,
4.9_+_UP_CHILLER_AND_2.5~L4.9~W2.6~H2.56~as_sheet, 4.9 & UP CHILLER AND 2.5 WIDE ,27,CHILLER LARGE,as_sheet,4.9,2.6,2.56,SIDES,SIDES,18422.550199,18422.31,0.001,PASS,,,
4.9_+_UP_CHILLER_AND_2.5~L4.9~W2.6~H2.56~as_sheet, 4.9 & UP CHILLER AND 2.5 WIDE ,27,CHILLER LARGE,as_sheet,4.9,2.6,2.56,ROOF,ROOF,9869.900619,9869.81,0.001,PASS,,,
4.9_+_UP_CHILLER_AND_2.5~L4.9~W2.6~H2.56~as_sheet, 4.9 & UP CHILLER AND 2.5 WIDE ,27,CHILLER LARGE,as_sheet,4.9,2.6,2.56,FLOOR,FLOOR,16710.969657,16710.97,0.0,PASS,,,
4.9_+_UP_CHILLER_AND_2.5~L4.9~W2.6~H2.56~as_sheet, 4.9 & UP CHILLER AND 2.5 WIDE ,27,CHILLER LARGE,as_sheet,4.9,2.6,2.56,ALUMINIUM,ALUMINIUM,10321.540767,10321.54,0.0,PASS,,,
4.9_+_UP_CHILLER_AND_2.5~L4.9~W2.6~H2.56~as_sheet, 4.9 & UP CHILLER AND 2.5 WIDE ,27,CHILLER LARGE,as_sheet,4.9,2.6,2.56,SUB FRAME + LIGHT BOX ASSY,SUB FRAME + LIGHT BOX ASSY,7999.623068,7999.63,0.0,PASS,,,
4.9_+_UP_CHILLER_AND_2.5~L4.9~W2.6~H2.56~as_sheet, 4.9 & UP CHILLER AND 2.5 WIDE ,27,CHILLER LARGE,as_sheet,4.9,2.6,2.56,REAR FRAME + FLOOR PLATE,REAR FRAME & FLOOR PLATE,5502.400241,5502.42,0.0,PASS,,,
4.9_+_UP_CHILLER_AND_2.5~L4.9~W2.6~H2.56~as_sheet, 4.9 & UP CHILLER AND 2.5 WIDE ,27,CHILLER LARGE,as_sheet,4.9,2.6,2.56,SPRAY PAINTING,SPRAY PAINTING,750.0,750.0,0.0,PASS,,,
4.9_+_UP_CHILLER_AND_2.5~L4.9~W2.6~H2.56~as_sheet, 4.9 & UP CHILLER AND 2.5 WIDE ,27,CHILLER LARGE,as_sheet,4.9,2.6,2.56,REFLEXITE TAPE,REFLEXITE TAPE,225.9,225.9,0.0,PASS,,,
4.9_+_UP_CHILLER_AND_2.5~L4.9~W2.6~H2.56~all_eps, 4.9 & UP CHILLER AND 2.5 WIDE ,27,CHILLER LARGE,all_eps,4.9,2.6,2.56,FRONT,FRONT,4747.056155,4747.0,0.001,PASS,,,
4.9_+_UP_CHILLER_AND_2.5~L4.9~W2.6~H2.56~all_eps, 4.9 & UP CHILLER AND 2.5 WIDE ,27,CHILLER LARGE,all_eps,4.9,2.6,2.56,SRD,,0.0,,,SKIP,,,
4.9_+_UP_CHILLER_AND_2.5~L4.9~W2.6~H2.56~all_eps, 4.9 & UP CHILLER AND 2.5 WIDE ,27,CHILLER LARGE,all_eps,4.9,2.6,2.56,SRD DOOR FITTINGS,,0.0,,,SKIP,,,
4.9_+_UP_CHILLER_AND_2.5~L4.9~W2.6~H2.56~all_eps, 4.9 & UP CHILLER AND 2.5 WIDE ,27,CHILLER LARGE,all_eps,4.9,2.6,2.56,DRD,DRD,5907.123728,5907.06,0.001,PASS,,,
4.9_+_UP_CHILLER_AND_2.5~L4.9~W2.6~H2.56~all_eps, 4.9 & UP CHILLER AND 2.5 WIDE ,27,CHILLER LARGE,all_eps,4.9,2.6,2.56,DRD DOOR FITTINGS,DRD DOOR FITTINGS,6247.51278,6247.51,0.0,PASS,,,
4.9_+_UP_CHILLER_AND_2.5~L4.9~W2.6~H2.56~all_eps, 4.9 & UP CHILLER AND 2.5 WIDE ,27,CHILLER LARGE,all_eps,4.9,2.6,2.56,SIDES,SIDES,18422.550199,18422.31,0.001,PASS,,,
4.9_+_UP_CHILLER_AND_2.5~L4.9~W2.6~H2.56~all_eps, 4.9 & UP CHILLER AND 2.5 WIDE ,27,CHILLER LARGE,all_eps,4.9,2.6,2.56,ROOF,ROOF,9869.900619,9869.81,0.001,PASS,,,
4.9_+_UP_CHILLER_AND_2.5~L4.9~W2.6~H2.56~all_eps, 4.9 & UP CHILLER AND 2.5 WIDE ,27,CHILLER LARGE,all_eps,4.9,2.6,2.56,FLOOR,FLOOR,16710.969657,16710.97,0.0,PASS,,,
4.9_+_UP_CHILLER_AND_2.5~L4.9~W2.6~H2.56~all_eps, 4.9 & UP CHILLER AND 2.5 WIDE ,27,CHILLER LARGE,all_eps,4.9,2.6,2.56,ALUMINIUM,ALUMINIUM,10321.540767,10321.54,0.0,PASS,,,
4.9_+_UP_CHILLER_AND_2.5~L4.9~W2.6~H2.56~all_eps, 4.9 & UP CHILLER AND 2.5 WIDE ,27,CHILLER LARGE,all_eps,4.9,2.6,2.56,SUB FRAME + LIGHT BOX ASSY,SUB FRAME + LIGHT BOX ASSY,7999.623068,7999.63,0.0,PASS,,,
4.9_+_UP_CHILLER_AND_2.5~L4.9~W2.6~H2.56~all_eps, 4.9 & UP CHILLER AND 2.5 WIDE ,27,CHILLER LARGE,all_eps,4.9,2.6,2.56,REAR FRAME + FLOOR PLATE,REAR FRAME & FLOOR PLATE,5502.400241,5502.42,0.0,PASS,,,
4.9_+_UP_CHILLER_AND_2.5~L4.9~W2.6~H2.56~all_eps, 4.9 & UP CHILLER AND 2.5 WIDE ,27,CHILLER LARGE,all_eps,4.9,2.6,2.56,SPRAY PAINTING,SPRAY PAINTING,750.0,750.0,0.0,PASS,,,
4.9_+_UP_CHILLER_AND_2.5~L4.9~W2.6~H2.56~all_eps, 4.9 & UP CHILLER AND 2.5 WIDE ,27,CHILLER LARGE,all_eps,4.9,2.6,2.56,REFLEXITE TAPE,REFLEXITE TAPE,225.9,225.9,0.0,PASS,,,
4.9_+_UP_CHILLER_AND_2.5~L4.9~W2.6~H2.56~all_pu, 4.9 & UP CHILLER AND 2.5 WIDE ,27,CHILLER LARGE,all_pu,4.9,2.6,2.56,FRONT,FRONT,5265.392232,5265.33,0.001,PASS,,,
4.9_+_UP_CHILLER_AND_2.5~L4.9~W2.6~H2.56~all_pu, 4.9 & UP CHILLER AND 2.5 WIDE ,27,CHILLER LARGE,all_pu,4.9,2.6,2.56,SRD,,0.0,,,SKIP,,,
4.9_+_UP_CHILLER_AND_2.5~L4.9~W2.6~H2.56~all_pu, 4.9 & UP CHILLER AND 2.5 WIDE ,27,CHILLER LARGE,all_pu,4.9,2.6,2.56,SRD DOOR FITTINGS,,0.0,,,SKIP,,,
4.9_+_UP_CHILLER_AND_2.5~L4.9~W2.6~H2.56~all_pu, 4.9 & UP CHILLER AND 2.5 WIDE ,27,CHILLER LARGE,all_pu,4.9,2.6,2.56,DRD,DRD,5913.521182,5914.64,0.019,PASS,,,
4.9_+_UP_CHILLER_AND_2.5~L4.9~W2.6~H2.56~all_pu, 4.9 & UP CHILLER AND 2.5 WIDE ,27,CHILLER LARGE,all_pu,4.9,2.6,2.56,DRD DOOR FITTINGS,DRD DOOR FITTINGS,6351.12346,6350.94,0.003,PASS,,,
4.9_+_UP_CHILLER_AND_2.5~L4.9~W2.6~H2.56~all_pu, 4.9 & UP CHILLER AND 2.5 WIDE ,27,CHILLER LARGE,all_pu,4.9,2.6,2.56,SIDES,SIDES,20592.275757,20596.83,0.022,PASS,,,
4.9_+_UP_CHILLER_AND_2.5~L4.9~W2.6~H2.56~all_pu, 4.9 & UP CHILLER AND 2.5 WIDE ,27,CHILLER LARGE,all_pu,4.9,2.6,2.56,ROOF,ROOF,10001.047343,10004.0,0.03,PASS,,,
4.9_+_UP_CHILLER_AND_2.5~L4.9~W2.6~H2.56~all_pu, 4.9 & UP CHILLER AND 2.5 WIDE ,27,CHILLER LARGE,all_pu,4.9,2.6,2.56,FLOOR,FLOOR,16842.116381,16845.16,0.018,PASS,,,
4.9_+_UP_CHILLER_AND_2.5~L4.9~W2.6~H2.56~all_pu, 4.9 & UP CHILLER AND 2.5 WIDE ,27,CHILLER LARGE,all_pu,4.9,2.6,2.56,ALUMINIUM,ALUMINIUM,10321.540767,10321.54,0.0,PASS,,,
4.9_+_UP_CHILLER_AND_2.5~L4.9~W2.6~H2.56~all_pu, 4.9 & UP CHILLER AND 2.5 WIDE ,27,CHILLER LARGE,all_pu,4.9,2.6,2.56,SUB FRAME + LIGHT BOX ASSY,SUB FRAME + LIGHT BOX ASSY,7999.623068,7999.63,0.0,PASS,,,
4.9_+_UP_CHILLER_AND_2.5~L4.9~W2.6~H2.56~all_pu, 4.9 & UP CHILLER AND 2.5 WIDE ,27,CHILLER LARGE,all_pu,4.9,2.6,2.56,REAR FRAME + FLOOR PLATE,REAR FRAME & FLOOR PLATE,5502.400241,5502.42,0.0,PASS,,,
4.9_+_UP_CHILLER_AND_2.5~L4.9~W2.6~H2.56~all_pu, 4.9 & UP CHILLER AND 2.5 WIDE ,27,CHILLER LARGE,all_pu,4.9,2.6,2.56,SPRAY PAINTING,SPRAY PAINTING,750.0,750.0,0.0,PASS,,,
4.9_+_UP_CHILLER_AND_2.5~L4.9~W2.6~H2.56~all_pu, 4.9 & UP CHILLER AND 2.5 WIDE ,27,CHILLER LARGE,all_pu,4.9,2.6,2.56,REFLEXITE TAPE,REFLEXITE TAPE,225.9,225.9,0.0,PASS,,,
4.9_+_UP_CHILLER_AND_2.5~L4.9~W2.6~H2.56~srd, 4.9 & UP CHILLER AND 2.5 WIDE ,27,CHILLER LARGE,srd,4.9,2.6,2.56,FRONT,FRONT,4747.056155,4747.0,0.001,PASS,,,
4.9_+_UP_CHILLER_AND_2.5~L4.9~W2.6~H2.56~srd, 4.9 & UP CHILLER AND 2.5 WIDE ,27,CHILLER LARGE,srd,4.9,2.6,2.56,SRD,SRD,4955.107829,4955.05,0.001,PASS,,,
4.9_+_UP_CHILLER_AND_2.5~L4.9~W2.6~H2.56~srd, 4.9 & UP CHILLER AND 2.5 WIDE ,27,CHILLER LARGE,srd,4.9,2.6,2.56,SRD DOOR FITTINGS,SRD DOOR FITTINGS,6731.60454,6731.6,0.0,PASS,,,
4.9_+_UP_CHILLER_AND_2.5~L4.9~W2.6~H2.56~srd, 4.9 & UP CHILLER AND 2.5 WIDE ,27,CHILLER LARGE,srd,4.9,2.6,2.56,DRD,,0.0,,,SKIP,,,
4.9_+_UP_CHILLER_AND_2.5~L4.9~W2.6~H2.56~srd, 4.9 & UP CHILLER AND 2.5 WIDE ,27,CHILLER LARGE,srd,4.9,2.6,2.56,DRD DOOR FITTINGS,,0.0,,,SKIP,,,
4.9_+_UP_CHILLER_AND_2.5~L4.9~W2.6~H2.56~srd, 4.9 & UP CHILLER AND 2.5 WIDE ,27,CHILLER LARGE,srd,4.9,2.6,2.56,SIDES,SIDES,18422.550199,18422.31,0.001,PASS,,,
4.9_+_UP_CHILLER_AND_2.5~L4.9~W2.6~H2.56~srd, 4.9 & UP CHILLER AND 2.5 WIDE ,27,CHILLER LARGE,srd,4.9,2.6,2.56,ROOF,ROOF,9869.900619,9869.81,0.001,PASS,,,
4.9_+_UP_CHILLER_AND_2.5~L4.9~W2.6~H2.56~srd, 4.9 & UP CHILLER AND 2.5 WIDE ,27,CHILLER LARGE,srd,4.9,2.6,2.56,FLOOR,FLOOR,16710.969657,16710.97,0.0,PASS,,,
4.9_+_UP_CHILLER_AND_2.5~L4.9~W2.6~H2.56~srd, 4.9 & UP CHILLER AND 2.5 WIDE ,27,CHILLER LARGE,srd,4.9,2.6,2.56,ALUMINIUM,ALUMINIUM,10321.540767,10321.54,0.0,PASS,,,
4.9_+_UP_CHILLER_AND_2.5~L4.9~W2.6~H2.56~srd, 4.9 & UP CHILLER AND 2.5 WIDE ,27,CHILLER LARGE,srd,4.9,2.6,2.56,SUB FRAME + LIGHT BOX ASSY,SUB FRAME + LIGHT BOX ASSY,7999.623068,7999.63,0.0,PASS,,,
4.9_+_UP_CHILLER_AND_2.5~L4.9~W2.6~H2.56~srd, 4.9 & UP CHILLER AND 2.5 WIDE ,27,CHILLER LARGE,srd,4.9,2.6,2.56,REAR FRAME + FLOOR PLATE,REAR FRAME & FLOOR PLATE,0.0,5502.42,,ACCEPTED,EXTRA_IN_MES,,"[RULING] Burt gates REAR FRAME + FLOOR PLATE on the DRD flags, so a single-rear-door body carries R0 there; MES always includes the section (R2.4k-R5.5k). Which is right needs Burt/Michael."
4.9_+_UP_CHILLER_AND_2.5~L4.9~W2.6~H2.56~srd, 4.9 & UP CHILLER AND 2.5 WIDE ,27,CHILLER LARGE,srd,4.9,2.6,2.56,SPRAY PAINTING,SPRAY PAINTING,750.0,750.0,0.0,PASS,,,
4.9_+_UP_CHILLER_AND_2.5~L4.9~W2.6~H2.56~srd, 4.9 & UP CHILLER AND 2.5 WIDE ,27,CHILLER LARGE,srd,4.9,2.6,2.56,REFLEXITE TAPE,REFLEXITE TAPE,225.9,225.9,0.0,PASS,,,
4.9_+_UP_CHILLER_AND_2.5~L4.9~W2.6~H2.56~drd, 4.9 & UP CHILLER AND 2.5 WIDE ,27,CHILLER LARGE,drd,4.9,2.6,2.56,FRONT,FRONT,4747.056155,4747.0,0.001,PASS,,,
4.9_+_UP_CHILLER_AND_2.5~L4.9~W2.6~H2.56~drd, 4.9 & UP CHILLER AND 2.5 WIDE ,27,CHILLER LARGE,drd,4.9,2.6,2.56,SRD,,0.0,,,SKIP,,,
4.9_+_UP_CHILLER_AND_2.5~L4.9~W2.6~H2.56~drd, 4.9 & UP CHILLER AND 2.5 WIDE ,27,CHILLER LARGE,drd,4.9,2.6,2.56,SRD DOOR FITTINGS,,0.0,,,SKIP,,,
4.9_+_UP_CHILLER_AND_2.5~L4.9~W2.6~H2.56~drd, 4.9 & UP CHILLER AND 2.5 WIDE ,27,CHILLER LARGE,drd,4.9,2.6,2.56,DRD,DRD,5907.123728,5907.06,0.001,PASS,,,
4.9_+_UP_CHILLER_AND_2.5~L4.9~W2.6~H2.56~drd, 4.9 & UP CHILLER AND 2.5 WIDE ,27,CHILLER LARGE,drd,4.9,2.6,2.56,DRD DOOR FITTINGS,DRD DOOR FITTINGS,6247.51278,6247.51,0.0,PASS,,,
4.9_+_UP_CHILLER_AND_2.5~L4.9~W2.6~H2.56~drd, 4.9 & UP CHILLER AND 2.5 WIDE ,27,CHILLER LARGE,drd,4.9,2.6,2.56,SIDES,SIDES,18422.550199,18422.31,0.001,PASS,,,
4.9_+_UP_CHILLER_AND_2.5~L4.9~W2.6~H2.56~drd, 4.9 & UP CHILLER AND 2.5 WIDE ,27,CHILLER LARGE,drd,4.9,2.6,2.56,ROOF,ROOF,9869.900619,9869.81,0.001,PASS,,,
4.9_+_UP_CHILLER_AND_2.5~L4.9~W2.6~H2.56~drd, 4.9 & UP CHILLER AND 2.5 WIDE ,27,CHILLER LARGE,drd,4.9,2.6,2.56,FLOOR,FLOOR,16710.969657,16710.97,0.0,PASS,,,
4.9_+_UP_CHILLER_AND_2.5~L4.9~W2.6~H2.56~drd, 4.9 & UP CHILLER AND 2.5 WIDE ,27,CHILLER LARGE,drd,4.9,2.6,2.56,ALUMINIUM,ALUMINIUM,10321.540767,10321.54,0.0,PASS,,,
4.9_+_UP_CHILLER_AND_2.5~L4.9~W2.6~H2.56~drd, 4.9 & UP CHILLER AND 2.5 WIDE ,27,CHILLER LARGE,drd,4.9,2.6,2.56,SUB FRAME + LIGHT BOX ASSY,SUB FRAME + LIGHT BOX ASSY,7999.623068,7999.63,0.0,PASS,,,
4.9_+_UP_CHILLER_AND_2.5~L4.9~W2.6~H2.56~drd, 4.9 & UP CHILLER AND 2.5 WIDE ,27,CHILLER LARGE,drd,4.9,2.6,2.56,REAR FRAME + FLOOR PLATE,REAR FRAME & FLOOR PLATE,5502.400241,5502.42,0.0,PASS,,,
4.9_+_UP_CHILLER_AND_2.5~L4.9~W2.6~H2.56~drd, 4.9 & UP CHILLER AND 2.5 WIDE ,27,CHILLER LARGE,drd,4.9,2.6,2.56,SPRAY PAINTING,SPRAY PAINTING,750.0,750.0,0.0,PASS,,,
4.9_+_UP_CHILLER_AND_2.5~L4.9~W2.6~H2.56~drd, 4.9 & UP CHILLER AND 2.5 WIDE ,27,CHILLER LARGE,drd,4.9,2.6,2.56,REFLEXITE TAPE,REFLEXITE TAPE,225.9,225.9,0.0,PASS,,,
4.9_+_UP_CHILLER_AND_2.5~L4.9~W2.6~H2.56~foam_4g, 4.9 & UP CHILLER AND 2.5 WIDE ,27,CHILLER LARGE,foam_4g,4.9,2.6,2.56,FRONT,FRONT,4747.056155,4747.0,0.001,PASS,,,
4.9_+_UP_CHILLER_AND_2.5~L4.9~W2.6~H2.56~foam_4g, 4.9 & UP CHILLER AND 2.5 WIDE ,27,CHILLER LARGE,foam_4g,4.9,2.6,2.56,SRD,,0.0,,,SKIP,,,
4.9_+_UP_CHILLER_AND_2.5~L4.9~W2.6~H2.56~foam_4g, 4.9 & UP CHILLER AND 2.5 WIDE ,27,CHILLER LARGE,foam_4g,4.9,2.6,2.56,SRD DOOR FITTINGS,,0.0,,,SKIP,,,
4.9_+_UP_CHILLER_AND_2.5~L4.9~W2.6~H2.56~foam_4g, 4.9 & UP CHILLER AND 2.5 WIDE ,27,CHILLER LARGE,foam_4g,4.9,2.6,2.56,DRD,DRD,5907.123728,5907.06,0.001,PASS,,,
4.9_+_UP_CHILLER_AND_2.5~L4.9~W2.6~H2.56~foam_4g, 4.9 & UP CHILLER AND 2.5 WIDE ,27,CHILLER LARGE,foam_4g,4.9,2.6,2.56,DRD DOOR FITTINGS,DRD DOOR FITTINGS,6247.51278,6247.51,0.0,PASS,,,
4.9_+_UP_CHILLER_AND_2.5~L4.9~W2.6~H2.56~foam_4g, 4.9 & UP CHILLER AND 2.5 WIDE ,27,CHILLER LARGE,foam_4g,4.9,2.6,2.56,SIDES,SIDES,18422.550199,18422.31,0.001,PASS,,,
4.9_+_UP_CHILLER_AND_2.5~L4.9~W2.6~H2.56~foam_4g, 4.9 & UP CHILLER AND 2.5 WIDE ,27,CHILLER LARGE,foam_4g,4.9,2.6,2.56,ROOF,ROOF,9869.900619,9869.81,0.001,PASS,,,
4.9_+_UP_CHILLER_AND_2.5~L4.9~W2.6~H2.56~foam_4g, 4.9 & UP CHILLER AND 2.5 WIDE ,27,CHILLER LARGE,foam_4g,4.9,2.6,2.56,FLOOR,FLOOR,16710.969657,16710.97,0.0,PASS,,,
4.9_+_UP_CHILLER_AND_2.5~L4.9~W2.6~H2.56~foam_4g, 4.9 & UP CHILLER AND 2.5 WIDE ,27,CHILLER LARGE,foam_4g,4.9,2.6,2.56,ALUMINIUM,ALUMINIUM,10321.540767,10321.54,0.0,PASS,,,
4.9_+_UP_CHILLER_AND_2.5~L4.9~W2.6~H2.56~foam_4g, 4.9 & UP CHILLER AND 2.5 WIDE ,27,CHILLER LARGE,foam_4g,4.9,2.6,2.56,SUB FRAME + LIGHT BOX ASSY,SUB FRAME + LIGHT BOX ASSY,7999.623068,7999.63,0.0,PASS,,,
4.9_+_UP_CHILLER_AND_2.5~L4.9~W2.6~H2.56~foam_4g, 4.9 & UP CHILLER AND 2.5 WIDE ,27,CHILLER LARGE,foam_4g,4.9,2.6,2.56,REAR FRAME + FLOOR PLATE,REAR FRAME & FLOOR PLATE,5502.400241,5502.42,0.0,PASS,,,
4.9_+_UP_CHILLER_AND_2.5~L4.9~W2.6~H2.56~foam_4g, 4.9 & UP CHILLER AND 2.5 WIDE ,27,CHILLER LARGE,foam_4g,4.9,2.6,2.56,SPRAY PAINTING,SPRAY PAINTING,750.0,750.0,0.0,PASS,,,
4.9_+_UP_CHILLER_AND_2.5~L4.9~W2.6~H2.56~foam_4g, 4.9 & UP CHILLER AND 2.5 WIDE ,27,CHILLER LARGE,foam_4g,4.9,2.6,2.56,REFLEXITE TAPE,REFLEXITE TAPE,225.9,225.9,0.0,PASS,,,
4.9_+_UP_CHILLER_AND_2.5~L4.9~W2.6~H2.56~srd_pu, 4.9 & UP CHILLER AND 2.5 WIDE ,27,CHILLER LARGE,srd_pu,4.9,2.6,2.56,FRONT,FRONT,4737.51221,4747.0,0.2,PASS,,,
4.9_+_UP_CHILLER_AND_2.5~L4.9~W2.6~H2.56~srd_pu, 4.9 & UP CHILLER AND 2.5 WIDE ,27,CHILLER LARGE,srd_pu,4.9,2.6,2.56,SRD,SRD,5218.972827,5278.91,1.148,ACCEPTED,,GROUP_DIFF 130*62MM TAPPING BLOCKS ~ 2 MES line(s) (+60.00),[DATA] 130*62MM TAPPING BLOCKS: on prod the icecream and EXPLOSIVE 4.9 AND UP bodies price them differently from Burt (missing or one size only); the chillers/freezers match.
4.9_+_UP_CHILLER_AND_2.5~L4.9~W2.6~H2.56~srd_pu, 4.9 & UP CHILLER AND 2.5 WIDE ,27,CHILLER LARGE,srd_pu,4.9,2.6,2.56,SRD DOOR FITTINGS,SRD DOOR FITTINGS,6731.60454,6731.6,0.0,PASS,,,
4.9_+_UP_CHILLER_AND_2.5~L4.9~W2.6~H2.56~srd_pu, 4.9 & UP CHILLER AND 2.5 WIDE ,27,CHILLER LARGE,srd_pu,4.9,2.6,2.56,DRD,,0.0,,,SKIP,,,
4.9_+_UP_CHILLER_AND_2.5~L4.9~W2.6~H2.56~srd_pu, 4.9 & UP CHILLER AND 2.5 WIDE ,27,CHILLER LARGE,srd_pu,4.9,2.6,2.56,DRD DOOR FITTINGS,,0.0,,,SKIP,,,
4.9_+_UP_CHILLER_AND_2.5~L4.9~W2.6~H2.56~srd_pu, 4.9 & UP CHILLER AND 2.5 WIDE ,27,CHILLER LARGE,srd_pu,4.9,2.6,2.56,SIDES,SIDES,18394.111561,18422.31,0.153,PASS,,,
4.9_+_UP_CHILLER_AND_2.5~L4.9~W2.6~H2.56~srd_pu, 4.9 & UP CHILLER AND 2.5 WIDE ,27,CHILLER LARGE,srd_pu,4.9,2.6,2.56,ROOF,ROOF,9839.891753,9869.81,0.304,PASS,,,
4.9_+_UP_CHILLER_AND_2.5~L4.9~W2.6~H2.56~srd_pu, 4.9 & UP CHILLER AND 2.5 WIDE ,27,CHILLER LARGE,srd_pu,4.9,2.6,2.56,FLOOR,FLOOR,16710.969657,16710.97,0.0,PASS,,,
4.9_+_UP_CHILLER_AND_2.5~L4.9~W2.6~H2.56~srd_pu, 4.9 & UP CHILLER AND 2.5 WIDE ,27,CHILLER LARGE,srd_pu,4.9,2.6,2.56,ALUMINIUM,ALUMINIUM,10321.540767,10321.54,0.0,PASS,,,
4.9_+_UP_CHILLER_AND_2.5~L4.9~W2.6~H2.56~srd_pu, 4.9 & UP CHILLER AND 2.5 WIDE ,27,CHILLER LARGE,srd_pu,4.9,2.6,2.56,SUB FRAME + LIGHT BOX ASSY,SUB FRAME + LIGHT BOX ASSY,7999.623068,7999.63,0.0,PASS,,,
4.9_+_UP_CHILLER_AND_2.5~L4.9~W2.6~H2.56~srd_pu, 4.9 & UP CHILLER AND 2.5 WIDE ,27,CHILLER LARGE,srd_pu,4.9,2.6,2.56,REAR FRAME + FLOOR PLATE,REAR FRAME & FLOOR PLATE,0.0,5502.42,,ACCEPTED,EXTRA_IN_MES,,"[RULING] Burt gates REAR FRAME + FLOOR PLATE on the DRD flags, so a single-rear-door body carries R0 there; MES always includes the section (R2.4k-R5.5k). Which is right needs Burt/Michael."
4.9_+_UP_CHILLER_AND_2.5~L4.9~W2.6~H2.56~srd_pu, 4.9 & UP CHILLER AND 2.5 WIDE ,27,CHILLER LARGE,srd_pu,4.9,2.6,2.56,SPRAY PAINTING,SPRAY PAINTING,750.0,750.0,0.0,PASS,,,
4.9_+_UP_CHILLER_AND_2.5~L4.9~W2.6~H2.56~srd_pu, 4.9 & UP CHILLER AND 2.5 WIDE ,27,CHILLER LARGE,srd_pu,4.9,2.6,2.56,REFLEXITE TAPE,REFLEXITE TAPE,225.9,225.9,0.0,PASS,,,
4.9_+_UP_CHILLER_AND_2.5~L5.8~W2.5~H2.56~as_sheet, 4.9 & UP CHILLER AND 2.5 WIDE ,27,CHILLER LARGE,as_sheet,5.8,2.5,2.56,FRONT,FRONT,4566.529064,4566.47,0.001,PASS,,,
4.9_+_UP_CHILLER_AND_2.5~L5.8~W2.5~H2.56~as_sheet, 4.9 & UP CHILLER AND 2.5 WIDE ,27,CHILLER LARGE,as_sheet,5.8,2.5,2.56,SRD,,0.0,,,SKIP,,,
4.9_+_UP_CHILLER_AND_2.5~L5.8~W2.5~H2.56~as_sheet, 4.9 & UP CHILLER AND 2.5 WIDE ,27,CHILLER LARGE,as_sheet,5.8,2.5,2.56,SRD DOOR FITTINGS,,0.0,,,SKIP,,,
4.9_+_UP_CHILLER_AND_2.5~L5.8~W2.5~H2.56~as_sheet, 4.9 & UP CHILLER AND 2.5 WIDE ,27,CHILLER LARGE,as_sheet,5.8,2.5,2.56,DRD,DRD,5715.188449,5715.13,0.001,PASS,,,
4.9_+_UP_CHILLER_AND_2.5~L5.8~W2.5~H2.56~as_sheet, 4.9 & UP CHILLER AND 2.5 WIDE ,27,CHILLER LARGE,as_sheet,5.8,2.5,2.56,DRD DOOR FITTINGS,DRD DOOR FITTINGS,6200.61678,6200.62,0.0,PASS,,,
4.9_+_UP_CHILLER_AND_2.5~L5.8~W2.5~H2.56~as_sheet, 4.9 & UP CHILLER AND 2.5 WIDE ,27,CHILLER LARGE,as_sheet,5.8,2.5,2.56,SIDES,SIDES,21672.037843,21671.75,0.001,PASS,,,
4.9_+_UP_CHILLER_AND_2.5~L5.8~W2.5~H2.56~as_sheet, 4.9 & UP CHILLER AND 2.5 WIDE ,27,CHILLER LARGE,as_sheet,5.8,2.5,2.56,ROOF,ROOF,11198.263497,11198.16,0.001,PASS,,,
4.9_+_UP_CHILLER_AND_2.5~L5.8~W2.5~H2.56~as_sheet, 4.9 & UP CHILLER AND 2.5 WIDE ,27,CHILLER LARGE,as_sheet,5.8,2.5,2.56,FLOOR,FLOOR,18918.99267,18918.99,0.0,PASS,,,
4.9_+_UP_CHILLER_AND_2.5~L5.8~W2.5~H2.56~as_sheet, 4.9 & UP CHILLER AND 2.5 WIDE ,27,CHILLER LARGE,as_sheet,5.8,2.5,2.56,ALUMINIUM,ALUMINIUM,11607.1011,11607.1,0.0,PASS,,,
4.9_+_UP_CHILLER_AND_2.5~L5.8~W2.5~H2.56~as_sheet, 4.9 & UP CHILLER AND 2.5 WIDE ,27,CHILLER LARGE,as_sheet,5.8,2.5,2.56,SUB FRAME + LIGHT BOX ASSY,SUB FRAME + LIGHT BOX ASSY,8437.023068,8437.03,0.0,PASS,,,
4.9_+_UP_CHILLER_AND_2.5~L5.8~W2.5~H2.56~as_sheet, 4.9 & UP CHILLER AND 2.5 WIDE ,27,CHILLER LARGE,as_sheet,5.8,2.5,2.56,REAR FRAME + FLOOR PLATE,REAR FRAME & FLOOR PLATE,5472.944561,5472.97,0.0,PASS,,,
4.9_+_UP_CHILLER_AND_2.5~L5.8~W2.5~H2.56~as_sheet, 4.9 & UP CHILLER AND 2.5 WIDE ,27,CHILLER LARGE,as_sheet,5.8,2.5,2.56,SPRAY PAINTING,SPRAY PAINTING,750.0,750.0,0.0,PASS,,,
4.9_+_UP_CHILLER_AND_2.5~L5.8~W2.5~H2.56~as_sheet, 4.9 & UP CHILLER AND 2.5 WIDE ,27,CHILLER LARGE,as_sheet,5.8,2.5,2.56,REFLEXITE TAPE,REFLEXITE TAPE,256.5,256.5,0.0,PASS,,,
4.9_+_UP_CHILLER_AND_2.5~L5.8~W2.5~H2.56~all_eps, 4.9 & UP CHILLER AND 2.5 WIDE ,27,CHILLER LARGE,all_eps,5.8,2.5,2.56,FRONT,FRONT,4566.529064,4566.47,0.001,PASS,,,
4.9_+_UP_CHILLER_AND_2.5~L5.8~W2.5~H2.56~all_eps, 4.9 & UP CHILLER AND 2.5 WIDE ,27,CHILLER LARGE,all_eps,5.8,2.5,2.56,SRD,,0.0,,,SKIP,,,
4.9_+_UP_CHILLER_AND_2.5~L5.8~W2.5~H2.56~all_eps, 4.9 & UP CHILLER AND 2.5 WIDE ,27,CHILLER LARGE,all_eps,5.8,2.5,2.56,SRD DOOR FITTINGS,,0.0,,,SKIP,,,
4.9_+_UP_CHILLER_AND_2.5~L5.8~W2.5~H2.56~all_eps, 4.9 & UP CHILLER AND 2.5 WIDE ,27,CHILLER LARGE,all_eps,5.8,2.5,2.56,DRD,DRD,5715.188449,5715.13,0.001,PASS,,,
4.9_+_UP_CHILLER_AND_2.5~L5.8~W2.5~H2.56~all_eps, 4.9 & UP CHILLER AND 2.5 WIDE ,27,CHILLER LARGE,all_eps,5.8,2.5,2.56,DRD DOOR FITTINGS,DRD DOOR FITTINGS,6200.61678,6200.62,0.0,PASS,,,
4.9_+_UP_CHILLER_AND_2.5~L5.8~W2.5~H2.56~all_eps, 4.9 & UP CHILLER AND 2.5 WIDE ,27,CHILLER LARGE,all_eps,5.8,2.5,2.56,SIDES,SIDES,21672.037843,21671.75,0.001,PASS,,,
4.9_+_UP_CHILLER_AND_2.5~L5.8~W2.5~H2.56~all_eps, 4.9 & UP CHILLER AND 2.5 WIDE ,27,CHILLER LARGE,all_eps,5.8,2.5,2.56,ROOF,ROOF,11198.263497,11198.16,0.001,PASS,,,
4.9_+_UP_CHILLER_AND_2.5~L5.8~W2.5~H2.56~all_eps, 4.9 & UP CHILLER AND 2.5 WIDE ,27,CHILLER LARGE,all_eps,5.8,2.5,2.56,FLOOR,FLOOR,18918.99267,18918.99,0.0,PASS,,,
4.9_+_UP_CHILLER_AND_2.5~L5.8~W2.5~H2.56~all_eps, 4.9 & UP CHILLER AND 2.5 WIDE ,27,CHILLER LARGE,all_eps,5.8,2.5,2.56,ALUMINIUM,ALUMINIUM,11607.1011,11607.1,0.0,PASS,,,
4.9_+_UP_CHILLER_AND_2.5~L5.8~W2.5~H2.56~all_eps, 4.9 & UP CHILLER AND 2.5 WIDE ,27,CHILLER LARGE,all_eps,5.8,2.5,2.56,SUB FRAME + LIGHT BOX ASSY,SUB FRAME + LIGHT BOX ASSY,8437.023068,8437.03,0.0,PASS,,,
4.9_+_UP_CHILLER_AND_2.5~L5.8~W2.5~H2.56~all_eps, 4.9 & UP CHILLER AND 2.5 WIDE ,27,CHILLER LARGE,all_eps,5.8,2.5,2.56,REAR FRAME + FLOOR PLATE,REAR FRAME & FLOOR PLATE,5472.944561,5472.97,0.0,PASS,,,
4.9_+_UP_CHILLER_AND_2.5~L5.8~W2.5~H2.56~all_eps, 4.9 & UP CHILLER AND 2.5 WIDE ,27,CHILLER LARGE,all_eps,5.8,2.5,2.56,SPRAY PAINTING,SPRAY PAINTING,750.0,750.0,0.0,PASS,,,
4.9_+_UP_CHILLER_AND_2.5~L5.8~W2.5~H2.56~all_eps, 4.9 & UP CHILLER AND 2.5 WIDE ,27,CHILLER LARGE,all_eps,5.8,2.5,2.56,REFLEXITE TAPE,REFLEXITE TAPE,256.5,256.5,0.0,PASS,,,
4.9_+_UP_CHILLER_AND_2.5~L5.8~W2.5~H2.56~all_pu, 4.9 & UP CHILLER AND 2.5 WIDE ,27,CHILLER LARGE,all_pu,5.8,2.5,2.56,FRONT,FRONT,5108.324552,5108.26,0.001,PASS,,,
4.9_+_UP_CHILLER_AND_2.5~L5.8~W2.5~H2.56~all_pu, 4.9 & UP CHILLER AND 2.5 WIDE ,27,CHILLER LARGE,all_pu,5.8,2.5,2.56,SRD,,0.0,,,SKIP,,,
4.9_+_UP_CHILLER_AND_2.5~L5.8~W2.5~H2.56~all_pu, 4.9 & UP CHILLER AND 2.5 WIDE ,27,CHILLER LARGE,all_pu,5.8,2.5,2.56,SRD DOOR FITTINGS,,0.0,,,SKIP,,,
4.9_+_UP_CHILLER_AND_2.5~L5.8~W2.5~H2.56~all_pu, 4.9 & UP CHILLER AND 2.5 WIDE ,27,CHILLER LARGE,all_pu,5.8,2.5,2.56,DRD,DRD,5763.910795,5765.03,0.019,PASS,,,
4.9_+_UP_CHILLER_AND_2.5~L5.8~W2.5~H2.56~all_pu, 4.9 & UP CHILLER AND 2.5 WIDE ,27,CHILLER LARGE,all_pu,5.8,2.5,2.56,DRD DOOR FITTINGS,DRD DOOR FITTINGS,6304.22746,6304.04,0.003,PASS,,,
4.9_+_UP_CHILLER_AND_2.5~L5.8~W2.5~H2.56~all_pu, 4.9 & UP CHILLER AND 2.5 WIDE ,27,CHILLER LARGE,all_pu,5.8,2.5,2.56,SIDES,SIDES,24232.896397,24238.28,0.022,PASS,,,
4.9_+_UP_CHILLER_AND_2.5~L5.8~W2.5~H2.56~all_pu, 4.9 & UP CHILLER AND 2.5 WIDE ,27,CHILLER LARGE,all_pu,5.8,2.5,2.56,ROOF,ROOF,11473.76508,11477.26,0.03,PASS,,,
4.9_+_UP_CHILLER_AND_2.5~L5.8~W2.5~H2.56~all_pu, 4.9 & UP CHILLER AND 2.5 WIDE ,27,CHILLER LARGE,all_pu,5.8,2.5,2.56,FLOOR,FLOOR,19194.494253,19198.09,0.019,PASS,,,
4.9_+_UP_CHILLER_AND_2.5~L5.8~W2.5~H2.56~all_pu, 4.9 & UP CHILLER AND 2.5 WIDE ,27,CHILLER LARGE,all_pu,5.8,2.5,2.56,ALUMINIUM,ALUMINIUM,11607.1011,11607.1,0.0,PASS,,,
4.9_+_UP_CHILLER_AND_2.5~L5.8~W2.5~H2.56~all_pu, 4.9 & UP CHILLER AND 2.5 WIDE ,27,CHILLER LARGE,all_pu,5.8,2.5,2.56,SUB FRAME + LIGHT BOX ASSY,SUB FRAME + LIGHT BOX ASSY,8437.023068,8437.03,0.0,PASS,,,
4.9_+_UP_CHILLER_AND_2.5~L5.8~W2.5~H2.56~all_pu, 4.9 & UP CHILLER AND 2.5 WIDE ,27,CHILLER LARGE,all_pu,5.8,2.5,2.56,REAR FRAME + FLOOR PLATE,REAR FRAME & FLOOR PLATE,5472.944561,5472.97,0.0,PASS,,,
4.9_+_UP_CHILLER_AND_2.5~L5.8~W2.5~H2.56~all_pu, 4.9 & UP CHILLER AND 2.5 WIDE ,27,CHILLER LARGE,all_pu,5.8,2.5,2.56,SPRAY PAINTING,SPRAY PAINTING,750.0,750.0,0.0,PASS,,,
4.9_+_UP_CHILLER_AND_2.5~L5.8~W2.5~H2.56~all_pu, 4.9 & UP CHILLER AND 2.5 WIDE ,27,CHILLER LARGE,all_pu,5.8,2.5,2.56,REFLEXITE TAPE,REFLEXITE TAPE,256.5,256.5,0.0,PASS,,,
4.9_+_UP_CHILLER_AND_2.5~L5.8~W2.5~H2.56~srd, 4.9 & UP CHILLER AND 2.5 WIDE ,27,CHILLER LARGE,srd,5.8,2.5,2.56,FRONT,FRONT,4566.529064,4566.47,0.001,PASS,,,
4.9_+_UP_CHILLER_AND_2.5~L5.8~W2.5~H2.56~srd, 4.9 & UP CHILLER AND 2.5 WIDE ,27,CHILLER LARGE,srd,5.8,2.5,2.56,SRD,SRD,4777.751788,4777.69,0.001,PASS,,,
4.9_+_UP_CHILLER_AND_2.5~L5.8~W2.5~H2.56~srd, 4.9 & UP CHILLER AND 2.5 WIDE ,27,CHILLER LARGE,srd,5.8,2.5,2.56,SRD DOOR FITTINGS,SRD DOOR FITTINGS,6683.48854,6683.49,0.0,PASS,,,
4.9_+_UP_CHILLER_AND_2.5~L5.8~W2.5~H2.56~srd, 4.9 & UP CHILLER AND 2.5 WIDE ,27,CHILLER LARGE,srd,5.8,2.5,2.56,DRD,,0.0,,,SKIP,,,
4.9_+_UP_CHILLER_AND_2.5~L5.8~W2.5~H2.56~srd, 4.9 & UP CHILLER AND 2.5 WIDE ,27,CHILLER LARGE,srd,5.8,2.5,2.56,DRD DOOR FITTINGS,,0.0,,,SKIP,,,
4.9_+_UP_CHILLER_AND_2.5~L5.8~W2.5~H2.56~srd, 4.9 & UP CHILLER AND 2.5 WIDE ,27,CHILLER LARGE,srd,5.8,2.5,2.56,SIDES,SIDES,21672.037843,21671.75,0.001,PASS,,,
4.9_+_UP_CHILLER_AND_2.5~L5.8~W2.5~H2.56~srd, 4.9 & UP CHILLER AND 2.5 WIDE ,27,CHILLER LARGE,srd,5.8,2.5,2.56,ROOF,ROOF,11198.263497,11198.16,0.001,PASS,,,
4.9_+_UP_CHILLER_AND_2.5~L5.8~W2.5~H2.56~srd, 4.9 & UP CHILLER AND 2.5 WIDE ,27,CHILLER LARGE,srd,5.8,2.5,2.56,FLOOR,FLOOR,18918.99267,18918.99,0.0,PASS,,,
4.9_+_UP_CHILLER_AND_2.5~L5.8~W2.5~H2.56~srd, 4.9 & UP CHILLER AND 2.5 WIDE ,27,CHILLER LARGE,srd,5.8,2.5,2.56,ALUMINIUM,ALUMINIUM,11607.1011,11607.1,0.0,PASS,,,
4.9_+_UP_CHILLER_AND_2.5~L5.8~W2.5~H2.56~srd, 4.9 & UP CHILLER AND 2.5 WIDE ,27,CHILLER LARGE,srd,5.8,2.5,2.56,SUB FRAME + LIGHT BOX ASSY,SUB FRAME + LIGHT BOX ASSY,8437.023068,8437.03,0.0,PASS,,,
4.9_+_UP_CHILLER_AND_2.5~L5.8~W2.5~H2.56~srd, 4.9 & UP CHILLER AND 2.5 WIDE ,27,CHILLER LARGE,srd,5.8,2.5,2.56,REAR FRAME + FLOOR PLATE,REAR FRAME & FLOOR PLATE,0.0,5472.97,,ACCEPTED,EXTRA_IN_MES,,"[RULING] Burt gates REAR FRAME + FLOOR PLATE on the DRD flags, so a single-rear-door body carries R0 there; MES always includes the section (R2.4k-R5.5k). Which is right needs Burt/Michael."
4.9_+_UP_CHILLER_AND_2.5~L5.8~W2.5~H2.56~srd, 4.9 & UP CHILLER AND 2.5 WIDE ,27,CHILLER LARGE,srd,5.8,2.5,2.56,SPRAY PAINTING,SPRAY PAINTING,750.0,750.0,0.0,PASS,,,
4.9_+_UP_CHILLER_AND_2.5~L5.8~W2.5~H2.56~srd, 4.9 & UP CHILLER AND 2.5 WIDE ,27,CHILLER LARGE,srd,5.8,2.5,2.56,REFLEXITE TAPE,REFLEXITE TAPE,256.5,256.5,0.0,PASS,,,
4.9_+_UP_CHILLER_AND_2.5~L5.8~W2.5~H2.56~drd, 4.9 & UP CHILLER AND 2.5 WIDE ,27,CHILLER LARGE,drd,5.8,2.5,2.56,FRONT,FRONT,4566.529064,4566.47,0.001,PASS,,,
4.9_+_UP_CHILLER_AND_2.5~L5.8~W2.5~H2.56~drd, 4.9 & UP CHILLER AND 2.5 WIDE ,27,CHILLER LARGE,drd,5.8,2.5,2.56,SRD,,0.0,,,SKIP,,,
4.9_+_UP_CHILLER_AND_2.5~L5.8~W2.5~H2.56~drd, 4.9 & UP CHILLER AND 2.5 WIDE ,27,CHILLER LARGE,drd,5.8,2.5,2.56,SRD DOOR FITTINGS,,0.0,,,SKIP,,,
4.9_+_UP_CHILLER_AND_2.5~L5.8~W2.5~H2.56~drd, 4.9 & UP CHILLER AND 2.5 WIDE ,27,CHILLER LARGE,drd,5.8,2.5,2.56,DRD,DRD,5715.188449,5715.13,0.001,PASS,,,
4.9_+_UP_CHILLER_AND_2.5~L5.8~W2.5~H2.56~drd, 4.9 & UP CHILLER AND 2.5 WIDE ,27,CHILLER LARGE,drd,5.8,2.5,2.56,DRD DOOR FITTINGS,DRD DOOR FITTINGS,6200.61678,6200.62,0.0,PASS,,,
4.9_+_UP_CHILLER_AND_2.5~L5.8~W2.5~H2.56~drd, 4.9 & UP CHILLER AND 2.5 WIDE ,27,CHILLER LARGE,drd,5.8,2.5,2.56,SIDES,SIDES,21672.037843,21671.75,0.001,PASS,,,
4.9_+_UP_CHILLER_AND_2.5~L5.8~W2.5~H2.56~drd, 4.9 & UP CHILLER AND 2.5 WIDE ,27,CHILLER LARGE,drd,5.8,2.5,2.56,ROOF,ROOF,11198.263497,11198.16,0.001,PASS,,,
4.9_+_UP_CHILLER_AND_2.5~L5.8~W2.5~H2.56~drd, 4.9 & UP CHILLER AND 2.5 WIDE ,27,CHILLER LARGE,drd,5.8,2.5,2.56,FLOOR,FLOOR,18918.99267,18918.99,0.0,PASS,,,
4.9_+_UP_CHILLER_AND_2.5~L5.8~W2.5~H2.56~drd, 4.9 & UP CHILLER AND 2.5 WIDE ,27,CHILLER LARGE,drd,5.8,2.5,2.56,ALUMINIUM,ALUMINIUM,11607.1011,11607.1,0.0,PASS,,,
4.9_+_UP_CHILLER_AND_2.5~L5.8~W2.5~H2.56~drd, 4.9 & UP CHILLER AND 2.5 WIDE ,27,CHILLER LARGE,drd,5.8,2.5,2.56,SUB FRAME + LIGHT BOX ASSY,SUB FRAME + LIGHT BOX ASSY,8437.023068,8437.03,0.0,PASS,,,
4.9_+_UP_CHILLER_AND_2.5~L5.8~W2.5~H2.56~drd, 4.9 & UP CHILLER AND 2.5 WIDE ,27,CHILLER LARGE,drd,5.8,2.5,2.56,REAR FRAME + FLOOR PLATE,REAR FRAME & FLOOR PLATE,5472.944561,5472.97,0.0,PASS,,,
4.9_+_UP_CHILLER_AND_2.5~L5.8~W2.5~H2.56~drd, 4.9 & UP CHILLER AND 2.5 WIDE ,27,CHILLER LARGE,drd,5.8,2.5,2.56,SPRAY PAINTING,SPRAY PAINTING,750.0,750.0,0.0,PASS,,,
4.9_+_UP_CHILLER_AND_2.5~L5.8~W2.5~H2.56~drd, 4.9 & UP CHILLER AND 2.5 WIDE ,27,CHILLER LARGE,drd,5.8,2.5,2.56,REFLEXITE TAPE,REFLEXITE TAPE,256.5,256.5,0.0,PASS,,,
4.9_+_UP_CHILLER_AND_2.5~L5.8~W2.5~H2.56~foam_4g, 4.9 & UP CHILLER AND 2.5 WIDE ,27,CHILLER LARGE,foam_4g,5.8,2.5,2.56,FRONT,FRONT,4566.529064,4566.47,0.001,PASS,,,
4.9_+_UP_CHILLER_AND_2.5~L5.8~W2.5~H2.56~foam_4g, 4.9 & UP CHILLER AND 2.5 WIDE ,27,CHILLER LARGE,foam_4g,5.8,2.5,2.56,SRD,,0.0,,,SKIP,,,
4.9_+_UP_CHILLER_AND_2.5~L5.8~W2.5~H2.56~foam_4g, 4.9 & UP CHILLER AND 2.5 WIDE ,27,CHILLER LARGE,foam_4g,5.8,2.5,2.56,SRD DOOR FITTINGS,,0.0,,,SKIP,,,
4.9_+_UP_CHILLER_AND_2.5~L5.8~W2.5~H2.56~foam_4g, 4.9 & UP CHILLER AND 2.5 WIDE ,27,CHILLER LARGE,foam_4g,5.8,2.5,2.56,DRD,DRD,5715.188449,5715.13,0.001,PASS,,,
4.9_+_UP_CHILLER_AND_2.5~L5.8~W2.5~H2.56~foam_4g, 4.9 & UP CHILLER AND 2.5 WIDE ,27,CHILLER LARGE,foam_4g,5.8,2.5,2.56,DRD DOOR FITTINGS,DRD DOOR FITTINGS,6200.61678,6200.62,0.0,PASS,,,
4.9_+_UP_CHILLER_AND_2.5~L5.8~W2.5~H2.56~foam_4g, 4.9 & UP CHILLER AND 2.5 WIDE ,27,CHILLER LARGE,foam_4g,5.8,2.5,2.56,SIDES,SIDES,21672.037843,21671.75,0.001,PASS,,,
4.9_+_UP_CHILLER_AND_2.5~L5.8~W2.5~H2.56~foam_4g, 4.9 & UP CHILLER AND 2.5 WIDE ,27,CHILLER LARGE,foam_4g,5.8,2.5,2.56,ROOF,ROOF,11198.263497,11198.16,0.001,PASS,,,
4.9_+_UP_CHILLER_AND_2.5~L5.8~W2.5~H2.56~foam_4g, 4.9 & UP CHILLER AND 2.5 WIDE ,27,CHILLER LARGE,foam_4g,5.8,2.5,2.56,FLOOR,FLOOR,18918.99267,18918.99,0.0,PASS,,,
4.9_+_UP_CHILLER_AND_2.5~L5.8~W2.5~H2.56~foam_4g, 4.9 & UP CHILLER AND 2.5 WIDE ,27,CHILLER LARGE,foam_4g,5.8,2.5,2.56,ALUMINIUM,ALUMINIUM,11607.1011,11607.1,0.0,PASS,,,
4.9_+_UP_CHILLER_AND_2.5~L5.8~W2.5~H2.56~foam_4g, 4.9 & UP CHILLER AND 2.5 WIDE ,27,CHILLER LARGE,foam_4g,5.8,2.5,2.56,SUB FRAME + LIGHT BOX ASSY,SUB FRAME + LIGHT BOX ASSY,8437.023068,8437.03,0.0,PASS,,,
4.9_+_UP_CHILLER_AND_2.5~L5.8~W2.5~H2.56~foam_4g, 4.9 & UP CHILLER AND 2.5 WIDE ,27,CHILLER LARGE,foam_4g,5.8,2.5,2.56,REAR FRAME + FLOOR PLATE,REAR FRAME & FLOOR PLATE,5472.944561,5472.97,0.0,PASS,,,
4.9_+_UP_CHILLER_AND_2.5~L5.8~W2.5~H2.56~foam_4g, 4.9 & UP CHILLER AND 2.5 WIDE ,27,CHILLER LARGE,foam_4g,5.8,2.5,2.56,SPRAY PAINTING,SPRAY PAINTING,750.0,750.0,0.0,PASS,,,
4.9_+_UP_CHILLER_AND_2.5~L5.8~W2.5~H2.56~foam_4g, 4.9 & UP CHILLER AND 2.5 WIDE ,27,CHILLER LARGE,foam_4g,5.8,2.5,2.56,REFLEXITE TAPE,REFLEXITE TAPE,256.5,256.5,0.0,PASS,,,
4.9_+_UP_CHILLER_AND_2.5~L5.8~W2.5~H2.56~srd_pu, 4.9 & UP CHILLER AND 2.5 WIDE ,27,CHILLER LARGE,srd_pu,5.8,2.5,2.56,FRONT,FRONT,4557.178316,4566.47,0.204,PASS,,,
4.9_+_UP_CHILLER_AND_2.5~L5.8~W2.5~H2.56~srd_pu, 4.9 & UP CHILLER AND 2.5 WIDE ,27,CHILLER LARGE,srd_pu,5.8,2.5,2.56,SRD,SRD,5072.397306,5132.34,1.182,ACCEPTED,,GROUP_DIFF 130*62MM TAPPING BLOCKS ~ 2 MES line(s) (+60.00),[DATA] 130*62MM TAPPING BLOCKS: on prod the icecream and EXPLOSIVE 4.9 AND UP bodies price them differently from Burt (missing or one size only); the chillers/freezers match.
4.9_+_UP_CHILLER_AND_2.5~L5.8~W2.5~H2.56~srd_pu, 4.9 & UP CHILLER AND 2.5 WIDE ,27,CHILLER LARGE,srd_pu,5.8,2.5,2.56,SRD DOOR FITTINGS,SRD DOOR FITTINGS,6683.48854,6683.49,0.0,PASS,,,
4.9_+_UP_CHILLER_AND_2.5~L5.8~W2.5~H2.56~srd_pu, 4.9 & UP CHILLER AND 2.5 WIDE ,27,CHILLER LARGE,srd_pu,5.8,2.5,2.56,DRD,,0.0,,,SKIP,,,
4.9_+_UP_CHILLER_AND_2.5~L5.8~W2.5~H2.56~srd_pu, 4.9 & UP CHILLER AND 2.5 WIDE ,27,CHILLER LARGE,srd_pu,5.8,2.5,2.56,DRD DOOR FITTINGS,,0.0,,,SKIP,,,
4.9_+_UP_CHILLER_AND_2.5~L5.8~W2.5~H2.56~srd_pu, 4.9 & UP CHILLER AND 2.5 WIDE ,27,CHILLER LARGE,srd_pu,5.8,2.5,2.56,SIDES,SIDES,21640.121654,21671.75,0.146,PASS,,,
4.9_+_UP_CHILLER_AND_2.5~L5.8~W2.5~H2.56~srd_pu, 4.9 & UP CHILLER AND 2.5 WIDE ,27,CHILLER LARGE,srd_pu,5.8,2.5,2.56,ROOF,ROOF,11165.095804,11198.16,0.296,PASS,,,
4.9_+_UP_CHILLER_AND_2.5~L5.8~W2.5~H2.56~srd_pu, 4.9 & UP CHILLER AND 2.5 WIDE ,27,CHILLER LARGE,srd_pu,5.8,2.5,2.56,FLOOR,FLOOR,18918.99267,18918.99,0.0,PASS,,,
4.9_+_UP_CHILLER_AND_2.5~L5.8~W2.5~H2.56~srd_pu, 4.9 & UP CHILLER AND 2.5 WIDE ,27,CHILLER LARGE,srd_pu,5.8,2.5,2.56,ALUMINIUM,ALUMINIUM,11607.1011,11607.1,0.0,PASS,,,
4.9_+_UP_CHILLER_AND_2.5~L5.8~W2.5~H2.56~srd_pu, 4.9 & UP CHILLER AND 2.5 WIDE ,27,CHILLER LARGE,srd_pu,5.8,2.5,2.56,SUB FRAME + LIGHT BOX ASSY,SUB FRAME + LIGHT BOX ASSY,8437.023068,8437.03,0.0,PASS,,,
4.9_+_UP_CHILLER_AND_2.5~L5.8~W2.5~H2.56~srd_pu, 4.9 & UP CHILLER AND 2.5 WIDE ,27,CHILLER LARGE,srd_pu,5.8,2.5,2.56,REAR FRAME + FLOOR PLATE,REAR FRAME & FLOOR PLATE,0.0,5472.97,,ACCEPTED,EXTRA_IN_MES,,"[RULING] Burt gates REAR FRAME + FLOOR PLATE on the DRD flags, so a single-rear-door body carries R0 there; MES always includes the section (R2.4k-R5.5k). Which is right needs Burt/Michael."
4.9_+_UP_CHILLER_AND_2.5~L5.8~W2.5~H2.56~srd_pu, 4.9 & UP CHILLER AND 2.5 WIDE ,27,CHILLER LARGE,srd_pu,5.8,2.5,2.56,SPRAY PAINTING,SPRAY PAINTING,750.0,750.0,0.0,PASS,,,
4.9_+_UP_CHILLER_AND_2.5~L5.8~W2.5~H2.56~srd_pu, 4.9 & UP CHILLER AND 2.5 WIDE ,27,CHILLER LARGE,srd_pu,5.8,2.5,2.56,REFLEXITE TAPE,REFLEXITE TAPE,256.5,256.5,0.0,PASS,,,
4.9_+_UP_CHILLER_AND_2.5~L5.8~W2.6~H2.56~as_sheet, 4.9 & UP CHILLER AND 2.5 WIDE ,27,CHILLER LARGE,as_sheet,5.8,2.6,2.56,FRONT,FRONT,4747.056155,4747.0,0.001,PASS,,,
4.9_+_UP_CHILLER_AND_2.5~L5.8~W2.6~H2.56~as_sheet, 4.9 & UP CHILLER AND 2.5 WIDE ,27,CHILLER LARGE,as_sheet,5.8,2.6,2.56,SRD,,0.0,,,SKIP,,,
4.9_+_UP_CHILLER_AND_2.5~L5.8~W2.6~H2.56~as_sheet, 4.9 & UP CHILLER AND 2.5 WIDE ,27,CHILLER LARGE,as_sheet,5.8,2.6,2.56,SRD DOOR FITTINGS,,0.0,,,SKIP,,,
4.9_+_UP_CHILLER_AND_2.5~L5.8~W2.6~H2.56~as_sheet, 4.9 & UP CHILLER AND 2.5 WIDE ,27,CHILLER LARGE,as_sheet,5.8,2.6,2.56,DRD,DRD,5907.123728,5907.06,0.001,PASS,,,
4.9_+_UP_CHILLER_AND_2.5~L5.8~W2.6~H2.56~as_sheet, 4.9 & UP CHILLER AND 2.5 WIDE ,27,CHILLER LARGE,as_sheet,5.8,2.6,2.56,DRD DOOR FITTINGS,DRD DOOR FITTINGS,6247.51278,6247.51,0.0,PASS,,,
4.9_+_UP_CHILLER_AND_2.5~L5.8~W2.6~H2.56~as_sheet, 4.9 & UP CHILLER AND 2.5 WIDE ,27,CHILLER LARGE,as_sheet,5.8,2.6,2.56,SIDES,SIDES,21672.037843,21671.75,0.001,PASS,,,
4.9_+_UP_CHILLER_AND_2.5~L5.8~W2.6~H2.56~as_sheet, 4.9 & UP CHILLER AND 2.5 WIDE ,27,CHILLER LARGE,as_sheet,5.8,2.6,2.56,ROOF,ROOF,11617.03602,11616.93,0.001,PASS,,,
4.9_+_UP_CHILLER_AND_2.5~L5.8~W2.6~H2.56~as_sheet, 4.9 & UP CHILLER AND 2.5 WIDE ,27,CHILLER LARGE,as_sheet,5.8,2.6,2.56,FLOOR,FLOOR,19508.811542,19508.81,0.0,PASS,,,
4.9_+_UP_CHILLER_AND_2.5~L5.8~W2.6~H2.56~as_sheet, 4.9 & UP CHILLER AND 2.5 WIDE ,27,CHILLER LARGE,as_sheet,5.8,2.6,2.56,ALUMINIUM,ALUMINIUM,11642.848767,11642.85,0.0,PASS,,,
4.9_+_UP_CHILLER_AND_2.5~L5.8~W2.6~H2.56~as_sheet, 4.9 & UP CHILLER AND 2.5 WIDE ,27,CHILLER LARGE,as_sheet,5.8,2.6,2.56,SUB FRAME + LIGHT BOX ASSY,SUB FRAME + LIGHT BOX ASSY,8437.023068,8437.03,0.0,PASS,,,
4.9_+_UP_CHILLER_AND_2.5~L5.8~W2.6~H2.56~as_sheet, 4.9 & UP CHILLER AND 2.5 WIDE ,27,CHILLER LARGE,as_sheet,5.8,2.6,2.56,REAR FRAME + FLOOR PLATE,REAR FRAME & FLOOR PLATE,5502.400241,5502.42,0.0,PASS,,,
4.9_+_UP_CHILLER_AND_2.5~L5.8~W2.6~H2.56~as_sheet, 4.9 & UP CHILLER AND 2.5 WIDE ,27,CHILLER LARGE,as_sheet,5.8,2.6,2.56,SPRAY PAINTING,SPRAY PAINTING,750.0,750.0,0.0,PASS,,,
4.9_+_UP_CHILLER_AND_2.5~L5.8~W2.6~H2.56~as_sheet, 4.9 & UP CHILLER AND 2.5 WIDE ,27,CHILLER LARGE,as_sheet,5.8,2.6,2.56,REFLEXITE TAPE,REFLEXITE TAPE,258.3,258.3,0.0,PASS,,,
4.9_+_UP_CHILLER_AND_2.5~L5.8~W2.6~H2.56~all_eps, 4.9 & UP CHILLER AND 2.5 WIDE ,27,CHILLER LARGE,all_eps,5.8,2.6,2.56,FRONT,FRONT,4747.056155,4747.0,0.001,PASS,,,
4.9_+_UP_CHILLER_AND_2.5~L5.8~W2.6~H2.56~all_eps, 4.9 & UP CHILLER AND 2.5 WIDE ,27,CHILLER LARGE,all_eps,5.8,2.6,2.56,SRD,,0.0,,,SKIP,,,
4.9_+_UP_CHILLER_AND_2.5~L5.8~W2.6~H2.56~all_eps, 4.9 & UP CHILLER AND 2.5 WIDE ,27,CHILLER LARGE,all_eps,5.8,2.6,2.56,SRD DOOR FITTINGS,,0.0,,,SKIP,,,
4.9_+_UP_CHILLER_AND_2.5~L5.8~W2.6~H2.56~all_eps, 4.9 & UP CHILLER AND 2.5 WIDE ,27,CHILLER LARGE,all_eps,5.8,2.6,2.56,DRD,DRD,5907.123728,5907.06,0.001,PASS,,,
4.9_+_UP_CHILLER_AND_2.5~L5.8~W2.6~H2.56~all_eps, 4.9 & UP CHILLER AND 2.5 WIDE ,27,CHILLER LARGE,all_eps,5.8,2.6,2.56,DRD DOOR FITTINGS,DRD DOOR FITTINGS,6247.51278,6247.51,0.0,PASS,,,
4.9_+_UP_CHILLER_AND_2.5~L5.8~W2.6~H2.56~all_eps, 4.9 & UP CHILLER AND 2.5 WIDE ,27,CHILLER LARGE,all_eps,5.8,2.6,2.56,SIDES,SIDES,21672.037843,21671.75,0.001,PASS,,,
4.9_+_UP_CHILLER_AND_2.5~L5.8~W2.6~H2.56~all_eps, 4.9 & UP CHILLER AND 2.5 WIDE ,27,CHILLER LARGE,all_eps,5.8,2.6,2.56,ROOF,ROOF,11617.03602,11616.93,0.001,PASS,,,
4.9_+_UP_CHILLER_AND_2.5~L5.8~W2.6~H2.56~all_eps, 4.9 & UP CHILLER AND 2.5 WIDE ,27,CHILLER LARGE,all_eps,5.8,2.6,2.56,FLOOR,FLOOR,19508.811542,19508.81,0.0,PASS,,,
4.9_+_UP_CHILLER_AND_2.5~L5.8~W2.6~H2.56~all_eps, 4.9 & UP CHILLER AND 2.5 WIDE ,27,CHILLER LARGE,all_eps,5.8,2.6,2.56,ALUMINIUM,ALUMINIUM,11642.848767,11642.85,0.0,PASS,,,
4.9_+_UP_CHILLER_AND_2.5~L5.8~W2.6~H2.56~all_eps, 4.9 & UP CHILLER AND 2.5 WIDE ,27,CHILLER LARGE,all_eps,5.8,2.6,2.56,SUB FRAME + LIGHT BOX ASSY,SUB FRAME + LIGHT BOX ASSY,8437.023068,8437.03,0.0,PASS,,,
4.9_+_UP_CHILLER_AND_2.5~L5.8~W2.6~H2.56~all_eps, 4.9 & UP CHILLER AND 2.5 WIDE ,27,CHILLER LARGE,all_eps,5.8,2.6,2.56,REAR FRAME + FLOOR PLATE,REAR FRAME & FLOOR PLATE,5502.400241,5502.42,0.0,PASS,,,
4.9_+_UP_CHILLER_AND_2.5~L5.8~W2.6~H2.56~all_eps, 4.9 & UP CHILLER AND 2.5 WIDE ,27,CHILLER LARGE,all_eps,5.8,2.6,2.56,SPRAY PAINTING,SPRAY PAINTING,750.0,750.0,0.0,PASS,,,
4.9_+_UP_CHILLER_AND_2.5~L5.8~W2.6~H2.56~all_eps, 4.9 & UP CHILLER AND 2.5 WIDE ,27,CHILLER LARGE,all_eps,5.8,2.6,2.56,REFLEXITE TAPE,REFLEXITE TAPE,258.3,258.3,0.0,PASS,,,
4.9_+_UP_CHILLER_AND_2.5~L5.8~W2.6~H2.56~all_pu, 4.9 & UP CHILLER AND 2.5 WIDE ,27,CHILLER LARGE,all_pu,5.8,2.6,2.56,FRONT,FRONT,5265.392232,5265.33,0.001,PASS,,,
4.9_+_UP_CHILLER_AND_2.5~L5.8~W2.6~H2.56~all_pu, 4.9 & UP CHILLER AND 2.5 WIDE ,27,CHILLER LARGE,all_pu,5.8,2.6,2.56,SRD,,0.0,,,SKIP,,,
4.9_+_UP_CHILLER_AND_2.5~L5.8~W2.6~H2.56~all_pu, 4.9 & UP CHILLER AND 2.5 WIDE ,27,CHILLER LARGE,all_pu,5.8,2.6,2.56,SRD DOOR FITTINGS,,0.0,,,SKIP,,,
4.9_+_UP_CHILLER_AND_2.5~L5.8~W2.6~H2.56~all_pu, 4.9 & UP CHILLER AND 2.5 WIDE ,27,CHILLER LARGE,all_pu,5.8,2.6,2.56,DRD,DRD,5913.521182,5914.64,0.019,PASS,,,
4.9_+_UP_CHILLER_AND_2.5~L5.8~W2.6~H2.56~all_pu, 4.9 & UP CHILLER AND 2.5 WIDE ,27,CHILLER LARGE,all_pu,5.8,2.6,2.56,DRD DOOR FITTINGS,DRD DOOR FITTINGS,6351.12346,6350.94,0.003,PASS,,,
4.9_+_UP_CHILLER_AND_2.5~L5.8~W2.6~H2.56~all_pu, 4.9 & UP CHILLER AND 2.5 WIDE ,27,CHILLER LARGE,all_pu,5.8,2.6,2.56,SIDES,SIDES,24232.896397,24238.28,0.022,PASS,,,
4.9_+_UP_CHILLER_AND_2.5~L5.8~W2.6~H2.56~all_pu, 4.9 & UP CHILLER AND 2.5 WIDE ,27,CHILLER LARGE,all_pu,5.8,2.6,2.56,ROOF,ROOF,11772.027602,11775.52,0.03,PASS,,,
4.9_+_UP_CHILLER_AND_2.5~L5.8~W2.6~H2.56~all_pu, 4.9 & UP CHILLER AND 2.5 WIDE ,27,CHILLER LARGE,all_pu,5.8,2.6,2.56,FLOOR,FLOOR,19663.803124,19667.4,0.018,PASS,,,
4.9_+_UP_CHILLER_AND_2.5~L5.8~W2.6~H2.56~all_pu, 4.9 & UP CHILLER AND 2.5 WIDE ,27,CHILLER LARGE,all_pu,5.8,2.6,2.56,ALUMINIUM,ALUMINIUM,11642.848767,11642.85,0.0,PASS,,,
4.9_+_UP_CHILLER_AND_2.5~L5.8~W2.6~H2.56~all_pu, 4.9 & UP CHILLER AND 2.5 WIDE ,27,CHILLER LARGE,all_pu,5.8,2.6,2.56,SUB FRAME + LIGHT BOX ASSY,SUB FRAME + LIGHT BOX ASSY,8437.023068,8437.03,0.0,PASS,,,
4.9_+_UP_CHILLER_AND_2.5~L5.8~W2.6~H2.56~all_pu, 4.9 & UP CHILLER AND 2.5 WIDE ,27,CHILLER LARGE,all_pu,5.8,2.6,2.56,REAR FRAME + FLOOR PLATE,REAR FRAME & FLOOR PLATE,5502.400241,5502.42,0.0,PASS,,,
4.9_+_UP_CHILLER_AND_2.5~L5.8~W2.6~H2.56~all_pu, 4.9 & UP CHILLER AND 2.5 WIDE ,27,CHILLER LARGE,all_pu,5.8,2.6,2.56,SPRAY PAINTING,SPRAY PAINTING,750.0,750.0,0.0,PASS,,,
4.9_+_UP_CHILLER_AND_2.5~L5.8~W2.6~H2.56~all_pu, 4.9 & UP CHILLER AND 2.5 WIDE ,27,CHILLER LARGE,all_pu,5.8,2.6,2.56,REFLEXITE TAPE,REFLEXITE TAPE,258.3,258.3,0.0,PASS,,,
4.9_+_UP_CHILLER_AND_2.5~L5.8~W2.6~H2.56~srd, 4.9 & UP CHILLER AND 2.5 WIDE ,27,CHILLER LARGE,srd,5.8,2.6,2.56,FRONT,FRONT,4747.056155,4747.0,0.001,PASS,,,
4.9_+_UP_CHILLER_AND_2.5~L5.8~W2.6~H2.56~srd, 4.9 & UP CHILLER AND 2.5 WIDE ,27,CHILLER LARGE,srd,5.8,2.6,2.56,SRD,SRD,4955.107829,4955.05,0.001,PASS,,,
4.9_+_UP_CHILLER_AND_2.5~L5.8~W2.6~H2.56~srd, 4.9 & UP CHILLER AND 2.5 WIDE ,27,CHILLER LARGE,srd,5.8,2.6,2.56,SRD DOOR FITTINGS,SRD DOOR FITTINGS,6731.60454,6731.6,0.0,PASS,,,
4.9_+_UP_CHILLER_AND_2.5~L5.8~W2.6~H2.56~srd, 4.9 & UP CHILLER AND 2.5 WIDE ,27,CHILLER LARGE,srd,5.8,2.6,2.56,DRD,,0.0,,,SKIP,,,
4.9_+_UP_CHILLER_AND_2.5~L5.8~W2.6~H2.56~srd, 4.9 & UP CHILLER AND 2.5 WIDE ,27,CHILLER LARGE,srd,5.8,2.6,2.56,DRD DOOR FITTINGS,,0.0,,,SKIP,,,
4.9_+_UP_CHILLER_AND_2.5~L5.8~W2.6~H2.56~srd, 4.9 & UP CHILLER AND 2.5 WIDE ,27,CHILLER LARGE,srd,5.8,2.6,2.56,SIDES,SIDES,21672.037843,21671.75,0.001,PASS,,,
4.9_+_UP_CHILLER_AND_2.5~L5.8~W2.6~H2.56~srd, 4.9 & UP CHILLER AND 2.5 WIDE ,27,CHILLER LARGE,srd,5.8,2.6,2.56,ROOF,ROOF,11617.03602,11616.93,0.001,PASS,,,
4.9_+_UP_CHILLER_AND_2.5~L5.8~W2.6~H2.56~srd, 4.9 & UP CHILLER AND 2.5 WIDE ,27,CHILLER LARGE,srd,5.8,2.6,2.56,FLOOR,FLOOR,19508.811542,19508.81,0.0,PASS,,,
4.9_+_UP_CHILLER_AND_2.5~L5.8~W2.6~H2.56~srd, 4.9 & UP CHILLER AND 2.5 WIDE ,27,CHILLER LARGE,srd,5.8,2.6,2.56,ALUMINIUM,ALUMINIUM,11642.848767,11642.85,0.0,PASS,,,
4.9_+_UP_CHILLER_AND_2.5~L5.8~W2.6~H2.56~srd, 4.9 & UP CHILLER AND 2.5 WIDE ,27,CHILLER LARGE,srd,5.8,2.6,2.56,SUB FRAME + LIGHT BOX ASSY,SUB FRAME + LIGHT BOX ASSY,8437.023068,8437.03,0.0,PASS,,,
4.9_+_UP_CHILLER_AND_2.5~L5.8~W2.6~H2.56~srd, 4.9 & UP CHILLER AND 2.5 WIDE ,27,CHILLER LARGE,srd,5.8,2.6,2.56,REAR FRAME + FLOOR PLATE,REAR FRAME & FLOOR PLATE,0.0,5502.42,,ACCEPTED,EXTRA_IN_MES,,"[RULING] Burt gates REAR FRAME + FLOOR PLATE on the DRD flags, so a single-rear-door body carries R0 there; MES always includes the section (R2.4k-R5.5k). Which is right needs Burt/Michael."
4.9_+_UP_CHILLER_AND_2.5~L5.8~W2.6~H2.56~srd, 4.9 & UP CHILLER AND 2.5 WIDE ,27,CHILLER LARGE,srd,5.8,2.6,2.56,SPRAY PAINTING,SPRAY PAINTING,750.0,750.0,0.0,PASS,,,
4.9_+_UP_CHILLER_AND_2.5~L5.8~W2.6~H2.56~srd, 4.9 & UP CHILLER AND 2.5 WIDE ,27,CHILLER LARGE,srd,5.8,2.6,2.56,REFLEXITE TAPE,REFLEXITE TAPE,258.3,258.3,0.0,PASS,,,
4.9_+_UP_CHILLER_AND_2.5~L5.8~W2.6~H2.56~drd, 4.9 & UP CHILLER AND 2.5 WIDE ,27,CHILLER LARGE,drd,5.8,2.6,2.56,FRONT,FRONT,4747.056155,4747.0,0.001,PASS,,,
4.9_+_UP_CHILLER_AND_2.5~L5.8~W2.6~H2.56~drd, 4.9 & UP CHILLER AND 2.5 WIDE ,27,CHILLER LARGE,drd,5.8,2.6,2.56,SRD,,0.0,,,SKIP,,,
4.9_+_UP_CHILLER_AND_2.5~L5.8~W2.6~H2.56~drd, 4.9 & UP CHILLER AND 2.5 WIDE ,27,CHILLER LARGE,drd,5.8,2.6,2.56,SRD DOOR FITTINGS,,0.0,,,SKIP,,,
4.9_+_UP_CHILLER_AND_2.5~L5.8~W2.6~H2.56~drd, 4.9 & UP CHILLER AND 2.5 WIDE ,27,CHILLER LARGE,drd,5.8,2.6,2.56,DRD,DRD,5907.123728,5907.06,0.001,PASS,,,
4.9_+_UP_CHILLER_AND_2.5~L5.8~W2.6~H2.56~drd, 4.9 & UP CHILLER AND 2.5 WIDE ,27,CHILLER LARGE,drd,5.8,2.6,2.56,DRD DOOR FITTINGS,DRD DOOR FITTINGS,6247.51278,6247.51,0.0,PASS,,,
4.9_+_UP_CHILLER_AND_2.5~L5.8~W2.6~H2.56~drd, 4.9 & UP CHILLER AND 2.5 WIDE ,27,CHILLER LARGE,drd,5.8,2.6,2.56,SIDES,SIDES,21672.037843,21671.75,0.001,PASS,,,
4.9_+_UP_CHILLER_AND_2.5~L5.8~W2.6~H2.56~drd, 4.9 & UP CHILLER AND 2.5 WIDE ,27,CHILLER LARGE,drd,5.8,2.6,2.56,ROOF,ROOF,11617.03602,11616.93,0.001,PASS,,,
4.9_+_UP_CHILLER_AND_2.5~L5.8~W2.6~H2.56~drd, 4.9 & UP CHILLER AND 2.5 WIDE ,27,CHILLER LARGE,drd,5.8,2.6,2.56,FLOOR,FLOOR,19508.811542,19508.81,0.0,PASS,,,
4.9_+_UP_CHILLER_AND_2.5~L5.8~W2.6~H2.56~drd, 4.9 & UP CHILLER AND 2.5 WIDE ,27,CHILLER LARGE,drd,5.8,2.6,2.56,ALUMINIUM,ALUMINIUM,11642.848767,11642.85,0.0,PASS,,,
4.9_+_UP_CHILLER_AND_2.5~L5.8~W2.6~H2.56~drd, 4.9 & UP CHILLER AND 2.5 WIDE ,27,CHILLER LARGE,drd,5.8,2.6,2.56,SUB FRAME + LIGHT BOX ASSY,SUB FRAME + LIGHT BOX ASSY,8437.023068,8437.03,0.0,PASS,,,
4.9_+_UP_CHILLER_AND_2.5~L5.8~W2.6~H2.56~drd, 4.9 & UP CHILLER AND 2.5 WIDE ,27,CHILLER LARGE,drd,5.8,2.6,2.56,REAR FRAME + FLOOR PLATE,REAR FRAME & FLOOR PLATE,5502.400241,5502.42,0.0,PASS,,,
4.9_+_UP_CHILLER_AND_2.5~L5.8~W2.6~H2.56~drd, 4.9 & UP CHILLER AND 2.5 WIDE ,27,CHILLER LARGE,drd,5.8,2.6,2.56,SPRAY PAINTING,SPRAY PAINTING,750.0,750.0,0.0,PASS,,,
4.9_+_UP_CHILLER_AND_2.5~L5.8~W2.6~H2.56~drd, 4.9 & UP CHILLER AND 2.5 WIDE ,27,CHILLER LARGE,drd,5.8,2.6,2.56,REFLEXITE TAPE,REFLEXITE TAPE,258.3,258.3,0.0,PASS,,,
4.9_+_UP_CHILLER_AND_2.5~L5.8~W2.6~H2.56~foam_4g, 4.9 & UP CHILLER AND 2.5 WIDE ,27,CHILLER LARGE,foam_4g,5.8,2.6,2.56,FRONT,FRONT,4747.056155,4747.0,0.001,PASS,,,
4.9_+_UP_CHILLER_AND_2.5~L5.8~W2.6~H2.56~foam_4g, 4.9 & UP CHILLER AND 2.5 WIDE ,27,CHILLER LARGE,foam_4g,5.8,2.6,2.56,SRD,,0.0,,,SKIP,,,
4.9_+_UP_CHILLER_AND_2.5~L5.8~W2.6~H2.56~foam_4g, 4.9 & UP CHILLER AND 2.5 WIDE ,27,CHILLER LARGE,foam_4g,5.8,2.6,2.56,SRD DOOR FITTINGS,,0.0,,,SKIP,,,
4.9_+_UP_CHILLER_AND_2.5~L5.8~W2.6~H2.56~foam_4g, 4.9 & UP CHILLER AND 2.5 WIDE ,27,CHILLER LARGE,foam_4g,5.8,2.6,2.56,DRD,DRD,5907.123728,5907.06,0.001,PASS,,,
4.9_+_UP_CHILLER_AND_2.5~L5.8~W2.6~H2.56~foam_4g, 4.9 & UP CHILLER AND 2.5 WIDE ,27,CHILLER LARGE,foam_4g,5.8,2.6,2.56,DRD DOOR FITTINGS,DRD DOOR FITTINGS,6247.51278,6247.51,0.0,PASS,,,
4.9_+_UP_CHILLER_AND_2.5~L5.8~W2.6~H2.56~foam_4g, 4.9 & UP CHILLER AND 2.5 WIDE ,27,CHILLER LARGE,foam_4g,5.8,2.6,2.56,SIDES,SIDES,21672.037843,21671.75,0.001,PASS,,,
4.9_+_UP_CHILLER_AND_2.5~L5.8~W2.6~H2.56~foam_4g, 4.9 & UP CHILLER AND 2.5 WIDE ,27,CHILLER LARGE,foam_4g,5.8,2.6,2.56,ROOF,ROOF,11617.03602,11616.93,0.001,PASS,,,
4.9_+_UP_CHILLER_AND_2.5~L5.8~W2.6~H2.56~foam_4g, 4.9 & UP CHILLER AND 2.5 WIDE ,27,CHILLER LARGE,foam_4g,5.8,2.6,2.56,FLOOR,FLOOR,19508.811542,19508.81,0.0,PASS,,,
4.9_+_UP_CHILLER_AND_2.5~L5.8~W2.6~H2.56~foam_4g, 4.9 & UP CHILLER AND 2.5 WIDE ,27,CHILLER LARGE,foam_4g,5.8,2.6,2.56,ALUMINIUM,ALUMINIUM,11642.848767,11642.85,0.0,PASS,,,
4.9_+_UP_CHILLER_AND_2.5~L5.8~W2.6~H2.56~foam_4g, 4.9 & UP CHILLER AND 2.5 WIDE ,27,CHILLER LARGE,foam_4g,5.8,2.6,2.56,SUB FRAME + LIGHT BOX ASSY,SUB FRAME + LIGHT BOX ASSY,8437.023068,8437.03,0.0,PASS,,,
4.9_+_UP_CHILLER_AND_2.5~L5.8~W2.6~H2.56~foam_4g, 4.9 & UP CHILLER AND 2.5 WIDE ,27,CHILLER LARGE,foam_4g,5.8,2.6,2.56,REAR FRAME + FLOOR PLATE,REAR FRAME & FLOOR PLATE,5502.400241,5502.42,0.0,PASS,,,
4.9_+_UP_CHILLER_AND_2.5~L5.8~W2.6~H2.56~foam_4g, 4.9 & UP CHILLER AND 2.5 WIDE ,27,CHILLER LARGE,foam_4g,5.8,2.6,2.56,SPRAY PAINTING,SPRAY PAINTING,750.0,750.0,0.0,PASS,,,
4.9_+_UP_CHILLER_AND_2.5~L5.8~W2.6~H2.56~foam_4g, 4.9 & UP CHILLER AND 2.5 WIDE ,27,CHILLER LARGE,foam_4g,5.8,2.6,2.56,REFLEXITE TAPE,REFLEXITE TAPE,258.3,258.3,0.0,PASS,,,
4.9_+_UP_CHILLER_AND_2.5~L5.8~W2.6~H2.56~srd_pu, 4.9 & UP CHILLER AND 2.5 WIDE ,27,CHILLER LARGE,srd_pu,5.8,2.6,2.56,FRONT,FRONT,4737.51221,4747.0,0.2,PASS,,,
4.9_+_UP_CHILLER_AND_2.5~L5.8~W2.6~H2.56~srd_pu, 4.9 & UP CHILLER AND 2.5 WIDE ,27,CHILLER LARGE,srd_pu,5.8,2.6,2.56,SRD,SRD,5218.972827,5278.91,1.148,ACCEPTED,,GROUP_DIFF 130*62MM TAPPING BLOCKS ~ 2 MES line(s) (+60.00),[DATA] 130*62MM TAPPING BLOCKS: on prod the icecream and EXPLOSIVE 4.9 AND UP bodies price them differently from Burt (missing or one size only); the chillers/freezers match.
4.9_+_UP_CHILLER_AND_2.5~L5.8~W2.6~H2.56~srd_pu, 4.9 & UP CHILLER AND 2.5 WIDE ,27,CHILLER LARGE,srd_pu,5.8,2.6,2.56,SRD DOOR FITTINGS,SRD DOOR FITTINGS,6731.60454,6731.6,0.0,PASS,,,
4.9_+_UP_CHILLER_AND_2.5~L5.8~W2.6~H2.56~srd_pu, 4.9 & UP CHILLER AND 2.5 WIDE ,27,CHILLER LARGE,srd_pu,5.8,2.6,2.56,DRD,,0.0,,,SKIP,,,
4.9_+_UP_CHILLER_AND_2.5~L5.8~W2.6~H2.56~srd_pu, 4.9 & UP CHILLER AND 2.5 WIDE ,27,CHILLER LARGE,srd_pu,5.8,2.6,2.56,DRD DOOR FITTINGS,,0.0,,,SKIP,,,
4.9_+_UP_CHILLER_AND_2.5~L5.8~W2.6~H2.56~srd_pu, 4.9 & UP CHILLER AND 2.5 WIDE ,27,CHILLER LARGE,srd_pu,5.8,2.6,2.56,SIDES,SIDES,21640.121654,21671.75,0.146,PASS,,,
4.9_+_UP_CHILLER_AND_2.5~L5.8~W2.6~H2.56~srd_pu, 4.9 & UP CHILLER AND 2.5 WIDE ,27,CHILLER LARGE,srd_pu,5.8,2.6,2.56,ROOF,ROOF,11583.473472,11616.93,0.289,PASS,,,
4.9_+_UP_CHILLER_AND_2.5~L5.8~W2.6~H2.56~srd_pu, 4.9 & UP CHILLER AND 2.5 WIDE ,27,CHILLER LARGE,srd_pu,5.8,2.6,2.56,FLOOR,FLOOR,19508.811542,19508.81,0.0,PASS,,,
4.9_+_UP_CHILLER_AND_2.5~L5.8~W2.6~H2.56~srd_pu, 4.9 & UP CHILLER AND 2.5 WIDE ,27,CHILLER LARGE,srd_pu,5.8,2.6,2.56,ALUMINIUM,ALUMINIUM,11642.848767,11642.85,0.0,PASS,,,
4.9_+_UP_CHILLER_AND_2.5~L5.8~W2.6~H2.56~srd_pu, 4.9 & UP CHILLER AND 2.5 WIDE ,27,CHILLER LARGE,srd_pu,5.8,2.6,2.56,SUB FRAME + LIGHT BOX ASSY,SUB FRAME + LIGHT BOX ASSY,8437.023068,8437.03,0.0,PASS,,,
4.9_+_UP_CHILLER_AND_2.5~L5.8~W2.6~H2.56~srd_pu, 4.9 & UP CHILLER AND 2.5 WIDE ,27,CHILLER LARGE,srd_pu,5.8,2.6,2.56,REAR FRAME + FLOOR PLATE,REAR FRAME & FLOOR PLATE,0.0,5502.42,,ACCEPTED,EXTRA_IN_MES,,"[RULING] Burt gates REAR FRAME + FLOOR PLATE on the DRD flags, so a single-rear-door body carries R0 there; MES always includes the section (R2.4k-R5.5k). Which is right needs Burt/Michael."
4.9_+_UP_CHILLER_AND_2.5~L5.8~W2.6~H2.56~srd_pu, 4.9 & UP CHILLER AND 2.5 WIDE ,27,CHILLER LARGE,srd_pu,5.8,2.6,2.56,SPRAY PAINTING,SPRAY PAINTING,750.0,750.0,0.0,PASS,,,
4.9_+_UP_CHILLER_AND_2.5~L5.8~W2.6~H2.56~srd_pu, 4.9 & UP CHILLER AND 2.5 WIDE ,27,CHILLER LARGE,srd_pu,5.8,2.6,2.56,REFLEXITE TAPE,REFLEXITE TAPE,258.3,258.3,0.0,PASS,,,
4.9_+_UP_CHILLER_AND_2.5~L7.5~W2.5~H2.56~as_sheet, 4.9 & UP CHILLER AND 2.5 WIDE ,27,CHILLER LARGE,as_sheet,7.5,2.5,2.56,FRONT,FRONT,4566.529064,4566.47,0.001,PASS,,,
4.9_+_UP_CHILLER_AND_2.5~L7.5~W2.5~H2.56~as_sheet, 4.9 & UP CHILLER AND 2.5 WIDE ,27,CHILLER LARGE,as_sheet,7.5,2.5,2.56,SRD,,0.0,,,SKIP,,,
4.9_+_UP_CHILLER_AND_2.5~L7.5~W2.5~H2.56~as_sheet, 4.9 & UP CHILLER AND 2.5 WIDE ,27,CHILLER LARGE,as_sheet,7.5,2.5,2.56,SRD DOOR FITTINGS,,0.0,,,SKIP,,,
4.9_+_UP_CHILLER_AND_2.5~L7.5~W2.5~H2.56~as_sheet, 4.9 & UP CHILLER AND 2.5 WIDE ,27,CHILLER LARGE,as_sheet,7.5,2.5,2.56,DRD,DRD,5715.188449,5715.13,0.001,PASS,,,
4.9_+_UP_CHILLER_AND_2.5~L7.5~W2.5~H2.56~as_sheet, 4.9 & UP CHILLER AND 2.5 WIDE ,27,CHILLER LARGE,as_sheet,7.5,2.5,2.56,DRD DOOR FITTINGS,DRD DOOR FITTINGS,6200.61678,6200.62,0.0,PASS,,,
4.9_+_UP_CHILLER_AND_2.5~L7.5~W2.5~H2.56~as_sheet, 4.9 & UP CHILLER AND 2.5 WIDE ,27,CHILLER LARGE,as_sheet,7.5,2.5,2.56,SIDES,SIDES,27809.958949,27809.59,0.001,PASS,,,
4.9_+_UP_CHILLER_AND_2.5~L7.5~W2.5~H2.56~as_sheet, 4.9 & UP CHILLER AND 2.5 WIDE ,27,CHILLER LARGE,as_sheet,7.5,2.5,2.56,ROOF,ROOF,14379.57191,14379.44,0.001,PASS,,,
4.9_+_UP_CHILLER_AND_2.5~L7.5~W2.5~H2.56~as_sheet, 4.9 & UP CHILLER AND 2.5 WIDE ,27,CHILLER LARGE,as_sheet,7.5,2.5,2.56,FLOOR,FLOOR,24034.103368,24034.1,0.0,PASS,,,
4.9_+_UP_CHILLER_AND_2.5~L7.5~W2.5~H2.56~as_sheet, 4.9 & UP CHILLER AND 2.5 WIDE ,27,CHILLER LARGE,as_sheet,7.5,2.5,2.56,ALUMINIUM,ALUMINIUM,14102.9051,14102.91,0.0,PASS,,,
4.9_+_UP_CHILLER_AND_2.5~L7.5~W2.5~H2.56~as_sheet, 4.9 & UP CHILLER AND 2.5 WIDE ,27,CHILLER LARGE,as_sheet,7.5,2.5,2.56,SUB FRAME + LIGHT BOX ASSY,SUB FRAME + LIGHT BOX ASSY,9263.223068,9263.23,0.0,PASS,,,
4.9_+_UP_CHILLER_AND_2.5~L7.5~W2.5~H2.56~as_sheet, 4.9 & UP CHILLER AND 2.5 WIDE ,27,CHILLER LARGE,as_sheet,7.5,2.5,2.56,REAR FRAME + FLOOR PLATE,REAR FRAME & FLOOR PLATE,5472.944561,5472.97,0.0,PASS,,,
4.9_+_UP_CHILLER_AND_2.5~L7.5~W2.5~H2.56~as_sheet, 4.9 & UP CHILLER AND 2.5 WIDE ,27,CHILLER LARGE,as_sheet,7.5,2.5,2.56,SPRAY PAINTING,SPRAY PAINTING,750.0,750.0,0.0,PASS,,,
4.9_+_UP_CHILLER_AND_2.5~L7.5~W2.5~H2.56~as_sheet, 4.9 & UP CHILLER AND 2.5 WIDE ,27,CHILLER LARGE,as_sheet,7.5,2.5,2.56,REFLEXITE TAPE,REFLEXITE TAPE,317.7,317.7,0.0,PASS,,,
4.9_+_UP_CHILLER_AND_2.5~L7.5~W2.5~H2.56~all_eps, 4.9 & UP CHILLER AND 2.5 WIDE ,27,CHILLER LARGE,all_eps,7.5,2.5,2.56,FRONT,FRONT,4566.529064,4566.47,0.001,PASS,,,
4.9_+_UP_CHILLER_AND_2.5~L7.5~W2.5~H2.56~all_eps, 4.9 & UP CHILLER AND 2.5 WIDE ,27,CHILLER LARGE,all_eps,7.5,2.5,2.56,SRD,,0.0,,,SKIP,,,
4.9_+_UP_CHILLER_AND_2.5~L7.5~W2.5~H2.56~all_eps, 4.9 & UP CHILLER AND 2.5 WIDE ,27,CHILLER LARGE,all_eps,7.5,2.5,2.56,SRD DOOR FITTINGS,,0.0,,,SKIP,,,
4.9_+_UP_CHILLER_AND_2.5~L7.5~W2.5~H2.56~all_eps, 4.9 & UP CHILLER AND 2.5 WIDE ,27,CHILLER LARGE,all_eps,7.5,2.5,2.56,DRD,DRD,5715.188449,5715.13,0.001,PASS,,,
4.9_+_UP_CHILLER_AND_2.5~L7.5~W2.5~H2.56~all_eps, 4.9 & UP CHILLER AND 2.5 WIDE ,27,CHILLER LARGE,all_eps,7.5,2.5,2.56,DRD DOOR FITTINGS,DRD DOOR FITTINGS,6200.61678,6200.62,0.0,PASS,,,
4.9_+_UP_CHILLER_AND_2.5~L7.5~W2.5~H2.56~all_eps, 4.9 & UP CHILLER AND 2.5 WIDE ,27,CHILLER LARGE,all_eps,7.5,2.5,2.56,SIDES,SIDES,27809.958949,27809.59,0.001,PASS,,,
4.9_+_UP_CHILLER_AND_2.5~L7.5~W2.5~H2.56~all_eps, 4.9 & UP CHILLER AND 2.5 WIDE ,27,CHILLER LARGE,all_eps,7.5,2.5,2.56,ROOF,ROOF,14379.57191,14379.44,0.001,PASS,,,
4.9_+_UP_CHILLER_AND_2.5~L7.5~W2.5~H2.56~all_eps, 4.9 & UP CHILLER AND 2.5 WIDE ,27,CHILLER LARGE,all_eps,7.5,2.5,2.56,FLOOR,FLOOR,24034.103368,24034.1,0.0,PASS,,,
4.9_+_UP_CHILLER_AND_2.5~L7.5~W2.5~H2.56~all_eps, 4.9 & UP CHILLER AND 2.5 WIDE ,27,CHILLER LARGE,all_eps,7.5,2.5,2.56,ALUMINIUM,ALUMINIUM,14102.9051,14102.91,0.0,PASS,,,
4.9_+_UP_CHILLER_AND_2.5~L7.5~W2.5~H2.56~all_eps, 4.9 & UP CHILLER AND 2.5 WIDE ,27,CHILLER LARGE,all_eps,7.5,2.5,2.56,SUB FRAME + LIGHT BOX ASSY,SUB FRAME + LIGHT BOX ASSY,9263.223068,9263.23,0.0,PASS,,,
4.9_+_UP_CHILLER_AND_2.5~L7.5~W2.5~H2.56~all_eps, 4.9 & UP CHILLER AND 2.5 WIDE ,27,CHILLER LARGE,all_eps,7.5,2.5,2.56,REAR FRAME + FLOOR PLATE,REAR FRAME & FLOOR PLATE,5472.944561,5472.97,0.0,PASS,,,
4.9_+_UP_CHILLER_AND_2.5~L7.5~W2.5~H2.56~all_eps, 4.9 & UP CHILLER AND 2.5 WIDE ,27,CHILLER LARGE,all_eps,7.5,2.5,2.56,SPRAY PAINTING,SPRAY PAINTING,750.0,750.0,0.0,PASS,,,
4.9_+_UP_CHILLER_AND_2.5~L7.5~W2.5~H2.56~all_eps, 4.9 & UP CHILLER AND 2.5 WIDE ,27,CHILLER LARGE,all_eps,7.5,2.5,2.56,REFLEXITE TAPE,REFLEXITE TAPE,317.7,317.7,0.0,PASS,,,
4.9_+_UP_CHILLER_AND_2.5~L7.5~W2.5~H2.56~all_pu, 4.9 & UP CHILLER AND 2.5 WIDE ,27,CHILLER LARGE,all_pu,7.5,2.5,2.56,FRONT,FRONT,5108.324552,5108.26,0.001,PASS,,,
4.9_+_UP_CHILLER_AND_2.5~L7.5~W2.5~H2.56~all_pu, 4.9 & UP CHILLER AND 2.5 WIDE ,27,CHILLER LARGE,all_pu,7.5,2.5,2.56,SRD,,0.0,,,SKIP,,,
4.9_+_UP_CHILLER_AND_2.5~L7.5~W2.5~H2.56~all_pu, 4.9 & UP CHILLER AND 2.5 WIDE ,27,CHILLER LARGE,all_pu,7.5,2.5,2.56,SRD DOOR FITTINGS,,0.0,,,SKIP,,,
4.9_+_UP_CHILLER_AND_2.5~L7.5~W2.5~H2.56~all_pu, 4.9 & UP CHILLER AND 2.5 WIDE ,27,CHILLER LARGE,all_pu,7.5,2.5,2.56,DRD,DRD,5763.910795,5765.03,0.019,PASS,,,
4.9_+_UP_CHILLER_AND_2.5~L7.5~W2.5~H2.56~all_pu, 4.9 & UP CHILLER AND 2.5 WIDE ,27,CHILLER LARGE,all_pu,7.5,2.5,2.56,DRD DOOR FITTINGS,DRD DOOR FITTINGS,6304.22746,6304.04,0.003,PASS,,,
4.9_+_UP_CHILLER_AND_2.5~L7.5~W2.5~H2.56~all_pu, 4.9 & UP CHILLER AND 2.5 WIDE ,27,CHILLER LARGE,all_pu,7.5,2.5,2.56,SIDES,SIDES,31109.624271,31116.57,0.022,PASS,,,
4.9_+_UP_CHILLER_AND_2.5~L7.5~W2.5~H2.56~all_pu, 4.9 & UP CHILLER AND 2.5 WIDE ,27,CHILLER LARGE,all_pu,7.5,2.5,2.56,ROOF,ROOF,14735.133781,14739.65,0.031,PASS,,,
4.9_+_UP_CHILLER_AND_2.5~L7.5~W2.5~H2.56~all_pu, 4.9 & UP CHILLER AND 2.5 WIDE ,27,CHILLER LARGE,all_pu,7.5,2.5,2.56,FLOOR,FLOOR,24389.66524,24394.31,0.019,PASS,,,
4.9_+_UP_CHILLER_AND_2.5~L7.5~W2.5~H2.56~all_pu, 4.9 & UP CHILLER AND 2.5 WIDE ,27,CHILLER LARGE,all_pu,7.5,2.5,2.56,ALUMINIUM,ALUMINIUM,14102.9051,14102.91,0.0,PASS,,,
4.9_+_UP_CHILLER_AND_2.5~L7.5~W2.5~H2.56~all_pu, 4.9 & UP CHILLER AND 2.5 WIDE ,27,CHILLER LARGE,all_pu,7.5,2.5,2.56,SUB FRAME + LIGHT BOX ASSY,SUB FRAME + LIGHT BOX ASSY,9263.223068,9263.23,0.0,PASS,,,
4.9_+_UP_CHILLER_AND_2.5~L7.5~W2.5~H2.56~all_pu, 4.9 & UP CHILLER AND 2.5 WIDE ,27,CHILLER LARGE,all_pu,7.5,2.5,2.56,REAR FRAME + FLOOR PLATE,REAR FRAME & FLOOR PLATE,5472.944561,5472.97,0.0,PASS,,,
4.9_+_UP_CHILLER_AND_2.5~L7.5~W2.5~H2.56~all_pu, 4.9 & UP CHILLER AND 2.5 WIDE ,27,CHILLER LARGE,all_pu,7.5,2.5,2.56,SPRAY PAINTING,SPRAY PAINTING,750.0,750.0,0.0,PASS,,,
4.9_+_UP_CHILLER_AND_2.5~L7.5~W2.5~H2.56~all_pu, 4.9 & UP CHILLER AND 2.5 WIDE ,27,CHILLER LARGE,all_pu,7.5,2.5,2.56,REFLEXITE TAPE,REFLEXITE TAPE,317.7,317.7,0.0,PASS,,,
4.9_+_UP_CHILLER_AND_2.5~L7.5~W2.5~H2.56~srd, 4.9 & UP CHILLER AND 2.5 WIDE ,27,CHILLER LARGE,srd,7.5,2.5,2.56,FRONT,FRONT,4566.529064,4566.47,0.001,PASS,,,
4.9_+_UP_CHILLER_AND_2.5~L7.5~W2.5~H2.56~srd, 4.9 & UP CHILLER AND 2.5 WIDE ,27,CHILLER LARGE,srd,7.5,2.5,2.56,SRD,SRD,4777.751788,4777.69,0.001,PASS,,,
4.9_+_UP_CHILLER_AND_2.5~L7.5~W2.5~H2.56~srd, 4.9 & UP CHILLER AND 2.5 WIDE ,27,CHILLER LARGE,srd,7.5,2.5,2.56,SRD DOOR FITTINGS,SRD DOOR FITTINGS,6683.48854,6683.49,0.0,PASS,,,
4.9_+_UP_CHILLER_AND_2.5~L7.5~W2.5~H2.56~srd, 4.9 & UP CHILLER AND 2.5 WIDE ,27,CHILLER LARGE,srd,7.5,2.5,2.56,DRD,,0.0,,,SKIP,,,
4.9_+_UP_CHILLER_AND_2.5~L7.5~W2.5~H2.56~srd, 4.9 & UP CHILLER AND 2.5 WIDE ,27,CHILLER LARGE,srd,7.5,2.5,2.56,DRD DOOR FITTINGS,,0.0,,,SKIP,,,
4.9_+_UP_CHILLER_AND_2.5~L7.5~W2.5~H2.56~srd, 4.9 & UP CHILLER AND 2.5 WIDE ,27,CHILLER LARGE,srd,7.5,2.5,2.56,SIDES,SIDES,27809.958949,27809.59,0.001,PASS,,,
4.9_+_UP_CHILLER_AND_2.5~L7.5~W2.5~H2.56~srd, 4.9 & UP CHILLER AND 2.5 WIDE ,27,CHILLER LARGE,srd,7.5,2.5,2.56,ROOF,ROOF,14379.57191,14379.44,0.001,PASS,,,
4.9_+_UP_CHILLER_AND_2.5~L7.5~W2.5~H2.56~srd, 4.9 & UP CHILLER AND 2.5 WIDE ,27,CHILLER LARGE,srd,7.5,2.5,2.56,FLOOR,FLOOR,24034.103368,24034.1,0.0,PASS,,,
4.9_+_UP_CHILLER_AND_2.5~L7.5~W2.5~H2.56~srd, 4.9 & UP CHILLER AND 2.5 WIDE ,27,CHILLER LARGE,srd,7.5,2.5,2.56,ALUMINIUM,ALUMINIUM,14102.9051,14102.91,0.0,PASS,,,
4.9_+_UP_CHILLER_AND_2.5~L7.5~W2.5~H2.56~srd, 4.9 & UP CHILLER AND 2.5 WIDE ,27,CHILLER LARGE,srd,7.5,2.5,2.56,SUB FRAME + LIGHT BOX ASSY,SUB FRAME + LIGHT BOX ASSY,9263.223068,9263.23,0.0,PASS,,,
4.9_+_UP_CHILLER_AND_2.5~L7.5~W2.5~H2.56~srd, 4.9 & UP CHILLER AND 2.5 WIDE ,27,CHILLER LARGE,srd,7.5,2.5,2.56,REAR FRAME + FLOOR PLATE,REAR FRAME & FLOOR PLATE,0.0,5472.97,,ACCEPTED,EXTRA_IN_MES,,"[RULING] Burt gates REAR FRAME + FLOOR PLATE on the DRD flags, so a single-rear-door body carries R0 there; MES always includes the section (R2.4k-R5.5k). Which is right needs Burt/Michael."
4.9_+_UP_CHILLER_AND_2.5~L7.5~W2.5~H2.56~srd, 4.9 & UP CHILLER AND 2.5 WIDE ,27,CHILLER LARGE,srd,7.5,2.5,2.56,SPRAY PAINTING,SPRAY PAINTING,750.0,750.0,0.0,PASS,,,
4.9_+_UP_CHILLER_AND_2.5~L7.5~W2.5~H2.56~srd, 4.9 & UP CHILLER AND 2.5 WIDE ,27,CHILLER LARGE,srd,7.5,2.5,2.56,REFLEXITE TAPE,REFLEXITE TAPE,317.7,317.7,0.0,PASS,,,
4.9_+_UP_CHILLER_AND_2.5~L7.5~W2.5~H2.56~drd, 4.9 & UP CHILLER AND 2.5 WIDE ,27,CHILLER LARGE,drd,7.5,2.5,2.56,FRONT,FRONT,4566.529064,4566.47,0.001,PASS,,,
4.9_+_UP_CHILLER_AND_2.5~L7.5~W2.5~H2.56~drd, 4.9 & UP CHILLER AND 2.5 WIDE ,27,CHILLER LARGE,drd,7.5,2.5,2.56,SRD,,0.0,,,SKIP,,,
4.9_+_UP_CHILLER_AND_2.5~L7.5~W2.5~H2.56~drd, 4.9 & UP CHILLER AND 2.5 WIDE ,27,CHILLER LARGE,drd,7.5,2.5,2.56,SRD DOOR FITTINGS,,0.0,,,SKIP,,,
4.9_+_UP_CHILLER_AND_2.5~L7.5~W2.5~H2.56~drd, 4.9 & UP CHILLER AND 2.5 WIDE ,27,CHILLER LARGE,drd,7.5,2.5,2.56,DRD,DRD,5715.188449,5715.13,0.001,PASS,,,
4.9_+_UP_CHILLER_AND_2.5~L7.5~W2.5~H2.56~drd, 4.9 & UP CHILLER AND 2.5 WIDE ,27,CHILLER LARGE,drd,7.5,2.5,2.56,DRD DOOR FITTINGS,DRD DOOR FITTINGS,6200.61678,6200.62,0.0,PASS,,,
4.9_+_UP_CHILLER_AND_2.5~L7.5~W2.5~H2.56~drd, 4.9 & UP CHILLER AND 2.5 WIDE ,27,CHILLER LARGE,drd,7.5,2.5,2.56,SIDES,SIDES,27809.958949,27809.59,0.001,PASS,,,
4.9_+_UP_CHILLER_AND_2.5~L7.5~W2.5~H2.56~drd, 4.9 & UP CHILLER AND 2.5 WIDE ,27,CHILLER LARGE,drd,7.5,2.5,2.56,ROOF,ROOF,14379.57191,14379.44,0.001,PASS,,,
4.9_+_UP_CHILLER_AND_2.5~L7.5~W2.5~H2.56~drd, 4.9 & UP CHILLER AND 2.5 WIDE ,27,CHILLER LARGE,drd,7.5,2.5,2.56,FLOOR,FLOOR,24034.103368,24034.1,0.0,PASS,,,
4.9_+_UP_CHILLER_AND_2.5~L7.5~W2.5~H2.56~drd, 4.9 & UP CHILLER AND 2.5 WIDE ,27,CHILLER LARGE,drd,7.5,2.5,2.56,ALUMINIUM,ALUMINIUM,14102.9051,14102.91,0.0,PASS,,,
4.9_+_UP_CHILLER_AND_2.5~L7.5~W2.5~H2.56~drd, 4.9 & UP CHILLER AND 2.5 WIDE ,27,CHILLER LARGE,drd,7.5,2.5,2.56,SUB FRAME + LIGHT BOX ASSY,SUB FRAME + LIGHT BOX ASSY,9263.223068,9263.23,0.0,PASS,,,
4.9_+_UP_CHILLER_AND_2.5~L7.5~W2.5~H2.56~drd, 4.9 & UP CHILLER AND 2.5 WIDE ,27,CHILLER LARGE,drd,7.5,2.5,2.56,REAR FRAME + FLOOR PLATE,REAR FRAME & FLOOR PLATE,5472.944561,5472.97,0.0,PASS,,,
4.9_+_UP_CHILLER_AND_2.5~L7.5~W2.5~H2.56~drd, 4.9 & UP CHILLER AND 2.5 WIDE ,27,CHILLER LARGE,drd,7.5,2.5,2.56,SPRAY PAINTING,SPRAY PAINTING,750.0,750.0,0.0,PASS,,,
4.9_+_UP_CHILLER_AND_2.5~L7.5~W2.5~H2.56~drd, 4.9 & UP CHILLER AND 2.5 WIDE ,27,CHILLER LARGE,drd,7.5,2.5,2.56,REFLEXITE TAPE,REFLEXITE TAPE,317.7,317.7,0.0,PASS,,,
4.9_+_UP_CHILLER_AND_2.5~L7.5~W2.5~H2.56~foam_4g, 4.9 & UP CHILLER AND 2.5 WIDE ,27,CHILLER LARGE,foam_4g,7.5,2.5,2.56,FRONT,FRONT,4566.529064,4566.47,0.001,PASS,,,
4.9_+_UP_CHILLER_AND_2.5~L7.5~W2.5~H2.56~foam_4g, 4.9 & UP CHILLER AND 2.5 WIDE ,27,CHILLER LARGE,foam_4g,7.5,2.5,2.56,SRD,,0.0,,,SKIP,,,
4.9_+_UP_CHILLER_AND_2.5~L7.5~W2.5~H2.56~foam_4g, 4.9 & UP CHILLER AND 2.5 WIDE ,27,CHILLER LARGE,foam_4g,7.5,2.5,2.56,SRD DOOR FITTINGS,,0.0,,,SKIP,,,
4.9_+_UP_CHILLER_AND_2.5~L7.5~W2.5~H2.56~foam_4g, 4.9 & UP CHILLER AND 2.5 WIDE ,27,CHILLER LARGE,foam_4g,7.5,2.5,2.56,DRD,DRD,5715.188449,5715.13,0.001,PASS,,,
4.9_+_UP_CHILLER_AND_2.5~L7.5~W2.5~H2.56~foam_4g, 4.9 & UP CHILLER AND 2.5 WIDE ,27,CHILLER LARGE,foam_4g,7.5,2.5,2.56,DRD DOOR FITTINGS,DRD DOOR FITTINGS,6200.61678,6200.62,0.0,PASS,,,
4.9_+_UP_CHILLER_AND_2.5~L7.5~W2.5~H2.56~foam_4g, 4.9 & UP CHILLER AND 2.5 WIDE ,27,CHILLER LARGE,foam_4g,7.5,2.5,2.56,SIDES,SIDES,27809.958949,27809.59,0.001,PASS,,,
4.9_+_UP_CHILLER_AND_2.5~L7.5~W2.5~H2.56~foam_4g, 4.9 & UP CHILLER AND 2.5 WIDE ,27,CHILLER LARGE,foam_4g,7.5,2.5,2.56,ROOF,ROOF,14379.57191,14379.44,0.001,PASS,,,
4.9_+_UP_CHILLER_AND_2.5~L7.5~W2.5~H2.56~foam_4g, 4.9 & UP CHILLER AND 2.5 WIDE ,27,CHILLER LARGE,foam_4g,7.5,2.5,2.56,FLOOR,FLOOR,24034.103368,24034.1,0.0,PASS,,,
4.9_+_UP_CHILLER_AND_2.5~L7.5~W2.5~H2.56~foam_4g, 4.9 & UP CHILLER AND 2.5 WIDE ,27,CHILLER LARGE,foam_4g,7.5,2.5,2.56,ALUMINIUM,ALUMINIUM,14102.9051,14102.91,0.0,PASS,,,
4.9_+_UP_CHILLER_AND_2.5~L7.5~W2.5~H2.56~foam_4g, 4.9 & UP CHILLER AND 2.5 WIDE ,27,CHILLER LARGE,foam_4g,7.5,2.5,2.56,SUB FRAME + LIGHT BOX ASSY,SUB FRAME + LIGHT BOX ASSY,9263.223068,9263.23,0.0,PASS,,,
4.9_+_UP_CHILLER_AND_2.5~L7.5~W2.5~H2.56~foam_4g, 4.9 & UP CHILLER AND 2.5 WIDE ,27,CHILLER LARGE,foam_4g,7.5,2.5,2.56,REAR FRAME + FLOOR PLATE,REAR FRAME & FLOOR PLATE,5472.944561,5472.97,0.0,PASS,,,
4.9_+_UP_CHILLER_AND_2.5~L7.5~W2.5~H2.56~foam_4g, 4.9 & UP CHILLER AND 2.5 WIDE ,27,CHILLER LARGE,foam_4g,7.5,2.5,2.56,SPRAY PAINTING,SPRAY PAINTING,750.0,750.0,0.0,PASS,,,
4.9_+_UP_CHILLER_AND_2.5~L7.5~W2.5~H2.56~foam_4g, 4.9 & UP CHILLER AND 2.5 WIDE ,27,CHILLER LARGE,foam_4g,7.5,2.5,2.56,REFLEXITE TAPE,REFLEXITE TAPE,317.7,317.7,0.0,PASS,,,
4.9_+_UP_CHILLER_AND_2.5~L7.5~W2.5~H2.56~srd_pu, 4.9 & UP CHILLER AND 2.5 WIDE ,27,CHILLER LARGE,srd_pu,7.5,2.5,2.56,FRONT,FRONT,4557.178316,4566.47,0.204,PASS,,,
4.9_+_UP_CHILLER_AND_2.5~L7.5~W2.5~H2.56~srd_pu, 4.9 & UP CHILLER AND 2.5 WIDE ,27,CHILLER LARGE,srd_pu,7.5,2.5,2.56,SRD,SRD,5072.397306,5132.34,1.182,ACCEPTED,,GROUP_DIFF 130*62MM TAPPING BLOCKS ~ 2 MES line(s) (+60.00),[DATA] 130*62MM TAPPING BLOCKS: on prod the icecream and EXPLOSIVE 4.9 AND UP bodies price them differently from Burt (missing or one size only); the chillers/freezers match.
4.9_+_UP_CHILLER_AND_2.5~L7.5~W2.5~H2.56~srd_pu, 4.9 & UP CHILLER AND 2.5 WIDE ,27,CHILLER LARGE,srd_pu,7.5,2.5,2.56,SRD DOOR FITTINGS,SRD DOOR FITTINGS,6683.48854,6683.49,0.0,PASS,,,
4.9_+_UP_CHILLER_AND_2.5~L7.5~W2.5~H2.56~srd_pu, 4.9 & UP CHILLER AND 2.5 WIDE ,27,CHILLER LARGE,srd_pu,7.5,2.5,2.56,DRD,,0.0,,,SKIP,,,
4.9_+_UP_CHILLER_AND_2.5~L7.5~W2.5~H2.56~srd_pu, 4.9 & UP CHILLER AND 2.5 WIDE ,27,CHILLER LARGE,srd_pu,7.5,2.5,2.56,DRD DOOR FITTINGS,,0.0,,,SKIP,,,
4.9_+_UP_CHILLER_AND_2.5~L7.5~W2.5~H2.56~srd_pu, 4.9 & UP CHILLER AND 2.5 WIDE ,27,CHILLER LARGE,srd_pu,7.5,2.5,2.56,SIDES,SIDES,27771.474053,27809.59,0.137,PASS,,,
4.9_+_UP_CHILLER_AND_2.5~L7.5~W2.5~H2.56~srd_pu, 4.9 & UP CHILLER AND 2.5 WIDE ,27,CHILLER LARGE,srd_pu,7.5,2.5,2.56,ROOF,ROOF,14339.691706,14379.44,0.277,PASS,,,
4.9_+_UP_CHILLER_AND_2.5~L7.5~W2.5~H2.56~srd_pu, 4.9 & UP CHILLER AND 2.5 WIDE ,27,CHILLER LARGE,srd_pu,7.5,2.5,2.56,FLOOR,FLOOR,24034.103368,24034.1,0.0,PASS,,,
4.9_+_UP_CHILLER_AND_2.5~L7.5~W2.5~H2.56~srd_pu, 4.9 & UP CHILLER AND 2.5 WIDE ,27,CHILLER LARGE,srd_pu,7.5,2.5,2.56,ALUMINIUM,ALUMINIUM,14102.9051,14102.91,0.0,PASS,,,
4.9_+_UP_CHILLER_AND_2.5~L7.5~W2.5~H2.56~srd_pu, 4.9 & UP CHILLER AND 2.5 WIDE ,27,CHILLER LARGE,srd_pu,7.5,2.5,2.56,SUB FRAME + LIGHT BOX ASSY,SUB FRAME + LIGHT BOX ASSY,9263.223068,9263.23,0.0,PASS,,,
4.9_+_UP_CHILLER_AND_2.5~L7.5~W2.5~H2.56~srd_pu, 4.9 & UP CHILLER AND 2.5 WIDE ,27,CHILLER LARGE,srd_pu,7.5,2.5,2.56,REAR FRAME + FLOOR PLATE,REAR FRAME & FLOOR PLATE,0.0,5472.97,,ACCEPTED,EXTRA_IN_MES,,"[RULING] Burt gates REAR FRAME + FLOOR PLATE on the DRD flags, so a single-rear-door body carries R0 there; MES always includes the section (R2.4k-R5.5k). Which is right needs Burt/Michael."
4.9_+_UP_CHILLER_AND_2.5~L7.5~W2.5~H2.56~srd_pu, 4.9 & UP CHILLER AND 2.5 WIDE ,27,CHILLER LARGE,srd_pu,7.5,2.5,2.56,SPRAY PAINTING,SPRAY PAINTING,750.0,750.0,0.0,PASS,,,
4.9_+_UP_CHILLER_AND_2.5~L7.5~W2.5~H2.56~srd_pu, 4.9 & UP CHILLER AND 2.5 WIDE ,27,CHILLER LARGE,srd_pu,7.5,2.5,2.56,REFLEXITE TAPE,REFLEXITE TAPE,317.7,317.7,0.0,PASS,,,
4.9_+_UP_CHILLER_AND_2.5~L7.5~W2.6~H2.56~as_sheet, 4.9 & UP CHILLER AND 2.5 WIDE ,27,CHILLER LARGE,as_sheet,7.5,2.6,2.56,FRONT,FRONT,4747.056155,4747.0,0.001,PASS,,,
4.9_+_UP_CHILLER_AND_2.5~L7.5~W2.6~H2.56~as_sheet, 4.9 & UP CHILLER AND 2.5 WIDE ,27,CHILLER LARGE,as_sheet,7.5,2.6,2.56,SRD,,0.0,,,SKIP,,,
4.9_+_UP_CHILLER_AND_2.5~L7.5~W2.6~H2.56~as_sheet, 4.9 & UP CHILLER AND 2.5 WIDE ,27,CHILLER LARGE,as_sheet,7.5,2.6,2.56,SRD DOOR FITTINGS,,0.0,,,SKIP,,,
4.9_+_UP_CHILLER_AND_2.5~L7.5~W2.6~H2.56~as_sheet, 4.9 & UP CHILLER AND 2.5 WIDE ,27,CHILLER LARGE,as_sheet,7.5,2.6,2.56,DRD,DRD,5907.123728,5907.06,0.001,PASS,,,
4.9_+_UP_CHILLER_AND_2.5~L7.5~W2.6~H2.56~as_sheet, 4.9 & UP CHILLER AND 2.5 WIDE ,27,CHILLER LARGE,as_sheet,7.5,2.6,2.56,DRD DOOR FITTINGS,DRD DOOR FITTINGS,6247.51278,6247.51,0.0,PASS,,,
4.9_+_UP_CHILLER_AND_2.5~L7.5~W2.6~H2.56~as_sheet, 4.9 & UP CHILLER AND 2.5 WIDE ,27,CHILLER LARGE,as_sheet,7.5,2.6,2.56,SIDES,SIDES,27809.958949,27809.59,0.001,PASS,,,
4.9_+_UP_CHILLER_AND_2.5~L7.5~W2.6~H2.56~as_sheet, 4.9 & UP CHILLER AND 2.5 WIDE ,27,CHILLER LARGE,as_sheet,7.5,2.6,2.56,ROOF,ROOF,14917.180665,14917.05,0.001,PASS,,,
4.9_+_UP_CHILLER_AND_2.5~L7.5~W2.6~H2.56~as_sheet, 4.9 & UP CHILLER AND 2.5 WIDE ,27,CHILLER LARGE,as_sheet,7.5,2.6,2.56,FLOOR,FLOOR,24793.623991,24793.62,0.0,PASS,,,
4.9_+_UP_CHILLER_AND_2.5~L7.5~W2.6~H2.56~as_sheet, 4.9 & UP CHILLER AND 2.5 WIDE ,27,CHILLER LARGE,as_sheet,7.5,2.6,2.56,ALUMINIUM,ALUMINIUM,14138.652767,14138.65,0.0,PASS,,,
4.9_+_UP_CHILLER_AND_2.5~L7.5~W2.6~H2.56~as_sheet, 4.9 & UP CHILLER AND 2.5 WIDE ,27,CHILLER LARGE,as_sheet,7.5,2.6,2.56,SUB FRAME + LIGHT BOX ASSY,SUB FRAME + LIGHT BOX ASSY,9263.223068,9263.23,0.0,PASS,,,
4.9_+_UP_CHILLER_AND_2.5~L7.5~W2.6~H2.56~as_sheet, 4.9 & UP CHILLER AND 2.5 WIDE ,27,CHILLER LARGE,as_sheet,7.5,2.6,2.56,REAR FRAME + FLOOR PLATE,REAR FRAME & FLOOR PLATE,5502.400241,5502.42,0.0,PASS,,,
4.9_+_UP_CHILLER_AND_2.5~L7.5~W2.6~H2.56~as_sheet, 4.9 & UP CHILLER AND 2.5 WIDE ,27,CHILLER LARGE,as_sheet,7.5,2.6,2.56,SPRAY PAINTING,SPRAY PAINTING,750.0,750.0,0.0,PASS,,,
4.9_+_UP_CHILLER_AND_2.5~L7.5~W2.6~H2.56~as_sheet, 4.9 & UP CHILLER AND 2.5 WIDE ,27,CHILLER LARGE,as_sheet,7.5,2.6,2.56,REFLEXITE TAPE,REFLEXITE TAPE,319.5,319.5,0.0,PASS,,,
4.9_+_UP_CHILLER_AND_2.5~L7.5~W2.6~H2.56~all_eps, 4.9 & UP CHILLER AND 2.5 WIDE ,27,CHILLER LARGE,all_eps,7.5,2.6,2.56,FRONT,FRONT,4747.056155,4747.0,0.001,PASS,,,
4.9_+_UP_CHILLER_AND_2.5~L7.5~W2.6~H2.56~all_eps, 4.9 & UP CHILLER AND 2.5 WIDE ,27,CHILLER LARGE,all_eps,7.5,2.6,2.56,SRD,,0.0,,,SKIP,,,
4.9_+_UP_CHILLER_AND_2.5~L7.5~W2.6~H2.56~all_eps, 4.9 & UP CHILLER AND 2.5 WIDE ,27,CHILLER LARGE,all_eps,7.5,2.6,2.56,SRD DOOR FITTINGS,,0.0,,,SKIP,,,
4.9_+_UP_CHILLER_AND_2.5~L7.5~W2.6~H2.56~all_eps, 4.9 & UP CHILLER AND 2.5 WIDE ,27,CHILLER LARGE,all_eps,7.5,2.6,2.56,DRD,DRD,5907.123728,5907.06,0.001,PASS,,,
4.9_+_UP_CHILLER_AND_2.5~L7.5~W2.6~H2.56~all_eps, 4.9 & UP CHILLER AND 2.5 WIDE ,27,CHILLER LARGE,all_eps,7.5,2.6,2.56,DRD DOOR FITTINGS,DRD DOOR FITTINGS,6247.51278,6247.51,0.0,PASS,,,
4.9_+_UP_CHILLER_AND_2.5~L7.5~W2.6~H2.56~all_eps, 4.9 & UP CHILLER AND 2.5 WIDE ,27,CHILLER LARGE,all_eps,7.5,2.6,2.56,SIDES,SIDES,27809.958949,27809.59,0.001,PASS,,,
4.9_+_UP_CHILLER_AND_2.5~L7.5~W2.6~H2.56~all_eps, 4.9 & UP CHILLER AND 2.5 WIDE ,27,CHILLER LARGE,all_eps,7.5,2.6,2.56,ROOF,ROOF,14917.180665,14917.05,0.001,PASS,,,
4.9_+_UP_CHILLER_AND_2.5~L7.5~W2.6~H2.56~all_eps, 4.9 & UP CHILLER AND 2.5 WIDE ,27,CHILLER LARGE,all_eps,7.5,2.6,2.56,FLOOR,FLOOR,24793.623991,24793.62,0.0,PASS,,,
4.9_+_UP_CHILLER_AND_2.5~L7.5~W2.6~H2.56~all_eps, 4.9 & UP CHILLER AND 2.5 WIDE ,27,CHILLER LARGE,all_eps,7.5,2.6,2.56,ALUMINIUM,ALUMINIUM,14138.652767,14138.65,0.0,PASS,,,
4.9_+_UP_CHILLER_AND_2.5~L7.5~W2.6~H2.56~all_eps, 4.9 & UP CHILLER AND 2.5 WIDE ,27,CHILLER LARGE,all_eps,7.5,2.6,2.56,SUB FRAME + LIGHT BOX ASSY,SUB FRAME + LIGHT BOX ASSY,9263.223068,9263.23,0.0,PASS,,,
4.9_+_UP_CHILLER_AND_2.5~L7.5~W2.6~H2.56~all_eps, 4.9 & UP CHILLER AND 2.5 WIDE ,27,CHILLER LARGE,all_eps,7.5,2.6,2.56,REAR FRAME + FLOOR PLATE,REAR FRAME & FLOOR PLATE,5502.400241,5502.42,0.0,PASS,,,
4.9_+_UP_CHILLER_AND_2.5~L7.5~W2.6~H2.56~all_eps, 4.9 & UP CHILLER AND 2.5 WIDE ,27,CHILLER LARGE,all_eps,7.5,2.6,2.56,SPRAY PAINTING,SPRAY PAINTING,750.0,750.0,0.0,PASS,,,
4.9_+_UP_CHILLER_AND_2.5~L7.5~W2.6~H2.56~all_eps, 4.9 & UP CHILLER AND 2.5 WIDE ,27,CHILLER LARGE,all_eps,7.5,2.6,2.56,REFLEXITE TAPE,REFLEXITE TAPE,319.5,319.5,0.0,PASS,,,
4.9_+_UP_CHILLER_AND_2.5~L7.5~W2.6~H2.56~all_pu, 4.9 & UP CHILLER AND 2.5 WIDE ,27,CHILLER LARGE,all_pu,7.5,2.6,2.56,FRONT,FRONT,5265.392232,5265.33,0.001,PASS,,,
4.9_+_UP_CHILLER_AND_2.5~L7.5~W2.6~H2.56~all_pu, 4.9 & UP CHILLER AND 2.5 WIDE ,27,CHILLER LARGE,all_pu,7.5,2.6,2.56,SRD,,0.0,,,SKIP,,,
4.9_+_UP_CHILLER_AND_2.5~L7.5~W2.6~H2.56~all_pu, 4.9 & UP CHILLER AND 2.5 WIDE ,27,CHILLER LARGE,all_pu,7.5,2.6,2.56,SRD DOOR FITTINGS,,0.0,,,SKIP,,,
4.9_+_UP_CHILLER_AND_2.5~L7.5~W2.6~H2.56~all_pu, 4.9 & UP CHILLER AND 2.5 WIDE ,27,CHILLER LARGE,all_pu,7.5,2.6,2.56,DRD,DRD,5913.521182,5914.64,0.019,PASS,,,
4.9_+_UP_CHILLER_AND_2.5~L7.5~W2.6~H2.56~all_pu, 4.9 & UP CHILLER AND 2.5 WIDE ,27,CHILLER LARGE,all_pu,7.5,2.6,2.56,DRD DOOR FITTINGS,DRD DOOR FITTINGS,6351.12346,6350.94,0.003,PASS,,,
4.9_+_UP_CHILLER_AND_2.5~L7.5~W2.6~H2.56~all_pu, 4.9 & UP CHILLER AND 2.5 WIDE ,27,CHILLER LARGE,all_pu,7.5,2.6,2.56,SIDES,SIDES,31109.624271,31116.57,0.022,PASS,,,
4.9_+_UP_CHILLER_AND_2.5~L7.5~W2.6~H2.56~all_pu, 4.9 & UP CHILLER AND 2.5 WIDE ,27,CHILLER LARGE,all_pu,7.5,2.6,2.56,ROOF,ROOF,15117.212537,15121.72,0.03,PASS,,,
4.9_+_UP_CHILLER_AND_2.5~L7.5~W2.6~H2.56~all_pu, 4.9 & UP CHILLER AND 2.5 WIDE ,27,CHILLER LARGE,all_pu,7.5,2.6,2.56,FLOOR,FLOOR,24993.655863,24998.3,0.019,PASS,,,
4.9_+_UP_CHILLER_AND_2.5~L7.5~W2.6~H2.56~all_pu, 4.9 & UP CHILLER AND 2.5 WIDE ,27,CHILLER LARGE,all_pu,7.5,2.6,2.56,ALUMINIUM,ALUMINIUM,14138.652767,14138.65,0.0,PASS,,,
4.9_+_UP_CHILLER_AND_2.5~L7.5~W2.6~H2.56~all_pu, 4.9 & UP CHILLER AND 2.5 WIDE ,27,CHILLER LARGE,all_pu,7.5,2.6,2.56,SUB FRAME + LIGHT BOX ASSY,SUB FRAME + LIGHT BOX ASSY,9263.223068,9263.23,0.0,PASS,,,
4.9_+_UP_CHILLER_AND_2.5~L7.5~W2.6~H2.56~all_pu, 4.9 & UP CHILLER AND 2.5 WIDE ,27,CHILLER LARGE,all_pu,7.5,2.6,2.56,REAR FRAME + FLOOR PLATE,REAR FRAME & FLOOR PLATE,5502.400241,5502.42,0.0,PASS,,,
4.9_+_UP_CHILLER_AND_2.5~L7.5~W2.6~H2.56~all_pu, 4.9 & UP CHILLER AND 2.5 WIDE ,27,CHILLER LARGE,all_pu,7.5,2.6,2.56,SPRAY PAINTING,SPRAY PAINTING,750.0,750.0,0.0,PASS,,,
4.9_+_UP_CHILLER_AND_2.5~L7.5~W2.6~H2.56~all_pu, 4.9 & UP CHILLER AND 2.5 WIDE ,27,CHILLER LARGE,all_pu,7.5,2.6,2.56,REFLEXITE TAPE,REFLEXITE TAPE,319.5,319.5,0.0,PASS,,,
4.9_+_UP_CHILLER_AND_2.5~L7.5~W2.6~H2.56~srd, 4.9 & UP CHILLER AND 2.5 WIDE ,27,CHILLER LARGE,srd,7.5,2.6,2.56,FRONT,FRONT,4747.056155,4747.0,0.001,PASS,,,
4.9_+_UP_CHILLER_AND_2.5~L7.5~W2.6~H2.56~srd, 4.9 & UP CHILLER AND 2.5 WIDE ,27,CHILLER LARGE,srd,7.5,2.6,2.56,SRD,SRD,4955.107829,4955.05,0.001,PASS,,,
4.9_+_UP_CHILLER_AND_2.5~L7.5~W2.6~H2.56~srd, 4.9 & UP CHILLER AND 2.5 WIDE ,27,CHILLER LARGE,srd,7.5,2.6,2.56,SRD DOOR FITTINGS,SRD DOOR FITTINGS,6731.60454,6731.6,0.0,PASS,,,
4.9_+_UP_CHILLER_AND_2.5~L7.5~W2.6~H2.56~srd, 4.9 & UP CHILLER AND 2.5 WIDE ,27,CHILLER LARGE,srd,7.5,2.6,2.56,DRD,,0.0,,,SKIP,,,
4.9_+_UP_CHILLER_AND_2.5~L7.5~W2.6~H2.56~srd, 4.9 & UP CHILLER AND 2.5 WIDE ,27,CHILLER LARGE,srd,7.5,2.6,2.56,DRD DOOR FITTINGS,,0.0,,,SKIP,,,
4.9_+_UP_CHILLER_AND_2.5~L7.5~W2.6~H2.56~srd, 4.9 & UP CHILLER AND 2.5 WIDE ,27,CHILLER LARGE,srd,7.5,2.6,2.56,SIDES,SIDES,27809.958949,27809.59,0.001,PASS,,,
4.9_+_UP_CHILLER_AND_2.5~L7.5~W2.6~H2.56~srd, 4.9 & UP CHILLER AND 2.5 WIDE ,27,CHILLER LARGE,srd,7.5,2.6,2.56,ROOF,ROOF,14917.180665,14917.05,0.001,PASS,,,
4.9_+_UP_CHILLER_AND_2.5~L7.5~W2.6~H2.56~srd, 4.9 & UP CHILLER AND 2.5 WIDE ,27,CHILLER LARGE,srd,7.5,2.6,2.56,FLOOR,FLOOR,24793.623991,24793.62,0.0,PASS,,,
4.9_+_UP_CHILLER_AND_2.5~L7.5~W2.6~H2.56~srd, 4.9 & UP CHILLER AND 2.5 WIDE ,27,CHILLER LARGE,srd,7.5,2.6,2.56,ALUMINIUM,ALUMINIUM,14138.652767,14138.65,0.0,PASS,,,
4.9_+_UP_CHILLER_AND_2.5~L7.5~W2.6~H2.56~srd, 4.9 & UP CHILLER AND 2.5 WIDE ,27,CHILLER LARGE,srd,7.5,2.6,2.56,SUB FRAME + LIGHT BOX ASSY,SUB FRAME + LIGHT BOX ASSY,9263.223068,9263.23,0.0,PASS,,,
4.9_+_UP_CHILLER_AND_2.5~L7.5~W2.6~H2.56~srd, 4.9 & UP CHILLER AND 2.5 WIDE ,27,CHILLER LARGE,srd,7.5,2.6,2.56,REAR FRAME + FLOOR PLATE,REAR FRAME & FLOOR PLATE,0.0,5502.42,,ACCEPTED,EXTRA_IN_MES,,"[RULING] Burt gates REAR FRAME + FLOOR PLATE on the DRD flags, so a single-rear-door body carries R0 there; MES always includes the section (R2.4k-R5.5k). Which is right needs Burt/Michael."
4.9_+_UP_CHILLER_AND_2.5~L7.5~W2.6~H2.56~srd, 4.9 & UP CHILLER AND 2.5 WIDE ,27,CHILLER LARGE,srd,7.5,2.6,2.56,SPRAY PAINTING,SPRAY PAINTING,750.0,750.0,0.0,PASS,,,
4.9_+_UP_CHILLER_AND_2.5~L7.5~W2.6~H2.56~srd, 4.9 & UP CHILLER AND 2.5 WIDE ,27,CHILLER LARGE,srd,7.5,2.6,2.56,REFLEXITE TAPE,REFLEXITE TAPE,319.5,319.5,0.0,PASS,,,
4.9_+_UP_CHILLER_AND_2.5~L7.5~W2.6~H2.56~drd, 4.9 & UP CHILLER AND 2.5 WIDE ,27,CHILLER LARGE,drd,7.5,2.6,2.56,FRONT,FRONT,4747.056155,4747.0,0.001,PASS,,,
4.9_+_UP_CHILLER_AND_2.5~L7.5~W2.6~H2.56~drd, 4.9 & UP CHILLER AND 2.5 WIDE ,27,CHILLER LARGE,drd,7.5,2.6,2.56,SRD,,0.0,,,SKIP,,,
4.9_+_UP_CHILLER_AND_2.5~L7.5~W2.6~H2.56~drd, 4.9 & UP CHILLER AND 2.5 WIDE ,27,CHILLER LARGE,drd,7.5,2.6,2.56,SRD DOOR FITTINGS,,0.0,,,SKIP,,,
4.9_+_UP_CHILLER_AND_2.5~L7.5~W2.6~H2.56~drd, 4.9 & UP CHILLER AND 2.5 WIDE ,27,CHILLER LARGE,drd,7.5,2.6,2.56,DRD,DRD,5907.123728,5907.06,0.001,PASS,,,
4.9_+_UP_CHILLER_AND_2.5~L7.5~W2.6~H2.56~drd, 4.9 & UP CHILLER AND 2.5 WIDE ,27,CHILLER LARGE,drd,7.5,2.6,2.56,DRD DOOR FITTINGS,DRD DOOR FITTINGS,6247.51278,6247.51,0.0,PASS,,,
4.9_+_UP_CHILLER_AND_2.5~L7.5~W2.6~H2.56~drd, 4.9 & UP CHILLER AND 2.5 WIDE ,27,CHILLER LARGE,drd,7.5,2.6,2.56,SIDES,SIDES,27809.958949,27809.59,0.001,PASS,,,
4.9_+_UP_CHILLER_AND_2.5~L7.5~W2.6~H2.56~drd, 4.9 & UP CHILLER AND 2.5 WIDE ,27,CHILLER LARGE,drd,7.5,2.6,2.56,ROOF,ROOF,14917.180665,14917.05,0.001,PASS,,,
4.9_+_UP_CHILLER_AND_2.5~L7.5~W2.6~H2.56~drd, 4.9 & UP CHILLER AND 2.5 WIDE ,27,CHILLER LARGE,drd,7.5,2.6,2.56,FLOOR,FLOOR,24793.623991,24793.62,0.0,PASS,,,
4.9_+_UP_CHILLER_AND_2.5~L7.5~W2.6~H2.56~drd, 4.9 & UP CHILLER AND 2.5 WIDE ,27,CHILLER LARGE,drd,7.5,2.6,2.56,ALUMINIUM,ALUMINIUM,14138.652767,14138.65,0.0,PASS,,,
4.9_+_UP_CHILLER_AND_2.5~L7.5~W2.6~H2.56~drd, 4.9 & UP CHILLER AND 2.5 WIDE ,27,CHILLER LARGE,drd,7.5,2.6,2.56,SUB FRAME + LIGHT BOX ASSY,SUB FRAME + LIGHT BOX ASSY,9263.223068,9263.23,0.0,PASS,,,
4.9_+_UP_CHILLER_AND_2.5~L7.5~W2.6~H2.56~drd, 4.9 & UP CHILLER AND 2.5 WIDE ,27,CHILLER LARGE,drd,7.5,2.6,2.56,REAR FRAME + FLOOR PLATE,REAR FRAME & FLOOR PLATE,5502.400241,5502.42,0.0,PASS,,,
4.9_+_UP_CHILLER_AND_2.5~L7.5~W2.6~H2.56~drd, 4.9 & UP CHILLER AND 2.5 WIDE ,27,CHILLER LARGE,drd,7.5,2.6,2.56,SPRAY PAINTING,SPRAY PAINTING,750.0,750.0,0.0,PASS,,,
4.9_+_UP_CHILLER_AND_2.5~L7.5~W2.6~H2.56~drd, 4.9 & UP CHILLER AND 2.5 WIDE ,27,CHILLER LARGE,drd,7.5,2.6,2.56,REFLEXITE TAPE,REFLEXITE TAPE,319.5,319.5,0.0,PASS,,,
4.9_+_UP_CHILLER_AND_2.5~L7.5~W2.6~H2.56~foam_4g, 4.9 & UP CHILLER AND 2.5 WIDE ,27,CHILLER LARGE,foam_4g,7.5,2.6,2.56,FRONT,FRONT,4747.056155,4747.0,0.001,PASS,,,
4.9_+_UP_CHILLER_AND_2.5~L7.5~W2.6~H2.56~foam_4g, 4.9 & UP CHILLER AND 2.5 WIDE ,27,CHILLER LARGE,foam_4g,7.5,2.6,2.56,SRD,,0.0,,,SKIP,,,
4.9_+_UP_CHILLER_AND_2.5~L7.5~W2.6~H2.56~foam_4g, 4.9 & UP CHILLER AND 2.5 WIDE ,27,CHILLER LARGE,foam_4g,7.5,2.6,2.56,SRD DOOR FITTINGS,,0.0,,,SKIP,,,
4.9_+_UP_CHILLER_AND_2.5~L7.5~W2.6~H2.56~foam_4g, 4.9 & UP CHILLER AND 2.5 WIDE ,27,CHILLER LARGE,foam_4g,7.5,2.6,2.56,DRD,DRD,5907.123728,5907.06,0.001,PASS,,,
4.9_+_UP_CHILLER_AND_2.5~L7.5~W2.6~H2.56~foam_4g, 4.9 & UP CHILLER AND 2.5 WIDE ,27,CHILLER LARGE,foam_4g,7.5,2.6,2.56,DRD DOOR FITTINGS,DRD DOOR FITTINGS,6247.51278,6247.51,0.0,PASS,,,
4.9_+_UP_CHILLER_AND_2.5~L7.5~W2.6~H2.56~foam_4g, 4.9 & UP CHILLER AND 2.5 WIDE ,27,CHILLER LARGE,foam_4g,7.5,2.6,2.56,SIDES,SIDES,27809.958949,27809.59,0.001,PASS,,,
4.9_+_UP_CHILLER_AND_2.5~L7.5~W2.6~H2.56~foam_4g, 4.9 & UP CHILLER AND 2.5 WIDE ,27,CHILLER LARGE,foam_4g,7.5,2.6,2.56,ROOF,ROOF,14917.180665,14917.05,0.001,PASS,,,
4.9_+_UP_CHILLER_AND_2.5~L7.5~W2.6~H2.56~foam_4g, 4.9 & UP CHILLER AND 2.5 WIDE ,27,CHILLER LARGE,foam_4g,7.5,2.6,2.56,FLOOR,FLOOR,24793.623991,24793.62,0.0,PASS,,,
4.9_+_UP_CHILLER_AND_2.5~L7.5~W2.6~H2.56~foam_4g, 4.9 & UP CHILLER AND 2.5 WIDE ,27,CHILLER LARGE,foam_4g,7.5,2.6,2.56,ALUMINIUM,ALUMINIUM,14138.652767,14138.65,0.0,PASS,,,
4.9_+_UP_CHILLER_AND_2.5~L7.5~W2.6~H2.56~foam_4g, 4.9 & UP CHILLER AND 2.5 WIDE ,27,CHILLER LARGE,foam_4g,7.5,2.6,2.56,SUB FRAME + LIGHT BOX ASSY,SUB FRAME + LIGHT BOX ASSY,9263.223068,9263.23,0.0,PASS,,,
4.9_+_UP_CHILLER_AND_2.5~L7.5~W2.6~H2.56~foam_4g, 4.9 & UP CHILLER AND 2.5 WIDE ,27,CHILLER LARGE,foam_4g,7.5,2.6,2.56,REAR FRAME + FLOOR PLATE,REAR FRAME & FLOOR PLATE,5502.400241,5502.42,0.0,PASS,,,
4.9_+_UP_CHILLER_AND_2.5~L7.5~W2.6~H2.56~foam_4g, 4.9 & UP CHILLER AND 2.5 WIDE ,27,CHILLER LARGE,foam_4g,7.5,2.6,2.56,SPRAY PAINTING,SPRAY PAINTING,750.0,750.0,0.0,PASS,,,
4.9_+_UP_CHILLER_AND_2.5~L7.5~W2.6~H2.56~foam_4g, 4.9 & UP CHILLER AND 2.5 WIDE ,27,CHILLER LARGE,foam_4g,7.5,2.6,2.56,REFLEXITE TAPE,REFLEXITE TAPE,319.5,319.5,0.0,PASS,,,
4.9_+_UP_CHILLER_AND_2.5~L7.5~W2.6~H2.56~srd_pu, 4.9 & UP CHILLER AND 2.5 WIDE ,27,CHILLER LARGE,srd_pu,7.5,2.6,2.56,FRONT,FRONT,4737.51221,4747.0,0.2,PASS,,,
4.9_+_UP_CHILLER_AND_2.5~L7.5~W2.6~H2.56~srd_pu, 4.9 & UP CHILLER AND 2.5 WIDE ,27,CHILLER LARGE,srd_pu,7.5,2.6,2.56,SRD,SRD,5218.972827,5278.91,1.148,ACCEPTED,,GROUP_DIFF 130*62MM TAPPING BLOCKS ~ 2 MES line(s) (+60.00),[DATA] 130*62MM TAPPING BLOCKS: on prod the icecream and EXPLOSIVE 4.9 AND UP bodies price them differently from Burt (missing or one size only); the chillers/freezers match.
4.9_+_UP_CHILLER_AND_2.5~L7.5~W2.6~H2.56~srd_pu, 4.9 & UP CHILLER AND 2.5 WIDE ,27,CHILLER LARGE,srd_pu,7.5,2.6,2.56,SRD DOOR FITTINGS,SRD DOOR FITTINGS,6731.60454,6731.6,0.0,PASS,,,
4.9_+_UP_CHILLER_AND_2.5~L7.5~W2.6~H2.56~srd_pu, 4.9 & UP CHILLER AND 2.5 WIDE ,27,CHILLER LARGE,srd_pu,7.5,2.6,2.56,DRD,,0.0,,,SKIP,,,
4.9_+_UP_CHILLER_AND_2.5~L7.5~W2.6~H2.56~srd_pu, 4.9 & UP CHILLER AND 2.5 WIDE ,27,CHILLER LARGE,srd_pu,7.5,2.6,2.56,DRD DOOR FITTINGS,,0.0,,,SKIP,,,
4.9_+_UP_CHILLER_AND_2.5~L7.5~W2.6~H2.56~srd_pu, 4.9 & UP CHILLER AND 2.5 WIDE ,27,CHILLER LARGE,srd_pu,7.5,2.6,2.56,SIDES,SIDES,27771.474053,27809.59,0.137,PASS,,,
4.9_+_UP_CHILLER_AND_2.5~L7.5~W2.6~H2.56~srd_pu, 4.9 & UP CHILLER AND 2.5 WIDE ,27,CHILLER LARGE,srd_pu,7.5,2.6,2.56,ROOF,ROOF,14876.905608,14917.05,0.27,PASS,,,
4.9_+_UP_CHILLER_AND_2.5~L7.5~W2.6~H2.56~srd_pu, 4.9 & UP CHILLER AND 2.5 WIDE ,27,CHILLER LARGE,srd_pu,7.5,2.6,2.56,FLOOR,FLOOR,24793.623991,24793.62,0.0,PASS,,,
4.9_+_UP_CHILLER_AND_2.5~L7.5~W2.6~H2.56~srd_pu, 4.9 & UP CHILLER AND 2.5 WIDE ,27,CHILLER LARGE,srd_pu,7.5,2.6,2.56,ALUMINIUM,ALUMINIUM,14138.652767,14138.65,0.0,PASS,,,
4.9_+_UP_CHILLER_AND_2.5~L7.5~W2.6~H2.56~srd_pu, 4.9 & UP CHILLER AND 2.5 WIDE ,27,CHILLER LARGE,srd_pu,7.5,2.6,2.56,SUB FRAME + LIGHT BOX ASSY,SUB FRAME + LIGHT BOX ASSY,9263.223068,9263.23,0.0,PASS,,,
4.9_+_UP_CHILLER_AND_2.5~L7.5~W2.6~H2.56~srd_pu, 4.9 & UP CHILLER AND 2.5 WIDE ,27,CHILLER LARGE,srd_pu,7.5,2.6,2.56,REAR FRAME + FLOOR PLATE,REAR FRAME & FLOOR PLATE,0.0,5502.42,,ACCEPTED,EXTRA_IN_MES,,"[RULING] Burt gates REAR FRAME + FLOOR PLATE on the DRD flags, so a single-rear-door body carries R0 there; MES always includes the section (R2.4k-R5.5k). Which is right needs Burt/Michael."
4.9_+_UP_CHILLER_AND_2.5~L7.5~W2.6~H2.56~srd_pu, 4.9 & UP CHILLER AND 2.5 WIDE ,27,CHILLER LARGE,srd_pu,7.5,2.6,2.56,SPRAY PAINTING,SPRAY PAINTING,750.0,750.0,0.0,PASS,,,
4.9_+_UP_CHILLER_AND_2.5~L7.5~W2.6~H2.56~srd_pu, 4.9 & UP CHILLER AND 2.5 WIDE ,27,CHILLER LARGE,srd_pu,7.5,2.6,2.56,REFLEXITE TAPE,REFLEXITE TAPE,319.5,319.5,0.0,PASS,,,
4.9_+_UP_CHILLER_AND_2.5~L8.5~W2.5~H2.56~as_sheet, 4.9 & UP CHILLER AND 2.5 WIDE ,27,CHILLER LARGE,as_sheet,8.5,2.5,2.56,FRONT,FRONT,4566.529064,4566.47,0.001,PASS,,,
4.9_+_UP_CHILLER_AND_2.5~L8.5~W2.5~H2.56~as_sheet, 4.9 & UP CHILLER AND 2.5 WIDE ,27,CHILLER LARGE,as_sheet,8.5,2.5,2.56,SRD,,0.0,,,SKIP,,,
4.9_+_UP_CHILLER_AND_2.5~L8.5~W2.5~H2.56~as_sheet, 4.9 & UP CHILLER AND 2.5 WIDE ,27,CHILLER LARGE,as_sheet,8.5,2.5,2.56,SRD DOOR FITTINGS,,0.0,,,SKIP,,,
4.9_+_UP_CHILLER_AND_2.5~L8.5~W2.5~H2.56~as_sheet, 4.9 & UP CHILLER AND 2.5 WIDE ,27,CHILLER LARGE,as_sheet,8.5,2.5,2.56,DRD,DRD,5715.188449,5715.13,0.001,PASS,,,
4.9_+_UP_CHILLER_AND_2.5~L8.5~W2.5~H2.56~as_sheet, 4.9 & UP CHILLER AND 2.5 WIDE ,27,CHILLER LARGE,as_sheet,8.5,2.5,2.56,DRD DOOR FITTINGS,DRD DOOR FITTINGS,6200.61678,6200.62,0.0,PASS,,,
4.9_+_UP_CHILLER_AND_2.5~L8.5~W2.5~H2.56~as_sheet, 4.9 & UP CHILLER AND 2.5 WIDE ,27,CHILLER LARGE,as_sheet,8.5,2.5,2.56,SIDES,SIDES,31420.500776,31420.08,0.001,PASS,,,
4.9_+_UP_CHILLER_AND_2.5~L8.5~W2.5~H2.56~as_sheet, 4.9 & UP CHILLER AND 2.5 WIDE ,27,CHILLER LARGE,as_sheet,8.5,2.5,2.56,ROOF,ROOF,16250.929799,16250.78,0.001,PASS,,,
4.9_+_UP_CHILLER_AND_2.5~L8.5~W2.5~H2.56~as_sheet, 4.9 & UP CHILLER AND 2.5 WIDE ,27,CHILLER LARGE,as_sheet,8.5,2.5,2.56,FLOOR,FLOOR,27042.992014,27042.99,0.0,PASS,,,
4.9_+_UP_CHILLER_AND_2.5~L8.5~W2.5~H2.56~as_sheet, 4.9 & UP CHILLER AND 2.5 WIDE ,27,CHILLER LARGE,as_sheet,8.5,2.5,2.56,ALUMINIUM,ALUMINIUM,15571.0251,15571.03,0.0,PASS,,,
4.9_+_UP_CHILLER_AND_2.5~L8.5~W2.5~H2.56~as_sheet, 4.9 & UP CHILLER AND 2.5 WIDE ,27,CHILLER LARGE,as_sheet,8.5,2.5,2.56,SUB FRAME + LIGHT BOX ASSY,SUB FRAME + LIGHT BOX ASSY,9749.223068,9749.23,0.0,PASS,,,
4.9_+_UP_CHILLER_AND_2.5~L8.5~W2.5~H2.56~as_sheet, 4.9 & UP CHILLER AND 2.5 WIDE ,27,CHILLER LARGE,as_sheet,8.5,2.5,2.56,REAR FRAME + FLOOR PLATE,REAR FRAME & FLOOR PLATE,5472.944561,5472.97,0.0,PASS,,,
4.9_+_UP_CHILLER_AND_2.5~L8.5~W2.5~H2.56~as_sheet, 4.9 & UP CHILLER AND 2.5 WIDE ,27,CHILLER LARGE,as_sheet,8.5,2.5,2.56,SPRAY PAINTING,SPRAY PAINTING,750.0,750.0,0.0,PASS,,,
4.9_+_UP_CHILLER_AND_2.5~L8.5~W2.5~H2.56~as_sheet, 4.9 & UP CHILLER AND 2.5 WIDE ,27,CHILLER LARGE,as_sheet,8.5,2.5,2.56,REFLEXITE TAPE,REFLEXITE TAPE,353.7,353.7,0.0,PASS,,,
4.9_+_UP_CHILLER_AND_2.5~L8.5~W2.5~H2.56~all_eps, 4.9 & UP CHILLER AND 2.5 WIDE ,27,CHILLER LARGE,all_eps,8.5,2.5,2.56,FRONT,FRONT,4566.529064,4566.47,0.001,PASS,,,
4.9_+_UP_CHILLER_AND_2.5~L8.5~W2.5~H2.56~all_eps, 4.9 & UP CHILLER AND 2.5 WIDE ,27,CHILLER LARGE,all_eps,8.5,2.5,2.56,SRD,,0.0,,,SKIP,,,
4.9_+_UP_CHILLER_AND_2.5~L8.5~W2.5~H2.56~all_eps, 4.9 & UP CHILLER AND 2.5 WIDE ,27,CHILLER LARGE,all_eps,8.5,2.5,2.56,SRD DOOR FITTINGS,,0.0,,,SKIP,,,
4.9_+_UP_CHILLER_AND_2.5~L8.5~W2.5~H2.56~all_eps, 4.9 & UP CHILLER AND 2.5 WIDE ,27,CHILLER LARGE,all_eps,8.5,2.5,2.56,DRD,DRD,5715.188449,5715.13,0.001,PASS,,,
4.9_+_UP_CHILLER_AND_2.5~L8.5~W2.5~H2.56~all_eps, 4.9 & UP CHILLER AND 2.5 WIDE ,27,CHILLER LARGE,all_eps,8.5,2.5,2.56,DRD DOOR FITTINGS,DRD DOOR FITTINGS,6200.61678,6200.62,0.0,PASS,,,
4.9_+_UP_CHILLER_AND_2.5~L8.5~W2.5~H2.56~all_eps, 4.9 & UP CHILLER AND 2.5 WIDE ,27,CHILLER LARGE,all_eps,8.5,2.5,2.56,SIDES,SIDES,31420.500776,31420.08,0.001,PASS,,,
4.9_+_UP_CHILLER_AND_2.5~L8.5~W2.5~H2.56~all_eps, 4.9 & UP CHILLER AND 2.5 WIDE ,27,CHILLER LARGE,all_eps,8.5,2.5,2.56,ROOF,ROOF,16250.929799,16250.78,0.001,PASS,,,
4.9_+_UP_CHILLER_AND_2.5~L8.5~W2.5~H2.56~all_eps, 4.9 & UP CHILLER AND 2.5 WIDE ,27,CHILLER LARGE,all_eps,8.5,2.5,2.56,FLOOR,FLOOR,27042.992014,27042.99,0.0,PASS,,,
4.9_+_UP_CHILLER_AND_2.5~L8.5~W2.5~H2.56~all_eps, 4.9 & UP CHILLER AND 2.5 WIDE ,27,CHILLER LARGE,all_eps,8.5,2.5,2.56,ALUMINIUM,ALUMINIUM,15571.0251,15571.03,0.0,PASS,,,
4.9_+_UP_CHILLER_AND_2.5~L8.5~W2.5~H2.56~all_eps, 4.9 & UP CHILLER AND 2.5 WIDE ,27,CHILLER LARGE,all_eps,8.5,2.5,2.56,SUB FRAME + LIGHT BOX ASSY,SUB FRAME + LIGHT BOX ASSY,9749.223068,9749.23,0.0,PASS,,,
4.9_+_UP_CHILLER_AND_2.5~L8.5~W2.5~H2.56~all_eps, 4.9 & UP CHILLER AND 2.5 WIDE ,27,CHILLER LARGE,all_eps,8.5,2.5,2.56,REAR FRAME + FLOOR PLATE,REAR FRAME & FLOOR PLATE,5472.944561,5472.97,0.0,PASS,,,
4.9_+_UP_CHILLER_AND_2.5~L8.5~W2.5~H2.56~all_eps, 4.9 & UP CHILLER AND 2.5 WIDE ,27,CHILLER LARGE,all_eps,8.5,2.5,2.56,SPRAY PAINTING,SPRAY PAINTING,750.0,750.0,0.0,PASS,,,
4.9_+_UP_CHILLER_AND_2.5~L8.5~W2.5~H2.56~all_eps, 4.9 & UP CHILLER AND 2.5 WIDE ,27,CHILLER LARGE,all_eps,8.5,2.5,2.56,REFLEXITE TAPE,REFLEXITE TAPE,353.7,353.7,0.0,PASS,,,
4.9_+_UP_CHILLER_AND_2.5~L8.5~W2.5~H2.56~all_pu, 4.9 & UP CHILLER AND 2.5 WIDE ,27,CHILLER LARGE,all_pu,8.5,2.5,2.56,FRONT,FRONT,5108.324552,5108.26,0.001,PASS,,,
4.9_+_UP_CHILLER_AND_2.5~L8.5~W2.5~H2.56~all_pu, 4.9 & UP CHILLER AND 2.5 WIDE ,27,CHILLER LARGE,all_pu,8.5,2.5,2.56,SRD,,0.0,,,SKIP,,,
4.9_+_UP_CHILLER_AND_2.5~L8.5~W2.5~H2.56~all_pu, 4.9 & UP CHILLER AND 2.5 WIDE ,27,CHILLER LARGE,all_pu,8.5,2.5,2.56,SRD DOOR FITTINGS,,0.0,,,SKIP,,,
4.9_+_UP_CHILLER_AND_2.5~L8.5~W2.5~H2.56~all_pu, 4.9 & UP CHILLER AND 2.5 WIDE ,27,CHILLER LARGE,all_pu,8.5,2.5,2.56,DRD,DRD,5763.910795,5765.03,0.019,PASS,,,
4.9_+_UP_CHILLER_AND_2.5~L8.5~W2.5~H2.56~all_pu, 4.9 & UP CHILLER AND 2.5 WIDE ,27,CHILLER LARGE,all_pu,8.5,2.5,2.56,DRD DOOR FITTINGS,DRD DOOR FITTINGS,6304.22746,6304.04,0.003,PASS,,,
4.9_+_UP_CHILLER_AND_2.5~L8.5~W2.5~H2.56~all_pu, 4.9 & UP CHILLER AND 2.5 WIDE ,27,CHILLER LARGE,all_pu,8.5,2.5,2.56,SIDES,SIDES,35154.758315,35162.63,0.022,PASS,,,
4.9_+_UP_CHILLER_AND_2.5~L8.5~W2.5~H2.56~all_pu, 4.9 & UP CHILLER AND 2.5 WIDE ,27,CHILLER LARGE,all_pu,8.5,2.5,2.56,ROOF,ROOF,16653.585959,16658.7,0.031,PASS,,,
4.9_+_UP_CHILLER_AND_2.5~L8.5~W2.5~H2.56~all_pu, 4.9 & UP CHILLER AND 2.5 WIDE ,27,CHILLER LARGE,all_pu,8.5,2.5,2.56,FLOOR,FLOOR,27445.648174,27450.91,0.019,PASS,,,
4.9_+_UP_CHILLER_AND_2.5~L8.5~W2.5~H2.56~all_pu, 4.9 & UP CHILLER AND 2.5 WIDE ,27,CHILLER LARGE,all_pu,8.5,2.5,2.56,ALUMINIUM,ALUMINIUM,15571.0251,15571.03,0.0,PASS,,,
4.9_+_UP_CHILLER_AND_2.5~L8.5~W2.5~H2.56~all_pu, 4.9 & UP CHILLER AND 2.5 WIDE ,27,CHILLER LARGE,all_pu,8.5,2.5,2.56,SUB FRAME + LIGHT BOX ASSY,SUB FRAME + LIGHT BOX ASSY,9749.223068,9749.23,0.0,PASS,,,
4.9_+_UP_CHILLER_AND_2.5~L8.5~W2.5~H2.56~all_pu, 4.9 & UP CHILLER AND 2.5 WIDE ,27,CHILLER LARGE,all_pu,8.5,2.5,2.56,REAR FRAME + FLOOR PLATE,REAR FRAME & FLOOR PLATE,5472.944561,5472.97,0.0,PASS,,,
4.9_+_UP_CHILLER_AND_2.5~L8.5~W2.5~H2.56~all_pu, 4.9 & UP CHILLER AND 2.5 WIDE ,27,CHILLER LARGE,all_pu,8.5,2.5,2.56,SPRAY PAINTING,SPRAY PAINTING,750.0,750.0,0.0,PASS,,,
4.9_+_UP_CHILLER_AND_2.5~L8.5~W2.5~H2.56~all_pu, 4.9 & UP CHILLER AND 2.5 WIDE ,27,CHILLER LARGE,all_pu,8.5,2.5,2.56,REFLEXITE TAPE,REFLEXITE TAPE,353.7,353.7,0.0,PASS,,,
4.9_+_UP_CHILLER_AND_2.5~L8.5~W2.5~H2.56~srd, 4.9 & UP CHILLER AND 2.5 WIDE ,27,CHILLER LARGE,srd,8.5,2.5,2.56,FRONT,FRONT,4566.529064,4566.47,0.001,PASS,,,
4.9_+_UP_CHILLER_AND_2.5~L8.5~W2.5~H2.56~srd, 4.9 & UP CHILLER AND 2.5 WIDE ,27,CHILLER LARGE,srd,8.5,2.5,2.56,SRD,SRD,4777.751788,4777.69,0.001,PASS,,,
4.9_+_UP_CHILLER_AND_2.5~L8.5~W2.5~H2.56~srd, 4.9 & UP CHILLER AND 2.5 WIDE ,27,CHILLER LARGE,srd,8.5,2.5,2.56,SRD DOOR FITTINGS,SRD DOOR FITTINGS,6683.48854,6683.49,0.0,PASS,,,
4.9_+_UP_CHILLER_AND_2.5~L8.5~W2.5~H2.56~srd, 4.9 & UP CHILLER AND 2.5 WIDE ,27,CHILLER LARGE,srd,8.5,2.5,2.56,DRD,,0.0,,,SKIP,,,
4.9_+_UP_CHILLER_AND_2.5~L8.5~W2.5~H2.56~srd, 4.9 & UP CHILLER AND 2.5 WIDE ,27,CHILLER LARGE,srd,8.5,2.5,2.56,DRD DOOR FITTINGS,,0.0,,,SKIP,,,
4.9_+_UP_CHILLER_AND_2.5~L8.5~W2.5~H2.56~srd, 4.9 & UP CHILLER AND 2.5 WIDE ,27,CHILLER LARGE,srd,8.5,2.5,2.56,SIDES,SIDES,31420.500776,31420.08,0.001,PASS,,,
4.9_+_UP_CHILLER_AND_2.5~L8.5~W2.5~H2.56~srd, 4.9 & UP CHILLER AND 2.5 WIDE ,27,CHILLER LARGE,srd,8.5,2.5,2.56,ROOF,ROOF,16250.929799,16250.78,0.001,PASS,,,
4.9_+_UP_CHILLER_AND_2.5~L8.5~W2.5~H2.56~srd, 4.9 & UP CHILLER AND 2.5 WIDE ,27,CHILLER LARGE,srd,8.5,2.5,2.56,FLOOR,FLOOR,27042.992014,27042.99,0.0,PASS,,,
4.9_+_UP_CHILLER_AND_2.5~L8.5~W2.5~H2.56~srd, 4.9 & UP CHILLER AND 2.5 WIDE ,27,CHILLER LARGE,srd,8.5,2.5,2.56,ALUMINIUM,ALUMINIUM,15571.0251,15571.03,0.0,PASS,,,
4.9_+_UP_CHILLER_AND_2.5~L8.5~W2.5~H2.56~srd, 4.9 & UP CHILLER AND 2.5 WIDE ,27,CHILLER LARGE,srd,8.5,2.5,2.56,SUB FRAME + LIGHT BOX ASSY,SUB FRAME + LIGHT BOX ASSY,9749.223068,9749.23,0.0,PASS,,,
4.9_+_UP_CHILLER_AND_2.5~L8.5~W2.5~H2.56~srd, 4.9 & UP CHILLER AND 2.5 WIDE ,27,CHILLER LARGE,srd,8.5,2.5,2.56,REAR FRAME + FLOOR PLATE,REAR FRAME & FLOOR PLATE,0.0,5472.97,,ACCEPTED,EXTRA_IN_MES,,"[RULING] Burt gates REAR FRAME + FLOOR PLATE on the DRD flags, so a single-rear-door body carries R0 there; MES always includes the section (R2.4k-R5.5k). Which is right needs Burt/Michael."
4.9_+_UP_CHILLER_AND_2.5~L8.5~W2.5~H2.56~srd, 4.9 & UP CHILLER AND 2.5 WIDE ,27,CHILLER LARGE,srd,8.5,2.5,2.56,SPRAY PAINTING,SPRAY PAINTING,750.0,750.0,0.0,PASS,,,
4.9_+_UP_CHILLER_AND_2.5~L8.5~W2.5~H2.56~srd, 4.9 & UP CHILLER AND 2.5 WIDE ,27,CHILLER LARGE,srd,8.5,2.5,2.56,REFLEXITE TAPE,REFLEXITE TAPE,353.7,353.7,0.0,PASS,,,
4.9_+_UP_CHILLER_AND_2.5~L8.5~W2.5~H2.56~drd, 4.9 & UP CHILLER AND 2.5 WIDE ,27,CHILLER LARGE,drd,8.5,2.5,2.56,FRONT,FRONT,4566.529064,4566.47,0.001,PASS,,,
4.9_+_UP_CHILLER_AND_2.5~L8.5~W2.5~H2.56~drd, 4.9 & UP CHILLER AND 2.5 WIDE ,27,CHILLER LARGE,drd,8.5,2.5,2.56,SRD,,0.0,,,SKIP,,,
4.9_+_UP_CHILLER_AND_2.5~L8.5~W2.5~H2.56~drd, 4.9 & UP CHILLER AND 2.5 WIDE ,27,CHILLER LARGE,drd,8.5,2.5,2.56,SRD DOOR FITTINGS,,0.0,,,SKIP,,,
4.9_+_UP_CHILLER_AND_2.5~L8.5~W2.5~H2.56~drd, 4.9 & UP CHILLER AND 2.5 WIDE ,27,CHILLER LARGE,drd,8.5,2.5,2.56,DRD,DRD,5715.188449,5715.13,0.001,PASS,,,
4.9_+_UP_CHILLER_AND_2.5~L8.5~W2.5~H2.56~drd, 4.9 & UP CHILLER AND 2.5 WIDE ,27,CHILLER LARGE,drd,8.5,2.5,2.56,DRD DOOR FITTINGS,DRD DOOR FITTINGS,6200.61678,6200.62,0.0,PASS,,,
4.9_+_UP_CHILLER_AND_2.5~L8.5~W2.5~H2.56~drd, 4.9 & UP CHILLER AND 2.5 WIDE ,27,CHILLER LARGE,drd,8.5,2.5,2.56,SIDES,SIDES,31420.500776,31420.08,0.001,PASS,,,
4.9_+_UP_CHILLER_AND_2.5~L8.5~W2.5~H2.56~drd, 4.9 & UP CHILLER AND 2.5 WIDE ,27,CHILLER LARGE,drd,8.5,2.5,2.56,ROOF,ROOF,16250.929799,16250.78,0.001,PASS,,,
4.9_+_UP_CHILLER_AND_2.5~L8.5~W2.5~H2.56~drd, 4.9 & UP CHILLER AND 2.5 WIDE ,27,CHILLER LARGE,drd,8.5,2.5,2.56,FLOOR,FLOOR,27042.992014,27042.99,0.0,PASS,,,
4.9_+_UP_CHILLER_AND_2.5~L8.5~W2.5~H2.56~drd, 4.9 & UP CHILLER AND 2.5 WIDE ,27,CHILLER LARGE,drd,8.5,2.5,2.56,ALUMINIUM,ALUMINIUM,15571.0251,15571.03,0.0,PASS,,,
4.9_+_UP_CHILLER_AND_2.5~L8.5~W2.5~H2.56~drd, 4.9 & UP CHILLER AND 2.5 WIDE ,27,CHILLER LARGE,drd,8.5,2.5,2.56,SUB FRAME + LIGHT BOX ASSY,SUB FRAME + LIGHT BOX ASSY,9749.223068,9749.23,0.0,PASS,,,
4.9_+_UP_CHILLER_AND_2.5~L8.5~W2.5~H2.56~drd, 4.9 & UP CHILLER AND 2.5 WIDE ,27,CHILLER LARGE,drd,8.5,2.5,2.56,REAR FRAME + FLOOR PLATE,REAR FRAME & FLOOR PLATE,5472.944561,5472.97,0.0,PASS,,,
4.9_+_UP_CHILLER_AND_2.5~L8.5~W2.5~H2.56~drd, 4.9 & UP CHILLER AND 2.5 WIDE ,27,CHILLER LARGE,drd,8.5,2.5,2.56,SPRAY PAINTING,SPRAY PAINTING,750.0,750.0,0.0,PASS,,,
4.9_+_UP_CHILLER_AND_2.5~L8.5~W2.5~H2.56~drd, 4.9 & UP CHILLER AND 2.5 WIDE ,27,CHILLER LARGE,drd,8.5,2.5,2.56,REFLEXITE TAPE,REFLEXITE TAPE,353.7,353.7,0.0,PASS,,,
4.9_+_UP_CHILLER_AND_2.5~L8.5~W2.5~H2.56~foam_4g, 4.9 & UP CHILLER AND 2.5 WIDE ,27,CHILLER LARGE,foam_4g,8.5,2.5,2.56,FRONT,FRONT,4566.529064,4566.47,0.001,PASS,,,
4.9_+_UP_CHILLER_AND_2.5~L8.5~W2.5~H2.56~foam_4g, 4.9 & UP CHILLER AND 2.5 WIDE ,27,CHILLER LARGE,foam_4g,8.5,2.5,2.56,SRD,,0.0,,,SKIP,,,
4.9_+_UP_CHILLER_AND_2.5~L8.5~W2.5~H2.56~foam_4g, 4.9 & UP CHILLER AND 2.5 WIDE ,27,CHILLER LARGE,foam_4g,8.5,2.5,2.56,SRD DOOR FITTINGS,,0.0,,,SKIP,,,
4.9_+_UP_CHILLER_AND_2.5~L8.5~W2.5~H2.56~foam_4g, 4.9 & UP CHILLER AND 2.5 WIDE ,27,CHILLER LARGE,foam_4g,8.5,2.5,2.56,DRD,DRD,5715.188449,5715.13,0.001,PASS,,,
4.9_+_UP_CHILLER_AND_2.5~L8.5~W2.5~H2.56~foam_4g, 4.9 & UP CHILLER AND 2.5 WIDE ,27,CHILLER LARGE,foam_4g,8.5,2.5,2.56,DRD DOOR FITTINGS,DRD DOOR FITTINGS,6200.61678,6200.62,0.0,PASS,,,
4.9_+_UP_CHILLER_AND_2.5~L8.5~W2.5~H2.56~foam_4g, 4.9 & UP CHILLER AND 2.5 WIDE ,27,CHILLER LARGE,foam_4g,8.5,2.5,2.56,SIDES,SIDES,31420.500776,31420.08,0.001,PASS,,,
4.9_+_UP_CHILLER_AND_2.5~L8.5~W2.5~H2.56~foam_4g, 4.9 & UP CHILLER AND 2.5 WIDE ,27,CHILLER LARGE,foam_4g,8.5,2.5,2.56,ROOF,ROOF,16250.929799,16250.78,0.001,PASS,,,
4.9_+_UP_CHILLER_AND_2.5~L8.5~W2.5~H2.56~foam_4g, 4.9 & UP CHILLER AND 2.5 WIDE ,27,CHILLER LARGE,foam_4g,8.5,2.5,2.56,FLOOR,FLOOR,27042.992014,27042.99,0.0,PASS,,,
4.9_+_UP_CHILLER_AND_2.5~L8.5~W2.5~H2.56~foam_4g, 4.9 & UP CHILLER AND 2.5 WIDE ,27,CHILLER LARGE,foam_4g,8.5,2.5,2.56,ALUMINIUM,ALUMINIUM,15571.0251,15571.03,0.0,PASS,,,
4.9_+_UP_CHILLER_AND_2.5~L8.5~W2.5~H2.56~foam_4g, 4.9 & UP CHILLER AND 2.5 WIDE ,27,CHILLER LARGE,foam_4g,8.5,2.5,2.56,SUB FRAME + LIGHT BOX ASSY,SUB FRAME + LIGHT BOX ASSY,9749.223068,9749.23,0.0,PASS,,,
4.9_+_UP_CHILLER_AND_2.5~L8.5~W2.5~H2.56~foam_4g, 4.9 & UP CHILLER AND 2.5 WIDE ,27,CHILLER LARGE,foam_4g,8.5,2.5,2.56,REAR FRAME + FLOOR PLATE,REAR FRAME & FLOOR PLATE,5472.944561,5472.97,0.0,PASS,,,
4.9_+_UP_CHILLER_AND_2.5~L8.5~W2.5~H2.56~foam_4g, 4.9 & UP CHILLER AND 2.5 WIDE ,27,CHILLER LARGE,foam_4g,8.5,2.5,2.56,SPRAY PAINTING,SPRAY PAINTING,750.0,750.0,0.0,PASS,,,
4.9_+_UP_CHILLER_AND_2.5~L8.5~W2.5~H2.56~foam_4g, 4.9 & UP CHILLER AND 2.5 WIDE ,27,CHILLER LARGE,foam_4g,8.5,2.5,2.56,REFLEXITE TAPE,REFLEXITE TAPE,353.7,353.7,0.0,PASS,,,
4.9_+_UP_CHILLER_AND_2.5~L8.5~W2.5~H2.56~srd_pu, 4.9 & UP CHILLER AND 2.5 WIDE ,27,CHILLER LARGE,srd_pu,8.5,2.5,2.56,FRONT,FRONT,4557.178316,4566.47,0.204,PASS,,,
4.9_+_UP_CHILLER_AND_2.5~L8.5~W2.5~H2.56~srd_pu, 4.9 & UP CHILLER AND 2.5 WIDE ,27,CHILLER LARGE,srd_pu,8.5,2.5,2.56,SRD,SRD,5072.397306,5132.34,1.182,ACCEPTED,,GROUP_DIFF 130*62MM TAPPING BLOCKS ~ 2 MES line(s) (+60.00),[DATA] 130*62MM TAPPING BLOCKS: on prod the icecream and EXPLOSIVE 4.9 AND UP bodies price them differently from Burt (missing or one size only); the chillers/freezers match.
4.9_+_UP_CHILLER_AND_2.5~L8.5~W2.5~H2.56~srd_pu, 4.9 & UP CHILLER AND 2.5 WIDE ,27,CHILLER LARGE,srd_pu,8.5,2.5,2.56,SRD DOOR FITTINGS,SRD DOOR FITTINGS,6683.48854,6683.49,0.0,PASS,,,
4.9_+_UP_CHILLER_AND_2.5~L8.5~W2.5~H2.56~srd_pu, 4.9 & UP CHILLER AND 2.5 WIDE ,27,CHILLER LARGE,srd_pu,8.5,2.5,2.56,DRD,,0.0,,,SKIP,,,
4.9_+_UP_CHILLER_AND_2.5~L8.5~W2.5~H2.56~srd_pu, 4.9 & UP CHILLER AND 2.5 WIDE ,27,CHILLER LARGE,srd_pu,8.5,2.5,2.56,DRD DOOR FITTINGS,,0.0,,,SKIP,,,
4.9_+_UP_CHILLER_AND_2.5~L8.5~W2.5~H2.56~srd_pu, 4.9 & UP CHILLER AND 2.5 WIDE ,27,CHILLER LARGE,srd_pu,8.5,2.5,2.56,SIDES,SIDES,31378.151935,31420.08,0.134,PASS,,,
4.9_+_UP_CHILLER_AND_2.5~L8.5~W2.5~H2.56~srd_pu, 4.9 & UP CHILLER AND 2.5 WIDE ,27,CHILLER LARGE,srd_pu,8.5,2.5,2.56,ROOF,ROOF,16207.101061,16250.78,0.27,PASS,,,
4.9_+_UP_CHILLER_AND_2.5~L8.5~W2.5~H2.56~srd_pu, 4.9 & UP CHILLER AND 2.5 WIDE ,27,CHILLER LARGE,srd_pu,8.5,2.5,2.56,FLOOR,FLOOR,27042.992014,27042.99,0.0,PASS,,,
4.9_+_UP_CHILLER_AND_2.5~L8.5~W2.5~H2.56~srd_pu, 4.9 & UP CHILLER AND 2.5 WIDE ,27,CHILLER LARGE,srd_pu,8.5,2.5,2.56,ALUMINIUM,ALUMINIUM,15571.0251,15571.03,0.0,PASS,,,
4.9_+_UP_CHILLER_AND_2.5~L8.5~W2.5~H2.56~srd_pu, 4.9 & UP CHILLER AND 2.5 WIDE ,27,CHILLER LARGE,srd_pu,8.5,2.5,2.56,SUB FRAME + LIGHT BOX ASSY,SUB FRAME + LIGHT BOX ASSY,9749.223068,9749.23,0.0,PASS,,,
4.9_+_UP_CHILLER_AND_2.5~L8.5~W2.5~H2.56~srd_pu, 4.9 & UP CHILLER AND 2.5 WIDE ,27,CHILLER LARGE,srd_pu,8.5,2.5,2.56,REAR FRAME + FLOOR PLATE,REAR FRAME & FLOOR PLATE,0.0,5472.97,,ACCEPTED,EXTRA_IN_MES,,"[RULING] Burt gates REAR FRAME + FLOOR PLATE on the DRD flags, so a single-rear-door body carries R0 there; MES always includes the section (R2.4k-R5.5k). Which is right needs Burt/Michael."
4.9_+_UP_CHILLER_AND_2.5~L8.5~W2.5~H2.56~srd_pu, 4.9 & UP CHILLER AND 2.5 WIDE ,27,CHILLER LARGE,srd_pu,8.5,2.5,2.56,SPRAY PAINTING,SPRAY PAINTING,750.0,750.0,0.0,PASS,,,
4.9_+_UP_CHILLER_AND_2.5~L8.5~W2.5~H2.56~srd_pu, 4.9 & UP CHILLER AND 2.5 WIDE ,27,CHILLER LARGE,srd_pu,8.5,2.5,2.56,REFLEXITE TAPE,REFLEXITE TAPE,353.7,353.7,0.0,PASS,,,
4.9_+_UP_CHILLER_AND_2.5~L8.5~W2.6~H2.56~as_sheet, 4.9 & UP CHILLER AND 2.5 WIDE ,27,CHILLER LARGE,as_sheet,8.5,2.6,2.56,FRONT,FRONT,4747.056155,4747.0,0.001,PASS,,,
4.9_+_UP_CHILLER_AND_2.5~L8.5~W2.6~H2.56~as_sheet, 4.9 & UP CHILLER AND 2.5 WIDE ,27,CHILLER LARGE,as_sheet,8.5,2.6,2.56,SRD,,0.0,,,SKIP,,,
4.9_+_UP_CHILLER_AND_2.5~L8.5~W2.6~H2.56~as_sheet, 4.9 & UP CHILLER AND 2.5 WIDE ,27,CHILLER LARGE,as_sheet,8.5,2.6,2.56,SRD DOOR FITTINGS,,0.0,,,SKIP,,,
4.9_+_UP_CHILLER_AND_2.5~L8.5~W2.6~H2.56~as_sheet, 4.9 & UP CHILLER AND 2.5 WIDE ,27,CHILLER LARGE,as_sheet,8.5,2.6,2.56,DRD,DRD,5907.123728,5907.06,0.001,PASS,,,
4.9_+_UP_CHILLER_AND_2.5~L8.5~W2.6~H2.56~as_sheet, 4.9 & UP CHILLER AND 2.5 WIDE ,27,CHILLER LARGE,as_sheet,8.5,2.6,2.56,DRD DOOR FITTINGS,DRD DOOR FITTINGS,6247.51278,6247.51,0.0,PASS,,,
4.9_+_UP_CHILLER_AND_2.5~L8.5~W2.6~H2.56~as_sheet, 4.9 & UP CHILLER AND 2.5 WIDE ,27,CHILLER LARGE,as_sheet,8.5,2.6,2.56,SIDES,SIDES,31420.500776,31420.08,0.001,PASS,,,
4.9_+_UP_CHILLER_AND_2.5~L8.5~W2.6~H2.56~as_sheet, 4.9 & UP CHILLER AND 2.5 WIDE ,27,CHILLER LARGE,as_sheet,8.5,2.6,2.56,ROOF,ROOF,16858.442221,16858.29,0.001,PASS,,,
4.9_+_UP_CHILLER_AND_2.5~L8.5~W2.6~H2.56~as_sheet, 4.9 & UP CHILLER AND 2.5 WIDE ,27,CHILLER LARGE,as_sheet,8.5,2.6,2.56,FLOOR,FLOOR,27902.337196,27902.34,0.0,PASS,,,
4.9_+_UP_CHILLER_AND_2.5~L8.5~W2.6~H2.56~as_sheet, 4.9 & UP CHILLER AND 2.5 WIDE ,27,CHILLER LARGE,as_sheet,8.5,2.6,2.56,ALUMINIUM,ALUMINIUM,15606.772767,15606.77,0.0,PASS,,,
4.9_+_UP_CHILLER_AND_2.5~L8.5~W2.6~H2.56~as_sheet, 4.9 & UP CHILLER AND 2.5 WIDE ,27,CHILLER LARGE,as_sheet,8.5,2.6,2.56,SUB FRAME + LIGHT BOX ASSY,SUB FRAME + LIGHT BOX ASSY,9749.223068,9749.23,0.0,PASS,,,
4.9_+_UP_CHILLER_AND_2.5~L8.5~W2.6~H2.56~as_sheet, 4.9 & UP CHILLER AND 2.5 WIDE ,27,CHILLER LARGE,as_sheet,8.5,2.6,2.56,REAR FRAME + FLOOR PLATE,REAR FRAME & FLOOR PLATE,5502.400241,5502.42,0.0,PASS,,,
4.9_+_UP_CHILLER_AND_2.5~L8.5~W2.6~H2.56~as_sheet, 4.9 & UP CHILLER AND 2.5 WIDE ,27,CHILLER LARGE,as_sheet,8.5,2.6,2.56,SPRAY PAINTING,SPRAY PAINTING,750.0,750.0,0.0,PASS,,,
4.9_+_UP_CHILLER_AND_2.5~L8.5~W2.6~H2.56~as_sheet, 4.9 & UP CHILLER AND 2.5 WIDE ,27,CHILLER LARGE,as_sheet,8.5,2.6,2.56,REFLEXITE TAPE,REFLEXITE TAPE,355.5,355.5,0.0,PASS,,,
4.9_+_UP_CHILLER_AND_2.5~L8.5~W2.6~H2.56~all_eps, 4.9 & UP CHILLER AND 2.5 WIDE ,27,CHILLER LARGE,all_eps,8.5,2.6,2.56,FRONT,FRONT,4747.056155,4747.0,0.001,PASS,,,
4.9_+_UP_CHILLER_AND_2.5~L8.5~W2.6~H2.56~all_eps, 4.9 & UP CHILLER AND 2.5 WIDE ,27,CHILLER LARGE,all_eps,8.5,2.6,2.56,SRD,,0.0,,,SKIP,,,
4.9_+_UP_CHILLER_AND_2.5~L8.5~W2.6~H2.56~all_eps, 4.9 & UP CHILLER AND 2.5 WIDE ,27,CHILLER LARGE,all_eps,8.5,2.6,2.56,SRD DOOR FITTINGS,,0.0,,,SKIP,,,
4.9_+_UP_CHILLER_AND_2.5~L8.5~W2.6~H2.56~all_eps, 4.9 & UP CHILLER AND 2.5 WIDE ,27,CHILLER LARGE,all_eps,8.5,2.6,2.56,DRD,DRD,5907.123728,5907.06,0.001,PASS,,,
4.9_+_UP_CHILLER_AND_2.5~L8.5~W2.6~H2.56~all_eps, 4.9 & UP CHILLER AND 2.5 WIDE ,27,CHILLER LARGE,all_eps,8.5,2.6,2.56,DRD DOOR FITTINGS,DRD DOOR FITTINGS,6247.51278,6247.51,0.0,PASS,,,
4.9_+_UP_CHILLER_AND_2.5~L8.5~W2.6~H2.56~all_eps, 4.9 & UP CHILLER AND 2.5 WIDE ,27,CHILLER LARGE,all_eps,8.5,2.6,2.56,SIDES,SIDES,31420.500776,31420.08,0.001,PASS,,,
4.9_+_UP_CHILLER_AND_2.5~L8.5~W2.6~H2.56~all_eps, 4.9 & UP CHILLER AND 2.5 WIDE ,27,CHILLER LARGE,all_eps,8.5,2.6,2.56,ROOF,ROOF,16858.442221,16858.29,0.001,PASS,,,
4.9_+_UP_CHILLER_AND_2.5~L8.5~W2.6~H2.56~all_eps, 4.9 & UP CHILLER AND 2.5 WIDE ,27,CHILLER LARGE,all_eps,8.5,2.6,2.56,FLOOR,FLOOR,27902.337196,27902.34,0.0,PASS,,,
4.9_+_UP_CHILLER_AND_2.5~L8.5~W2.6~H2.56~all_eps, 4.9 & UP CHILLER AND 2.5 WIDE ,27,CHILLER LARGE,all_eps,8.5,2.6,2.56,ALUMINIUM,ALUMINIUM,15606.772767,15606.77,0.0,PASS,,,
4.9_+_UP_CHILLER_AND_2.5~L8.5~W2.6~H2.56~all_eps, 4.9 & UP CHILLER AND 2.5 WIDE ,27,CHILLER LARGE,all_eps,8.5,2.6,2.56,SUB FRAME + LIGHT BOX ASSY,SUB FRAME + LIGHT BOX ASSY,9749.223068,9749.23,0.0,PASS,,,
4.9_+_UP_CHILLER_AND_2.5~L8.5~W2.6~H2.56~all_eps, 4.9 & UP CHILLER AND 2.5 WIDE ,27,CHILLER LARGE,all_eps,8.5,2.6,2.56,REAR FRAME + FLOOR PLATE,REAR FRAME & FLOOR PLATE,5502.400241,5502.42,0.0,PASS,,,
4.9_+_UP_CHILLER_AND_2.5~L8.5~W2.6~H2.56~all_eps, 4.9 & UP CHILLER AND 2.5 WIDE ,27,CHILLER LARGE,all_eps,8.5,2.6,2.56,SPRAY PAINTING,SPRAY PAINTING,750.0,750.0,0.0,PASS,,,
4.9_+_UP_CHILLER_AND_2.5~L8.5~W2.6~H2.56~all_eps, 4.9 & UP CHILLER AND 2.5 WIDE ,27,CHILLER LARGE,all_eps,8.5,2.6,2.56,REFLEXITE TAPE,REFLEXITE TAPE,355.5,355.5,0.0,PASS,,,
4.9_+_UP_CHILLER_AND_2.5~L8.5~W2.6~H2.56~all_pu, 4.9 & UP CHILLER AND 2.5 WIDE ,27,CHILLER LARGE,all_pu,8.5,2.6,2.56,FRONT,FRONT,5265.392232,5265.33,0.001,PASS,,,
4.9_+_UP_CHILLER_AND_2.5~L8.5~W2.6~H2.56~all_pu, 4.9 & UP CHILLER AND 2.5 WIDE ,27,CHILLER LARGE,all_pu,8.5,2.6,2.56,SRD,,0.0,,,SKIP,,,
4.9_+_UP_CHILLER_AND_2.5~L8.5~W2.6~H2.56~all_pu, 4.9 & UP CHILLER AND 2.5 WIDE ,27,CHILLER LARGE,all_pu,8.5,2.6,2.56,SRD DOOR FITTINGS,,0.0,,,SKIP,,,
4.9_+_UP_CHILLER_AND_2.5~L8.5~W2.6~H2.56~all_pu, 4.9 & UP CHILLER AND 2.5 WIDE ,27,CHILLER LARGE,all_pu,8.5,2.6,2.56,DRD,DRD,5913.521182,5914.64,0.019,PASS,,,
4.9_+_UP_CHILLER_AND_2.5~L8.5~W2.6~H2.56~all_pu, 4.9 & UP CHILLER AND 2.5 WIDE ,27,CHILLER LARGE,all_pu,8.5,2.6,2.56,DRD DOOR FITTINGS,DRD DOOR FITTINGS,6351.12346,6350.94,0.003,PASS,,,
4.9_+_UP_CHILLER_AND_2.5~L8.5~W2.6~H2.56~all_pu, 4.9 & UP CHILLER AND 2.5 WIDE ,27,CHILLER LARGE,all_pu,8.5,2.6,2.56,SIDES,SIDES,35154.758315,35162.63,0.022,PASS,,,
4.9_+_UP_CHILLER_AND_2.5~L8.5~W2.6~H2.56~all_pu, 4.9 & UP CHILLER AND 2.5 WIDE ,27,CHILLER LARGE,all_pu,8.5,2.6,2.56,ROOF,ROOF,17084.968381,17090.08,0.03,PASS,,,
4.9_+_UP_CHILLER_AND_2.5~L8.5~W2.6~H2.56~all_pu, 4.9 & UP CHILLER AND 2.5 WIDE ,27,CHILLER LARGE,all_pu,8.5,2.6,2.56,FLOOR,FLOOR,28128.863356,28134.12,0.019,PASS,,,
4.9_+_UP_CHILLER_AND_2.5~L8.5~W2.6~H2.56~all_pu, 4.9 & UP CHILLER AND 2.5 WIDE ,27,CHILLER LARGE,all_pu,8.5,2.6,2.56,ALUMINIUM,ALUMINIUM,15606.772767,15606.77,0.0,PASS,,,
4.9_+_UP_CHILLER_AND_2.5~L8.5~W2.6~H2.56~all_pu, 4.9 & UP CHILLER AND 2.5 WIDE ,27,CHILLER LARGE,all_pu,8.5,2.6,2.56,SUB FRAME + LIGHT BOX ASSY,SUB FRAME + LIGHT BOX ASSY,9749.223068,9749.23,0.0,PASS,,,
4.9_+_UP_CHILLER_AND_2.5~L8.5~W2.6~H2.56~all_pu, 4.9 & UP CHILLER AND 2.5 WIDE ,27,CHILLER LARGE,all_pu,8.5,2.6,2.56,REAR FRAME + FLOOR PLATE,REAR FRAME & FLOOR PLATE,5502.400241,5502.42,0.0,PASS,,,
4.9_+_UP_CHILLER_AND_2.5~L8.5~W2.6~H2.56~all_pu, 4.9 & UP CHILLER AND 2.5 WIDE ,27,CHILLER LARGE,all_pu,8.5,2.6,2.56,SPRAY PAINTING,SPRAY PAINTING,750.0,750.0,0.0,PASS,,,
4.9_+_UP_CHILLER_AND_2.5~L8.5~W2.6~H2.56~all_pu, 4.9 & UP CHILLER AND 2.5 WIDE ,27,CHILLER LARGE,all_pu,8.5,2.6,2.56,REFLEXITE TAPE,REFLEXITE TAPE,355.5,355.5,0.0,PASS,,,
4.9_+_UP_CHILLER_AND_2.5~L8.5~W2.6~H2.56~srd, 4.9 & UP CHILLER AND 2.5 WIDE ,27,CHILLER LARGE,srd,8.5,2.6,2.56,FRONT,FRONT,4747.056155,4747.0,0.001,PASS,,,
4.9_+_UP_CHILLER_AND_2.5~L8.5~W2.6~H2.56~srd, 4.9 & UP CHILLER AND 2.5 WIDE ,27,CHILLER LARGE,srd,8.5,2.6,2.56,SRD,SRD,4955.107829,4955.05,0.001,PASS,,,
4.9_+_UP_CHILLER_AND_2.5~L8.5~W2.6~H2.56~srd, 4.9 & UP CHILLER AND 2.5 WIDE ,27,CHILLER LARGE,srd,8.5,2.6,2.56,SRD DOOR FITTINGS,SRD DOOR FITTINGS,6731.60454,6731.6,0.0,PASS,,,
4.9_+_UP_CHILLER_AND_2.5~L8.5~W2.6~H2.56~srd, 4.9 & UP CHILLER AND 2.5 WIDE ,27,CHILLER LARGE,srd,8.5,2.6,2.56,DRD,,0.0,,,SKIP,,,
4.9_+_UP_CHILLER_AND_2.5~L8.5~W2.6~H2.56~srd, 4.9 & UP CHILLER AND 2.5 WIDE ,27,CHILLER LARGE,srd,8.5,2.6,2.56,DRD DOOR FITTINGS,,0.0,,,SKIP,,,
4.9_+_UP_CHILLER_AND_2.5~L8.5~W2.6~H2.56~srd, 4.9 & UP CHILLER AND 2.5 WIDE ,27,CHILLER LARGE,srd,8.5,2.6,2.56,SIDES,SIDES,31420.500776,31420.08,0.001,PASS,,,
4.9_+_UP_CHILLER_AND_2.5~L8.5~W2.6~H2.56~srd, 4.9 & UP CHILLER AND 2.5 WIDE ,27,CHILLER LARGE,srd,8.5,2.6,2.56,ROOF,ROOF,16858.442221,16858.29,0.001,PASS,,,
4.9_+_UP_CHILLER_AND_2.5~L8.5~W2.6~H2.56~srd, 4.9 & UP CHILLER AND 2.5 WIDE ,27,CHILLER LARGE,srd,8.5,2.6,2.56,FLOOR,FLOOR,27902.337196,27902.34,0.0,PASS,,,
4.9_+_UP_CHILLER_AND_2.5~L8.5~W2.6~H2.56~srd, 4.9 & UP CHILLER AND 2.5 WIDE ,27,CHILLER LARGE,srd,8.5,2.6,2.56,ALUMINIUM,ALUMINIUM,15606.772767,15606.77,0.0,PASS,,,
4.9_+_UP_CHILLER_AND_2.5~L8.5~W2.6~H2.56~srd, 4.9 & UP CHILLER AND 2.5 WIDE ,27,CHILLER LARGE,srd,8.5,2.6,2.56,SUB FRAME + LIGHT BOX ASSY,SUB FRAME + LIGHT BOX ASSY,9749.223068,9749.23,0.0,PASS,,,
4.9_+_UP_CHILLER_AND_2.5~L8.5~W2.6~H2.56~srd, 4.9 & UP CHILLER AND 2.5 WIDE ,27,CHILLER LARGE,srd,8.5,2.6,2.56,REAR FRAME + FLOOR PLATE,REAR FRAME & FLOOR PLATE,0.0,5502.42,,ACCEPTED,EXTRA_IN_MES,,"[RULING] Burt gates REAR FRAME + FLOOR PLATE on the DRD flags, so a single-rear-door body carries R0 there; MES always includes the section (R2.4k-R5.5k). Which is right needs Burt/Michael."
4.9_+_UP_CHILLER_AND_2.5~L8.5~W2.6~H2.56~srd, 4.9 & UP CHILLER AND 2.5 WIDE ,27,CHILLER LARGE,srd,8.5,2.6,2.56,SPRAY PAINTING,SPRAY PAINTING,750.0,750.0,0.0,PASS,,,
4.9_+_UP_CHILLER_AND_2.5~L8.5~W2.6~H2.56~srd, 4.9 & UP CHILLER AND 2.5 WIDE ,27,CHILLER LARGE,srd,8.5,2.6,2.56,REFLEXITE TAPE,REFLEXITE TAPE,355.5,355.5,0.0,PASS,,,
4.9_+_UP_CHILLER_AND_2.5~L8.5~W2.6~H2.56~drd, 4.9 & UP CHILLER AND 2.5 WIDE ,27,CHILLER LARGE,drd,8.5,2.6,2.56,FRONT,FRONT,4747.056155,4747.0,0.001,PASS,,,
4.9_+_UP_CHILLER_AND_2.5~L8.5~W2.6~H2.56~drd, 4.9 & UP CHILLER AND 2.5 WIDE ,27,CHILLER LARGE,drd,8.5,2.6,2.56,SRD,,0.0,,,SKIP,,,
4.9_+_UP_CHILLER_AND_2.5~L8.5~W2.6~H2.56~drd, 4.9 & UP CHILLER AND 2.5 WIDE ,27,CHILLER LARGE,drd,8.5,2.6,2.56,SRD DOOR FITTINGS,,0.0,,,SKIP,,,
4.9_+_UP_CHILLER_AND_2.5~L8.5~W2.6~H2.56~drd, 4.9 & UP CHILLER AND 2.5 WIDE ,27,CHILLER LARGE,drd,8.5,2.6,2.56,DRD,DRD,5907.123728,5907.06,0.001,PASS,,,
4.9_+_UP_CHILLER_AND_2.5~L8.5~W2.6~H2.56~drd, 4.9 & UP CHILLER AND 2.5 WIDE ,27,CHILLER LARGE,drd,8.5,2.6,2.56,DRD DOOR FITTINGS,DRD DOOR FITTINGS,6247.51278,6247.51,0.0,PASS,,,
4.9_+_UP_CHILLER_AND_2.5~L8.5~W2.6~H2.56~drd, 4.9 & UP CHILLER AND 2.5 WIDE ,27,CHILLER LARGE,drd,8.5,2.6,2.56,SIDES,SIDES,31420.500776,31420.08,0.001,PASS,,,
4.9_+_UP_CHILLER_AND_2.5~L8.5~W2.6~H2.56~drd, 4.9 & UP CHILLER AND 2.5 WIDE ,27,CHILLER LARGE,drd,8.5,2.6,2.56,ROOF,ROOF,16858.442221,16858.29,0.001,PASS,,,
4.9_+_UP_CHILLER_AND_2.5~L8.5~W2.6~H2.56~drd, 4.9 & UP CHILLER AND 2.5 WIDE ,27,CHILLER LARGE,drd,8.5,2.6,2.56,FLOOR,FLOOR,27902.337196,27902.34,0.0,PASS,,,
4.9_+_UP_CHILLER_AND_2.5~L8.5~W2.6~H2.56~drd, 4.9 & UP CHILLER AND 2.5 WIDE ,27,CHILLER LARGE,drd,8.5,2.6,2.56,ALUMINIUM,ALUMINIUM,15606.772767,15606.77,0.0,PASS,,,
4.9_+_UP_CHILLER_AND_2.5~L8.5~W2.6~H2.56~drd, 4.9 & UP CHILLER AND 2.5 WIDE ,27,CHILLER LARGE,drd,8.5,2.6,2.56,SUB FRAME + LIGHT BOX ASSY,SUB FRAME + LIGHT BOX ASSY,9749.223068,9749.23,0.0,PASS,,,
4.9_+_UP_CHILLER_AND_2.5~L8.5~W2.6~H2.56~drd, 4.9 & UP CHILLER AND 2.5 WIDE ,27,CHILLER LARGE,drd,8.5,2.6,2.56,REAR FRAME + FLOOR PLATE,REAR FRAME & FLOOR PLATE,5502.400241,5502.42,0.0,PASS,,,
4.9_+_UP_CHILLER_AND_2.5~L8.5~W2.6~H2.56~drd, 4.9 & UP CHILLER AND 2.5 WIDE ,27,CHILLER LARGE,drd,8.5,2.6,2.56,SPRAY PAINTING,SPRAY PAINTING,750.0,750.0,0.0,PASS,,,
4.9_+_UP_CHILLER_AND_2.5~L8.5~W2.6~H2.56~drd, 4.9 & UP CHILLER AND 2.5 WIDE ,27,CHILLER LARGE,drd,8.5,2.6,2.56,REFLEXITE TAPE,REFLEXITE TAPE,355.5,355.5,0.0,PASS,,,
4.9_+_UP_CHILLER_AND_2.5~L8.5~W2.6~H2.56~foam_4g, 4.9 & UP CHILLER AND 2.5 WIDE ,27,CHILLER LARGE,foam_4g,8.5,2.6,2.56,FRONT,FRONT,4747.056155,4747.0,0.001,PASS,,,
4.9_+_UP_CHILLER_AND_2.5~L8.5~W2.6~H2.56~foam_4g, 4.9 & UP CHILLER AND 2.5 WIDE ,27,CHILLER LARGE,foam_4g,8.5,2.6,2.56,SRD,,0.0,,,SKIP,,,
4.9_+_UP_CHILLER_AND_2.5~L8.5~W2.6~H2.56~foam_4g, 4.9 & UP CHILLER AND 2.5 WIDE ,27,CHILLER LARGE,foam_4g,8.5,2.6,2.56,SRD DOOR FITTINGS,,0.0,,,SKIP,,,
4.9_+_UP_CHILLER_AND_2.5~L8.5~W2.6~H2.56~foam_4g, 4.9 & UP CHILLER AND 2.5 WIDE ,27,CHILLER LARGE,foam_4g,8.5,2.6,2.56,DRD,DRD,5907.123728,5907.06,0.001,PASS,,,
4.9_+_UP_CHILLER_AND_2.5~L8.5~W2.6~H2.56~foam_4g, 4.9 & UP CHILLER AND 2.5 WIDE ,27,CHILLER LARGE,foam_4g,8.5,2.6,2.56,DRD DOOR FITTINGS,DRD DOOR FITTINGS,6247.51278,6247.51,0.0,PASS,,,
4.9_+_UP_CHILLER_AND_2.5~L8.5~W2.6~H2.56~foam_4g, 4.9 & UP CHILLER AND 2.5 WIDE ,27,CHILLER LARGE,foam_4g,8.5,2.6,2.56,SIDES,SIDES,31420.500776,31420.08,0.001,PASS,,,
4.9_+_UP_CHILLER_AND_2.5~L8.5~W2.6~H2.56~foam_4g, 4.9 & UP CHILLER AND 2.5 WIDE ,27,CHILLER LARGE,foam_4g,8.5,2.6,2.56,ROOF,ROOF,16858.442221,16858.29,0.001,PASS,,,
4.9_+_UP_CHILLER_AND_2.5~L8.5~W2.6~H2.56~foam_4g, 4.9 & UP CHILLER AND 2.5 WIDE ,27,CHILLER LARGE,foam_4g,8.5,2.6,2.56,FLOOR,FLOOR,27902.337196,27902.34,0.0,PASS,,,
4.9_+_UP_CHILLER_AND_2.5~L8.5~W2.6~H2.56~foam_4g, 4.9 & UP CHILLER AND 2.5 WIDE ,27,CHILLER LARGE,foam_4g,8.5,2.6,2.56,ALUMINIUM,ALUMINIUM,15606.772767,15606.77,0.0,PASS,,,
4.9_+_UP_CHILLER_AND_2.5~L8.5~W2.6~H2.56~foam_4g, 4.9 & UP CHILLER AND 2.5 WIDE ,27,CHILLER LARGE,foam_4g,8.5,2.6,2.56,SUB FRAME + LIGHT BOX ASSY,SUB FRAME + LIGHT BOX ASSY,9749.223068,9749.23,0.0,PASS,,,
4.9_+_UP_CHILLER_AND_2.5~L8.5~W2.6~H2.56~foam_4g, 4.9 & UP CHILLER AND 2.5 WIDE ,27,CHILLER LARGE,foam_4g,8.5,2.6,2.56,REAR FRAME + FLOOR PLATE,REAR FRAME & FLOOR PLATE,5502.400241,5502.42,0.0,PASS,,,
4.9_+_UP_CHILLER_AND_2.5~L8.5~W2.6~H2.56~foam_4g, 4.9 & UP CHILLER AND 2.5 WIDE ,27,CHILLER LARGE,foam_4g,8.5,2.6,2.56,SPRAY PAINTING,SPRAY PAINTING,750.0,750.0,0.0,PASS,,,
4.9_+_UP_CHILLER_AND_2.5~L8.5~W2.6~H2.56~foam_4g, 4.9 & UP CHILLER AND 2.5 WIDE ,27,CHILLER LARGE,foam_4g,8.5,2.6,2.56,REFLEXITE TAPE,REFLEXITE TAPE,355.5,355.5,0.0,PASS,,,
4.9_+_UP_CHILLER_AND_2.5~L8.5~W2.6~H2.56~srd_pu, 4.9 & UP CHILLER AND 2.5 WIDE ,27,CHILLER LARGE,srd_pu,8.5,2.6,2.56,FRONT,FRONT,4737.51221,4747.0,0.2,PASS,,,
4.9_+_UP_CHILLER_AND_2.5~L8.5~W2.6~H2.56~srd_pu, 4.9 & UP CHILLER AND 2.5 WIDE ,27,CHILLER LARGE,srd_pu,8.5,2.6,2.56,SRD,SRD,5218.972827,5278.91,1.148,ACCEPTED,,GROUP_DIFF 130*62MM TAPPING BLOCKS ~ 2 MES line(s) (+60.00),[DATA] 130*62MM TAPPING BLOCKS: on prod the icecream and EXPLOSIVE 4.9 AND UP bodies price them differently from Burt (missing or one size only); the chillers/freezers match.
4.9_+_UP_CHILLER_AND_2.5~L8.5~W2.6~H2.56~srd_pu, 4.9 & UP CHILLER AND 2.5 WIDE ,27,CHILLER LARGE,srd_pu,8.5,2.6,2.56,SRD DOOR FITTINGS,SRD DOOR FITTINGS,6731.60454,6731.6,0.0,PASS,,,
4.9_+_UP_CHILLER_AND_2.5~L8.5~W2.6~H2.56~srd_pu, 4.9 & UP CHILLER AND 2.5 WIDE ,27,CHILLER LARGE,srd_pu,8.5,2.6,2.56,DRD,,0.0,,,SKIP,,,
4.9_+_UP_CHILLER_AND_2.5~L8.5~W2.6~H2.56~srd_pu, 4.9 & UP CHILLER AND 2.5 WIDE ,27,CHILLER LARGE,srd_pu,8.5,2.6,2.56,DRD DOOR FITTINGS,,0.0,,,SKIP,,,
4.9_+_UP_CHILLER_AND_2.5~L8.5~W2.6~H2.56~srd_pu, 4.9 & UP CHILLER AND 2.5 WIDE ,27,CHILLER LARGE,srd_pu,8.5,2.6,2.56,SIDES,SIDES,31378.151935,31420.08,0.134,PASS,,,
4.9_+_UP_CHILLER_AND_2.5~L8.5~W2.6~H2.56~srd_pu, 4.9 & UP CHILLER AND 2.5 WIDE ,27,CHILLER LARGE,srd_pu,8.5,2.6,2.56,ROOF,ROOF,16814.21863,16858.29,0.262,PASS,,,
4.9_+_UP_CHILLER_AND_2.5~L8.5~W2.6~H2.56~srd_pu, 4.9 & UP CHILLER AND 2.5 WIDE ,27,CHILLER LARGE,srd_pu,8.5,2.6,2.56,FLOOR,FLOOR,27902.337196,27902.34,0.0,PASS,,,
4.9_+_UP_CHILLER_AND_2.5~L8.5~W2.6~H2.56~srd_pu, 4.9 & UP CHILLER AND 2.5 WIDE ,27,CHILLER LARGE,srd_pu,8.5,2.6,2.56,ALUMINIUM,ALUMINIUM,15606.772767,15606.77,0.0,PASS,,,
4.9_+_UP_CHILLER_AND_2.5~L8.5~W2.6~H2.56~srd_pu, 4.9 & UP CHILLER AND 2.5 WIDE ,27,CHILLER LARGE,srd_pu,8.5,2.6,2.56,SUB FRAME + LIGHT BOX ASSY,SUB FRAME + LIGHT BOX ASSY,9749.223068,9749.23,0.0,PASS,,,
4.9_+_UP_CHILLER_AND_2.5~L8.5~W2.6~H2.56~srd_pu, 4.9 & UP CHILLER AND 2.5 WIDE ,27,CHILLER LARGE,srd_pu,8.5,2.6,2.56,REAR FRAME + FLOOR PLATE,REAR FRAME & FLOOR PLATE,0.0,5502.42,,ACCEPTED,EXTRA_IN_MES,,"[RULING] Burt gates REAR FRAME + FLOOR PLATE on the DRD flags, so a single-rear-door body carries R0 there; MES always includes the section (R2.4k-R5.5k). Which is right needs Burt/Michael."
4.9_+_UP_CHILLER_AND_2.5~L8.5~W2.6~H2.56~srd_pu, 4.9 & UP CHILLER AND 2.5 WIDE ,27,CHILLER LARGE,srd_pu,8.5,2.6,2.56,SPRAY PAINTING,SPRAY PAINTING,750.0,750.0,0.0,PASS,,,
4.9_+_UP_CHILLER_AND_2.5~L8.5~W2.6~H2.56~srd_pu, 4.9 & UP CHILLER AND 2.5 WIDE ,27,CHILLER LARGE,srd_pu,8.5,2.6,2.56,REFLEXITE TAPE,REFLEXITE TAPE,355.5,355.5,0.0,PASS,,,
