scenario_id,sheet,trailer_id,trailer_name,variant,length,width,height,section_excel,section_mes,excel_total,mes_total,variance_pct,status,reason,likely_cause,accepted_reason
"UP_TO_2,3_MTR_FREEZER~L1.8~W1.68~H1.39~as_sheet"," UP TO 2,3 MTR FREEZER ",19,FREEZER 2.3 METER,as_sheet,1.8,1.68,1.39,FRONT,FRONT,2701.525496,2701.51,0.001,PASS,,,
"UP_TO_2,3_MTR_FREEZER~L1.8~W1.68~H1.39~as_sheet"," UP TO 2,3 MTR FREEZER ",19,FREEZER 2.3 METER,as_sheet,1.8,1.68,1.39,SRD,,0.0,,,SKIP,,,
"UP_TO_2,3_MTR_FREEZER~L1.8~W1.68~H1.39~as_sheet"," UP TO 2,3 MTR FREEZER ",19,FREEZER 2.3 METER,as_sheet,1.8,1.68,1.39,SRD DOOR FITTINGS,,0.0,,,SKIP,,,
"UP_TO_2,3_MTR_FREEZER~L1.8~W1.68~H1.39~as_sheet"," UP TO 2,3 MTR FREEZER ",19,FREEZER 2.3 METER,as_sheet,1.8,1.68,1.39,DRD,DRD,3459.515039,3459.5,0.0,PASS,,,
"UP_TO_2,3_MTR_FREEZER~L1.8~W1.68~H1.39~as_sheet"," UP TO 2,3 MTR FREEZER ",19,FREEZER 2.3 METER,as_sheet,1.8,1.68,1.39,DRD DOOR FITTINGS,DRD DOOR FITTINGS,4400.99804,4401.0,0.0,PASS,,,
"UP_TO_2,3_MTR_FREEZER~L1.8~W1.68~H1.39~as_sheet"," UP TO 2,3 MTR FREEZER ",19,FREEZER 2.3 METER,as_sheet,1.8,1.68,1.39,SIDES,SIDES,5131.015099,5130.98,0.001,PASS,,,
"UP_TO_2,3_MTR_FREEZER~L1.8~W1.68~H1.39~as_sheet"," UP TO 2,3 MTR FREEZER ",19,FREEZER 2.3 METER,as_sheet,1.8,1.68,1.39,ROOF,ROOF,2413.504803,2413.48,0.001,PASS,,,
"UP_TO_2,3_MTR_FREEZER~L1.8~W1.68~H1.39~as_sheet"," UP TO 2,3 MTR FREEZER ",19,FREEZER 2.3 METER,as_sheet,1.8,1.68,1.39,FLOOR,FLOOR,4854.948819,4854.95,0.0,PASS,,,
"UP_TO_2,3_MTR_FREEZER~L1.8~W1.68~H1.39~as_sheet"," UP TO 2,3 MTR FREEZER ",19,FREEZER 2.3 METER,as_sheet,1.8,1.68,1.39,ALUMINIUM,ALUMINIUM,3327.4538,3327.45,0.0,PASS,,,
"UP_TO_2,3_MTR_FREEZER~L1.8~W1.68~H1.39~as_sheet"," UP TO 2,3 MTR FREEZER ",19,FREEZER 2.3 METER,as_sheet,1.8,1.68,1.39,SUB FRAME + LIGHT BOX ASSY,SUB FRAME + LIGHT BOX ASSY,2806.306579,2806.31,0.0,PASS,,,
"UP_TO_2,3_MTR_FREEZER~L1.8~W1.68~H1.39~as_sheet"," UP TO 2,3 MTR FREEZER ",19,FREEZER 2.3 METER,as_sheet,1.8,1.68,1.39,REAR FRAME + FLOOR PLATE,REAR FRAME & FLOOR PLATE,2249.351114,2312.6,2.812,ACCEPTED,,PRICE_DIFF 3MM 3CR12 FLOOR PLATE (+63.25),"[DATA] 3MM 3CR12 FLOOR PLATE priced R1 040.16 on prod vs R965.76 on Burt's sheet (+R63, 2.8 % of the section) on FREEZER 2.3 METER."
"UP_TO_2,3_MTR_FREEZER~L1.8~W1.68~H1.39~as_sheet"," UP TO 2,3 MTR FREEZER ",19,FREEZER 2.3 METER,as_sheet,1.8,1.68,1.39,SPRAY PAINTING,SPRAY PAINTING,750.0,750.0,0.0,PASS,,,
"UP_TO_2,3_MTR_FREEZER~L1.8~W1.68~H1.39~all_eps"," UP TO 2,3 MTR FREEZER ",19,FREEZER 2.3 METER,all_eps,1.8,1.68,1.39,FRONT,FRONT,1238.512605,1503.35,,UNVERIFIABLE,EXCEL_NO_PRICE:EPS,,
"UP_TO_2,3_MTR_FREEZER~L1.8~W1.68~H1.39~all_eps"," UP TO 2,3 MTR FREEZER ",19,FREEZER 2.3 METER,all_eps,1.8,1.68,1.39,SRD,,0.0,,,SKIP,,,
"UP_TO_2,3_MTR_FREEZER~L1.8~W1.68~H1.39~all_eps"," UP TO 2,3 MTR FREEZER ",19,FREEZER 2.3 METER,all_eps,1.8,1.68,1.39,SRD DOOR FITTINGS,,0.0,,,SKIP,,,
"UP_TO_2,3_MTR_FREEZER~L1.8~W1.68~H1.39~all_eps"," UP TO 2,3 MTR FREEZER ",19,FREEZER 2.3 METER,all_eps,1.8,1.68,1.39,DRD,DRD,1996.502149,2439.59,,UNVERIFIABLE,EXCEL_NO_PRICE:EPS,,
"UP_TO_2,3_MTR_FREEZER~L1.8~W1.68~H1.39~all_eps"," UP TO 2,3 MTR FREEZER ",19,FREEZER 2.3 METER,all_eps,1.8,1.68,1.39,DRD DOOR FITTINGS,DRD DOOR FITTINGS,4400.99804,4401.0,0.0,PASS,,,
"UP_TO_2,3_MTR_FREEZER~L1.8~W1.68~H1.39~all_eps"," UP TO 2,3 MTR FREEZER ",19,FREEZER 2.3 METER,all_eps,1.8,1.68,1.39,SIDES,SIDES,2912.511945,2912.47,,UNVERIFIABLE,EXCEL_NO_PRICE:EPS,,
"UP_TO_2,3_MTR_FREEZER~L1.8~W1.68~H1.39~all_eps"," UP TO 2,3 MTR FREEZER ",19,FREEZER 2.3 METER,all_eps,1.8,1.68,1.39,ROOF,ROOF,2413.504803,2413.48,0.001,PASS,,,
"UP_TO_2,3_MTR_FREEZER~L1.8~W1.68~H1.39~all_eps"," UP TO 2,3 MTR FREEZER ",19,FREEZER 2.3 METER,all_eps,1.8,1.68,1.39,FLOOR,FLOOR,4854.948819,4854.95,0.0,PASS,,,
"UP_TO_2,3_MTR_FREEZER~L1.8~W1.68~H1.39~all_eps"," UP TO 2,3 MTR FREEZER ",19,FREEZER 2.3 METER,all_eps,1.8,1.68,1.39,ALUMINIUM,ALUMINIUM,3327.4538,3327.45,0.0,PASS,,,
"UP_TO_2,3_MTR_FREEZER~L1.8~W1.68~H1.39~all_eps"," UP TO 2,3 MTR FREEZER ",19,FREEZER 2.3 METER,all_eps,1.8,1.68,1.39,SUB FRAME + LIGHT BOX ASSY,SUB FRAME + LIGHT BOX ASSY,2806.306579,2806.31,0.0,PASS,,,
"UP_TO_2,3_MTR_FREEZER~L1.8~W1.68~H1.39~all_eps"," UP TO 2,3 MTR FREEZER ",19,FREEZER 2.3 METER,all_eps,1.8,1.68,1.39,REAR FRAME + FLOOR PLATE,REAR FRAME & FLOOR PLATE,2249.351114,2312.6,2.812,ACCEPTED,,PRICE_DIFF 3MM 3CR12 FLOOR PLATE (+63.25),"[DATA] 3MM 3CR12 FLOOR PLATE priced R1 040.16 on prod vs R965.76 on Burt's sheet (+R63, 2.8 % of the section) on FREEZER 2.3 METER."
"UP_TO_2,3_MTR_FREEZER~L1.8~W1.68~H1.39~all_eps"," UP TO 2,3 MTR FREEZER ",19,FREEZER 2.3 METER,all_eps,1.8,1.68,1.39,SPRAY PAINTING,SPRAY PAINTING,750.0,750.0,0.0,PASS,,,
"UP_TO_2,3_MTR_FREEZER~L1.8~W1.68~H1.39~all_pu"," UP TO 2,3 MTR FREEZER ",19,FREEZER 2.3 METER,all_pu,1.8,1.68,1.39,FRONT,FRONT,2767.521005,2767.51,0.0,PASS,,,
"UP_TO_2,3_MTR_FREEZER~L1.8~W1.68~H1.39~all_pu"," UP TO 2,3 MTR FREEZER ",19,FREEZER 2.3 METER,all_pu,1.8,1.68,1.39,SRD,,0.0,,,SKIP,,,
"UP_TO_2,3_MTR_FREEZER~L1.8~W1.68~H1.39~all_pu"," UP TO 2,3 MTR FREEZER ",19,FREEZER 2.3 METER,all_pu,1.8,1.68,1.39,SRD DOOR FITTINGS,,0.0,,,SKIP,,,
"UP_TO_2,3_MTR_FREEZER~L1.8~W1.68~H1.39~all_pu"," UP TO 2,3 MTR FREEZER ",19,FREEZER 2.3 METER,all_pu,1.8,1.68,1.39,DRD,DRD,3522.091253,3522.08,0.0,PASS,,,
"UP_TO_2,3_MTR_FREEZER~L1.8~W1.68~H1.39~all_pu"," UP TO 2,3 MTR FREEZER ",19,FREEZER 2.3 METER,all_pu,1.8,1.68,1.39,DRD DOOR FITTINGS,DRD DOOR FITTINGS,4464.38736,4464.39,0.0,PASS,,,
"UP_TO_2,3_MTR_FREEZER~L1.8~W1.68~H1.39~all_pu"," UP TO 2,3 MTR FREEZER ",19,FREEZER 2.3 METER,all_pu,1.8,1.68,1.39,SIDES,SIDES,5275.324551,5269.62,0.108,PASS,,,
"UP_TO_2,3_MTR_FREEZER~L1.8~W1.68~H1.39~all_pu"," UP TO 2,3 MTR FREEZER ",19,FREEZER 2.3 METER,all_pu,1.8,1.68,1.39,ROOF,ROOF,3317.48652,4428.97,33.504,ACCEPTED,,BOTH PU (+1111.51),[DATA] PROD FREEZER 2.3 METER ROOF/FLOOR PU: 4.51 sheets x R557.50 (R2.5k) where Burt has 2.98 x R311.27 (R1.4k): +R1.1k per panel under PU.
"UP_TO_2,3_MTR_FREEZER~L1.8~W1.68~H1.39~all_pu"," UP TO 2,3 MTR FREEZER ",19,FREEZER 2.3 METER,all_pu,1.8,1.68,1.39,FLOOR,FLOOR,5758.930537,6870.43,19.3,ACCEPTED,,BOTH PU (+1111.51),[DATA] PROD FREEZER 2.3 METER ROOF/FLOOR PU: 4.51 sheets x R557.50 (R2.5k) where Burt has 2.98 x R311.27 (R1.4k): +R1.1k per panel under PU.
"UP_TO_2,3_MTR_FREEZER~L1.8~W1.68~H1.39~all_pu"," UP TO 2,3 MTR FREEZER ",19,FREEZER 2.3 METER,all_pu,1.8,1.68,1.39,ALUMINIUM,ALUMINIUM,3327.4538,3327.45,0.0,PASS,,,
"UP_TO_2,3_MTR_FREEZER~L1.8~W1.68~H1.39~all_pu"," UP TO 2,3 MTR FREEZER ",19,FREEZER 2.3 METER,all_pu,1.8,1.68,1.39,SUB FRAME + LIGHT BOX ASSY,SUB FRAME + LIGHT BOX ASSY,2806.306579,2806.31,0.0,PASS,,,
"UP_TO_2,3_MTR_FREEZER~L1.8~W1.68~H1.39~all_pu"," UP TO 2,3 MTR FREEZER ",19,FREEZER 2.3 METER,all_pu,1.8,1.68,1.39,REAR FRAME + FLOOR PLATE,REAR FRAME & FLOOR PLATE,2249.351114,2312.6,2.812,ACCEPTED,,PRICE_DIFF 3MM 3CR12 FLOOR PLATE (+63.25),"[DATA] 3MM 3CR12 FLOOR PLATE priced R1 040.16 on prod vs R965.76 on Burt's sheet (+R63, 2.8 % of the section) on FREEZER 2.3 METER."
"UP_TO_2,3_MTR_FREEZER~L1.8~W1.68~H1.39~all_pu"," UP TO 2,3 MTR FREEZER ",19,FREEZER 2.3 METER,all_pu,1.8,1.68,1.39,SPRAY PAINTING,SPRAY PAINTING,750.0,750.0,0.0,PASS,,,
"UP_TO_2,3_MTR_FREEZER~L1.8~W1.68~H1.39~srd"," UP TO 2,3 MTR FREEZER ",19,FREEZER 2.3 METER,srd,1.8,1.68,1.39,FRONT,FRONT,2701.525496,2701.51,0.001,PASS,,,
"UP_TO_2,3_MTR_FREEZER~L1.8~W1.68~H1.39~srd"," UP TO 2,3 MTR FREEZER ",19,FREEZER 2.3 METER,srd,1.8,1.68,1.39,SRD,SRD,2953.413166,25840.15,774.925,ACCEPTED,,BOTH PU (+22946.75),"[MES] PROD: the single-rear-door PU line is priced at the raw 32D rate — 1.22*2.44*2 sheets x R4 100 = R24.4k — where Burt has R245/sheet (R1.5k): +R23k on every SRD quote, on every body (chillers, freezers, icecream, explosive). Largest live-quote error found."
"UP_TO_2,3_MTR_FREEZER~L1.8~W1.68~H1.39~srd"," UP TO 2,3 MTR FREEZER ",19,FREEZER 2.3 METER,srd,1.8,1.68,1.39,SRD DOOR FITTINGS,SRD DOOR FITTINGS,4655.01232,5470.87,17.526,ACCEPTED,,PRICE_DIFF SILPLUS X WHITE SILICONE (+390.27),"[DATA] SRD DOOR FITTINGS on every body: MES CSLB HINGES R293.46 x2 (Excel R146.73 x2 - the pair price applied per hinge) and SILPLUS X WHITE R232.30 (Excel R116.15); per body also 34MM LOCKING POLE, 28782 BIG HORIZ CAPPING, ALU CORNERS, 28780/28778 BIG VERTICAL."
"UP_TO_2,3_MTR_FREEZER~L1.8~W1.68~H1.39~srd"," UP TO 2,3 MTR FREEZER ",19,FREEZER 2.3 METER,srd,1.8,1.68,1.39,DRD,,0.0,,,SKIP,,,
"UP_TO_2,3_MTR_FREEZER~L1.8~W1.68~H1.39~srd"," UP TO 2,3 MTR FREEZER ",19,FREEZER 2.3 METER,srd,1.8,1.68,1.39,DRD DOOR FITTINGS,,0.0,,,SKIP,,,
"UP_TO_2,3_MTR_FREEZER~L1.8~W1.68~H1.39~srd"," UP TO 2,3 MTR FREEZER ",19,FREEZER 2.3 METER,srd,1.8,1.68,1.39,SIDES,SIDES,5131.015099,5130.98,0.001,PASS,,,
"UP_TO_2,3_MTR_FREEZER~L1.8~W1.68~H1.39~srd"," UP TO 2,3 MTR FREEZER ",19,FREEZER 2.3 METER,srd,1.8,1.68,1.39,ROOF,ROOF,2413.504803,2413.48,0.001,PASS,,,
"UP_TO_2,3_MTR_FREEZER~L1.8~W1.68~H1.39~srd"," UP TO 2,3 MTR FREEZER ",19,FREEZER 2.3 METER,srd,1.8,1.68,1.39,FLOOR,FLOOR,4854.948819,4854.95,0.0,PASS,,,
"UP_TO_2,3_MTR_FREEZER~L1.8~W1.68~H1.39~srd"," UP TO 2,3 MTR FREEZER ",19,FREEZER 2.3 METER,srd,1.8,1.68,1.39,ALUMINIUM,ALUMINIUM,3327.4538,3327.45,0.0,PASS,,,
"UP_TO_2,3_MTR_FREEZER~L1.8~W1.68~H1.39~srd"," UP TO 2,3 MTR FREEZER ",19,FREEZER 2.3 METER,srd,1.8,1.68,1.39,SUB FRAME + LIGHT BOX ASSY,SUB FRAME + LIGHT BOX ASSY,2806.306579,2806.31,0.0,PASS,,,
"UP_TO_2,3_MTR_FREEZER~L1.8~W1.68~H1.39~srd"," UP TO 2,3 MTR FREEZER ",19,FREEZER 2.3 METER,srd,1.8,1.68,1.39,REAR FRAME + FLOOR PLATE,REAR FRAME & FLOOR PLATE,0.0,2312.6,,ACCEPTED,EXTRA_IN_MES,PRICE_DIFF 3MM 3CR12 FLOOR PLATE (+63.25),"[DATA] 3MM 3CR12 FLOOR PLATE priced R1 040.16 on prod vs R965.76 on Burt's sheet (+R63, 2.8 % of the section) on FREEZER 2.3 METER."
"UP_TO_2,3_MTR_FREEZER~L1.8~W1.68~H1.39~srd"," UP TO 2,3 MTR FREEZER ",19,FREEZER 2.3 METER,srd,1.8,1.68,1.39,SPRAY PAINTING,SPRAY PAINTING,750.0,750.0,0.0,PASS,,,
"UP_TO_2,3_MTR_FREEZER~L1.8~W1.68~H1.39~drd"," UP TO 2,3 MTR FREEZER ",19,FREEZER 2.3 METER,drd,1.8,1.68,1.39,FRONT,FRONT,2701.525496,2701.51,0.001,PASS,,,
"UP_TO_2,3_MTR_FREEZER~L1.8~W1.68~H1.39~drd"," UP TO 2,3 MTR FREEZER ",19,FREEZER 2.3 METER,drd,1.8,1.68,1.39,SRD,,0.0,,,SKIP,,,
"UP_TO_2,3_MTR_FREEZER~L1.8~W1.68~H1.39~drd"," UP TO 2,3 MTR FREEZER ",19,FREEZER 2.3 METER,drd,1.8,1.68,1.39,SRD DOOR FITTINGS,,0.0,,,SKIP,,,
"UP_TO_2,3_MTR_FREEZER~L1.8~W1.68~H1.39~drd"," UP TO 2,3 MTR FREEZER ",19,FREEZER 2.3 METER,drd,1.8,1.68,1.39,DRD,DRD,3459.515039,3459.5,0.0,PASS,,,
"UP_TO_2,3_MTR_FREEZER~L1.8~W1.68~H1.39~drd"," UP TO 2,3 MTR FREEZER ",19,FREEZER 2.3 METER,drd,1.8,1.68,1.39,DRD DOOR FITTINGS,DRD DOOR FITTINGS,4400.99804,4401.0,0.0,PASS,,,
"UP_TO_2,3_MTR_FREEZER~L1.8~W1.68~H1.39~drd"," UP TO 2,3 MTR FREEZER ",19,FREEZER 2.3 METER,drd,1.8,1.68,1.39,SIDES,SIDES,5131.015099,5130.98,0.001,PASS,,,
"UP_TO_2,3_MTR_FREEZER~L1.8~W1.68~H1.39~drd"," UP TO 2,3 MTR FREEZER ",19,FREEZER 2.3 METER,drd,1.8,1.68,1.39,ROOF,ROOF,2413.504803,2413.48,0.001,PASS,,,
"UP_TO_2,3_MTR_FREEZER~L1.8~W1.68~H1.39~drd"," UP TO 2,3 MTR FREEZER ",19,FREEZER 2.3 METER,drd,1.8,1.68,1.39,FLOOR,FLOOR,4854.948819,4854.95,0.0,PASS,,,
"UP_TO_2,3_MTR_FREEZER~L1.8~W1.68~H1.39~drd"," UP TO 2,3 MTR FREEZER ",19,FREEZER 2.3 METER,drd,1.8,1.68,1.39,ALUMINIUM,ALUMINIUM,3327.4538,3327.45,0.0,PASS,,,
"UP_TO_2,3_MTR_FREEZER~L1.8~W1.68~H1.39~drd"," UP TO 2,3 MTR FREEZER ",19,FREEZER 2.3 METER,drd,1.8,1.68,1.39,SUB FRAME + LIGHT BOX ASSY,SUB FRAME + LIGHT BOX ASSY,2806.306579,2806.31,0.0,PASS,,,
"UP_TO_2,3_MTR_FREEZER~L1.8~W1.68~H1.39~drd"," UP TO 2,3 MTR FREEZER ",19,FREEZER 2.3 METER,drd,1.8,1.68,1.39,REAR FRAME + FLOOR PLATE,REAR FRAME & FLOOR PLATE,2249.351114,2312.6,2.812,ACCEPTED,,PRICE_DIFF 3MM 3CR12 FLOOR PLATE (+63.25),"[DATA] 3MM 3CR12 FLOOR PLATE priced R1 040.16 on prod vs R965.76 on Burt's sheet (+R63, 2.8 % of the section) on FREEZER 2.3 METER."
"UP_TO_2,3_MTR_FREEZER~L1.8~W1.68~H1.39~drd"," UP TO 2,3 MTR FREEZER ",19,FREEZER 2.3 METER,drd,1.8,1.68,1.39,SPRAY PAINTING,SPRAY PAINTING,750.0,750.0,0.0,PASS,,,
"UP_TO_2,3_MTR_FREEZER~L1.8~W1.68~H1.39~foam_4g"," UP TO 2,3 MTR FREEZER ",19,FREEZER 2.3 METER,foam_4g,1.8,1.68,1.39,FRONT,FRONT,3165.407632,3165.39,0.001,PASS,,,
"UP_TO_2,3_MTR_FREEZER~L1.8~W1.68~H1.39~foam_4g"," UP TO 2,3 MTR FREEZER ",19,FREEZER 2.3 METER,foam_4g,1.8,1.68,1.39,SRD,,0.0,,,SKIP,,,
"UP_TO_2,3_MTR_FREEZER~L1.8~W1.68~H1.39~foam_4g"," UP TO 2,3 MTR FREEZER ",19,FREEZER 2.3 METER,foam_4g,1.8,1.68,1.39,SRD DOOR FITTINGS,,0.0,,,SKIP,,,
"UP_TO_2,3_MTR_FREEZER~L1.8~W1.68~H1.39~foam_4g"," UP TO 2,3 MTR FREEZER ",19,FREEZER 2.3 METER,foam_4g,1.8,1.68,1.39,DRD,DRD,3923.397175,3923.38,0.0,PASS,,,
"UP_TO_2,3_MTR_FREEZER~L1.8~W1.68~H1.39~foam_4g"," UP TO 2,3 MTR FREEZER ",19,FREEZER 2.3 METER,foam_4g,1.8,1.68,1.39,DRD DOOR FITTINGS,DRD DOOR FITTINGS,4400.99804,4401.0,0.0,PASS,,,
"UP_TO_2,3_MTR_FREEZER~L1.8~W1.68~H1.39~foam_4g"," UP TO 2,3 MTR FREEZER ",19,FREEZER 2.3 METER,foam_4g,1.8,1.68,1.39,SIDES,SIDES,5834.442928,5834.4,0.001,PASS,,,
"UP_TO_2,3_MTR_FREEZER~L1.8~W1.68~H1.39~foam_4g"," UP TO 2,3 MTR FREEZER ",19,FREEZER 2.3 METER,foam_4g,1.8,1.68,1.39,ROOF,ROOF,2413.504803,2413.48,0.001,PASS,,,
"UP_TO_2,3_MTR_FREEZER~L1.8~W1.68~H1.39~foam_4g"," UP TO 2,3 MTR FREEZER ",19,FREEZER 2.3 METER,foam_4g,1.8,1.68,1.39,FLOOR,FLOOR,4854.948819,4854.95,0.0,PASS,,,
"UP_TO_2,3_MTR_FREEZER~L1.8~W1.68~H1.39~foam_4g"," UP TO 2,3 MTR FREEZER ",19,FREEZER 2.3 METER,foam_4g,1.8,1.68,1.39,ALUMINIUM,ALUMINIUM,3327.4538,3327.45,0.0,PASS,,,
"UP_TO_2,3_MTR_FREEZER~L1.8~W1.68~H1.39~foam_4g"," UP TO 2,3 MTR FREEZER ",19,FREEZER 2.3 METER,foam_4g,1.8,1.68,1.39,SUB FRAME + LIGHT BOX ASSY,SUB FRAME + LIGHT BOX ASSY,2806.306579,2806.31,0.0,PASS,,,
"UP_TO_2,3_MTR_FREEZER~L1.8~W1.68~H1.39~foam_4g"," UP TO 2,3 MTR FREEZER ",19,FREEZER 2.3 METER,foam_4g,1.8,1.68,1.39,REAR FRAME + FLOOR PLATE,REAR FRAME & FLOOR PLATE,2249.351114,2312.6,2.812,ACCEPTED,,PRICE_DIFF 3MM 3CR12 FLOOR PLATE (+63.25),"[DATA] 3MM 3CR12 FLOOR PLATE priced R1 040.16 on prod vs R965.76 on Burt's sheet (+R63, 2.8 % of the section) on FREEZER 2.3 METER."
"UP_TO_2,3_MTR_FREEZER~L1.8~W1.68~H1.39~foam_4g"," UP TO 2,3 MTR FREEZER ",19,FREEZER 2.3 METER,foam_4g,1.8,1.68,1.39,SPRAY PAINTING,SPRAY PAINTING,750.0,750.0,0.0,PASS,,,
"UP_TO_2,3_MTR_FREEZER~L2.31~W1.68~H1.39~as_sheet"," UP TO 2,3 MTR FREEZER ",19,FREEZER 2.3 METER,as_sheet,2.31,1.68,1.39,FRONT,FRONT,2701.525496,2701.51,0.001,PASS,,,
"UP_TO_2,3_MTR_FREEZER~L2.31~W1.68~H1.39~as_sheet"," UP TO 2,3 MTR FREEZER ",19,FREEZER 2.3 METER,as_sheet,2.31,1.68,1.39,SRD,,0.0,,,SKIP,,,
"UP_TO_2,3_MTR_FREEZER~L2.31~W1.68~H1.39~as_sheet"," UP TO 2,3 MTR FREEZER ",19,FREEZER 2.3 METER,as_sheet,2.31,1.68,1.39,SRD DOOR FITTINGS,,0.0,,,SKIP,,,
"UP_TO_2,3_MTR_FREEZER~L2.31~W1.68~H1.39~as_sheet"," UP TO 2,3 MTR FREEZER ",19,FREEZER 2.3 METER,as_sheet,2.31,1.68,1.39,DRD,DRD,3459.515039,3459.5,0.0,PASS,,,
"UP_TO_2,3_MTR_FREEZER~L2.31~W1.68~H1.39~as_sheet"," UP TO 2,3 MTR FREEZER ",19,FREEZER 2.3 METER,as_sheet,2.31,1.68,1.39,DRD DOOR FITTINGS,DRD DOOR FITTINGS,4400.99804,4401.0,0.0,PASS,,,
"UP_TO_2,3_MTR_FREEZER~L2.31~W1.68~H1.39~as_sheet"," UP TO 2,3 MTR FREEZER ",19,FREEZER 2.3 METER,as_sheet,2.31,1.68,1.39,SIDES,SIDES,6466.398687,6466.35,0.001,PASS,,,
"UP_TO_2,3_MTR_FREEZER~L2.31~W1.68~H1.39~as_sheet"," UP TO 2,3 MTR FREEZER ",19,FREEZER 2.3 METER,as_sheet,2.31,1.68,1.39,ROOF,ROOF,3031.939281,3031.91,0.001,PASS,,,
"UP_TO_2,3_MTR_FREEZER~L2.31~W1.68~H1.39~as_sheet"," UP TO 2,3 MTR FREEZER ",19,FREEZER 2.3 METER,as_sheet,2.31,1.68,1.39,FLOOR,FLOOR,5917.240596,5917.24,0.0,PASS,,,
"UP_TO_2,3_MTR_FREEZER~L2.31~W1.68~H1.39~as_sheet"," UP TO 2,3 MTR FREEZER ",19,FREEZER 2.3 METER,as_sheet,2.31,1.68,1.39,ALUMINIUM,ALUMINIUM,3881.5688,3881.57,0.0,PASS,,,
"UP_TO_2,3_MTR_FREEZER~L2.31~W1.68~H1.39~as_sheet"," UP TO 2,3 MTR FREEZER ",19,FREEZER 2.3 METER,as_sheet,2.31,1.68,1.39,SUB FRAME + LIGHT BOX ASSY,SUB FRAME + LIGHT BOX ASSY,2910.114758,2910.11,0.0,PASS,,,
"UP_TO_2,3_MTR_FREEZER~L2.31~W1.68~H1.39~as_sheet"," UP TO 2,3 MTR FREEZER ",19,FREEZER 2.3 METER,as_sheet,2.31,1.68,1.39,REAR FRAME + FLOOR PLATE,REAR FRAME & FLOOR PLATE,2249.351114,2312.6,2.812,ACCEPTED,,PRICE_DIFF 3MM 3CR12 FLOOR PLATE (+63.25),"[DATA] 3MM 3CR12 FLOOR PLATE priced R1 040.16 on prod vs R965.76 on Burt's sheet (+R63, 2.8 % of the section) on FREEZER 2.3 METER."
"UP_TO_2,3_MTR_FREEZER~L2.31~W1.68~H1.39~as_sheet"," UP TO 2,3 MTR FREEZER ",19,FREEZER 2.3 METER,as_sheet,2.31,1.68,1.39,SPRAY PAINTING,SPRAY PAINTING,750.0,750.0,0.0,PASS,,,
"UP_TO_2,3_MTR_FREEZER~L2.31~W1.68~H1.39~all_eps"," UP TO 2,3 MTR FREEZER ",19,FREEZER 2.3 METER,all_eps,2.31,1.68,1.39,FRONT,FRONT,1238.512605,1503.35,,UNVERIFIABLE,EXCEL_NO_PRICE:EPS,,
"UP_TO_2,3_MTR_FREEZER~L2.31~W1.68~H1.39~all_eps"," UP TO 2,3 MTR FREEZER ",19,FREEZER 2.3 METER,all_eps,2.31,1.68,1.39,SRD,,0.0,,,SKIP,,,
"UP_TO_2,3_MTR_FREEZER~L2.31~W1.68~H1.39~all_eps"," UP TO 2,3 MTR FREEZER ",19,FREEZER 2.3 METER,all_eps,2.31,1.68,1.39,SRD DOOR FITTINGS,,0.0,,,SKIP,,,
"UP_TO_2,3_MTR_FREEZER~L2.31~W1.68~H1.39~all_eps"," UP TO 2,3 MTR FREEZER ",19,FREEZER 2.3 METER,all_eps,2.31,1.68,1.39,DRD,DRD,1996.502149,2439.59,,UNVERIFIABLE,EXCEL_NO_PRICE:EPS,,
"UP_TO_2,3_MTR_FREEZER~L2.31~W1.68~H1.39~all_eps"," UP TO 2,3 MTR FREEZER ",19,FREEZER 2.3 METER,all_eps,2.31,1.68,1.39,DRD DOOR FITTINGS,DRD DOOR FITTINGS,4400.99804,4401.0,0.0,PASS,,,
"UP_TO_2,3_MTR_FREEZER~L2.31~W1.68~H1.39~all_eps"," UP TO 2,3 MTR FREEZER ",19,FREEZER 2.3 METER,all_eps,2.31,1.68,1.39,SIDES,SIDES,3636.308177,3636.26,,UNVERIFIABLE,EXCEL_NO_PRICE:EPS,,
"UP_TO_2,3_MTR_FREEZER~L2.31~W1.68~H1.39~all_eps"," UP TO 2,3 MTR FREEZER ",19,FREEZER 2.3 METER,all_eps,2.31,1.68,1.39,ROOF,ROOF,3031.939281,3031.91,0.001,PASS,,,
"UP_TO_2,3_MTR_FREEZER~L2.31~W1.68~H1.39~all_eps"," UP TO 2,3 MTR FREEZER ",19,FREEZER 2.3 METER,all_eps,2.31,1.68,1.39,FLOOR,FLOOR,5917.240596,5917.24,0.0,PASS,,,
"UP_TO_2,3_MTR_FREEZER~L2.31~W1.68~H1.39~all_eps"," UP TO 2,3 MTR FREEZER ",19,FREEZER 2.3 METER,all_eps,2.31,1.68,1.39,ALUMINIUM,ALUMINIUM,3881.5688,3881.57,0.0,PASS,,,
"UP_TO_2,3_MTR_FREEZER~L2.31~W1.68~H1.39~all_eps"," UP TO 2,3 MTR FREEZER ",19,FREEZER 2.3 METER,all_eps,2.31,1.68,1.39,SUB FRAME + LIGHT BOX ASSY,SUB FRAME + LIGHT BOX ASSY,2910.114758,2910.11,0.0,PASS,,,
"UP_TO_2,3_MTR_FREEZER~L2.31~W1.68~H1.39~all_eps"," UP TO 2,3 MTR FREEZER ",19,FREEZER 2.3 METER,all_eps,2.31,1.68,1.39,REAR FRAME + FLOOR PLATE,REAR FRAME & FLOOR PLATE,2249.351114,2312.6,2.812,ACCEPTED,,PRICE_DIFF 3MM 3CR12 FLOOR PLATE (+63.25),"[DATA] 3MM 3CR12 FLOOR PLATE priced R1 040.16 on prod vs R965.76 on Burt's sheet (+R63, 2.8 % of the section) on FREEZER 2.3 METER."
"UP_TO_2,3_MTR_FREEZER~L2.31~W1.68~H1.39~all_eps"," UP TO 2,3 MTR FREEZER ",19,FREEZER 2.3 METER,all_eps,2.31,1.68,1.39,SPRAY PAINTING,SPRAY PAINTING,750.0,750.0,0.0,PASS,,,
"UP_TO_2,3_MTR_FREEZER~L2.31~W1.68~H1.39~all_pu"," UP TO 2,3 MTR FREEZER ",19,FREEZER 2.3 METER,all_pu,2.31,1.68,1.39,FRONT,FRONT,2767.521005,2767.51,0.0,PASS,,,
"UP_TO_2,3_MTR_FREEZER~L2.31~W1.68~H1.39~all_pu"," UP TO 2,3 MTR FREEZER ",19,FREEZER 2.3 METER,all_pu,2.31,1.68,1.39,SRD,,0.0,,,SKIP,,,
"UP_TO_2,3_MTR_FREEZER~L2.31~W1.68~H1.39~all_pu"," UP TO 2,3 MTR FREEZER ",19,FREEZER 2.3 METER,all_pu,2.31,1.68,1.39,SRD DOOR FITTINGS,,0.0,,,SKIP,,,
"UP_TO_2,3_MTR_FREEZER~L2.31~W1.68~H1.39~all_pu"," UP TO 2,3 MTR FREEZER ",19,FREEZER 2.3 METER,all_pu,2.31,1.68,1.39,DRD,DRD,3522.091253,3522.08,0.0,PASS,,,
"UP_TO_2,3_MTR_FREEZER~L2.31~W1.68~H1.39~all_pu"," UP TO 2,3 MTR FREEZER ",19,FREEZER 2.3 METER,all_pu,2.31,1.68,1.39,DRD DOOR FITTINGS,DRD DOOR FITTINGS,4464.38736,4464.39,0.0,PASS,,,
"UP_TO_2,3_MTR_FREEZER~L2.31~W1.68~H1.39~all_pu"," UP TO 2,3 MTR FREEZER ",19,FREEZER 2.3 METER,all_pu,2.31,1.68,1.39,SIDES,SIDES,6648.928342,6643.21,0.086,PASS,,,
"UP_TO_2,3_MTR_FREEZER~L2.31~W1.68~H1.39~all_pu"," UP TO 2,3 MTR FREEZER ",19,FREEZER 2.3 METER,all_pu,2.31,1.68,1.39,ROOF,ROOF,4185.126769,5603.02,33.879,ACCEPTED,,BOTH PU (+1417.92),[DATA] PROD FREEZER 2.3 METER ROOF/FLOOR PU: 4.51 sheets x R557.50 (R2.5k) where Burt has 2.98 x R311.27 (R1.4k): +R1.1k per panel under PU.
"UP_TO_2,3_MTR_FREEZER~L2.31~W1.68~H1.39~all_pu"," UP TO 2,3 MTR FREEZER ",19,FREEZER 2.3 METER,all_pu,2.31,1.68,1.39,FLOOR,FLOOR,7070.428084,8488.35,20.054,ACCEPTED,,BOTH PU (+1417.92),[DATA] PROD FREEZER 2.3 METER ROOF/FLOOR PU: 4.51 sheets x R557.50 (R2.5k) where Burt has 2.98 x R311.27 (R1.4k): +R1.1k per panel under PU.
"UP_TO_2,3_MTR_FREEZER~L2.31~W1.68~H1.39~all_pu"," UP TO 2,3 MTR FREEZER ",19,FREEZER 2.3 METER,all_pu,2.31,1.68,1.39,ALUMINIUM,ALUMINIUM,3881.5688,3881.57,0.0,PASS,,,
"UP_TO_2,3_MTR_FREEZER~L2.31~W1.68~H1.39~all_pu"," UP TO 2,3 MTR FREEZER ",19,FREEZER 2.3 METER,all_pu,2.31,1.68,1.39,SUB FRAME + LIGHT BOX ASSY,SUB FRAME + LIGHT BOX ASSY,2910.114758,2910.11,0.0,PASS,,,
"UP_TO_2,3_MTR_FREEZER~L2.31~W1.68~H1.39~all_pu"," UP TO 2,3 MTR FREEZER ",19,FREEZER 2.3 METER,all_pu,2.31,1.68,1.39,REAR FRAME + FLOOR PLATE,REAR FRAME & FLOOR PLATE,2249.351114,2312.6,2.812,ACCEPTED,,PRICE_DIFF 3MM 3CR12 FLOOR PLATE (+63.25),"[DATA] 3MM 3CR12 FLOOR PLATE priced R1 040.16 on prod vs R965.76 on Burt's sheet (+R63, 2.8 % of the section) on FREEZER 2.3 METER."
"UP_TO_2,3_MTR_FREEZER~L2.31~W1.68~H1.39~all_pu"," UP TO 2,3 MTR FREEZER ",19,FREEZER 2.3 METER,all_pu,2.31,1.68,1.39,SPRAY PAINTING,SPRAY PAINTING,750.0,750.0,0.0,PASS,,,
"UP_TO_2,3_MTR_FREEZER~L2.31~W1.68~H1.39~srd"," UP TO 2,3 MTR FREEZER ",19,FREEZER 2.3 METER,srd,2.31,1.68,1.39,FRONT,FRONT,2701.525496,2701.51,0.001,PASS,,,
"UP_TO_2,3_MTR_FREEZER~L2.31~W1.68~H1.39~srd"," UP TO 2,3 MTR FREEZER ",19,FREEZER 2.3 METER,srd,2.31,1.68,1.39,SRD,SRD,2953.413166,25840.15,774.925,ACCEPTED,,BOTH PU (+22946.75),"[MES] PROD: the single-rear-door PU line is priced at the raw 32D rate — 1.22*2.44*2 sheets x R4 100 = R24.4k — where Burt has R245/sheet (R1.5k): +R23k on every SRD quote, on every body (chillers, freezers, icecream, explosive). Largest live-quote error found."
"UP_TO_2,3_MTR_FREEZER~L2.31~W1.68~H1.39~srd"," UP TO 2,3 MTR FREEZER ",19,FREEZER 2.3 METER,srd,2.31,1.68,1.39,SRD DOOR FITTINGS,SRD DOOR FITTINGS,4655.01232,5470.87,17.526,ACCEPTED,,PRICE_DIFF SILPLUS X WHITE SILICONE (+390.27),"[DATA] SRD DOOR FITTINGS on every body: MES CSLB HINGES R293.46 x2 (Excel R146.73 x2 - the pair price applied per hinge) and SILPLUS X WHITE R232.30 (Excel R116.15); per body also 34MM LOCKING POLE, 28782 BIG HORIZ CAPPING, ALU CORNERS, 28780/28778 BIG VERTICAL."
"UP_TO_2,3_MTR_FREEZER~L2.31~W1.68~H1.39~srd"," UP TO 2,3 MTR FREEZER ",19,FREEZER 2.3 METER,srd,2.31,1.68,1.39,DRD,,0.0,,,SKIP,,,
"UP_TO_2,3_MTR_FREEZER~L2.31~W1.68~H1.39~srd"," UP TO 2,3 MTR FREEZER ",19,FREEZER 2.3 METER,srd,2.31,1.68,1.39,DRD DOOR FITTINGS,,0.0,,,SKIP,,,
"UP_TO_2,3_MTR_FREEZER~L2.31~W1.68~H1.39~srd"," UP TO 2,3 MTR FREEZER ",19,FREEZER 2.3 METER,srd,2.31,1.68,1.39,SIDES,SIDES,6466.398687,6466.35,0.001,PASS,,,
"UP_TO_2,3_MTR_FREEZER~L2.31~W1.68~H1.39~srd"," UP TO 2,3 MTR FREEZER ",19,FREEZER 2.3 METER,srd,2.31,1.68,1.39,ROOF,ROOF,3031.939281,3031.91,0.001,PASS,,,
"UP_TO_2,3_MTR_FREEZER~L2.31~W1.68~H1.39~srd"," UP TO 2,3 MTR FREEZER ",19,FREEZER 2.3 METER,srd,2.31,1.68,1.39,FLOOR,FLOOR,5917.240596,5917.24,0.0,PASS,,,
"UP_TO_2,3_MTR_FREEZER~L2.31~W1.68~H1.39~srd"," UP TO 2,3 MTR FREEZER ",19,FREEZER 2.3 METER,srd,2.31,1.68,1.39,ALUMINIUM,ALUMINIUM,3881.5688,3881.57,0.0,PASS,,,
"UP_TO_2,3_MTR_FREEZER~L2.31~W1.68~H1.39~srd"," UP TO 2,3 MTR FREEZER ",19,FREEZER 2.3 METER,srd,2.31,1.68,1.39,SUB FRAME + LIGHT BOX ASSY,SUB FRAME + LIGHT BOX ASSY,2910.114758,2910.11,0.0,PASS,,,
"UP_TO_2,3_MTR_FREEZER~L2.31~W1.68~H1.39~srd"," UP TO 2,3 MTR FREEZER ",19,FREEZER 2.3 METER,srd,2.31,1.68,1.39,REAR FRAME + FLOOR PLATE,REAR FRAME & FLOOR PLATE,0.0,2312.6,,ACCEPTED,EXTRA_IN_MES,PRICE_DIFF 3MM 3CR12 FLOOR PLATE (+63.25),"[DATA] 3MM 3CR12 FLOOR PLATE priced R1 040.16 on prod vs R965.76 on Burt's sheet (+R63, 2.8 % of the section) on FREEZER 2.3 METER."
"UP_TO_2,3_MTR_FREEZER~L2.31~W1.68~H1.39~srd"," UP TO 2,3 MTR FREEZER ",19,FREEZER 2.3 METER,srd,2.31,1.68,1.39,SPRAY PAINTING,SPRAY PAINTING,750.0,750.0,0.0,PASS,,,
"UP_TO_2,3_MTR_FREEZER~L2.31~W1.68~H1.39~drd"," UP TO 2,3 MTR FREEZER ",19,FREEZER 2.3 METER,drd,2.31,1.68,1.39,FRONT,FRONT,2701.525496,2701.51,0.001,PASS,,,
"UP_TO_2,3_MTR_FREEZER~L2.31~W1.68~H1.39~drd"," UP TO 2,3 MTR FREEZER ",19,FREEZER 2.3 METER,drd,2.31,1.68,1.39,SRD,,0.0,,,SKIP,,,
"UP_TO_2,3_MTR_FREEZER~L2.31~W1.68~H1.39~drd"," UP TO 2,3 MTR FREEZER ",19,FREEZER 2.3 METER,drd,2.31,1.68,1.39,SRD DOOR FITTINGS,,0.0,,,SKIP,,,
"UP_TO_2,3_MTR_FREEZER~L2.31~W1.68~H1.39~drd"," UP TO 2,3 MTR FREEZER ",19,FREEZER 2.3 METER,drd,2.31,1.68,1.39,DRD,DRD,3459.515039,3459.5,0.0,PASS,,,
"UP_TO_2,3_MTR_FREEZER~L2.31~W1.68~H1.39~drd"," UP TO 2,3 MTR FREEZER ",19,FREEZER 2.3 METER,drd,2.31,1.68,1.39,DRD DOOR FITTINGS,DRD DOOR FITTINGS,4400.99804,4401.0,0.0,PASS,,,
"UP_TO_2,3_MTR_FREEZER~L2.31~W1.68~H1.39~drd"," UP TO 2,3 MTR FREEZER ",19,FREEZER 2.3 METER,drd,2.31,1.68,1.39,SIDES,SIDES,6466.398687,6466.35,0.001,PASS,,,
"UP_TO_2,3_MTR_FREEZER~L2.31~W1.68~H1.39~drd"," UP TO 2,3 MTR FREEZER ",19,FREEZER 2.3 METER,drd,2.31,1.68,1.39,ROOF,ROOF,3031.939281,3031.91,0.001,PASS,,,
"UP_TO_2,3_MTR_FREEZER~L2.31~W1.68~H1.39~drd"," UP TO 2,3 MTR FREEZER ",19,FREEZER 2.3 METER,drd,2.31,1.68,1.39,FLOOR,FLOOR,5917.240596,5917.24,0.0,PASS,,,
"UP_TO_2,3_MTR_FREEZER~L2.31~W1.68~H1.39~drd"," UP TO 2,3 MTR FREEZER ",19,FREEZER 2.3 METER,drd,2.31,1.68,1.39,ALUMINIUM,ALUMINIUM,3881.5688,3881.57,0.0,PASS,,,
"UP_TO_2,3_MTR_FREEZER~L2.31~W1.68~H1.39~drd"," UP TO 2,3 MTR FREEZER ",19,FREEZER 2.3 METER,drd,2.31,1.68,1.39,SUB FRAME + LIGHT BOX ASSY,SUB FRAME + LIGHT BOX ASSY,2910.114758,2910.11,0.0,PASS,,,
"UP_TO_2,3_MTR_FREEZER~L2.31~W1.68~H1.39~drd"," UP TO 2,3 MTR FREEZER ",19,FREEZER 2.3 METER,drd,2.31,1.68,1.39,REAR FRAME + FLOOR PLATE,REAR FRAME & FLOOR PLATE,2249.351114,2312.6,2.812,ACCEPTED,,PRICE_DIFF 3MM 3CR12 FLOOR PLATE (+63.25),"[DATA] 3MM 3CR12 FLOOR PLATE priced R1 040.16 on prod vs R965.76 on Burt's sheet (+R63, 2.8 % of the section) on FREEZER 2.3 METER."
"UP_TO_2,3_MTR_FREEZER~L2.31~W1.68~H1.39~drd"," UP TO 2,3 MTR FREEZER ",19,FREEZER 2.3 METER,drd,2.31,1.68,1.39,SPRAY PAINTING,SPRAY PAINTING,750.0,750.0,0.0,PASS,,,
"UP_TO_2,3_MTR_FREEZER~L2.31~W1.68~H1.39~foam_4g"," UP TO 2,3 MTR FREEZER ",19,FREEZER 2.3 METER,foam_4g,2.31,1.68,1.39,FRONT,FRONT,3165.407632,3165.39,0.001,PASS,,,
"UP_TO_2,3_MTR_FREEZER~L2.31~W1.68~H1.39~foam_4g"," UP TO 2,3 MTR FREEZER ",19,FREEZER 2.3 METER,foam_4g,2.31,1.68,1.39,SRD,,0.0,,,SKIP,,,
"UP_TO_2,3_MTR_FREEZER~L2.31~W1.68~H1.39~foam_4g"," UP TO 2,3 MTR FREEZER ",19,FREEZER 2.3 METER,foam_4g,2.31,1.68,1.39,SRD DOOR FITTINGS,,0.0,,,SKIP,,,
"UP_TO_2,3_MTR_FREEZER~L2.31~W1.68~H1.39~foam_4g"," UP TO 2,3 MTR FREEZER ",19,FREEZER 2.3 METER,foam_4g,2.31,1.68,1.39,DRD,DRD,3923.397175,3923.38,0.0,PASS,,,
"UP_TO_2,3_MTR_FREEZER~L2.31~W1.68~H1.39~foam_4g"," UP TO 2,3 MTR FREEZER ",19,FREEZER 2.3 METER,foam_4g,2.31,1.68,1.39,DRD DOOR FITTINGS,DRD DOOR FITTINGS,4400.99804,4401.0,0.0,PASS,,,
"UP_TO_2,3_MTR_FREEZER~L2.31~W1.68~H1.39~foam_4g"," UP TO 2,3 MTR FREEZER ",19,FREEZER 2.3 METER,foam_4g,2.31,1.68,1.39,SIDES,SIDES,7363.744458,7363.7,0.001,PASS,,,
"UP_TO_2,3_MTR_FREEZER~L2.31~W1.68~H1.39~foam_4g"," UP TO 2,3 MTR FREEZER ",19,FREEZER 2.3 METER,foam_4g,2.31,1.68,1.39,ROOF,ROOF,3031.939281,3031.91,0.001,PASS,,,
"UP_TO_2,3_MTR_FREEZER~L2.31~W1.68~H1.39~foam_4g"," UP TO 2,3 MTR FREEZER ",19,FREEZER 2.3 METER,foam_4g,2.31,1.68,1.39,FLOOR,FLOOR,5917.240596,5917.24,0.0,PASS,,,
"UP_TO_2,3_MTR_FREEZER~L2.31~W1.68~H1.39~foam_4g"," UP TO 2,3 MTR FREEZER ",19,FREEZER 2.3 METER,foam_4g,2.31,1.68,1.39,ALUMINIUM,ALUMINIUM,3881.5688,3881.57,0.0,PASS,,,
"UP_TO_2,3_MTR_FREEZER~L2.31~W1.68~H1.39~foam_4g"," UP TO 2,3 MTR FREEZER ",19,FREEZER 2.3 METER,foam_4g,2.31,1.68,1.39,SUB FRAME + LIGHT BOX ASSY,SUB FRAME + LIGHT BOX ASSY,2910.114758,2910.11,0.0,PASS,,,
"UP_TO_2,3_MTR_FREEZER~L2.31~W1.68~H1.39~foam_4g"," UP TO 2,3 MTR FREEZER ",19,FREEZER 2.3 METER,foam_4g,2.31,1.68,1.39,REAR FRAME + FLOOR PLATE,REAR FRAME & FLOOR PLATE,2249.351114,2312.6,2.812,ACCEPTED,,PRICE_DIFF 3MM 3CR12 FLOOR PLATE (+63.25),"[DATA] 3MM 3CR12 FLOOR PLATE priced R1 040.16 on prod vs R965.76 on Burt's sheet (+R63, 2.8 % of the section) on FREEZER 2.3 METER."
"UP_TO_2,3_MTR_FREEZER~L2.31~W1.68~H1.39~foam_4g"," UP TO 2,3 MTR FREEZER ",19,FREEZER 2.3 METER,foam_4g,2.31,1.68,1.39,SPRAY PAINTING,SPRAY PAINTING,750.0,750.0,0.0,PASS,,,
UP_TO_4.8_MT_FREEZER_2~L3~W2.5~H2.4~as_sheet, UP TO 4.8 MT FREEZER  (2,20,FREEZER MEDIUM,as_sheet,3.0,2.5,2.4,FRONT,FRONT,5227.241456,5227.18,0.001,PASS,,,
UP_TO_4.8_MT_FREEZER_2~L3~W2.5~H2.4~as_sheet, UP TO 4.8 MT FREEZER  (2,20,FREEZER MEDIUM,as_sheet,3.0,2.5,2.4,SRD,,0.0,,,SKIP,,,
UP_TO_4.8_MT_FREEZER_2~L3~W2.5~H2.4~as_sheet, UP TO 4.8 MT FREEZER  (2,20,FREEZER MEDIUM,as_sheet,3.0,2.5,2.4,SRD DOOR FITTINGS,,0.0,,,SKIP,,,
UP_TO_4.8_MT_FREEZER_2~L3~W2.5~H2.4~as_sheet, UP TO 4.8 MT FREEZER  (2,20,FREEZER MEDIUM,as_sheet,3.0,2.5,2.4,DRD,DRD,5994.22456,5994.18,0.001,PASS,,,
UP_TO_4.8_MT_FREEZER_2~L3~W2.5~H2.4~as_sheet, UP TO 4.8 MT FREEZER  (2,20,FREEZER MEDIUM,as_sheet,3.0,2.5,2.4,DRD DOOR FITTINGS,DRD DOOR FITTINGS,5983.98526,5983.99,0.0,PASS,,,
UP_TO_4.8_MT_FREEZER_2~L3~W2.5~H2.4~as_sheet, UP TO 4.8 MT FREEZER  (2,20,FREEZER MEDIUM,as_sheet,3.0,2.5,2.4,SIDES,SIDES,13030.381401,13044.01,0.105,PASS,,,
UP_TO_4.8_MT_FREEZER_2~L3~W2.5~H2.4~as_sheet, UP TO 4.8 MT FREEZER  (2,20,FREEZER MEDIUM,as_sheet,3.0,2.5,2.4,ROOF,ROOF,6535.151987,6535.1,0.001,PASS,,,
UP_TO_4.8_MT_FREEZER_2~L3~W2.5~H2.4~as_sheet, UP TO 4.8 MT FREEZER  (2,20,FREEZER MEDIUM,as_sheet,3.0,2.5,2.4,FLOOR,FLOOR,25383.428125,25383.41,0.0,PASS,,,
UP_TO_4.8_MT_FREEZER_2~L3~W2.5~H2.4~as_sheet, UP TO 4.8 MT FREEZER  (2,20,FREEZER MEDIUM,as_sheet,3.0,2.5,2.4,ALUMINIUM,ALUMINIUM,5367.928,5367.93,0.0,PASS,,,
UP_TO_4.8_MT_FREEZER_2~L3~W2.5~H2.4~as_sheet, UP TO 4.8 MT FREEZER  (2,20,FREEZER MEDIUM,as_sheet,3.0,2.5,2.4,SUB FRAME + LIGHT BOX ASSY,SUB FRAME + LIGHT BOX ASSY,7741.648808,7527.09,2.771,ACCEPTED,,MISSING_IN_MES 1MM GALV PLATE (-239.72),"[DATA] Burt's 1MM GALV PLATE (FREEZER MEDIUM, explosive bodies) / MOUNTING CLEATS (EXPLOSIVE 2.7 TO 4.8) lines have no MES line on prod."
UP_TO_4.8_MT_FREEZER_2~L3~W2.5~H2.4~as_sheet, UP TO 4.8 MT FREEZER  (2,20,FREEZER MEDIUM,as_sheet,3.0,2.5,2.4,REAR FRAME + FLOOR PLATE,REAR FRAME & FLOOR PLATE,4633.7716,4633.77,0.0,PASS,,,
UP_TO_4.8_MT_FREEZER_2~L3~W2.5~H2.4~as_sheet, UP TO 4.8 MT FREEZER  (2,20,FREEZER MEDIUM,as_sheet,3.0,2.5,2.4,SPRAY PAINTING,SPRAY PAINTING,750.0,750.0,0.0,PASS,,,
UP_TO_4.8_MT_FREEZER_2~L3~W2.5~H2.4~as_sheet, UP TO 4.8 MT FREEZER  (2,20,FREEZER MEDIUM,as_sheet,3.0,2.5,2.4,REFLEXITE TAPE,REFLEXITE TAPE,153.0,153.0,0.0,PASS,,,
UP_TO_4.8_MT_FREEZER_2~L3~W2.5~H2.4~all_eps, UP TO 4.8 MT FREEZER  (2,20,FREEZER MEDIUM,all_eps,3.0,2.5,2.4,FRONT,FRONT,3649.523745,4362.67,,UNVERIFIABLE,EXCEL_NO_PRICE:EPS,,
UP_TO_4.8_MT_FREEZER_2~L3~W2.5~H2.4~all_eps, UP TO 4.8 MT FREEZER  (2,20,FREEZER MEDIUM,all_eps,3.0,2.5,2.4,SRD,,0.0,,,SKIP,,,
UP_TO_4.8_MT_FREEZER_2~L3~W2.5~H2.4~all_eps, UP TO 4.8 MT FREEZER  (2,20,FREEZER MEDIUM,all_eps,3.0,2.5,2.4,SRD DOOR FITTINGS,,0.0,,,SKIP,,,
UP_TO_4.8_MT_FREEZER_2~L3~W2.5~H2.4~all_eps, UP TO 4.8 MT FREEZER  (2,20,FREEZER MEDIUM,all_eps,3.0,2.5,2.4,DRD,DRD,4416.116435,5594.81,,UNVERIFIABLE,EXCEL_NO_PRICE:EPS,,
UP_TO_4.8_MT_FREEZER_2~L3~W2.5~H2.4~all_eps, UP TO 4.8 MT FREEZER  (2,20,FREEZER MEDIUM,all_eps,3.0,2.5,2.4,DRD DOOR FITTINGS,DRD DOOR FITTINGS,5920.59594,5920.6,0.0,PASS,,,
UP_TO_4.8_MT_FREEZER_2~L3~W2.5~H2.4~all_eps, UP TO 4.8 MT FREEZER  (2,20,FREEZER MEDIUM,all_eps,3.0,2.5,2.4,SIDES,SIDES,9093.466654,10975.59,,UNVERIFIABLE,EXCEL_NO_PRICE:EPS,,
UP_TO_4.8_MT_FREEZER_2~L3~W2.5~H2.4~all_eps, UP TO 4.8 MT FREEZER  (2,20,FREEZER MEDIUM,all_eps,3.0,2.5,2.4,ROOF,ROOF,5436.36031,5436.31,0.001,PASS,,,
UP_TO_4.8_MT_FREEZER_2~L3~W2.5~H2.4~all_eps, UP TO 4.8 MT FREEZER  (2,20,FREEZER MEDIUM,all_eps,3.0,2.5,2.4,FLOOR,FLOOR,24284.636448,24284.62,0.0,PASS,,,
UP_TO_4.8_MT_FREEZER_2~L3~W2.5~H2.4~all_eps, UP TO 4.8 MT FREEZER  (2,20,FREEZER MEDIUM,all_eps,3.0,2.5,2.4,ALUMINIUM,ALUMINIUM,5367.928,5367.93,0.0,PASS,,,
UP_TO_4.8_MT_FREEZER_2~L3~W2.5~H2.4~all_eps, UP TO 4.8 MT FREEZER  (2,20,FREEZER MEDIUM,all_eps,3.0,2.5,2.4,SUB FRAME + LIGHT BOX ASSY,SUB FRAME + LIGHT BOX ASSY,7741.648808,7527.09,2.771,ACCEPTED,,MISSING_IN_MES 1MM GALV PLATE (-239.72),"[DATA] Burt's 1MM GALV PLATE (FREEZER MEDIUM, explosive bodies) / MOUNTING CLEATS (EXPLOSIVE 2.7 TO 4.8) lines have no MES line on prod."
UP_TO_4.8_MT_FREEZER_2~L3~W2.5~H2.4~all_eps, UP TO 4.8 MT FREEZER  (2,20,FREEZER MEDIUM,all_eps,3.0,2.5,2.4,REAR FRAME + FLOOR PLATE,REAR FRAME & FLOOR PLATE,4633.7716,4633.77,0.0,PASS,,,
UP_TO_4.8_MT_FREEZER_2~L3~W2.5~H2.4~all_eps, UP TO 4.8 MT FREEZER  (2,20,FREEZER MEDIUM,all_eps,3.0,2.5,2.4,SPRAY PAINTING,SPRAY PAINTING,750.0,750.0,0.0,PASS,,,
UP_TO_4.8_MT_FREEZER_2~L3~W2.5~H2.4~all_eps, UP TO 4.8 MT FREEZER  (2,20,FREEZER MEDIUM,all_eps,3.0,2.5,2.4,REFLEXITE TAPE,REFLEXITE TAPE,153.0,153.0,0.0,PASS,,,
UP_TO_4.8_MT_FREEZER_2~L3~W2.5~H2.4~all_pu, UP TO 4.8 MT FREEZER  (2,20,FREEZER MEDIUM,all_pu,3.0,2.5,2.4,FRONT,FRONT,5227.241456,5227.18,0.001,PASS,,,
UP_TO_4.8_MT_FREEZER_2~L3~W2.5~H2.4~all_pu, UP TO 4.8 MT FREEZER  (2,20,FREEZER MEDIUM,all_pu,3.0,2.5,2.4,SRD,,0.0,,,SKIP,,,
UP_TO_4.8_MT_FREEZER_2~L3~W2.5~H2.4~all_pu, UP TO 4.8 MT FREEZER  (2,20,FREEZER MEDIUM,all_pu,3.0,2.5,2.4,SRD DOOR FITTINGS,,0.0,,,SKIP,,,
UP_TO_4.8_MT_FREEZER_2~L3~W2.5~H2.4~all_pu, UP TO 4.8 MT FREEZER  (2,20,FREEZER MEDIUM,all_pu,3.0,2.5,2.4,DRD,DRD,5994.22456,5994.18,0.001,PASS,,,
UP_TO_4.8_MT_FREEZER_2~L3~W2.5~H2.4~all_pu, UP TO 4.8 MT FREEZER  (2,20,FREEZER MEDIUM,all_pu,3.0,2.5,2.4,DRD DOOR FITTINGS,DRD DOOR FITTINGS,5983.98526,5983.99,0.0,PASS,,,
UP_TO_4.8_MT_FREEZER_2~L3~W2.5~H2.4~all_pu, UP TO 4.8 MT FREEZER  (2,20,FREEZER MEDIUM,all_pu,3.0,2.5,2.4,SIDES,SIDES,13030.381401,13044.01,0.105,PASS,,,
UP_TO_4.8_MT_FREEZER_2~L3~W2.5~H2.4~all_pu, UP TO 4.8 MT FREEZER  (2,20,FREEZER MEDIUM,all_pu,3.0,2.5,2.4,ROOF,ROOF,6535.151987,6535.1,0.001,PASS,,,
UP_TO_4.8_MT_FREEZER_2~L3~W2.5~H2.4~all_pu, UP TO 4.8 MT FREEZER  (2,20,FREEZER MEDIUM,all_pu,3.0,2.5,2.4,FLOOR,FLOOR,25383.428125,25383.41,0.0,PASS,,,
UP_TO_4.8_MT_FREEZER_2~L3~W2.5~H2.4~all_pu, UP TO 4.8 MT FREEZER  (2,20,FREEZER MEDIUM,all_pu,3.0,2.5,2.4,ALUMINIUM,ALUMINIUM,5367.928,5367.93,0.0,PASS,,,
UP_TO_4.8_MT_FREEZER_2~L3~W2.5~H2.4~all_pu, UP TO 4.8 MT FREEZER  (2,20,FREEZER MEDIUM,all_pu,3.0,2.5,2.4,SUB FRAME + LIGHT BOX ASSY,SUB FRAME + LIGHT BOX ASSY,7741.648808,7527.09,2.771,ACCEPTED,,MISSING_IN_MES 1MM GALV PLATE (-239.72),"[DATA] Burt's 1MM GALV PLATE (FREEZER MEDIUM, explosive bodies) / MOUNTING CLEATS (EXPLOSIVE 2.7 TO 4.8) lines have no MES line on prod."
UP_TO_4.8_MT_FREEZER_2~L3~W2.5~H2.4~all_pu, UP TO 4.8 MT FREEZER  (2,20,FREEZER MEDIUM,all_pu,3.0,2.5,2.4,REAR FRAME + FLOOR PLATE,REAR FRAME & FLOOR PLATE,4633.7716,4633.77,0.0,PASS,,,
UP_TO_4.8_MT_FREEZER_2~L3~W2.5~H2.4~all_pu, UP TO 4.8 MT FREEZER  (2,20,FREEZER MEDIUM,all_pu,3.0,2.5,2.4,SPRAY PAINTING,SPRAY PAINTING,750.0,750.0,0.0,PASS,,,
UP_TO_4.8_MT_FREEZER_2~L3~W2.5~H2.4~all_pu, UP TO 4.8 MT FREEZER  (2,20,FREEZER MEDIUM,all_pu,3.0,2.5,2.4,REFLEXITE TAPE,REFLEXITE TAPE,153.0,153.0,0.0,PASS,,,
UP_TO_4.8_MT_FREEZER_2~L3~W2.5~H2.4~srd, UP TO 4.8 MT FREEZER  (2,20,FREEZER MEDIUM,srd,3.0,2.5,2.4,FRONT,FRONT,5227.241456,5227.18,0.001,PASS,,,
UP_TO_4.8_MT_FREEZER_2~L3~W2.5~H2.4~srd, UP TO 4.8 MT FREEZER  (2,20,FREEZER MEDIUM,srd,3.0,2.5,2.4,SRD,SRD,5439.592954,28326.28,420.743,ACCEPTED,,BOTH PU (+22946.75),"[MES] PROD: the single-rear-door PU line is priced at the raw 32D rate — 1.22*2.44*2 sheets x R4 100 = R24.4k — where Burt has R245/sheet (R1.5k): +R23k on every SRD quote, on every body (chillers, freezers, icecream, explosive). Largest live-quote error found."
UP_TO_4.8_MT_FREEZER_2~L3~W2.5~H2.4~srd, UP TO 4.8 MT FREEZER  (2,20,FREEZER MEDIUM,srd,3.0,2.5,2.4,SRD DOOR FITTINGS,SRD DOOR FITTINGS,6821.62802,7695.84,12.815,ACCEPTED,,PRICE_DIFF SILPLUS X WHITE SILICONE (+580.75),"[DATA] SRD DOOR FITTINGS on every body: MES CSLB HINGES R293.46 x2 (Excel R146.73 x2 - the pair price applied per hinge) and SILPLUS X WHITE R232.30 (Excel R116.15); per body also 34MM LOCKING POLE, 28782 BIG HORIZ CAPPING, ALU CORNERS, 28780/28778 BIG VERTICAL."
UP_TO_4.8_MT_FREEZER_2~L3~W2.5~H2.4~srd, UP TO 4.8 MT FREEZER  (2,20,FREEZER MEDIUM,srd,3.0,2.5,2.4,DRD,,0.0,,,SKIP,,,
UP_TO_4.8_MT_FREEZER_2~L3~W2.5~H2.4~srd, UP TO 4.8 MT FREEZER  (2,20,FREEZER MEDIUM,srd,3.0,2.5,2.4,DRD DOOR FITTINGS,,0.0,,,SKIP,,,
UP_TO_4.8_MT_FREEZER_2~L3~W2.5~H2.4~srd, UP TO 4.8 MT FREEZER  (2,20,FREEZER MEDIUM,srd,3.0,2.5,2.4,SIDES,SIDES,13030.381401,13044.01,0.105,PASS,,,
UP_TO_4.8_MT_FREEZER_2~L3~W2.5~H2.4~srd, UP TO 4.8 MT FREEZER  (2,20,FREEZER MEDIUM,srd,3.0,2.5,2.4,ROOF,ROOF,6535.151987,6535.1,0.001,PASS,,,
UP_TO_4.8_MT_FREEZER_2~L3~W2.5~H2.4~srd, UP TO 4.8 MT FREEZER  (2,20,FREEZER MEDIUM,srd,3.0,2.5,2.4,FLOOR,FLOOR,25383.428125,25383.41,0.0,PASS,,,
UP_TO_4.8_MT_FREEZER_2~L3~W2.5~H2.4~srd, UP TO 4.8 MT FREEZER  (2,20,FREEZER MEDIUM,srd,3.0,2.5,2.4,ALUMINIUM,ALUMINIUM,5367.928,5367.93,0.0,PASS,,,
UP_TO_4.8_MT_FREEZER_2~L3~W2.5~H2.4~srd, UP TO 4.8 MT FREEZER  (2,20,FREEZER MEDIUM,srd,3.0,2.5,2.4,SUB FRAME + LIGHT BOX ASSY,SUB FRAME + LIGHT BOX ASSY,7741.648808,7527.09,2.771,ACCEPTED,,MISSING_IN_MES 1MM GALV PLATE (-239.72),"[DATA] Burt's 1MM GALV PLATE (FREEZER MEDIUM, explosive bodies) / MOUNTING CLEATS (EXPLOSIVE 2.7 TO 4.8) lines have no MES line on prod."
UP_TO_4.8_MT_FREEZER_2~L3~W2.5~H2.4~srd, UP TO 4.8 MT FREEZER  (2,20,FREEZER MEDIUM,srd,3.0,2.5,2.4,REAR FRAME + FLOOR PLATE,REAR FRAME & FLOOR PLATE,0.0,4633.77,,ACCEPTED,EXTRA_IN_MES,,"[RULING] Burt gates REAR FRAME + FLOOR PLATE on the DRD flags, so a single-rear-door body carries R0 there; MES always includes the section (R2.4k-R5.5k). Which is right needs Burt/Michael."
UP_TO_4.8_MT_FREEZER_2~L3~W2.5~H2.4~srd, UP TO 4.8 MT FREEZER  (2,20,FREEZER MEDIUM,srd,3.0,2.5,2.4,SPRAY PAINTING,SPRAY PAINTING,750.0,750.0,0.0,PASS,,,
UP_TO_4.8_MT_FREEZER_2~L3~W2.5~H2.4~srd, UP TO 4.8 MT FREEZER  (2,20,FREEZER MEDIUM,srd,3.0,2.5,2.4,REFLEXITE TAPE,REFLEXITE TAPE,153.0,153.0,0.0,PASS,,,
UP_TO_4.8_MT_FREEZER_2~L3~W2.5~H2.4~drd, UP TO 4.8 MT FREEZER  (2,20,FREEZER MEDIUM,drd,3.0,2.5,2.4,FRONT,FRONT,5227.241456,5227.18,0.001,PASS,,,
UP_TO_4.8_MT_FREEZER_2~L3~W2.5~H2.4~drd, UP TO 4.8 MT FREEZER  (2,20,FREEZER MEDIUM,drd,3.0,2.5,2.4,SRD,,0.0,,,SKIP,,,
UP_TO_4.8_MT_FREEZER_2~L3~W2.5~H2.4~drd, UP TO 4.8 MT FREEZER  (2,20,FREEZER MEDIUM,drd,3.0,2.5,2.4,SRD DOOR FITTINGS,,0.0,,,SKIP,,,
UP_TO_4.8_MT_FREEZER_2~L3~W2.5~H2.4~drd, UP TO 4.8 MT FREEZER  (2,20,FREEZER MEDIUM,drd,3.0,2.5,2.4,DRD,DRD,5994.22456,5994.18,0.001,PASS,,,
UP_TO_4.8_MT_FREEZER_2~L3~W2.5~H2.4~drd, UP TO 4.8 MT FREEZER  (2,20,FREEZER MEDIUM,drd,3.0,2.5,2.4,DRD DOOR FITTINGS,DRD DOOR FITTINGS,5983.98526,5983.99,0.0,PASS,,,
UP_TO_4.8_MT_FREEZER_2~L3~W2.5~H2.4~drd, UP TO 4.8 MT FREEZER  (2,20,FREEZER MEDIUM,drd,3.0,2.5,2.4,SIDES,SIDES,13030.381401,13044.01,0.105,PASS,,,
UP_TO_4.8_MT_FREEZER_2~L3~W2.5~H2.4~drd, UP TO 4.8 MT FREEZER  (2,20,FREEZER MEDIUM,drd,3.0,2.5,2.4,ROOF,ROOF,6535.151987,6535.1,0.001,PASS,,,
UP_TO_4.8_MT_FREEZER_2~L3~W2.5~H2.4~drd, UP TO 4.8 MT FREEZER  (2,20,FREEZER MEDIUM,drd,3.0,2.5,2.4,FLOOR,FLOOR,25383.428125,25383.41,0.0,PASS,,,
UP_TO_4.8_MT_FREEZER_2~L3~W2.5~H2.4~drd, UP TO 4.8 MT FREEZER  (2,20,FREEZER MEDIUM,drd,3.0,2.5,2.4,ALUMINIUM,ALUMINIUM,5367.928,5367.93,0.0,PASS,,,
UP_TO_4.8_MT_FREEZER_2~L3~W2.5~H2.4~drd, UP TO 4.8 MT FREEZER  (2,20,FREEZER MEDIUM,drd,3.0,2.5,2.4,SUB FRAME + LIGHT BOX ASSY,SUB FRAME + LIGHT BOX ASSY,7741.648808,7527.09,2.771,ACCEPTED,,MISSING_IN_MES 1MM GALV PLATE (-239.72),"[DATA] Burt's 1MM GALV PLATE (FREEZER MEDIUM, explosive bodies) / MOUNTING CLEATS (EXPLOSIVE 2.7 TO 4.8) lines have no MES line on prod."
UP_TO_4.8_MT_FREEZER_2~L3~W2.5~H2.4~drd, UP TO 4.8 MT FREEZER  (2,20,FREEZER MEDIUM,drd,3.0,2.5,2.4,REAR FRAME + FLOOR PLATE,REAR FRAME & FLOOR PLATE,4633.7716,4633.77,0.0,PASS,,,
UP_TO_4.8_MT_FREEZER_2~L3~W2.5~H2.4~drd, UP TO 4.8 MT FREEZER  (2,20,FREEZER MEDIUM,drd,3.0,2.5,2.4,SPRAY PAINTING,SPRAY PAINTING,750.0,750.0,0.0,PASS,,,
UP_TO_4.8_MT_FREEZER_2~L3~W2.5~H2.4~drd, UP TO 4.8 MT FREEZER  (2,20,FREEZER MEDIUM,drd,3.0,2.5,2.4,REFLEXITE TAPE,REFLEXITE TAPE,153.0,153.0,0.0,PASS,,,
UP_TO_4.8_MT_FREEZER_2~L3~W2.5~H2.4~foam_4g, UP TO 4.8 MT FREEZER  (2,20,FREEZER MEDIUM,foam_4g,3.0,2.5,2.4,FRONT,FRONT,5691.123592,5691.07,0.001,PASS,,,
UP_TO_4.8_MT_FREEZER_2~L3~W2.5~H2.4~foam_4g, UP TO 4.8 MT FREEZER  (2,20,FREEZER MEDIUM,foam_4g,3.0,2.5,2.4,SRD,,0.0,,,SKIP,,,
UP_TO_4.8_MT_FREEZER_2~L3~W2.5~H2.4~foam_4g, UP TO 4.8 MT FREEZER  (2,20,FREEZER MEDIUM,foam_4g,3.0,2.5,2.4,SRD DOOR FITTINGS,,0.0,,,SKIP,,,
UP_TO_4.8_MT_FREEZER_2~L3~W2.5~H2.4~foam_4g, UP TO 4.8 MT FREEZER  (2,20,FREEZER MEDIUM,foam_4g,3.0,2.5,2.4,DRD,DRD,6458.106696,6458.06,0.001,PASS,,,
UP_TO_4.8_MT_FREEZER_2~L3~W2.5~H2.4~foam_4g, UP TO 4.8 MT FREEZER  (2,20,FREEZER MEDIUM,foam_4g,3.0,2.5,2.4,DRD DOOR FITTINGS,DRD DOOR FITTINGS,5983.98526,5983.99,0.0,PASS,,,
UP_TO_4.8_MT_FREEZER_2~L3~W2.5~H2.4~foam_4g, UP TO 4.8 MT FREEZER  (2,20,FREEZER MEDIUM,foam_4g,3.0,2.5,2.4,SIDES,SIDES,14190.086741,14203.72,0.096,PASS,,,
UP_TO_4.8_MT_FREEZER_2~L3~W2.5~H2.4~foam_4g, UP TO 4.8 MT FREEZER  (2,20,FREEZER MEDIUM,foam_4g,3.0,2.5,2.4,ROOF,ROOF,7269.632035,7269.58,0.001,PASS,,,
UP_TO_4.8_MT_FREEZER_2~L3~W2.5~H2.4~foam_4g, UP TO 4.8 MT FREEZER  (2,20,FREEZER MEDIUM,foam_4g,3.0,2.5,2.4,FLOOR,FLOOR,26117.908173,26117.89,0.0,PASS,,,
UP_TO_4.8_MT_FREEZER_2~L3~W2.5~H2.4~foam_4g, UP TO 4.8 MT FREEZER  (2,20,FREEZER MEDIUM,foam_4g,3.0,2.5,2.4,ALUMINIUM,ALUMINIUM,5367.928,5367.93,0.0,PASS,,,
UP_TO_4.8_MT_FREEZER_2~L3~W2.5~H2.4~foam_4g, UP TO 4.8 MT FREEZER  (2,20,FREEZER MEDIUM,foam_4g,3.0,2.5,2.4,SUB FRAME + LIGHT BOX ASSY,SUB FRAME + LIGHT BOX ASSY,7741.648808,7527.09,2.771,ACCEPTED,,MISSING_IN_MES 1MM GALV PLATE (-239.72),"[DATA] Burt's 1MM GALV PLATE (FREEZER MEDIUM, explosive bodies) / MOUNTING CLEATS (EXPLOSIVE 2.7 TO 4.8) lines have no MES line on prod."
UP_TO_4.8_MT_FREEZER_2~L3~W2.5~H2.4~foam_4g, UP TO 4.8 MT FREEZER  (2,20,FREEZER MEDIUM,foam_4g,3.0,2.5,2.4,REAR FRAME + FLOOR PLATE,REAR FRAME & FLOOR PLATE,4633.7716,4633.77,0.0,PASS,,,
UP_TO_4.8_MT_FREEZER_2~L3~W2.5~H2.4~foam_4g, UP TO 4.8 MT FREEZER  (2,20,FREEZER MEDIUM,foam_4g,3.0,2.5,2.4,SPRAY PAINTING,SPRAY PAINTING,750.0,750.0,0.0,PASS,,,
UP_TO_4.8_MT_FREEZER_2~L3~W2.5~H2.4~foam_4g, UP TO 4.8 MT FREEZER  (2,20,FREEZER MEDIUM,foam_4g,3.0,2.5,2.4,REFLEXITE TAPE,REFLEXITE TAPE,153.0,153.0,0.0,PASS,,,
UP_TO_4.8_MT_FREEZER_2~L4.2~W2.5~H2.4~as_sheet, UP TO 4.8 MT FREEZER  (2,20,FREEZER MEDIUM,as_sheet,4.2,2.5,2.4,FRONT,FRONT,5227.241456,5227.18,0.001,PASS,,,
UP_TO_4.8_MT_FREEZER_2~L4.2~W2.5~H2.4~as_sheet, UP TO 4.8 MT FREEZER  (2,20,FREEZER MEDIUM,as_sheet,4.2,2.5,2.4,SRD,,0.0,,,SKIP,,,
UP_TO_4.8_MT_FREEZER_2~L4.2~W2.5~H2.4~as_sheet, UP TO 4.8 MT FREEZER  (2,20,FREEZER MEDIUM,as_sheet,4.2,2.5,2.4,SRD DOOR FITTINGS,,0.0,,,SKIP,,,
UP_TO_4.8_MT_FREEZER_2~L4.2~W2.5~H2.4~as_sheet, UP TO 4.8 MT FREEZER  (2,20,FREEZER MEDIUM,as_sheet,4.2,2.5,2.4,DRD,DRD,5994.22456,5994.18,0.001,PASS,,,
UP_TO_4.8_MT_FREEZER_2~L4.2~W2.5~H2.4~as_sheet, UP TO 4.8 MT FREEZER  (2,20,FREEZER MEDIUM,as_sheet,4.2,2.5,2.4,DRD DOOR FITTINGS,DRD DOOR FITTINGS,5983.98526,5983.99,0.0,PASS,,,
UP_TO_4.8_MT_FREEZER_2~L4.2~W2.5~H2.4~as_sheet, UP TO 4.8 MT FREEZER  (2,20,FREEZER MEDIUM,as_sheet,4.2,2.5,2.4,SIDES,SIDES,18012.316594,18029.8,0.097,PASS,,,
UP_TO_4.8_MT_FREEZER_2~L4.2~W2.5~H2.4~as_sheet, UP TO 4.8 MT FREEZER  (2,20,FREEZER MEDIUM,as_sheet,4.2,2.5,2.4,ROOF,ROOF,9061.806534,9061.73,0.001,PASS,,,
UP_TO_4.8_MT_FREEZER_2~L4.2~W2.5~H2.4~as_sheet, UP TO 4.8 MT FREEZER  (2,20,FREEZER MEDIUM,as_sheet,4.2,2.5,2.4,FLOOR,FLOOR,34797.93237,34797.9,0.0,PASS,,,
UP_TO_4.8_MT_FREEZER_2~L4.2~W2.5~H2.4~as_sheet, UP TO 4.8 MT FREEZER  (2,20,FREEZER MEDIUM,as_sheet,4.2,2.5,2.4,ALUMINIUM,ALUMINIUM,6671.728,6671.73,0.0,PASS,,,
UP_TO_4.8_MT_FREEZER_2~L4.2~W2.5~H2.4~as_sheet, UP TO 4.8 MT FREEZER  (2,20,FREEZER MEDIUM,as_sheet,4.2,2.5,2.4,SUB FRAME + LIGHT BOX ASSY,SUB FRAME + LIGHT BOX ASSY,8324.848808,8110.29,2.577,ACCEPTED,,MISSING_IN_MES 1MM GALV PLATE (-239.72),"[DATA] Burt's 1MM GALV PLATE (FREEZER MEDIUM, explosive bodies) / MOUNTING CLEATS (EXPLOSIVE 2.7 TO 4.8) lines have no MES line on prod."
UP_TO_4.8_MT_FREEZER_2~L4.2~W2.5~H2.4~as_sheet, UP TO 4.8 MT FREEZER  (2,20,FREEZER MEDIUM,as_sheet,4.2,2.5,2.4,REAR FRAME + FLOOR PLATE,REAR FRAME & FLOOR PLATE,4633.7716,4633.77,0.0,PASS,,,
UP_TO_4.8_MT_FREEZER_2~L4.2~W2.5~H2.4~as_sheet, UP TO 4.8 MT FREEZER  (2,20,FREEZER MEDIUM,as_sheet,4.2,2.5,2.4,SPRAY PAINTING,SPRAY PAINTING,750.0,750.0,0.0,PASS,,,
UP_TO_4.8_MT_FREEZER_2~L4.2~W2.5~H2.4~as_sheet, UP TO 4.8 MT FREEZER  (2,20,FREEZER MEDIUM,as_sheet,4.2,2.5,2.4,REFLEXITE TAPE,REFLEXITE TAPE,196.2,196.2,0.0,PASS,,,
UP_TO_4.8_MT_FREEZER_2~L4.2~W2.5~H2.4~all_eps, UP TO 4.8 MT FREEZER  (2,20,FREEZER MEDIUM,all_eps,4.2,2.5,2.4,FRONT,FRONT,3649.523745,4362.67,,UNVERIFIABLE,EXCEL_NO_PRICE:EPS,,
UP_TO_4.8_MT_FREEZER_2~L4.2~W2.5~H2.4~all_eps, UP TO 4.8 MT FREEZER  (2,20,FREEZER MEDIUM,all_eps,4.2,2.5,2.4,SRD,,0.0,,,SKIP,,,
UP_TO_4.8_MT_FREEZER_2~L4.2~W2.5~H2.4~all_eps, UP TO 4.8 MT FREEZER  (2,20,FREEZER MEDIUM,all_eps,4.2,2.5,2.4,SRD DOOR FITTINGS,,0.0,,,SKIP,,,
UP_TO_4.8_MT_FREEZER_2~L4.2~W2.5~H2.4~all_eps, UP TO 4.8 MT FREEZER  (2,20,FREEZER MEDIUM,all_eps,4.2,2.5,2.4,DRD,DRD,4416.116435,5594.81,,UNVERIFIABLE,EXCEL_NO_PRICE:EPS,,
UP_TO_4.8_MT_FREEZER_2~L4.2~W2.5~H2.4~all_eps, UP TO 4.8 MT FREEZER  (2,20,FREEZER MEDIUM,all_eps,4.2,2.5,2.4,DRD DOOR FITTINGS,DRD DOOR FITTINGS,5920.59594,5920.6,0.0,PASS,,,
UP_TO_4.8_MT_FREEZER_2~L4.2~W2.5~H2.4~all_eps, UP TO 4.8 MT FREEZER  (2,20,FREEZER MEDIUM,all_eps,4.2,2.5,2.4,SIDES,SIDES,12528.681635,15147.56,,UNVERIFIABLE,EXCEL_NO_PRICE:EPS,,
UP_TO_4.8_MT_FREEZER_2~L4.2~W2.5~H2.4~all_eps, UP TO 4.8 MT FREEZER  (2,20,FREEZER MEDIUM,all_eps,4.2,2.5,2.4,ROOF,ROOF,7530.703377,7530.63,0.001,PASS,,,
UP_TO_4.8_MT_FREEZER_2~L4.2~W2.5~H2.4~all_eps, UP TO 4.8 MT FREEZER  (2,20,FREEZER MEDIUM,all_eps,4.2,2.5,2.4,FLOOR,FLOOR,33266.829214,33266.8,0.0,PASS,,,
UP_TO_4.8_MT_FREEZER_2~L4.2~W2.5~H2.4~all_eps, UP TO 4.8 MT FREEZER  (2,20,FREEZER MEDIUM,all_eps,4.2,2.5,2.4,ALUMINIUM,ALUMINIUM,6671.728,6671.73,0.0,PASS,,,
UP_TO_4.8_MT_FREEZER_2~L4.2~W2.5~H2.4~all_eps, UP TO 4.8 MT FREEZER  (2,20,FREEZER MEDIUM,all_eps,4.2,2.5,2.4,SUB FRAME + LIGHT BOX ASSY,SUB FRAME + LIGHT BOX ASSY,8324.848808,8110.29,2.577,ACCEPTED,,MISSING_IN_MES 1MM GALV PLATE (-239.72),"[DATA] Burt's 1MM GALV PLATE (FREEZER MEDIUM, explosive bodies) / MOUNTING CLEATS (EXPLOSIVE 2.7 TO 4.8) lines have no MES line on prod."
UP_TO_4.8_MT_FREEZER_2~L4.2~W2.5~H2.4~all_eps, UP TO 4.8 MT FREEZER  (2,20,FREEZER MEDIUM,all_eps,4.2,2.5,2.4,REAR FRAME + FLOOR PLATE,REAR FRAME & FLOOR PLATE,4633.7716,4633.77,0.0,PASS,,,
UP_TO_4.8_MT_FREEZER_2~L4.2~W2.5~H2.4~all_eps, UP TO 4.8 MT FREEZER  (2,20,FREEZER MEDIUM,all_eps,4.2,2.5,2.4,SPRAY PAINTING,SPRAY PAINTING,750.0,750.0,0.0,PASS,,,
UP_TO_4.8_MT_FREEZER_2~L4.2~W2.5~H2.4~all_eps, UP TO 4.8 MT FREEZER  (2,20,FREEZER MEDIUM,all_eps,4.2,2.5,2.4,REFLEXITE TAPE,REFLEXITE TAPE,196.2,196.2,0.0,PASS,,,
UP_TO_4.8_MT_FREEZER_2~L4.2~W2.5~H2.4~all_pu, UP TO 4.8 MT FREEZER  (2,20,FREEZER MEDIUM,all_pu,4.2,2.5,2.4,FRONT,FRONT,5227.241456,5227.18,0.001,PASS,,,
UP_TO_4.8_MT_FREEZER_2~L4.2~W2.5~H2.4~all_pu, UP TO 4.8 MT FREEZER  (2,20,FREEZER MEDIUM,all_pu,4.2,2.5,2.4,SRD,,0.0,,,SKIP,,,
UP_TO_4.8_MT_FREEZER_2~L4.2~W2.5~H2.4~all_pu, UP TO 4.8 MT FREEZER  (2,20,FREEZER MEDIUM,all_pu,4.2,2.5,2.4,SRD DOOR FITTINGS,,0.0,,,SKIP,,,
UP_TO_4.8_MT_FREEZER_2~L4.2~W2.5~H2.4~all_pu, UP TO 4.8 MT FREEZER  (2,20,FREEZER MEDIUM,all_pu,4.2,2.5,2.4,DRD,DRD,5994.22456,5994.18,0.001,PASS,,,
UP_TO_4.8_MT_FREEZER_2~L4.2~W2.5~H2.4~all_pu, UP TO 4.8 MT FREEZER  (2,20,FREEZER MEDIUM,all_pu,4.2,2.5,2.4,DRD DOOR FITTINGS,DRD DOOR FITTINGS,5983.98526,5983.99,0.0,PASS,,,
UP_TO_4.8_MT_FREEZER_2~L4.2~W2.5~H2.4~all_pu, UP TO 4.8 MT FREEZER  (2,20,FREEZER MEDIUM,all_pu,4.2,2.5,2.4,SIDES,SIDES,18012.316594,18029.8,0.097,PASS,,,
UP_TO_4.8_MT_FREEZER_2~L4.2~W2.5~H2.4~all_pu, UP TO 4.8 MT FREEZER  (2,20,FREEZER MEDIUM,all_pu,4.2,2.5,2.4,ROOF,ROOF,9061.806534,9061.73,0.001,PASS,,,
UP_TO_4.8_MT_FREEZER_2~L4.2~W2.5~H2.4~all_pu, UP TO 4.8 MT FREEZER  (2,20,FREEZER MEDIUM,all_pu,4.2,2.5,2.4,FLOOR,FLOOR,34797.93237,34797.9,0.0,PASS,,,
UP_TO_4.8_MT_FREEZER_2~L4.2~W2.5~H2.4~all_pu, UP TO 4.8 MT FREEZER  (2,20,FREEZER MEDIUM,all_pu,4.2,2.5,2.4,ALUMINIUM,ALUMINIUM,6671.728,6671.73,0.0,PASS,,,
UP_TO_4.8_MT_FREEZER_2~L4.2~W2.5~H2.4~all_pu, UP TO 4.8 MT FREEZER  (2,20,FREEZER MEDIUM,all_pu,4.2,2.5,2.4,SUB FRAME + LIGHT BOX ASSY,SUB FRAME + LIGHT BOX ASSY,8324.848808,8110.29,2.577,ACCEPTED,,MISSING_IN_MES 1MM GALV PLATE (-239.72),"[DATA] Burt's 1MM GALV PLATE (FREEZER MEDIUM, explosive bodies) / MOUNTING CLEATS (EXPLOSIVE 2.7 TO 4.8) lines have no MES line on prod."
UP_TO_4.8_MT_FREEZER_2~L4.2~W2.5~H2.4~all_pu, UP TO 4.8 MT FREEZER  (2,20,FREEZER MEDIUM,all_pu,4.2,2.5,2.4,REAR FRAME + FLOOR PLATE,REAR FRAME & FLOOR PLATE,4633.7716,4633.77,0.0,PASS,,,
UP_TO_4.8_MT_FREEZER_2~L4.2~W2.5~H2.4~all_pu, UP TO 4.8 MT FREEZER  (2,20,FREEZER MEDIUM,all_pu,4.2,2.5,2.4,SPRAY PAINTING,SPRAY PAINTING,750.0,750.0,0.0,PASS,,,
UP_TO_4.8_MT_FREEZER_2~L4.2~W2.5~H2.4~all_pu, UP TO 4.8 MT FREEZER  (2,20,FREEZER MEDIUM,all_pu,4.2,2.5,2.4,REFLEXITE TAPE,REFLEXITE TAPE,196.2,196.2,0.0,PASS,,,
UP_TO_4.8_MT_FREEZER_2~L4.2~W2.5~H2.4~srd, UP TO 4.8 MT FREEZER  (2,20,FREEZER MEDIUM,srd,4.2,2.5,2.4,FRONT,FRONT,5227.241456,5227.18,0.001,PASS,,,
UP_TO_4.8_MT_FREEZER_2~L4.2~W2.5~H2.4~srd, UP TO 4.8 MT FREEZER  (2,20,FREEZER MEDIUM,srd,4.2,2.5,2.4,SRD,SRD,5439.592954,28326.28,420.743,ACCEPTED,,BOTH PU (+22946.75),"[MES] PROD: the single-rear-door PU line is priced at the raw 32D rate — 1.22*2.44*2 sheets x R4 100 = R24.4k — where Burt has R245/sheet (R1.5k): +R23k on every SRD quote, on every body (chillers, freezers, icecream, explosive). Largest live-quote error found."
UP_TO_4.8_MT_FREEZER_2~L4.2~W2.5~H2.4~srd, UP TO 4.8 MT FREEZER  (2,20,FREEZER MEDIUM,srd,4.2,2.5,2.4,SRD DOOR FITTINGS,SRD DOOR FITTINGS,6821.62802,7695.84,12.815,ACCEPTED,,PRICE_DIFF SILPLUS X WHITE SILICONE (+580.75),"[DATA] SRD DOOR FITTINGS on every body: MES CSLB HINGES R293.46 x2 (Excel R146.73 x2 - the pair price applied per hinge) and SILPLUS X WHITE R232.30 (Excel R116.15); per body also 34MM LOCKING POLE, 28782 BIG HORIZ CAPPING, ALU CORNERS, 28780/28778 BIG VERTICAL."
UP_TO_4.8_MT_FREEZER_2~L4.2~W2.5~H2.4~srd, UP TO 4.8 MT FREEZER  (2,20,FREEZER MEDIUM,srd,4.2,2.5,2.4,DRD,,0.0,,,SKIP,,,
UP_TO_4.8_MT_FREEZER_2~L4.2~W2.5~H2.4~srd, UP TO 4.8 MT FREEZER  (2,20,FREEZER MEDIUM,srd,4.2,2.5,2.4,DRD DOOR FITTINGS,,0.0,,,SKIP,,,
UP_TO_4.8_MT_FREEZER_2~L4.2~W2.5~H2.4~srd, UP TO 4.8 MT FREEZER  (2,20,FREEZER MEDIUM,srd,4.2,2.5,2.4,SIDES,SIDES,18012.316594,18029.8,0.097,PASS,,,
UP_TO_4.8_MT_FREEZER_2~L4.2~W2.5~H2.4~srd, UP TO 4.8 MT FREEZER  (2,20,FREEZER MEDIUM,srd,4.2,2.5,2.4,ROOF,ROOF,9061.806534,9061.73,0.001,PASS,,,
UP_TO_4.8_MT_FREEZER_2~L4.2~W2.5~H2.4~srd, UP TO 4.8 MT FREEZER  (2,20,FREEZER MEDIUM,srd,4.2,2.5,2.4,FLOOR,FLOOR,34797.93237,34797.9,0.0,PASS,,,
UP_TO_4.8_MT_FREEZER_2~L4.2~W2.5~H2.4~srd, UP TO 4.8 MT FREEZER  (2,20,FREEZER MEDIUM,srd,4.2,2.5,2.4,ALUMINIUM,ALUMINIUM,6671.728,6671.73,0.0,PASS,,,
UP_TO_4.8_MT_FREEZER_2~L4.2~W2.5~H2.4~srd, UP TO 4.8 MT FREEZER  (2,20,FREEZER MEDIUM,srd,4.2,2.5,2.4,SUB FRAME + LIGHT BOX ASSY,SUB FRAME + LIGHT BOX ASSY,8324.848808,8110.29,2.577,ACCEPTED,,MISSING_IN_MES 1MM GALV PLATE (-239.72),"[DATA] Burt's 1MM GALV PLATE (FREEZER MEDIUM, explosive bodies) / MOUNTING CLEATS (EXPLOSIVE 2.7 TO 4.8) lines have no MES line on prod."
UP_TO_4.8_MT_FREEZER_2~L4.2~W2.5~H2.4~srd, UP TO 4.8 MT FREEZER  (2,20,FREEZER MEDIUM,srd,4.2,2.5,2.4,REAR FRAME + FLOOR PLATE,REAR FRAME & FLOOR PLATE,0.0,4633.77,,ACCEPTED,EXTRA_IN_MES,,"[RULING] Burt gates REAR FRAME + FLOOR PLATE on the DRD flags, so a single-rear-door body carries R0 there; MES always includes the section (R2.4k-R5.5k). Which is right needs Burt/Michael."
UP_TO_4.8_MT_FREEZER_2~L4.2~W2.5~H2.4~srd, UP TO 4.8 MT FREEZER  (2,20,FREEZER MEDIUM,srd,4.2,2.5,2.4,SPRAY PAINTING,SPRAY PAINTING,750.0,750.0,0.0,PASS,,,
UP_TO_4.8_MT_FREEZER_2~L4.2~W2.5~H2.4~srd, UP TO 4.8 MT FREEZER  (2,20,FREEZER MEDIUM,srd,4.2,2.5,2.4,REFLEXITE TAPE,REFLEXITE TAPE,196.2,196.2,0.0,PASS,,,
UP_TO_4.8_MT_FREEZER_2~L4.2~W2.5~H2.4~drd, UP TO 4.8 MT FREEZER  (2,20,FREEZER MEDIUM,drd,4.2,2.5,2.4,FRONT,FRONT,5227.241456,5227.18,0.001,PASS,,,
UP_TO_4.8_MT_FREEZER_2~L4.2~W2.5~H2.4~drd, UP TO 4.8 MT FREEZER  (2,20,FREEZER MEDIUM,drd,4.2,2.5,2.4,SRD,,0.0,,,SKIP,,,
UP_TO_4.8_MT_FREEZER_2~L4.2~W2.5~H2.4~drd, UP TO 4.8 MT FREEZER  (2,20,FREEZER MEDIUM,drd,4.2,2.5,2.4,SRD DOOR FITTINGS,,0.0,,,SKIP,,,
UP_TO_4.8_MT_FREEZER_2~L4.2~W2.5~H2.4~drd, UP TO 4.8 MT FREEZER  (2,20,FREEZER MEDIUM,drd,4.2,2.5,2.4,DRD,DRD,5994.22456,5994.18,0.001,PASS,,,
UP_TO_4.8_MT_FREEZER_2~L4.2~W2.5~H2.4~drd, UP TO 4.8 MT FREEZER  (2,20,FREEZER MEDIUM,drd,4.2,2.5,2.4,DRD DOOR FITTINGS,DRD DOOR FITTINGS,5983.98526,5983.99,0.0,PASS,,,
UP_TO_4.8_MT_FREEZER_2~L4.2~W2.5~H2.4~drd, UP TO 4.8 MT FREEZER  (2,20,FREEZER MEDIUM,drd,4.2,2.5,2.4,SIDES,SIDES,18012.316594,18029.8,0.097,PASS,,,
UP_TO_4.8_MT_FREEZER_2~L4.2~W2.5~H2.4~drd, UP TO 4.8 MT FREEZER  (2,20,FREEZER MEDIUM,drd,4.2,2.5,2.4,ROOF,ROOF,9061.806534,9061.73,0.001,PASS,,,
UP_TO_4.8_MT_FREEZER_2~L4.2~W2.5~H2.4~drd, UP TO 4.8 MT FREEZER  (2,20,FREEZER MEDIUM,drd,4.2,2.5,2.4,FLOOR,FLOOR,34797.93237,34797.9,0.0,PASS,,,
UP_TO_4.8_MT_FREEZER_2~L4.2~W2.5~H2.4~drd, UP TO 4.8 MT FREEZER  (2,20,FREEZER MEDIUM,drd,4.2,2.5,2.4,ALUMINIUM,ALUMINIUM,6671.728,6671.73,0.0,PASS,,,
UP_TO_4.8_MT_FREEZER_2~L4.2~W2.5~H2.4~drd, UP TO 4.8 MT FREEZER  (2,20,FREEZER MEDIUM,drd,4.2,2.5,2.4,SUB FRAME + LIGHT BOX ASSY,SUB FRAME + LIGHT BOX ASSY,8324.848808,8110.29,2.577,ACCEPTED,,MISSING_IN_MES 1MM GALV PLATE (-239.72),"[DATA] Burt's 1MM GALV PLATE (FREEZER MEDIUM, explosive bodies) / MOUNTING CLEATS (EXPLOSIVE 2.7 TO 4.8) lines have no MES line on prod."
UP_TO_4.8_MT_FREEZER_2~L4.2~W2.5~H2.4~drd, UP TO 4.8 MT FREEZER  (2,20,FREEZER MEDIUM,drd,4.2,2.5,2.4,REAR FRAME + FLOOR PLATE,REAR FRAME & FLOOR PLATE,4633.7716,4633.77,0.0,PASS,,,
UP_TO_4.8_MT_FREEZER_2~L4.2~W2.5~H2.4~drd, UP TO 4.8 MT FREEZER  (2,20,FREEZER MEDIUM,drd,4.2,2.5,2.4,SPRAY PAINTING,SPRAY PAINTING,750.0,750.0,0.0,PASS,,,
UP_TO_4.8_MT_FREEZER_2~L4.2~W2.5~H2.4~drd, UP TO 4.8 MT FREEZER  (2,20,FREEZER MEDIUM,drd,4.2,2.5,2.4,REFLEXITE TAPE,REFLEXITE TAPE,196.2,196.2,0.0,PASS,,,
UP_TO_4.8_MT_FREEZER_2~L4.2~W2.5~H2.4~foam_4g, UP TO 4.8 MT FREEZER  (2,20,FREEZER MEDIUM,foam_4g,4.2,2.5,2.4,FRONT,FRONT,5691.123592,5691.07,0.001,PASS,,,
UP_TO_4.8_MT_FREEZER_2~L4.2~W2.5~H2.4~foam_4g, UP TO 4.8 MT FREEZER  (2,20,FREEZER MEDIUM,foam_4g,4.2,2.5,2.4,SRD,,0.0,,,SKIP,,,
UP_TO_4.8_MT_FREEZER_2~L4.2~W2.5~H2.4~foam_4g, UP TO 4.8 MT FREEZER  (2,20,FREEZER MEDIUM,foam_4g,4.2,2.5,2.4,SRD DOOR FITTINGS,,0.0,,,SKIP,,,
UP_TO_4.8_MT_FREEZER_2~L4.2~W2.5~H2.4~foam_4g, UP TO 4.8 MT FREEZER  (2,20,FREEZER MEDIUM,foam_4g,4.2,2.5,2.4,DRD,DRD,6458.106696,6458.06,0.001,PASS,,,
UP_TO_4.8_MT_FREEZER_2~L4.2~W2.5~H2.4~foam_4g, UP TO 4.8 MT FREEZER  (2,20,FREEZER MEDIUM,foam_4g,4.2,2.5,2.4,DRD DOOR FITTINGS,DRD DOOR FITTINGS,5983.98526,5983.99,0.0,PASS,,,
UP_TO_4.8_MT_FREEZER_2~L4.2~W2.5~H2.4~foam_4g, UP TO 4.8 MT FREEZER  (2,20,FREEZER MEDIUM,foam_4g,4.2,2.5,2.4,SIDES,SIDES,19628.299445,19645.78,0.089,PASS,,,
UP_TO_4.8_MT_FREEZER_2~L4.2~W2.5~H2.4~foam_4g, UP TO 4.8 MT FREEZER  (2,20,FREEZER MEDIUM,foam_4g,4.2,2.5,2.4,ROOF,ROOF,10085.262339,10085.19,0.001,PASS,,,
UP_TO_4.8_MT_FREEZER_2~L4.2~W2.5~H2.4~foam_4g, UP TO 4.8 MT FREEZER  (2,20,FREEZER MEDIUM,foam_4g,4.2,2.5,2.4,FLOOR,FLOOR,35821.388176,35821.36,0.0,PASS,,,
UP_TO_4.8_MT_FREEZER_2~L4.2~W2.5~H2.4~foam_4g, UP TO 4.8 MT FREEZER  (2,20,FREEZER MEDIUM,foam_4g,4.2,2.5,2.4,ALUMINIUM,ALUMINIUM,6671.728,6671.73,0.0,PASS,,,
UP_TO_4.8_MT_FREEZER_2~L4.2~W2.5~H2.4~foam_4g, UP TO 4.8 MT FREEZER  (2,20,FREEZER MEDIUM,foam_4g,4.2,2.5,2.4,SUB FRAME + LIGHT BOX ASSY,SUB FRAME + LIGHT BOX ASSY,8324.848808,8110.29,2.577,ACCEPTED,,MISSING_IN_MES 1MM GALV PLATE (-239.72),"[DATA] Burt's 1MM GALV PLATE (FREEZER MEDIUM, explosive bodies) / MOUNTING CLEATS (EXPLOSIVE 2.7 TO 4.8) lines have no MES line on prod."
UP_TO_4.8_MT_FREEZER_2~L4.2~W2.5~H2.4~foam_4g, UP TO 4.8 MT FREEZER  (2,20,FREEZER MEDIUM,foam_4g,4.2,2.5,2.4,REAR FRAME + FLOOR PLATE,REAR FRAME & FLOOR PLATE,4633.7716,4633.77,0.0,PASS,,,
UP_TO_4.8_MT_FREEZER_2~L4.2~W2.5~H2.4~foam_4g, UP TO 4.8 MT FREEZER  (2,20,FREEZER MEDIUM,foam_4g,4.2,2.5,2.4,SPRAY PAINTING,SPRAY PAINTING,750.0,750.0,0.0,PASS,,,
UP_TO_4.8_MT_FREEZER_2~L4.2~W2.5~H2.4~foam_4g, UP TO 4.8 MT FREEZER  (2,20,FREEZER MEDIUM,foam_4g,4.2,2.5,2.4,REFLEXITE TAPE,REFLEXITE TAPE,196.2,196.2,0.0,PASS,,,
UP_TO_4.8_MT_FREEZER_2~L4.8~W2.5~H2.4~as_sheet, UP TO 4.8 MT FREEZER  (2,20,FREEZER MEDIUM,as_sheet,4.8,2.5,2.4,FRONT,FRONT,5227.241456,5227.18,0.001,PASS,,,
UP_TO_4.8_MT_FREEZER_2~L4.8~W2.5~H2.4~as_sheet, UP TO 4.8 MT FREEZER  (2,20,FREEZER MEDIUM,as_sheet,4.8,2.5,2.4,SRD,,0.0,,,SKIP,,,
UP_TO_4.8_MT_FREEZER_2~L4.8~W2.5~H2.4~as_sheet, UP TO 4.8 MT FREEZER  (2,20,FREEZER MEDIUM,as_sheet,4.8,2.5,2.4,SRD DOOR FITTINGS,,0.0,,,SKIP,,,
UP_TO_4.8_MT_FREEZER_2~L4.8~W2.5~H2.4~as_sheet, UP TO 4.8 MT FREEZER  (2,20,FREEZER MEDIUM,as_sheet,4.8,2.5,2.4,DRD,DRD,5994.22456,5994.18,0.001,PASS,,,
UP_TO_4.8_MT_FREEZER_2~L4.8~W2.5~H2.4~as_sheet, UP TO 4.8 MT FREEZER  (2,20,FREEZER MEDIUM,as_sheet,4.8,2.5,2.4,DRD DOOR FITTINGS,DRD DOOR FITTINGS,5983.98526,5983.99,0.0,PASS,,,
UP_TO_4.8_MT_FREEZER_2~L4.8~W2.5~H2.4~as_sheet, UP TO 4.8 MT FREEZER  (2,20,FREEZER MEDIUM,as_sheet,4.8,2.5,2.4,SIDES,SIDES,20503.284191,20522.69,0.095,PASS,,,
UP_TO_4.8_MT_FREEZER_2~L4.8~W2.5~H2.4~as_sheet, UP TO 4.8 MT FREEZER  (2,20,FREEZER MEDIUM,as_sheet,4.8,2.5,2.4,ROOF,ROOF,10325.133807,10325.05,0.001,PASS,,,
UP_TO_4.8_MT_FREEZER_2~L4.8~W2.5~H2.4~as_sheet, UP TO 4.8 MT FREEZER  (2,20,FREEZER MEDIUM,as_sheet,4.8,2.5,2.4,FLOOR,FLOOR,39505.184493,39505.15,0.0,PASS,,,
UP_TO_4.8_MT_FREEZER_2~L4.8~W2.5~H2.4~as_sheet, UP TO 4.8 MT FREEZER  (2,20,FREEZER MEDIUM,as_sheet,4.8,2.5,2.4,ALUMINIUM,ALUMINIUM,7323.628,7323.63,0.0,PASS,,,
UP_TO_4.8_MT_FREEZER_2~L4.8~W2.5~H2.4~as_sheet, UP TO 4.8 MT FREEZER  (2,20,FREEZER MEDIUM,as_sheet,4.8,2.5,2.4,SUB FRAME + LIGHT BOX ASSY,SUB FRAME + LIGHT BOX ASSY,8616.448808,8401.89,2.49,ACCEPTED,,MISSING_IN_MES 1MM GALV PLATE (-239.72),"[DATA] Burt's 1MM GALV PLATE (FREEZER MEDIUM, explosive bodies) / MOUNTING CLEATS (EXPLOSIVE 2.7 TO 4.8) lines have no MES line on prod."
UP_TO_4.8_MT_FREEZER_2~L4.8~W2.5~H2.4~as_sheet, UP TO 4.8 MT FREEZER  (2,20,FREEZER MEDIUM,as_sheet,4.8,2.5,2.4,REAR FRAME + FLOOR PLATE,REAR FRAME & FLOOR PLATE,4633.7716,4633.77,0.0,PASS,,,
UP_TO_4.8_MT_FREEZER_2~L4.8~W2.5~H2.4~as_sheet, UP TO 4.8 MT FREEZER  (2,20,FREEZER MEDIUM,as_sheet,4.8,2.5,2.4,SPRAY PAINTING,SPRAY PAINTING,750.0,750.0,0.0,PASS,,,
UP_TO_4.8_MT_FREEZER_2~L4.8~W2.5~H2.4~as_sheet, UP TO 4.8 MT FREEZER  (2,20,FREEZER MEDIUM,as_sheet,4.8,2.5,2.4,REFLEXITE TAPE,REFLEXITE TAPE,217.8,217.8,0.0,PASS,,,
UP_TO_4.8_MT_FREEZER_2~L4.8~W2.5~H2.4~all_eps, UP TO 4.8 MT FREEZER  (2,20,FREEZER MEDIUM,all_eps,4.8,2.5,2.4,FRONT,FRONT,3649.523745,4362.67,,UNVERIFIABLE,EXCEL_NO_PRICE:EPS,,
UP_TO_4.8_MT_FREEZER_2~L4.8~W2.5~H2.4~all_eps, UP TO 4.8 MT FREEZER  (2,20,FREEZER MEDIUM,all_eps,4.8,2.5,2.4,SRD,,0.0,,,SKIP,,,
UP_TO_4.8_MT_FREEZER_2~L4.8~W2.5~H2.4~all_eps, UP TO 4.8 MT FREEZER  (2,20,FREEZER MEDIUM,all_eps,4.8,2.5,2.4,SRD DOOR FITTINGS,,0.0,,,SKIP,,,
UP_TO_4.8_MT_FREEZER_2~L4.8~W2.5~H2.4~all_eps, UP TO 4.8 MT FREEZER  (2,20,FREEZER MEDIUM,all_eps,4.8,2.5,2.4,DRD,DRD,4416.116435,5594.81,,UNVERIFIABLE,EXCEL_NO_PRICE:EPS,,
UP_TO_4.8_MT_FREEZER_2~L4.8~W2.5~H2.4~all_eps, UP TO 4.8 MT FREEZER  (2,20,FREEZER MEDIUM,all_eps,4.8,2.5,2.4,DRD DOOR FITTINGS,DRD DOOR FITTINGS,5920.59594,5920.6,0.0,PASS,,,
UP_TO_4.8_MT_FREEZER_2~L4.8~W2.5~H2.4~all_eps, UP TO 4.8 MT FREEZER  (2,20,FREEZER MEDIUM,all_eps,4.8,2.5,2.4,SIDES,SIDES,14246.289126,17233.55,,UNVERIFIABLE,EXCEL_NO_PRICE:EPS,,
UP_TO_4.8_MT_FREEZER_2~L4.8~W2.5~H2.4~all_eps, UP TO 4.8 MT FREEZER  (2,20,FREEZER MEDIUM,all_eps,4.8,2.5,2.4,ROOF,ROOF,8577.874911,8577.79,0.001,PASS,,,
UP_TO_4.8_MT_FREEZER_2~L4.8~W2.5~H2.4~all_eps, UP TO 4.8 MT FREEZER  (2,20,FREEZER MEDIUM,all_eps,4.8,2.5,2.4,FLOOR,FLOOR,37757.925597,37757.89,0.0,PASS,,,
UP_TO_4.8_MT_FREEZER_2~L4.8~W2.5~H2.4~all_eps, UP TO 4.8 MT FREEZER  (2,20,FREEZER MEDIUM,all_eps,4.8,2.5,2.4,ALUMINIUM,ALUMINIUM,7323.628,7323.63,0.0,PASS,,,
UP_TO_4.8_MT_FREEZER_2~L4.8~W2.5~H2.4~all_eps, UP TO 4.8 MT FREEZER  (2,20,FREEZER MEDIUM,all_eps,4.8,2.5,2.4,SUB FRAME + LIGHT BOX ASSY,SUB FRAME + LIGHT BOX ASSY,8616.448808,8401.89,2.49,ACCEPTED,,MISSING_IN_MES 1MM GALV PLATE (-239.72),"[DATA] Burt's 1MM GALV PLATE (FREEZER MEDIUM, explosive bodies) / MOUNTING CLEATS (EXPLOSIVE 2.7 TO 4.8) lines have no MES line on prod."
UP_TO_4.8_MT_FREEZER_2~L4.8~W2.5~H2.4~all_eps, UP TO 4.8 MT FREEZER  (2,20,FREEZER MEDIUM,all_eps,4.8,2.5,2.4,REAR FRAME + FLOOR PLATE,REAR FRAME & FLOOR PLATE,4633.7716,4633.77,0.0,PASS,,,
UP_TO_4.8_MT_FREEZER_2~L4.8~W2.5~H2.4~all_eps, UP TO 4.8 MT FREEZER  (2,20,FREEZER MEDIUM,all_eps,4.8,2.5,2.4,SPRAY PAINTING,SPRAY PAINTING,750.0,750.0,0.0,PASS,,,
UP_TO_4.8_MT_FREEZER_2~L4.8~W2.5~H2.4~all_eps, UP TO 4.8 MT FREEZER  (2,20,FREEZER MEDIUM,all_eps,4.8,2.5,2.4,REFLEXITE TAPE,REFLEXITE TAPE,217.8,217.8,0.0,PASS,,,
UP_TO_4.8_MT_FREEZER_2~L4.8~W2.5~H2.4~all_pu, UP TO 4.8 MT FREEZER  (2,20,FREEZER MEDIUM,all_pu,4.8,2.5,2.4,FRONT,FRONT,5227.241456,5227.18,0.001,PASS,,,
UP_TO_4.8_MT_FREEZER_2~L4.8~W2.5~H2.4~all_pu, UP TO 4.8 MT FREEZER  (2,20,FREEZER MEDIUM,all_pu,4.8,2.5,2.4,SRD,,0.0,,,SKIP,,,
UP_TO_4.8_MT_FREEZER_2~L4.8~W2.5~H2.4~all_pu, UP TO 4.8 MT FREEZER  (2,20,FREEZER MEDIUM,all_pu,4.8,2.5,2.4,SRD DOOR FITTINGS,,0.0,,,SKIP,,,
UP_TO_4.8_MT_FREEZER_2~L4.8~W2.5~H2.4~all_pu, UP TO 4.8 MT FREEZER  (2,20,FREEZER MEDIUM,all_pu,4.8,2.5,2.4,DRD,DRD,5994.22456,5994.18,0.001,PASS,,,
UP_TO_4.8_MT_FREEZER_2~L4.8~W2.5~H2.4~all_pu, UP TO 4.8 MT FREEZER  (2,20,FREEZER MEDIUM,all_pu,4.8,2.5,2.4,DRD DOOR FITTINGS,DRD DOOR FITTINGS,5983.98526,5983.99,0.0,PASS,,,
UP_TO_4.8_MT_FREEZER_2~L4.8~W2.5~H2.4~all_pu, UP TO 4.8 MT FREEZER  (2,20,FREEZER MEDIUM,all_pu,4.8,2.5,2.4,SIDES,SIDES,20503.284191,20522.69,0.095,PASS,,,
UP_TO_4.8_MT_FREEZER_2~L4.8~W2.5~H2.4~all_pu, UP TO 4.8 MT FREEZER  (2,20,FREEZER MEDIUM,all_pu,4.8,2.5,2.4,ROOF,ROOF,10325.133807,10325.05,0.001,PASS,,,
UP_TO_4.8_MT_FREEZER_2~L4.8~W2.5~H2.4~all_pu, UP TO 4.8 MT FREEZER  (2,20,FREEZER MEDIUM,all_pu,4.8,2.5,2.4,FLOOR,FLOOR,39505.184493,39505.15,0.0,PASS,,,
UP_TO_4.8_MT_FREEZER_2~L4.8~W2.5~H2.4~all_pu, UP TO 4.8 MT FREEZER  (2,20,FREEZER MEDIUM,all_pu,4.8,2.5,2.4,ALUMINIUM,ALUMINIUM,7323.628,7323.63,0.0,PASS,,,
UP_TO_4.8_MT_FREEZER_2~L4.8~W2.5~H2.4~all_pu, UP TO 4.8 MT FREEZER  (2,20,FREEZER MEDIUM,all_pu,4.8,2.5,2.4,SUB FRAME + LIGHT BOX ASSY,SUB FRAME + LIGHT BOX ASSY,8616.448808,8401.89,2.49,ACCEPTED,,MISSING_IN_MES 1MM GALV PLATE (-239.72),"[DATA] Burt's 1MM GALV PLATE (FREEZER MEDIUM, explosive bodies) / MOUNTING CLEATS (EXPLOSIVE 2.7 TO 4.8) lines have no MES line on prod."
UP_TO_4.8_MT_FREEZER_2~L4.8~W2.5~H2.4~all_pu, UP TO 4.8 MT FREEZER  (2,20,FREEZER MEDIUM,all_pu,4.8,2.5,2.4,REAR FRAME + FLOOR PLATE,REAR FRAME & FLOOR PLATE,4633.7716,4633.77,0.0,PASS,,,
UP_TO_4.8_MT_FREEZER_2~L4.8~W2.5~H2.4~all_pu, UP TO 4.8 MT FREEZER  (2,20,FREEZER MEDIUM,all_pu,4.8,2.5,2.4,SPRAY PAINTING,SPRAY PAINTING,750.0,750.0,0.0,PASS,,,
UP_TO_4.8_MT_FREEZER_2~L4.8~W2.5~H2.4~all_pu, UP TO 4.8 MT FREEZER  (2,20,FREEZER MEDIUM,all_pu,4.8,2.5,2.4,REFLEXITE TAPE,REFLEXITE TAPE,217.8,217.8,0.0,PASS,,,
UP_TO_4.8_MT_FREEZER_2~L4.8~W2.5~H2.4~srd, UP TO 4.8 MT FREEZER  (2,20,FREEZER MEDIUM,srd,4.8,2.5,2.4,FRONT,FRONT,5227.241456,5227.18,0.001,PASS,,,
UP_TO_4.8_MT_FREEZER_2~L4.8~W2.5~H2.4~srd, UP TO 4.8 MT FREEZER  (2,20,FREEZER MEDIUM,srd,4.8,2.5,2.4,SRD,SRD,5439.592954,28326.28,420.743,ACCEPTED,,BOTH PU (+22946.75),"[MES] PROD: the single-rear-door PU line is priced at the raw 32D rate — 1.22*2.44*2 sheets x R4 100 = R24.4k — where Burt has R245/sheet (R1.5k): +R23k on every SRD quote, on every body (chillers, freezers, icecream, explosive). Largest live-quote error found."
UP_TO_4.8_MT_FREEZER_2~L4.8~W2.5~H2.4~srd, UP TO 4.8 MT FREEZER  (2,20,FREEZER MEDIUM,srd,4.8,2.5,2.4,SRD DOOR FITTINGS,SRD DOOR FITTINGS,6821.62802,7695.84,12.815,ACCEPTED,,PRICE_DIFF SILPLUS X WHITE SILICONE (+580.75),"[DATA] SRD DOOR FITTINGS on every body: MES CSLB HINGES R293.46 x2 (Excel R146.73 x2 - the pair price applied per hinge) and SILPLUS X WHITE R232.30 (Excel R116.15); per body also 34MM LOCKING POLE, 28782 BIG HORIZ CAPPING, ALU CORNERS, 28780/28778 BIG VERTICAL."
UP_TO_4.8_MT_FREEZER_2~L4.8~W2.5~H2.4~srd, UP TO 4.8 MT FREEZER  (2,20,FREEZER MEDIUM,srd,4.8,2.5,2.4,DRD,,0.0,,,SKIP,,,
UP_TO_4.8_MT_FREEZER_2~L4.8~W2.5~H2.4~srd, UP TO 4.8 MT FREEZER  (2,20,FREEZER MEDIUM,srd,4.8,2.5,2.4,DRD DOOR FITTINGS,,0.0,,,SKIP,,,
UP_TO_4.8_MT_FREEZER_2~L4.8~W2.5~H2.4~srd, UP TO 4.8 MT FREEZER  (2,20,FREEZER MEDIUM,srd,4.8,2.5,2.4,SIDES,SIDES,20503.284191,20522.69,0.095,PASS,,,
UP_TO_4.8_MT_FREEZER_2~L4.8~W2.5~H2.4~srd, UP TO 4.8 MT FREEZER  (2,20,FREEZER MEDIUM,srd,4.8,2.5,2.4,ROOF,ROOF,10325.133807,10325.05,0.001,PASS,,,
UP_TO_4.8_MT_FREEZER_2~L4.8~W2.5~H2.4~srd, UP TO 4.8 MT FREEZER  (2,20,FREEZER MEDIUM,srd,4.8,2.5,2.4,FLOOR,FLOOR,39505.184493,39505.15,0.0,PASS,,,
UP_TO_4.8_MT_FREEZER_2~L4.8~W2.5~H2.4~srd, UP TO 4.8 MT FREEZER  (2,20,FREEZER MEDIUM,srd,4.8,2.5,2.4,ALUMINIUM,ALUMINIUM,7323.628,7323.63,0.0,PASS,,,
UP_TO_4.8_MT_FREEZER_2~L4.8~W2.5~H2.4~srd, UP TO 4.8 MT FREEZER  (2,20,FREEZER MEDIUM,srd,4.8,2.5,2.4,SUB FRAME + LIGHT BOX ASSY,SUB FRAME + LIGHT BOX ASSY,8616.448808,8401.89,2.49,ACCEPTED,,MISSING_IN_MES 1MM GALV PLATE (-239.72),"[DATA] Burt's 1MM GALV PLATE (FREEZER MEDIUM, explosive bodies) / MOUNTING CLEATS (EXPLOSIVE 2.7 TO 4.8) lines have no MES line on prod."
UP_TO_4.8_MT_FREEZER_2~L4.8~W2.5~H2.4~srd, UP TO 4.8 MT FREEZER  (2,20,FREEZER MEDIUM,srd,4.8,2.5,2.4,REAR FRAME + FLOOR PLATE,REAR FRAME & FLOOR PLATE,0.0,4633.77,,ACCEPTED,EXTRA_IN_MES,,"[RULING] Burt gates REAR FRAME + FLOOR PLATE on the DRD flags, so a single-rear-door body carries R0 there; MES always includes the section (R2.4k-R5.5k). Which is right needs Burt/Michael."
UP_TO_4.8_MT_FREEZER_2~L4.8~W2.5~H2.4~srd, UP TO 4.8 MT FREEZER  (2,20,FREEZER MEDIUM,srd,4.8,2.5,2.4,SPRAY PAINTING,SPRAY PAINTING,750.0,750.0,0.0,PASS,,,
UP_TO_4.8_MT_FREEZER_2~L4.8~W2.5~H2.4~srd, UP TO 4.8 MT FREEZER  (2,20,FREEZER MEDIUM,srd,4.8,2.5,2.4,REFLEXITE TAPE,REFLEXITE TAPE,217.8,217.8,0.0,PASS,,,
UP_TO_4.8_MT_FREEZER_2~L4.8~W2.5~H2.4~drd, UP TO 4.8 MT FREEZER  (2,20,FREEZER MEDIUM,drd,4.8,2.5,2.4,FRONT,FRONT,5227.241456,5227.18,0.001,PASS,,,
UP_TO_4.8_MT_FREEZER_2~L4.8~W2.5~H2.4~drd, UP TO 4.8 MT FREEZER  (2,20,FREEZER MEDIUM,drd,4.8,2.5,2.4,SRD,,0.0,,,SKIP,,,
UP_TO_4.8_MT_FREEZER_2~L4.8~W2.5~H2.4~drd, UP TO 4.8 MT FREEZER  (2,20,FREEZER MEDIUM,drd,4.8,2.5,2.4,SRD DOOR FITTINGS,,0.0,,,SKIP,,,
UP_TO_4.8_MT_FREEZER_2~L4.8~W2.5~H2.4~drd, UP TO 4.8 MT FREEZER  (2,20,FREEZER MEDIUM,drd,4.8,2.5,2.4,DRD,DRD,5994.22456,5994.18,0.001,PASS,,,
UP_TO_4.8_MT_FREEZER_2~L4.8~W2.5~H2.4~drd, UP TO 4.8 MT FREEZER  (2,20,FREEZER MEDIUM,drd,4.8,2.5,2.4,DRD DOOR FITTINGS,DRD DOOR FITTINGS,5983.98526,5983.99,0.0,PASS,,,
UP_TO_4.8_MT_FREEZER_2~L4.8~W2.5~H2.4~drd, UP TO 4.8 MT FREEZER  (2,20,FREEZER MEDIUM,drd,4.8,2.5,2.4,SIDES,SIDES,20503.284191,20522.69,0.095,PASS,,,
UP_TO_4.8_MT_FREEZER_2~L4.8~W2.5~H2.4~drd, UP TO 4.8 MT FREEZER  (2,20,FREEZER MEDIUM,drd,4.8,2.5,2.4,ROOF,ROOF,10325.133807,10325.05,0.001,PASS,,,
UP_TO_4.8_MT_FREEZER_2~L4.8~W2.5~H2.4~drd, UP TO 4.8 MT FREEZER  (2,20,FREEZER MEDIUM,drd,4.8,2.5,2.4,FLOOR,FLOOR,39505.184493,39505.15,0.0,PASS,,,
UP_TO_4.8_MT_FREEZER_2~L4.8~W2.5~H2.4~drd, UP TO 4.8 MT FREEZER  (2,20,FREEZER MEDIUM,drd,4.8,2.5,2.4,ALUMINIUM,ALUMINIUM,7323.628,7323.63,0.0,PASS,,,
UP_TO_4.8_MT_FREEZER_2~L4.8~W2.5~H2.4~drd, UP TO 4.8 MT FREEZER  (2,20,FREEZER MEDIUM,drd,4.8,2.5,2.4,SUB FRAME + LIGHT BOX ASSY,SUB FRAME + LIGHT BOX ASSY,8616.448808,8401.89,2.49,ACCEPTED,,MISSING_IN_MES 1MM GALV PLATE (-239.72),"[DATA] Burt's 1MM GALV PLATE (FREEZER MEDIUM, explosive bodies) / MOUNTING CLEATS (EXPLOSIVE 2.7 TO 4.8) lines have no MES line on prod."
UP_TO_4.8_MT_FREEZER_2~L4.8~W2.5~H2.4~drd, UP TO 4.8 MT FREEZER  (2,20,FREEZER MEDIUM,drd,4.8,2.5,2.4,REAR FRAME + FLOOR PLATE,REAR FRAME & FLOOR PLATE,4633.7716,4633.77,0.0,PASS,,,
UP_TO_4.8_MT_FREEZER_2~L4.8~W2.5~H2.4~drd, UP TO 4.8 MT FREEZER  (2,20,FREEZER MEDIUM,drd,4.8,2.5,2.4,SPRAY PAINTING,SPRAY PAINTING,750.0,750.0,0.0,PASS,,,
UP_TO_4.8_MT_FREEZER_2~L4.8~W2.5~H2.4~drd, UP TO 4.8 MT FREEZER  (2,20,FREEZER MEDIUM,drd,4.8,2.5,2.4,REFLEXITE TAPE,REFLEXITE TAPE,217.8,217.8,0.0,PASS,,,
UP_TO_4.8_MT_FREEZER_2~L4.8~W2.5~H2.4~foam_4g, UP TO 4.8 MT FREEZER  (2,20,FREEZER MEDIUM,foam_4g,4.8,2.5,2.4,FRONT,FRONT,5691.123592,5691.07,0.001,PASS,,,
UP_TO_4.8_MT_FREEZER_2~L4.8~W2.5~H2.4~foam_4g, UP TO 4.8 MT FREEZER  (2,20,FREEZER MEDIUM,foam_4g,4.8,2.5,2.4,SRD,,0.0,,,SKIP,,,
UP_TO_4.8_MT_FREEZER_2~L4.8~W2.5~H2.4~foam_4g, UP TO 4.8 MT FREEZER  (2,20,FREEZER MEDIUM,foam_4g,4.8,2.5,2.4,SRD DOOR FITTINGS,,0.0,,,SKIP,,,
UP_TO_4.8_MT_FREEZER_2~L4.8~W2.5~H2.4~foam_4g, UP TO 4.8 MT FREEZER  (2,20,FREEZER MEDIUM,foam_4g,4.8,2.5,2.4,DRD,DRD,6458.106696,6458.06,0.001,PASS,,,
UP_TO_4.8_MT_FREEZER_2~L4.8~W2.5~H2.4~foam_4g, UP TO 4.8 MT FREEZER  (2,20,FREEZER MEDIUM,foam_4g,4.8,2.5,2.4,DRD DOOR FITTINGS,DRD DOOR FITTINGS,5983.98526,5983.99,0.0,PASS,,,
UP_TO_4.8_MT_FREEZER_2~L4.8~W2.5~H2.4~foam_4g, UP TO 4.8 MT FREEZER  (2,20,FREEZER MEDIUM,foam_4g,4.8,2.5,2.4,SIDES,SIDES,22347.405797,22366.81,0.087,PASS,,,
UP_TO_4.8_MT_FREEZER_2~L4.8~W2.5~H2.4~foam_4g, UP TO 4.8 MT FREEZER  (2,20,FREEZER MEDIUM,foam_4g,4.8,2.5,2.4,ROOF,ROOF,11493.077491,11493.0,0.001,PASS,,,
UP_TO_4.8_MT_FREEZER_2~L4.8~W2.5~H2.4~foam_4g, UP TO 4.8 MT FREEZER  (2,20,FREEZER MEDIUM,foam_4g,4.8,2.5,2.4,FLOOR,FLOOR,40673.128177,40673.09,0.0,PASS,,,
UP_TO_4.8_MT_FREEZER_2~L4.8~W2.5~H2.4~foam_4g, UP TO 4.8 MT FREEZER  (2,20,FREEZER MEDIUM,foam_4g,4.8,2.5,2.4,ALUMINIUM,ALUMINIUM,7323.628,7323.63,0.0,PASS,,,
UP_TO_4.8_MT_FREEZER_2~L4.8~W2.5~H2.4~foam_4g, UP TO 4.8 MT FREEZER  (2,20,FREEZER MEDIUM,foam_4g,4.8,2.5,2.4,SUB FRAME + LIGHT BOX ASSY,SUB FRAME + LIGHT BOX ASSY,8616.448808,8401.89,2.49,ACCEPTED,,MISSING_IN_MES 1MM GALV PLATE (-239.72),"[DATA] Burt's 1MM GALV PLATE (FREEZER MEDIUM, explosive bodies) / MOUNTING CLEATS (EXPLOSIVE 2.7 TO 4.8) lines have no MES line on prod."
UP_TO_4.8_MT_FREEZER_2~L4.8~W2.5~H2.4~foam_4g, UP TO 4.8 MT FREEZER  (2,20,FREEZER MEDIUM,foam_4g,4.8,2.5,2.4,REAR FRAME + FLOOR PLATE,REAR FRAME & FLOOR PLATE,4633.7716,4633.77,0.0,PASS,,,
UP_TO_4.8_MT_FREEZER_2~L4.8~W2.5~H2.4~foam_4g, UP TO 4.8 MT FREEZER  (2,20,FREEZER MEDIUM,foam_4g,4.8,2.5,2.4,SPRAY PAINTING,SPRAY PAINTING,750.0,750.0,0.0,PASS,,,
UP_TO_4.8_MT_FREEZER_2~L4.8~W2.5~H2.4~foam_4g, UP TO 4.8 MT FREEZER  (2,20,FREEZER MEDIUM,foam_4g,4.8,2.5,2.4,REFLEXITE TAPE,REFLEXITE TAPE,217.8,217.8,0.0,PASS,,,
UP_TO_4.8_MT_FREEZER_2~L5.6~W2.5~H2.4~as_sheet, UP TO 4.8 MT FREEZER  (2,20,FREEZER MEDIUM,as_sheet,5.6,2.5,2.4,FRONT,FRONT,5227.241456,5227.18,0.001,PASS,,,
UP_TO_4.8_MT_FREEZER_2~L5.6~W2.5~H2.4~as_sheet, UP TO 4.8 MT FREEZER  (2,20,FREEZER MEDIUM,as_sheet,5.6,2.5,2.4,SRD,,0.0,,,SKIP,,,
UP_TO_4.8_MT_FREEZER_2~L5.6~W2.5~H2.4~as_sheet, UP TO 4.8 MT FREEZER  (2,20,FREEZER MEDIUM,as_sheet,5.6,2.5,2.4,SRD DOOR FITTINGS,,0.0,,,SKIP,,,
UP_TO_4.8_MT_FREEZER_2~L5.6~W2.5~H2.4~as_sheet, UP TO 4.8 MT FREEZER  (2,20,FREEZER MEDIUM,as_sheet,5.6,2.5,2.4,DRD,DRD,5994.22456,5994.18,0.001,PASS,,,
UP_TO_4.8_MT_FREEZER_2~L5.6~W2.5~H2.4~as_sheet, UP TO 4.8 MT FREEZER  (2,20,FREEZER MEDIUM,as_sheet,5.6,2.5,2.4,DRD DOOR FITTINGS,DRD DOOR FITTINGS,5983.98526,5983.99,0.0,PASS,,,
UP_TO_4.8_MT_FREEZER_2~L5.6~W2.5~H2.4~as_sheet, UP TO 4.8 MT FREEZER  (2,20,FREEZER MEDIUM,as_sheet,5.6,2.5,2.4,SIDES,SIDES,23824.574319,23846.54,0.092,PASS,,,
UP_TO_4.8_MT_FREEZER_2~L5.6~W2.5~H2.4~as_sheet, UP TO 4.8 MT FREEZER  (2,20,FREEZER MEDIUM,as_sheet,5.6,2.5,2.4,ROOF,ROOF,12009.570172,12009.47,0.001,PASS,,,
UP_TO_4.8_MT_FREEZER_2~L5.6~W2.5~H2.4~as_sheet, UP TO 4.8 MT FREEZER  (2,20,FREEZER MEDIUM,as_sheet,5.6,2.5,2.4,FLOOR,FLOOR,45781.520657,45781.48,0.0,PASS,,,
UP_TO_4.8_MT_FREEZER_2~L5.6~W2.5~H2.4~as_sheet, UP TO 4.8 MT FREEZER  (2,20,FREEZER MEDIUM,as_sheet,5.6,2.5,2.4,ALUMINIUM,ALUMINIUM,8192.828,8192.83,0.0,PASS,,,
UP_TO_4.8_MT_FREEZER_2~L5.6~W2.5~H2.4~as_sheet, UP TO 4.8 MT FREEZER  (2,20,FREEZER MEDIUM,as_sheet,5.6,2.5,2.4,SUB FRAME + LIGHT BOX ASSY,SUB FRAME + LIGHT BOX ASSY,9005.248808,8790.69,2.383,ACCEPTED,,MISSING_IN_MES 1MM GALV PLATE (-239.72),"[DATA] Burt's 1MM GALV PLATE (FREEZER MEDIUM, explosive bodies) / MOUNTING CLEATS (EXPLOSIVE 2.7 TO 4.8) lines have no MES line on prod."
UP_TO_4.8_MT_FREEZER_2~L5.6~W2.5~H2.4~as_sheet, UP TO 4.8 MT FREEZER  (2,20,FREEZER MEDIUM,as_sheet,5.6,2.5,2.4,REAR FRAME + FLOOR PLATE,REAR FRAME & FLOOR PLATE,4633.7716,4633.77,0.0,PASS,,,
UP_TO_4.8_MT_FREEZER_2~L5.6~W2.5~H2.4~as_sheet, UP TO 4.8 MT FREEZER  (2,20,FREEZER MEDIUM,as_sheet,5.6,2.5,2.4,SPRAY PAINTING,SPRAY PAINTING,750.0,750.0,0.0,PASS,,,
UP_TO_4.8_MT_FREEZER_2~L5.6~W2.5~H2.4~as_sheet, UP TO 4.8 MT FREEZER  (2,20,FREEZER MEDIUM,as_sheet,5.6,2.5,2.4,REFLEXITE TAPE,REFLEXITE TAPE,246.6,246.6,0.0,PASS,,,
UP_TO_4.8_MT_FREEZER_2~L5.6~W2.5~H2.4~all_eps, UP TO 4.8 MT FREEZER  (2,20,FREEZER MEDIUM,all_eps,5.6,2.5,2.4,FRONT,FRONT,3649.523745,4362.67,,UNVERIFIABLE,EXCEL_NO_PRICE:EPS,,
UP_TO_4.8_MT_FREEZER_2~L5.6~W2.5~H2.4~all_eps, UP TO 4.8 MT FREEZER  (2,20,FREEZER MEDIUM,all_eps,5.6,2.5,2.4,SRD,,0.0,,,SKIP,,,
UP_TO_4.8_MT_FREEZER_2~L5.6~W2.5~H2.4~all_eps, UP TO 4.8 MT FREEZER  (2,20,FREEZER MEDIUM,all_eps,5.6,2.5,2.4,SRD DOOR FITTINGS,,0.0,,,SKIP,,,
UP_TO_4.8_MT_FREEZER_2~L5.6~W2.5~H2.4~all_eps, UP TO 4.8 MT FREEZER  (2,20,FREEZER MEDIUM,all_eps,5.6,2.5,2.4,DRD,DRD,4416.116435,5594.81,,UNVERIFIABLE,EXCEL_NO_PRICE:EPS,,
UP_TO_4.8_MT_FREEZER_2~L5.6~W2.5~H2.4~all_eps, UP TO 4.8 MT FREEZER  (2,20,FREEZER MEDIUM,all_eps,5.6,2.5,2.4,DRD DOOR FITTINGS,DRD DOOR FITTINGS,5920.59594,5920.6,0.0,PASS,,,
UP_TO_4.8_MT_FREEZER_2~L5.6~W2.5~H2.4~all_eps, UP TO 4.8 MT FREEZER  (2,20,FREEZER MEDIUM,all_eps,5.6,2.5,2.4,SIDES,SIDES,16536.432447,20014.86,,UNVERIFIABLE,EXCEL_NO_PRICE:EPS,,
UP_TO_4.8_MT_FREEZER_2~L5.6~W2.5~H2.4~all_eps, UP TO 4.8 MT FREEZER  (2,20,FREEZER MEDIUM,all_eps,5.6,2.5,2.4,ROOF,ROOF,9974.103623,9974.01,0.001,PASS,,,
UP_TO_4.8_MT_FREEZER_2~L5.6~W2.5~H2.4~all_eps, UP TO 4.8 MT FREEZER  (2,20,FREEZER MEDIUM,all_eps,5.6,2.5,2.4,FLOOR,FLOOR,43746.054108,43746.01,0.0,PASS,,,
UP_TO_4.8_MT_FREEZER_2~L5.6~W2.5~H2.4~all_eps, UP TO 4.8 MT FREEZER  (2,20,FREEZER MEDIUM,all_eps,5.6,2.5,2.4,ALUMINIUM,ALUMINIUM,8192.828,8192.83,0.0,PASS,,,
UP_TO_4.8_MT_FREEZER_2~L5.6~W2.5~H2.4~all_eps, UP TO 4.8 MT FREEZER  (2,20,FREEZER MEDIUM,all_eps,5.6,2.5,2.4,SUB FRAME + LIGHT BOX ASSY,SUB FRAME + LIGHT BOX ASSY,9005.248808,8790.69,2.383,ACCEPTED,,MISSING_IN_MES 1MM GALV PLATE (-239.72),"[DATA] Burt's 1MM GALV PLATE (FREEZER MEDIUM, explosive bodies) / MOUNTING CLEATS (EXPLOSIVE 2.7 TO 4.8) lines have no MES line on prod."
UP_TO_4.8_MT_FREEZER_2~L5.6~W2.5~H2.4~all_eps, UP TO 4.8 MT FREEZER  (2,20,FREEZER MEDIUM,all_eps,5.6,2.5,2.4,REAR FRAME + FLOOR PLATE,REAR FRAME & FLOOR PLATE,4633.7716,4633.77,0.0,PASS,,,
UP_TO_4.8_MT_FREEZER_2~L5.6~W2.5~H2.4~all_eps, UP TO 4.8 MT FREEZER  (2,20,FREEZER MEDIUM,all_eps,5.6,2.5,2.4,SPRAY PAINTING,SPRAY PAINTING,750.0,750.0,0.0,PASS,,,
UP_TO_4.8_MT_FREEZER_2~L5.6~W2.5~H2.4~all_eps, UP TO 4.8 MT FREEZER  (2,20,FREEZER MEDIUM,all_eps,5.6,2.5,2.4,REFLEXITE TAPE,REFLEXITE TAPE,246.6,246.6,0.0,PASS,,,
UP_TO_4.8_MT_FREEZER_2~L5.6~W2.5~H2.4~all_pu, UP TO 4.8 MT FREEZER  (2,20,FREEZER MEDIUM,all_pu,5.6,2.5,2.4,FRONT,FRONT,5227.241456,5227.18,0.001,PASS,,,
UP_TO_4.8_MT_FREEZER_2~L5.6~W2.5~H2.4~all_pu, UP TO 4.8 MT FREEZER  (2,20,FREEZER MEDIUM,all_pu,5.6,2.5,2.4,SRD,,0.0,,,SKIP,,,
UP_TO_4.8_MT_FREEZER_2~L5.6~W2.5~H2.4~all_pu, UP TO 4.8 MT FREEZER  (2,20,FREEZER MEDIUM,all_pu,5.6,2.5,2.4,SRD DOOR FITTINGS,,0.0,,,SKIP,,,
UP_TO_4.8_MT_FREEZER_2~L5.6~W2.5~H2.4~all_pu, UP TO 4.8 MT FREEZER  (2,20,FREEZER MEDIUM,all_pu,5.6,2.5,2.4,DRD,DRD,5994.22456,5994.18,0.001,PASS,,,
UP_TO_4.8_MT_FREEZER_2~L5.6~W2.5~H2.4~all_pu, UP TO 4.8 MT FREEZER  (2,20,FREEZER MEDIUM,all_pu,5.6,2.5,2.4,DRD DOOR FITTINGS,DRD DOOR FITTINGS,5983.98526,5983.99,0.0,PASS,,,
UP_TO_4.8_MT_FREEZER_2~L5.6~W2.5~H2.4~all_pu, UP TO 4.8 MT FREEZER  (2,20,FREEZER MEDIUM,all_pu,5.6,2.5,2.4,SIDES,SIDES,23824.574319,23846.54,0.092,PASS,,,
UP_TO_4.8_MT_FREEZER_2~L5.6~W2.5~H2.4~all_pu, UP TO 4.8 MT FREEZER  (2,20,FREEZER MEDIUM,all_pu,5.6,2.5,2.4,ROOF,ROOF,12009.570172,12009.47,0.001,PASS,,,
UP_TO_4.8_MT_FREEZER_2~L5.6~W2.5~H2.4~all_pu, UP TO 4.8 MT FREEZER  (2,20,FREEZER MEDIUM,all_pu,5.6,2.5,2.4,FLOOR,FLOOR,45781.520657,45781.48,0.0,PASS,,,
UP_TO_4.8_MT_FREEZER_2~L5.6~W2.5~H2.4~all_pu, UP TO 4.8 MT FREEZER  (2,20,FREEZER MEDIUM,all_pu,5.6,2.5,2.4,ALUMINIUM,ALUMINIUM,8192.828,8192.83,0.0,PASS,,,
UP_TO_4.8_MT_FREEZER_2~L5.6~W2.5~H2.4~all_pu, UP TO 4.8 MT FREEZER  (2,20,FREEZER MEDIUM,all_pu,5.6,2.5,2.4,SUB FRAME + LIGHT BOX ASSY,SUB FRAME + LIGHT BOX ASSY,9005.248808,8790.69,2.383,ACCEPTED,,MISSING_IN_MES 1MM GALV PLATE (-239.72),"[DATA] Burt's 1MM GALV PLATE (FREEZER MEDIUM, explosive bodies) / MOUNTING CLEATS (EXPLOSIVE 2.7 TO 4.8) lines have no MES line on prod."
UP_TO_4.8_MT_FREEZER_2~L5.6~W2.5~H2.4~all_pu, UP TO 4.8 MT FREEZER  (2,20,FREEZER MEDIUM,all_pu,5.6,2.5,2.4,REAR FRAME + FLOOR PLATE,REAR FRAME & FLOOR PLATE,4633.7716,4633.77,0.0,PASS,,,
UP_TO_4.8_MT_FREEZER_2~L5.6~W2.5~H2.4~all_pu, UP TO 4.8 MT FREEZER  (2,20,FREEZER MEDIUM,all_pu,5.6,2.5,2.4,SPRAY PAINTING,SPRAY PAINTING,750.0,750.0,0.0,PASS,,,
UP_TO_4.8_MT_FREEZER_2~L5.6~W2.5~H2.4~all_pu, UP TO 4.8 MT FREEZER  (2,20,FREEZER MEDIUM,all_pu,5.6,2.5,2.4,REFLEXITE TAPE,REFLEXITE TAPE,246.6,246.6,0.0,PASS,,,
UP_TO_4.8_MT_FREEZER_2~L5.6~W2.5~H2.4~srd, UP TO 4.8 MT FREEZER  (2,20,FREEZER MEDIUM,srd,5.6,2.5,2.4,FRONT,FRONT,5227.241456,5227.18,0.001,PASS,,,
UP_TO_4.8_MT_FREEZER_2~L5.6~W2.5~H2.4~srd, UP TO 4.8 MT FREEZER  (2,20,FREEZER MEDIUM,srd,5.6,2.5,2.4,SRD,SRD,5439.592954,28326.28,420.743,ACCEPTED,,BOTH PU (+22946.75),"[MES] PROD: the single-rear-door PU line is priced at the raw 32D rate — 1.22*2.44*2 sheets x R4 100 = R24.4k — where Burt has R245/sheet (R1.5k): +R23k on every SRD quote, on every body (chillers, freezers, icecream, explosive). Largest live-quote error found."
UP_TO_4.8_MT_FREEZER_2~L5.6~W2.5~H2.4~srd, UP TO 4.8 MT FREEZER  (2,20,FREEZER MEDIUM,srd,5.6,2.5,2.4,SRD DOOR FITTINGS,SRD DOOR FITTINGS,6821.62802,7695.84,12.815,ACCEPTED,,PRICE_DIFF SILPLUS X WHITE SILICONE (+580.75),"[DATA] SRD DOOR FITTINGS on every body: MES CSLB HINGES R293.46 x2 (Excel R146.73 x2 - the pair price applied per hinge) and SILPLUS X WHITE R232.30 (Excel R116.15); per body also 34MM LOCKING POLE, 28782 BIG HORIZ CAPPING, ALU CORNERS, 28780/28778 BIG VERTICAL."
UP_TO_4.8_MT_FREEZER_2~L5.6~W2.5~H2.4~srd, UP TO 4.8 MT FREEZER  (2,20,FREEZER MEDIUM,srd,5.6,2.5,2.4,DRD,,0.0,,,SKIP,,,
UP_TO_4.8_MT_FREEZER_2~L5.6~W2.5~H2.4~srd, UP TO 4.8 MT FREEZER  (2,20,FREEZER MEDIUM,srd,5.6,2.5,2.4,DRD DOOR FITTINGS,,0.0,,,SKIP,,,
UP_TO_4.8_MT_FREEZER_2~L5.6~W2.5~H2.4~srd, UP TO 4.8 MT FREEZER  (2,20,FREEZER MEDIUM,srd,5.6,2.5,2.4,SIDES,SIDES,23824.574319,23846.54,0.092,PASS,,,
UP_TO_4.8_MT_FREEZER_2~L5.6~W2.5~H2.4~srd, UP TO 4.8 MT FREEZER  (2,20,FREEZER MEDIUM,srd,5.6,2.5,2.4,ROOF,ROOF,12009.570172,12009.47,0.001,PASS,,,
UP_TO_4.8_MT_FREEZER_2~L5.6~W2.5~H2.4~srd, UP TO 4.8 MT FREEZER  (2,20,FREEZER MEDIUM,srd,5.6,2.5,2.4,FLOOR,FLOOR,45781.520657,45781.48,0.0,PASS,,,
UP_TO_4.8_MT_FREEZER_2~L5.6~W2.5~H2.4~srd, UP TO 4.8 MT FREEZER  (2,20,FREEZER MEDIUM,srd,5.6,2.5,2.4,ALUMINIUM,ALUMINIUM,8192.828,8192.83,0.0,PASS,,,
UP_TO_4.8_MT_FREEZER_2~L5.6~W2.5~H2.4~srd, UP TO 4.8 MT FREEZER  (2,20,FREEZER MEDIUM,srd,5.6,2.5,2.4,SUB FRAME + LIGHT BOX ASSY,SUB FRAME + LIGHT BOX ASSY,9005.248808,8790.69,2.383,ACCEPTED,,MISSING_IN_MES 1MM GALV PLATE (-239.72),"[DATA] Burt's 1MM GALV PLATE (FREEZER MEDIUM, explosive bodies) / MOUNTING CLEATS (EXPLOSIVE 2.7 TO 4.8) lines have no MES line on prod."
UP_TO_4.8_MT_FREEZER_2~L5.6~W2.5~H2.4~srd, UP TO 4.8 MT FREEZER  (2,20,FREEZER MEDIUM,srd,5.6,2.5,2.4,REAR FRAME + FLOOR PLATE,REAR FRAME & FLOOR PLATE,0.0,4633.77,,ACCEPTED,EXTRA_IN_MES,,"[RULING] Burt gates REAR FRAME + FLOOR PLATE on the DRD flags, so a single-rear-door body carries R0 there; MES always includes the section (R2.4k-R5.5k). Which is right needs Burt/Michael."
UP_TO_4.8_MT_FREEZER_2~L5.6~W2.5~H2.4~srd, UP TO 4.8 MT FREEZER  (2,20,FREEZER MEDIUM,srd,5.6,2.5,2.4,SPRAY PAINTING,SPRAY PAINTING,750.0,750.0,0.0,PASS,,,
UP_TO_4.8_MT_FREEZER_2~L5.6~W2.5~H2.4~srd, UP TO 4.8 MT FREEZER  (2,20,FREEZER MEDIUM,srd,5.6,2.5,2.4,REFLEXITE TAPE,REFLEXITE TAPE,246.6,246.6,0.0,PASS,,,
UP_TO_4.8_MT_FREEZER_2~L5.6~W2.5~H2.4~drd, UP TO 4.8 MT FREEZER  (2,20,FREEZER MEDIUM,drd,5.6,2.5,2.4,FRONT,FRONT,5227.241456,5227.18,0.001,PASS,,,
UP_TO_4.8_MT_FREEZER_2~L5.6~W2.5~H2.4~drd, UP TO 4.8 MT FREEZER  (2,20,FREEZER MEDIUM,drd,5.6,2.5,2.4,SRD,,0.0,,,SKIP,,,
UP_TO_4.8_MT_FREEZER_2~L5.6~W2.5~H2.4~drd, UP TO 4.8 MT FREEZER  (2,20,FREEZER MEDIUM,drd,5.6,2.5,2.4,SRD DOOR FITTINGS,,0.0,,,SKIP,,,
UP_TO_4.8_MT_FREEZER_2~L5.6~W2.5~H2.4~drd, UP TO 4.8 MT FREEZER  (2,20,FREEZER MEDIUM,drd,5.6,2.5,2.4,DRD,DRD,5994.22456,5994.18,0.001,PASS,,,
UP_TO_4.8_MT_FREEZER_2~L5.6~W2.5~H2.4~drd, UP TO 4.8 MT FREEZER  (2,20,FREEZER MEDIUM,drd,5.6,2.5,2.4,DRD DOOR FITTINGS,DRD DOOR FITTINGS,5983.98526,5983.99,0.0,PASS,,,
UP_TO_4.8_MT_FREEZER_2~L5.6~W2.5~H2.4~drd, UP TO 4.8 MT FREEZER  (2,20,FREEZER MEDIUM,drd,5.6,2.5,2.4,SIDES,SIDES,23824.574319,23846.54,0.092,PASS,,,
UP_TO_4.8_MT_FREEZER_2~L5.6~W2.5~H2.4~drd, UP TO 4.8 MT FREEZER  (2,20,FREEZER MEDIUM,drd,5.6,2.5,2.4,ROOF,ROOF,12009.570172,12009.47,0.001,PASS,,,
UP_TO_4.8_MT_FREEZER_2~L5.6~W2.5~H2.4~drd, UP TO 4.8 MT FREEZER  (2,20,FREEZER MEDIUM,drd,5.6,2.5,2.4,FLOOR,FLOOR,45781.520657,45781.48,0.0,PASS,,,
UP_TO_4.8_MT_FREEZER_2~L5.6~W2.5~H2.4~drd, UP TO 4.8 MT FREEZER  (2,20,FREEZER MEDIUM,drd,5.6,2.5,2.4,ALUMINIUM,ALUMINIUM,8192.828,8192.83,0.0,PASS,,,
UP_TO_4.8_MT_FREEZER_2~L5.6~W2.5~H2.4~drd, UP TO 4.8 MT FREEZER  (2,20,FREEZER MEDIUM,drd,5.6,2.5,2.4,SUB FRAME + LIGHT BOX ASSY,SUB FRAME + LIGHT BOX ASSY,9005.248808,8790.69,2.383,ACCEPTED,,MISSING_IN_MES 1MM GALV PLATE (-239.72),"[DATA] Burt's 1MM GALV PLATE (FREEZER MEDIUM, explosive bodies) / MOUNTING CLEATS (EXPLOSIVE 2.7 TO 4.8) lines have no MES line on prod."
UP_TO_4.8_MT_FREEZER_2~L5.6~W2.5~H2.4~drd, UP TO 4.8 MT FREEZER  (2,20,FREEZER MEDIUM,drd,5.6,2.5,2.4,REAR FRAME + FLOOR PLATE,REAR FRAME & FLOOR PLATE,4633.7716,4633.77,0.0,PASS,,,
UP_TO_4.8_MT_FREEZER_2~L5.6~W2.5~H2.4~drd, UP TO 4.8 MT FREEZER  (2,20,FREEZER MEDIUM,drd,5.6,2.5,2.4,SPRAY PAINTING,SPRAY PAINTING,750.0,750.0,0.0,PASS,,,
UP_TO_4.8_MT_FREEZER_2~L5.6~W2.5~H2.4~drd, UP TO 4.8 MT FREEZER  (2,20,FREEZER MEDIUM,drd,5.6,2.5,2.4,REFLEXITE TAPE,REFLEXITE TAPE,246.6,246.6,0.0,PASS,,,
UP_TO_4.8_MT_FREEZER_2~L5.6~W2.5~H2.4~foam_4g, UP TO 4.8 MT FREEZER  (2,20,FREEZER MEDIUM,foam_4g,5.6,2.5,2.4,FRONT,FRONT,5691.123592,5691.07,0.001,PASS,,,
UP_TO_4.8_MT_FREEZER_2~L5.6~W2.5~H2.4~foam_4g, UP TO 4.8 MT FREEZER  (2,20,FREEZER MEDIUM,foam_4g,5.6,2.5,2.4,SRD,,0.0,,,SKIP,,,
UP_TO_4.8_MT_FREEZER_2~L5.6~W2.5~H2.4~foam_4g, UP TO 4.8 MT FREEZER  (2,20,FREEZER MEDIUM,foam_4g,5.6,2.5,2.4,SRD DOOR FITTINGS,,0.0,,,SKIP,,,
UP_TO_4.8_MT_FREEZER_2~L5.6~W2.5~H2.4~foam_4g, UP TO 4.8 MT FREEZER  (2,20,FREEZER MEDIUM,foam_4g,5.6,2.5,2.4,DRD,DRD,6458.106696,6458.06,0.001,PASS,,,
UP_TO_4.8_MT_FREEZER_2~L5.6~W2.5~H2.4~foam_4g, UP TO 4.8 MT FREEZER  (2,20,FREEZER MEDIUM,foam_4g,5.6,2.5,2.4,DRD DOOR FITTINGS,DRD DOOR FITTINGS,5983.98526,5983.99,0.0,PASS,,,
UP_TO_4.8_MT_FREEZER_2~L5.6~W2.5~H2.4~foam_4g, UP TO 4.8 MT FREEZER  (2,20,FREEZER MEDIUM,foam_4g,5.6,2.5,2.4,SIDES,SIDES,25972.880933,25994.85,0.085,PASS,,,
UP_TO_4.8_MT_FREEZER_2~L5.6~W2.5~H2.4~foam_4g, UP TO 4.8 MT FREEZER  (2,20,FREEZER MEDIUM,foam_4g,5.6,2.5,2.4,ROOF,ROOF,13370.16436,13370.07,0.001,PASS,,,
UP_TO_4.8_MT_FREEZER_2~L5.6~W2.5~H2.4~foam_4g, UP TO 4.8 MT FREEZER  (2,20,FREEZER MEDIUM,foam_4g,5.6,2.5,2.4,FLOOR,FLOOR,47142.114846,47142.08,0.0,PASS,,,
UP_TO_4.8_MT_FREEZER_2~L5.6~W2.5~H2.4~foam_4g, UP TO 4.8 MT FREEZER  (2,20,FREEZER MEDIUM,foam_4g,5.6,2.5,2.4,ALUMINIUM,ALUMINIUM,8192.828,8192.83,0.0,PASS,,,
UP_TO_4.8_MT_FREEZER_2~L5.6~W2.5~H2.4~foam_4g, UP TO 4.8 MT FREEZER  (2,20,FREEZER MEDIUM,foam_4g,5.6,2.5,2.4,SUB FRAME + LIGHT BOX ASSY,SUB FRAME + LIGHT BOX ASSY,9005.248808,8790.69,2.383,ACCEPTED,,MISSING_IN_MES 1MM GALV PLATE (-239.72),"[DATA] Burt's 1MM GALV PLATE (FREEZER MEDIUM, explosive bodies) / MOUNTING CLEATS (EXPLOSIVE 2.7 TO 4.8) lines have no MES line on prod."
UP_TO_4.8_MT_FREEZER_2~L5.6~W2.5~H2.4~foam_4g, UP TO 4.8 MT FREEZER  (2,20,FREEZER MEDIUM,foam_4g,5.6,2.5,2.4,REAR FRAME + FLOOR PLATE,REAR FRAME & FLOOR PLATE,4633.7716,4633.77,0.0,PASS,,,
UP_TO_4.8_MT_FREEZER_2~L5.6~W2.5~H2.4~foam_4g, UP TO 4.8 MT FREEZER  (2,20,FREEZER MEDIUM,foam_4g,5.6,2.5,2.4,SPRAY PAINTING,SPRAY PAINTING,750.0,750.0,0.0,PASS,,,
UP_TO_4.8_MT_FREEZER_2~L5.6~W2.5~H2.4~foam_4g, UP TO 4.8 MT FREEZER  (2,20,FREEZER MEDIUM,foam_4g,5.6,2.5,2.4,REFLEXITE TAPE,REFLEXITE TAPE,246.6,246.6,0.0,PASS,,,
4.9_+_UP_FREEZER_BODY_2~L4.9~W2.6~H2.56~as_sheet, 4.9 & UP FREEZER BODY (2,21,FREEZER LARGE,as_sheet,4.9,2.6,2.56,FRONT,FRONT,5588.153405,5596.29,0.146,PASS,,,
4.9_+_UP_FREEZER_BODY_2~L4.9~W2.6~H2.56~as_sheet, 4.9 & UP FREEZER BODY (2,21,FREEZER LARGE,as_sheet,4.9,2.6,2.56,SRD,,0.0,,,SKIP,,,
4.9_+_UP_FREEZER_BODY_2~L4.9~W2.6~H2.56~as_sheet, 4.9 & UP FREEZER BODY (2,21,FREEZER LARGE,as_sheet,4.9,2.6,2.56,SRD DOOR FITTINGS,,0.0,,,SKIP,,,
4.9_+_UP_FREEZER_BODY_2~L4.9~W2.6~H2.56~as_sheet, 4.9 & UP FREEZER BODY (2,21,FREEZER LARGE,as_sheet,4.9,2.6,2.56,DRD,DRD,6352.841946,6352.78,0.001,PASS,,,
4.9_+_UP_FREEZER_BODY_2~L4.9~W2.6~H2.56~as_sheet, 4.9 & UP FREEZER BODY (2,21,FREEZER LARGE,as_sheet,4.9,2.6,2.56,DRD DOOR FITTINGS,DRD DOOR FITTINGS,6438.75928,6438.76,0.0,PASS,,,
4.9_+_UP_FREEZER_BODY_2~L4.9~W2.6~H2.56~as_sheet, 4.9 & UP FREEZER BODY (2,21,FREEZER LARGE,as_sheet,4.9,2.6,2.56,SIDES,SIDES,21723.518019,21980.3,1.182,ACCEPTED,,QTY_DIFF Rhinotex 1150 Bioshield (+88.22),[MES] FREEZER LARGE SIDES skin formulas take the panel height from WIDTH where Burt uses HEIGHT; +1.2 % at W 2.6 / H 2.56 and growing with the W-H gap (prod too).
4.9_+_UP_FREEZER_BODY_2~L4.9~W2.6~H2.56~as_sheet, 4.9 & UP FREEZER BODY (2,21,FREEZER LARGE,as_sheet,4.9,2.6,2.56,ROOF,ROOF,11996.67899,12066.75,0.584,PASS,,,
4.9_+_UP_FREEZER_BODY_2~L4.9~W2.6~H2.56~as_sheet, 4.9 & UP FREEZER BODY (2,21,FREEZER LARGE,as_sheet,4.9,2.6,2.56,FLOOR,FLOOR,22693.883877,22694.06,0.001,PASS,,,
4.9_+_UP_FREEZER_BODY_2~L4.9~W2.6~H2.56~as_sheet, 4.9 & UP FREEZER BODY (2,21,FREEZER LARGE,as_sheet,4.9,2.6,2.56,ALUMINIUM,ALUMINIUM,8693.878,8693.88,0.0,PASS,,,
4.9_+_UP_FREEZER_BODY_2~L4.9~W2.6~H2.56~as_sheet, 4.9 & UP FREEZER BODY (2,21,FREEZER LARGE,as_sheet,4.9,2.6,2.56,SUB FRAME + LIGHT BOX ASSY,SUB FRAME + LIGHT BOX ASSY,8316.704025,8316.73,0.0,PASS,,,
4.9_+_UP_FREEZER_BODY_2~L4.9~W2.6~H2.56~as_sheet, 4.9 & UP FREEZER BODY (2,21,FREEZER LARGE,as_sheet,4.9,2.6,2.56,REAR FRAME + FLOOR PLATE,REAR FRAME & FLOOR PLATE,5432.105904,5432.11,0.0,PASS,,,
4.9_+_UP_FREEZER_BODY_2~L4.9~W2.6~H2.56~as_sheet, 4.9 & UP FREEZER BODY (2,21,FREEZER LARGE,as_sheet,4.9,2.6,2.56,SPRAY PAINTING,SPRAY PAINTING,750.0,750.0,0.0,PASS,,,
4.9_+_UP_FREEZER_BODY_2~L4.9~W2.6~H2.56~as_sheet, 4.9 & UP FREEZER BODY (2,21,FREEZER LARGE,as_sheet,4.9,2.6,2.56,REFLEXITE TAPE,REFLEXITE TAPE,225.9,225.9,0.0,PASS,,,
4.9_+_UP_FREEZER_BODY_2~L4.9~W2.6~H2.56~all_eps, 4.9 & UP FREEZER BODY (2,21,FREEZER LARGE,all_eps,4.9,2.6,2.56,FRONT,FRONT,4043.588126,4051.64,,UNVERIFIABLE,EXCEL_NO_PRICE:EPS,,
4.9_+_UP_FREEZER_BODY_2~L4.9~W2.6~H2.56~all_eps, 4.9 & UP FREEZER BODY (2,21,FREEZER LARGE,all_eps,4.9,2.6,2.56,SRD,,0.0,,,SKIP,,,
4.9_+_UP_FREEZER_BODY_2~L4.9~W2.6~H2.56~all_eps, 4.9 & UP FREEZER BODY (2,21,FREEZER LARGE,all_eps,4.9,2.6,2.56,SRD DOOR FITTINGS,,0.0,,,SKIP,,,
4.9_+_UP_FREEZER_BODY_2~L4.9~W2.6~H2.56~all_eps, 4.9 & UP FREEZER BODY (2,21,FREEZER LARGE,all_eps,4.9,2.6,2.56,DRD,DRD,4807.917059,6147.04,,UNVERIFIABLE,EXCEL_NO_PRICE:EPS,,
4.9_+_UP_FREEZER_BODY_2~L4.9~W2.6~H2.56~all_eps, 4.9 & UP FREEZER BODY (2,21,FREEZER LARGE,all_eps,4.9,2.6,2.56,DRD DOOR FITTINGS,DRD DOOR FITTINGS,6394.50624,6394.51,0.0,PASS,,,
4.9_+_UP_FREEZER_BODY_2~L4.9~W2.6~H2.56~all_eps, 4.9 & UP FREEZER BODY (2,21,FREEZER LARGE,all_eps,4.9,2.6,2.56,SIDES,SIDES,15479.701232,15736.4,,UNVERIFIABLE,EXCEL_NO_PRICE:EPS,,
4.9_+_UP_FREEZER_BODY_2~L4.9~W2.6~H2.56~all_eps, 4.9 & UP FREEZER BODY (2,21,FREEZER LARGE,all_eps,4.9,2.6,2.56,ROOF,ROOF,9752.221553,9822.3,0.719,PASS,,,
4.9_+_UP_FREEZER_BODY_2~L4.9~W2.6~H2.56~all_eps, 4.9 & UP FREEZER BODY (2,21,FREEZER LARGE,all_eps,4.9,2.6,2.56,FLOOR,FLOOR,20449.42644,20449.61,0.001,PASS,,,
4.9_+_UP_FREEZER_BODY_2~L4.9~W2.6~H2.56~all_eps, 4.9 & UP FREEZER BODY (2,21,FREEZER LARGE,all_eps,4.9,2.6,2.56,ALUMINIUM,ALUMINIUM,8693.878,8693.88,0.0,PASS,,,
4.9_+_UP_FREEZER_BODY_2~L4.9~W2.6~H2.56~all_eps, 4.9 & UP FREEZER BODY (2,21,FREEZER LARGE,all_eps,4.9,2.6,2.56,SUB FRAME + LIGHT BOX ASSY,SUB FRAME + LIGHT BOX ASSY,8316.704025,8316.73,0.0,PASS,,,
4.9_+_UP_FREEZER_BODY_2~L4.9~W2.6~H2.56~all_eps, 4.9 & UP FREEZER BODY (2,21,FREEZER LARGE,all_eps,4.9,2.6,2.56,REAR FRAME + FLOOR PLATE,REAR FRAME & FLOOR PLATE,5432.105904,5432.11,0.0,PASS,,,
4.9_+_UP_FREEZER_BODY_2~L4.9~W2.6~H2.56~all_eps, 4.9 & UP FREEZER BODY (2,21,FREEZER LARGE,all_eps,4.9,2.6,2.56,SPRAY PAINTING,SPRAY PAINTING,750.0,750.0,0.0,PASS,,,
4.9_+_UP_FREEZER_BODY_2~L4.9~W2.6~H2.56~all_eps, 4.9 & UP FREEZER BODY (2,21,FREEZER LARGE,all_eps,4.9,2.6,2.56,REFLEXITE TAPE,REFLEXITE TAPE,225.9,225.9,0.0,PASS,,,
4.9_+_UP_FREEZER_BODY_2~L4.9~W2.6~H2.56~all_pu, 4.9 & UP FREEZER BODY (2,21,FREEZER LARGE,all_pu,4.9,2.6,2.56,FRONT,FRONT,5588.153405,5596.29,0.146,PASS,,,
4.9_+_UP_FREEZER_BODY_2~L4.9~W2.6~H2.56~all_pu, 4.9 & UP FREEZER BODY (2,21,FREEZER LARGE,all_pu,4.9,2.6,2.56,SRD,,0.0,,,SKIP,,,
4.9_+_UP_FREEZER_BODY_2~L4.9~W2.6~H2.56~all_pu, 4.9 & UP FREEZER BODY (2,21,FREEZER LARGE,all_pu,4.9,2.6,2.56,SRD DOOR FITTINGS,,0.0,,,SKIP,,,
4.9_+_UP_FREEZER_BODY_2~L4.9~W2.6~H2.56~all_pu, 4.9 & UP FREEZER BODY (2,21,FREEZER LARGE,all_pu,4.9,2.6,2.56,DRD,DRD,6352.841946,6352.78,0.001,PASS,,,
4.9_+_UP_FREEZER_BODY_2~L4.9~W2.6~H2.56~all_pu, 4.9 & UP FREEZER BODY (2,21,FREEZER LARGE,all_pu,4.9,2.6,2.56,DRD DOOR FITTINGS,DRD DOOR FITTINGS,6438.75928,6438.76,0.0,PASS,,,
4.9_+_UP_FREEZER_BODY_2~L4.9~W2.6~H2.56~all_pu, 4.9 & UP FREEZER BODY (2,21,FREEZER LARGE,all_pu,4.9,2.6,2.56,SIDES,SIDES,21723.518019,21980.3,1.182,ACCEPTED,,QTY_DIFF Rhinotex 1150 Bioshield (+88.22),[MES] FREEZER LARGE SIDES skin formulas take the panel height from WIDTH where Burt uses HEIGHT; +1.2 % at W 2.6 / H 2.56 and growing with the W-H gap (prod too).
4.9_+_UP_FREEZER_BODY_2~L4.9~W2.6~H2.56~all_pu, 4.9 & UP FREEZER BODY (2,21,FREEZER LARGE,all_pu,4.9,2.6,2.56,ROOF,ROOF,11996.67899,12066.75,0.584,PASS,,,
4.9_+_UP_FREEZER_BODY_2~L4.9~W2.6~H2.56~all_pu, 4.9 & UP FREEZER BODY (2,21,FREEZER LARGE,all_pu,4.9,2.6,2.56,FLOOR,FLOOR,22693.883877,22694.06,0.001,PASS,,,
4.9_+_UP_FREEZER_BODY_2~L4.9~W2.6~H2.56~all_pu, 4.9 & UP FREEZER BODY (2,21,FREEZER LARGE,all_pu,4.9,2.6,2.56,ALUMINIUM,ALUMINIUM,8693.878,8693.88,0.0,PASS,,,
4.9_+_UP_FREEZER_BODY_2~L4.9~W2.6~H2.56~all_pu, 4.9 & UP FREEZER BODY (2,21,FREEZER LARGE,all_pu,4.9,2.6,2.56,SUB FRAME + LIGHT BOX ASSY,SUB FRAME + LIGHT BOX ASSY,8316.704025,8316.73,0.0,PASS,,,
4.9_+_UP_FREEZER_BODY_2~L4.9~W2.6~H2.56~all_pu, 4.9 & UP FREEZER BODY (2,21,FREEZER LARGE,all_pu,4.9,2.6,2.56,REAR FRAME + FLOOR PLATE,REAR FRAME & FLOOR PLATE,5432.105904,5432.11,0.0,PASS,,,
4.9_+_UP_FREEZER_BODY_2~L4.9~W2.6~H2.56~all_pu, 4.9 & UP FREEZER BODY (2,21,FREEZER LARGE,all_pu,4.9,2.6,2.56,SPRAY PAINTING,SPRAY PAINTING,750.0,750.0,0.0,PASS,,,
4.9_+_UP_FREEZER_BODY_2~L4.9~W2.6~H2.56~all_pu, 4.9 & UP FREEZER BODY (2,21,FREEZER LARGE,all_pu,4.9,2.6,2.56,REFLEXITE TAPE,REFLEXITE TAPE,225.9,225.9,0.0,PASS,,,
4.9_+_UP_FREEZER_BODY_2~L4.9~W2.6~H2.56~srd, 4.9 & UP FREEZER BODY (2,21,FREEZER LARGE,srd,4.9,2.6,2.56,FRONT,FRONT,5588.153405,5596.29,0.146,PASS,,,
4.9_+_UP_FREEZER_BODY_2~L4.9~W2.6~H2.56~srd, 4.9 & UP FREEZER BODY (2,21,FREEZER LARGE,srd,4.9,2.6,2.56,SRD,SRD,5680.305873,28566.99,402.913,ACCEPTED,,BOTH PU (+22946.75),"[MES] PROD: the single-rear-door PU line is priced at the raw 32D rate — 1.22*2.44*2 sheets x R4 100 = R24.4k — where Burt has R245/sheet (R1.5k): +R23k on every SRD quote, on every body (chillers, freezers, icecream, explosive). Largest live-quote error found."
4.9_+_UP_FREEZER_BODY_2~L4.9~W2.6~H2.56~srd, 4.9 & UP FREEZER BODY (2,21,FREEZER LARGE,srd,4.9,2.6,2.56,SRD DOOR FITTINGS,SRD DOOR FITTINGS,7088.08054,7458.09,5.22,ACCEPTED,,PRICE_DIFF CSLB HINGES (+293.46),"[DATA] SRD DOOR FITTINGS on every body: MES CSLB HINGES R293.46 x2 (Excel R146.73 x2 - the pair price applied per hinge) and SILPLUS X WHITE R232.30 (Excel R116.15); per body also 34MM LOCKING POLE, 28782 BIG HORIZ CAPPING, ALU CORNERS, 28780/28778 BIG VERTICAL."
4.9_+_UP_FREEZER_BODY_2~L4.9~W2.6~H2.56~srd, 4.9 & UP FREEZER BODY (2,21,FREEZER LARGE,srd,4.9,2.6,2.56,DRD,,0.0,,,SKIP,,,
4.9_+_UP_FREEZER_BODY_2~L4.9~W2.6~H2.56~srd, 4.9 & UP FREEZER BODY (2,21,FREEZER LARGE,srd,4.9,2.6,2.56,DRD DOOR FITTINGS,,0.0,,,SKIP,,,
4.9_+_UP_FREEZER_BODY_2~L4.9~W2.6~H2.56~srd, 4.9 & UP FREEZER BODY (2,21,FREEZER LARGE,srd,4.9,2.6,2.56,SIDES,SIDES,21723.518019,21980.3,1.182,ACCEPTED,,QTY_DIFF Rhinotex 1150 Bioshield (+88.22),[MES] FREEZER LARGE SIDES skin formulas take the panel height from WIDTH where Burt uses HEIGHT; +1.2 % at W 2.6 / H 2.56 and growing with the W-H gap (prod too).
4.9_+_UP_FREEZER_BODY_2~L4.9~W2.6~H2.56~srd, 4.9 & UP FREEZER BODY (2,21,FREEZER LARGE,srd,4.9,2.6,2.56,ROOF,ROOF,11996.67899,12066.75,0.584,PASS,,,
4.9_+_UP_FREEZER_BODY_2~L4.9~W2.6~H2.56~srd, 4.9 & UP FREEZER BODY (2,21,FREEZER LARGE,srd,4.9,2.6,2.56,FLOOR,FLOOR,22693.883877,22694.06,0.001,PASS,,,
4.9_+_UP_FREEZER_BODY_2~L4.9~W2.6~H2.56~srd, 4.9 & UP FREEZER BODY (2,21,FREEZER LARGE,srd,4.9,2.6,2.56,ALUMINIUM,ALUMINIUM,8693.878,8693.88,0.0,PASS,,,
4.9_+_UP_FREEZER_BODY_2~L4.9~W2.6~H2.56~srd, 4.9 & UP FREEZER BODY (2,21,FREEZER LARGE,srd,4.9,2.6,2.56,SUB FRAME + LIGHT BOX ASSY,SUB FRAME + LIGHT BOX ASSY,8316.704025,8316.73,0.0,PASS,,,
4.9_+_UP_FREEZER_BODY_2~L4.9~W2.6~H2.56~srd, 4.9 & UP FREEZER BODY (2,21,FREEZER LARGE,srd,4.9,2.6,2.56,REAR FRAME + FLOOR PLATE,REAR FRAME & FLOOR PLATE,0.0,5432.11,,ACCEPTED,EXTRA_IN_MES,,"[RULING] Burt gates REAR FRAME + FLOOR PLATE on the DRD flags, so a single-rear-door body carries R0 there; MES always includes the section (R2.4k-R5.5k). Which is right needs Burt/Michael."
4.9_+_UP_FREEZER_BODY_2~L4.9~W2.6~H2.56~srd, 4.9 & UP FREEZER BODY (2,21,FREEZER LARGE,srd,4.9,2.6,2.56,SPRAY PAINTING,SPRAY PAINTING,750.0,750.0,0.0,PASS,,,
4.9_+_UP_FREEZER_BODY_2~L4.9~W2.6~H2.56~srd, 4.9 & UP FREEZER BODY (2,21,FREEZER LARGE,srd,4.9,2.6,2.56,REFLEXITE TAPE,REFLEXITE TAPE,225.9,225.9,0.0,PASS,,,
4.9_+_UP_FREEZER_BODY_2~L4.9~W2.6~H2.56~drd, 4.9 & UP FREEZER BODY (2,21,FREEZER LARGE,drd,4.9,2.6,2.56,FRONT,FRONT,5588.153405,5596.29,0.146,PASS,,,
4.9_+_UP_FREEZER_BODY_2~L4.9~W2.6~H2.56~drd, 4.9 & UP FREEZER BODY (2,21,FREEZER LARGE,drd,4.9,2.6,2.56,SRD,,0.0,,,SKIP,,,
4.9_+_UP_FREEZER_BODY_2~L4.9~W2.6~H2.56~drd, 4.9 & UP FREEZER BODY (2,21,FREEZER LARGE,drd,4.9,2.6,2.56,SRD DOOR FITTINGS,,0.0,,,SKIP,,,
4.9_+_UP_FREEZER_BODY_2~L4.9~W2.6~H2.56~drd, 4.9 & UP FREEZER BODY (2,21,FREEZER LARGE,drd,4.9,2.6,2.56,DRD,DRD,6352.841946,6352.78,0.001,PASS,,,
4.9_+_UP_FREEZER_BODY_2~L4.9~W2.6~H2.56~drd, 4.9 & UP FREEZER BODY (2,21,FREEZER LARGE,drd,4.9,2.6,2.56,DRD DOOR FITTINGS,DRD DOOR FITTINGS,6438.75928,6438.76,0.0,PASS,,,
4.9_+_UP_FREEZER_BODY_2~L4.9~W2.6~H2.56~drd, 4.9 & UP FREEZER BODY (2,21,FREEZER LARGE,drd,4.9,2.6,2.56,SIDES,SIDES,21723.518019,21980.3,1.182,ACCEPTED,,QTY_DIFF Rhinotex 1150 Bioshield (+88.22),[MES] FREEZER LARGE SIDES skin formulas take the panel height from WIDTH where Burt uses HEIGHT; +1.2 % at W 2.6 / H 2.56 and growing with the W-H gap (prod too).
4.9_+_UP_FREEZER_BODY_2~L4.9~W2.6~H2.56~drd, 4.9 & UP FREEZER BODY (2,21,FREEZER LARGE,drd,4.9,2.6,2.56,ROOF,ROOF,11996.67899,12066.75,0.584,PASS,,,
4.9_+_UP_FREEZER_BODY_2~L4.9~W2.6~H2.56~drd, 4.9 & UP FREEZER BODY (2,21,FREEZER LARGE,drd,4.9,2.6,2.56,FLOOR,FLOOR,22693.883877,22694.06,0.001,PASS,,,
4.9_+_UP_FREEZER_BODY_2~L4.9~W2.6~H2.56~drd, 4.9 & UP FREEZER BODY (2,21,FREEZER LARGE,drd,4.9,2.6,2.56,ALUMINIUM,ALUMINIUM,8693.878,8693.88,0.0,PASS,,,
4.9_+_UP_FREEZER_BODY_2~L4.9~W2.6~H2.56~drd, 4.9 & UP FREEZER BODY (2,21,FREEZER LARGE,drd,4.9,2.6,2.56,SUB FRAME + LIGHT BOX ASSY,SUB FRAME + LIGHT BOX ASSY,8316.704025,8316.73,0.0,PASS,,,
4.9_+_UP_FREEZER_BODY_2~L4.9~W2.6~H2.56~drd, 4.9 & UP FREEZER BODY (2,21,FREEZER LARGE,drd,4.9,2.6,2.56,REAR FRAME + FLOOR PLATE,REAR FRAME & FLOOR PLATE,5432.105904,5432.11,0.0,PASS,,,
4.9_+_UP_FREEZER_BODY_2~L4.9~W2.6~H2.56~drd, 4.9 & UP FREEZER BODY (2,21,FREEZER LARGE,drd,4.9,2.6,2.56,SPRAY PAINTING,SPRAY PAINTING,750.0,750.0,0.0,PASS,,,
4.9_+_UP_FREEZER_BODY_2~L4.9~W2.6~H2.56~drd, 4.9 & UP FREEZER BODY (2,21,FREEZER LARGE,drd,4.9,2.6,2.56,REFLEXITE TAPE,REFLEXITE TAPE,225.9,225.9,0.0,PASS,,,
4.9_+_UP_FREEZER_BODY_2~L4.9~W2.6~H2.56~foam_4g, 4.9 & UP FREEZER BODY (2,21,FREEZER LARGE,foam_4g,4.9,2.6,2.56,FRONT,FRONT,6052.035541,6060.17,0.134,PASS,,,
4.9_+_UP_FREEZER_BODY_2~L4.9~W2.6~H2.56~foam_4g, 4.9 & UP FREEZER BODY (2,21,FREEZER LARGE,foam_4g,4.9,2.6,2.56,SRD,,0.0,,,SKIP,,,
4.9_+_UP_FREEZER_BODY_2~L4.9~W2.6~H2.56~foam_4g, 4.9 & UP FREEZER BODY (2,21,FREEZER LARGE,foam_4g,4.9,2.6,2.56,SRD DOOR FITTINGS,,0.0,,,SKIP,,,
4.9_+_UP_FREEZER_BODY_2~L4.9~W2.6~H2.56~foam_4g, 4.9 & UP FREEZER BODY (2,21,FREEZER LARGE,foam_4g,4.9,2.6,2.56,DRD,DRD,6816.724082,6816.66,0.001,PASS,,,
4.9_+_UP_FREEZER_BODY_2~L4.9~W2.6~H2.56~foam_4g, 4.9 & UP FREEZER BODY (2,21,FREEZER LARGE,foam_4g,4.9,2.6,2.56,DRD DOOR FITTINGS,DRD DOOR FITTINGS,6438.75928,6438.76,0.0,PASS,,,
4.9_+_UP_FREEZER_BODY_2~L4.9~W2.6~H2.56~foam_4g, 4.9 & UP FREEZER BODY (2,21,FREEZER LARGE,foam_4g,4.9,2.6,2.56,SIDES,SIDES,23605.662751,23862.44,1.088,ACCEPTED,,QTY_DIFF Rhinotex 1150 Bioshield (+88.22),[MES] FREEZER LARGE SIDES skin formulas take the panel height from WIDTH where Burt uses HEIGHT; +1.2 % at W 2.6 / H 2.56 and growing with the W-H gap (prod too).
4.9_+_UP_FREEZER_BODY_2~L4.9~W2.6~H2.56~foam_4g, 4.9 & UP FREEZER BODY (2,21,FREEZER LARGE,foam_4g,4.9,2.6,2.56,ROOF,ROOF,13565.132934,13635.21,0.517,PASS,,,
4.9_+_UP_FREEZER_BODY_2~L4.9~W2.6~H2.56~foam_4g, 4.9 & UP FREEZER BODY (2,21,FREEZER LARGE,foam_4g,4.9,2.6,2.56,FLOOR,FLOOR,24262.337821,24262.52,0.001,PASS,,,
4.9_+_UP_FREEZER_BODY_2~L4.9~W2.6~H2.56~foam_4g, 4.9 & UP FREEZER BODY (2,21,FREEZER LARGE,foam_4g,4.9,2.6,2.56,ALUMINIUM,ALUMINIUM,8693.878,8693.88,0.0,PASS,,,
4.9_+_UP_FREEZER_BODY_2~L4.9~W2.6~H2.56~foam_4g, 4.9 & UP FREEZER BODY (2,21,FREEZER LARGE,foam_4g,4.9,2.6,2.56,SUB FRAME + LIGHT BOX ASSY,SUB FRAME + LIGHT BOX ASSY,8316.704025,8316.73,0.0,PASS,,,
4.9_+_UP_FREEZER_BODY_2~L4.9~W2.6~H2.56~foam_4g, 4.9 & UP FREEZER BODY (2,21,FREEZER LARGE,foam_4g,4.9,2.6,2.56,REAR FRAME + FLOOR PLATE,REAR FRAME & FLOOR PLATE,5432.105904,5432.11,0.0,PASS,,,
4.9_+_UP_FREEZER_BODY_2~L4.9~W2.6~H2.56~foam_4g, 4.9 & UP FREEZER BODY (2,21,FREEZER LARGE,foam_4g,4.9,2.6,2.56,SPRAY PAINTING,SPRAY PAINTING,750.0,750.0,0.0,PASS,,,
4.9_+_UP_FREEZER_BODY_2~L4.9~W2.6~H2.56~foam_4g, 4.9 & UP FREEZER BODY (2,21,FREEZER LARGE,foam_4g,4.9,2.6,2.56,REFLEXITE TAPE,REFLEXITE TAPE,225.9,225.9,0.0,PASS,,,
4.9_+_UP_FREEZER_BODY_2~L6.5~W2.6~H2.56~as_sheet, 4.9 & UP FREEZER BODY (2,21,FREEZER LARGE,as_sheet,6.5,2.6,2.56,FRONT,FRONT,5588.153405,5596.29,0.146,PASS,,,
4.9_+_UP_FREEZER_BODY_2~L6.5~W2.6~H2.56~as_sheet, 4.9 & UP FREEZER BODY (2,21,FREEZER LARGE,as_sheet,6.5,2.6,2.56,SRD,,0.0,,,SKIP,,,
4.9_+_UP_FREEZER_BODY_2~L6.5~W2.6~H2.56~as_sheet, 4.9 & UP FREEZER BODY (2,21,FREEZER LARGE,as_sheet,6.5,2.6,2.56,SRD DOOR FITTINGS,,0.0,,,SKIP,,,
4.9_+_UP_FREEZER_BODY_2~L6.5~W2.6~H2.56~as_sheet, 4.9 & UP FREEZER BODY (2,21,FREEZER LARGE,as_sheet,6.5,2.6,2.56,DRD,DRD,6352.841946,6352.78,0.001,PASS,,,
4.9_+_UP_FREEZER_BODY_2~L6.5~W2.6~H2.56~as_sheet, 4.9 & UP FREEZER BODY (2,21,FREEZER LARGE,as_sheet,6.5,2.6,2.56,DRD DOOR FITTINGS,DRD DOOR FITTINGS,6438.75928,6438.76,0.0,PASS,,,
4.9_+_UP_FREEZER_BODY_2~L6.5~W2.6~H2.56~as_sheet, 4.9 & UP FREEZER BODY (2,21,FREEZER LARGE,as_sheet,6.5,2.6,2.56,SIDES,SIDES,28623.045555,28960.52,1.179,ACCEPTED,,QTY_DIFF Rhinotex 1150 Bioshield (+116.73),[MES] FREEZER LARGE SIDES skin formulas take the panel height from WIDTH where Burt uses HEIGHT; +1.2 % at W 2.6 / H 2.56 and growing with the W-H gap (prod too).
4.9_+_UP_FREEZER_BODY_2~L6.5~W2.6~H2.56~as_sheet, 4.9 & UP FREEZER BODY (2,21,FREEZER LARGE,as_sheet,6.5,2.6,2.56,ROOF,ROOF,15828.178672,15898.23,0.443,PASS,,,
4.9_+_UP_FREEZER_BODY_2~L6.5~W2.6~H2.56~as_sheet, 4.9 & UP FREEZER BODY (2,21,FREEZER LARGE,as_sheet,6.5,2.6,2.56,FLOOR,FLOOR,29941.74266,29941.98,0.001,PASS,,,
4.9_+_UP_FREEZER_BODY_2~L6.5~W2.6~H2.56~as_sheet, 4.9 & UP FREEZER BODY (2,21,FREEZER LARGE,as_sheet,6.5,2.6,2.56,ALUMINIUM,ALUMINIUM,10686.038,10686.04,0.0,PASS,,,
4.9_+_UP_FREEZER_BODY_2~L6.5~W2.6~H2.56~as_sheet, 4.9 & UP FREEZER BODY (2,21,FREEZER LARGE,as_sheet,6.5,2.6,2.56,SUB FRAME + LIGHT BOX ASSY,SUB FRAME + LIGHT BOX ASSY,9094.304025,9094.33,0.0,PASS,,,
4.9_+_UP_FREEZER_BODY_2~L6.5~W2.6~H2.56~as_sheet, 4.9 & UP FREEZER BODY (2,21,FREEZER LARGE,as_sheet,6.5,2.6,2.56,REAR FRAME + FLOOR PLATE,REAR FRAME & FLOOR PLATE,5432.105904,5432.11,0.0,PASS,,,
4.9_+_UP_FREEZER_BODY_2~L6.5~W2.6~H2.56~as_sheet, 4.9 & UP FREEZER BODY (2,21,FREEZER LARGE,as_sheet,6.5,2.6,2.56,SPRAY PAINTING,SPRAY PAINTING,750.0,750.0,0.0,PASS,,,
4.9_+_UP_FREEZER_BODY_2~L6.5~W2.6~H2.56~as_sheet, 4.9 & UP FREEZER BODY (2,21,FREEZER LARGE,as_sheet,6.5,2.6,2.56,REFLEXITE TAPE,REFLEXITE TAPE,283.5,283.5,0.0,PASS,,,
4.9_+_UP_FREEZER_BODY_2~L6.5~W2.6~H2.56~all_eps, 4.9 & UP FREEZER BODY (2,21,FREEZER LARGE,all_eps,6.5,2.6,2.56,FRONT,FRONT,4043.588126,4051.64,,UNVERIFIABLE,EXCEL_NO_PRICE:EPS,,
4.9_+_UP_FREEZER_BODY_2~L6.5~W2.6~H2.56~all_eps, 4.9 & UP FREEZER BODY (2,21,FREEZER LARGE,all_eps,6.5,2.6,2.56,SRD,,0.0,,,SKIP,,,
4.9_+_UP_FREEZER_BODY_2~L6.5~W2.6~H2.56~all_eps, 4.9 & UP FREEZER BODY (2,21,FREEZER LARGE,all_eps,6.5,2.6,2.56,SRD DOOR FITTINGS,,0.0,,,SKIP,,,
4.9_+_UP_FREEZER_BODY_2~L6.5~W2.6~H2.56~all_eps, 4.9 & UP FREEZER BODY (2,21,FREEZER LARGE,all_eps,6.5,2.6,2.56,DRD,DRD,4807.917059,6147.04,,UNVERIFIABLE,EXCEL_NO_PRICE:EPS,,
4.9_+_UP_FREEZER_BODY_2~L6.5~W2.6~H2.56~all_eps, 4.9 & UP FREEZER BODY (2,21,FREEZER LARGE,all_eps,6.5,2.6,2.56,DRD DOOR FITTINGS,DRD DOOR FITTINGS,6394.50624,6394.51,0.0,PASS,,,
4.9_+_UP_FREEZER_BODY_2~L6.5~W2.6~H2.56~all_eps, 4.9 & UP FREEZER BODY (2,21,FREEZER LARGE,all_eps,6.5,2.6,2.56,SIDES,SIDES,20362.27879,20699.68,,UNVERIFIABLE,EXCEL_NO_PRICE:EPS,,
4.9_+_UP_FREEZER_BODY_2~L6.5~W2.6~H2.56~all_eps, 4.9 & UP FREEZER BODY (2,21,FREEZER LARGE,all_eps,6.5,2.6,2.56,ROOF,ROOF,12858.240043,12928.29,0.545,PASS,,,
4.9_+_UP_FREEZER_BODY_2~L6.5~W2.6~H2.56~all_eps, 4.9 & UP FREEZER BODY (2,21,FREEZER LARGE,all_eps,6.5,2.6,2.56,FLOOR,FLOOR,26971.804031,26972.04,0.001,PASS,,,
4.9_+_UP_FREEZER_BODY_2~L6.5~W2.6~H2.56~all_eps, 4.9 & UP FREEZER BODY (2,21,FREEZER LARGE,all_eps,6.5,2.6,2.56,ALUMINIUM,ALUMINIUM,10686.038,10686.04,0.0,PASS,,,
4.9_+_UP_FREEZER_BODY_2~L6.5~W2.6~H2.56~all_eps, 4.9 & UP FREEZER BODY (2,21,FREEZER LARGE,all_eps,6.5,2.6,2.56,SUB FRAME + LIGHT BOX ASSY,SUB FRAME + LIGHT BOX ASSY,9094.304025,9094.33,0.0,PASS,,,
4.9_+_UP_FREEZER_BODY_2~L6.5~W2.6~H2.56~all_eps, 4.9 & UP FREEZER BODY (2,21,FREEZER LARGE,all_eps,6.5,2.6,2.56,REAR FRAME + FLOOR PLATE,REAR FRAME & FLOOR PLATE,5432.105904,5432.11,0.0,PASS,,,
4.9_+_UP_FREEZER_BODY_2~L6.5~W2.6~H2.56~all_eps, 4.9 & UP FREEZER BODY (2,21,FREEZER LARGE,all_eps,6.5,2.6,2.56,SPRAY PAINTING,SPRAY PAINTING,750.0,750.0,0.0,PASS,,,
4.9_+_UP_FREEZER_BODY_2~L6.5~W2.6~H2.56~all_eps, 4.9 & UP FREEZER BODY (2,21,FREEZER LARGE,all_eps,6.5,2.6,2.56,REFLEXITE TAPE,REFLEXITE TAPE,283.5,283.5,0.0,PASS,,,
4.9_+_UP_FREEZER_BODY_2~L6.5~W2.6~H2.56~all_pu, 4.9 & UP FREEZER BODY (2,21,FREEZER LARGE,all_pu,6.5,2.6,2.56,FRONT,FRONT,5588.153405,5596.29,0.146,PASS,,,
4.9_+_UP_FREEZER_BODY_2~L6.5~W2.6~H2.56~all_pu, 4.9 & UP FREEZER BODY (2,21,FREEZER LARGE,all_pu,6.5,2.6,2.56,SRD,,0.0,,,SKIP,,,
4.9_+_UP_FREEZER_BODY_2~L6.5~W2.6~H2.56~all_pu, 4.9 & UP FREEZER BODY (2,21,FREEZER LARGE,all_pu,6.5,2.6,2.56,SRD DOOR FITTINGS,,0.0,,,SKIP,,,
4.9_+_UP_FREEZER_BODY_2~L6.5~W2.6~H2.56~all_pu, 4.9 & UP FREEZER BODY (2,21,FREEZER LARGE,all_pu,6.5,2.6,2.56,DRD,DRD,6352.841946,6352.78,0.001,PASS,,,
4.9_+_UP_FREEZER_BODY_2~L6.5~W2.6~H2.56~all_pu, 4.9 & UP FREEZER BODY (2,21,FREEZER LARGE,all_pu,6.5,2.6,2.56,DRD DOOR FITTINGS,DRD DOOR FITTINGS,6438.75928,6438.76,0.0,PASS,,,
4.9_+_UP_FREEZER_BODY_2~L6.5~W2.6~H2.56~all_pu, 4.9 & UP FREEZER BODY (2,21,FREEZER LARGE,all_pu,6.5,2.6,2.56,SIDES,SIDES,28623.045555,28960.52,1.179,ACCEPTED,,QTY_DIFF Rhinotex 1150 Bioshield (+116.73),[MES] FREEZER LARGE SIDES skin formulas take the panel height from WIDTH where Burt uses HEIGHT; +1.2 % at W 2.6 / H 2.56 and growing with the W-H gap (prod too).
4.9_+_UP_FREEZER_BODY_2~L6.5~W2.6~H2.56~all_pu, 4.9 & UP FREEZER BODY (2,21,FREEZER LARGE,all_pu,6.5,2.6,2.56,ROOF,ROOF,15828.178672,15898.23,0.443,PASS,,,
4.9_+_UP_FREEZER_BODY_2~L6.5~W2.6~H2.56~all_pu, 4.9 & UP FREEZER BODY (2,21,FREEZER LARGE,all_pu,6.5,2.6,2.56,FLOOR,FLOOR,29941.74266,29941.98,0.001,PASS,,,
4.9_+_UP_FREEZER_BODY_2~L6.5~W2.6~H2.56~all_pu, 4.9 & UP FREEZER BODY (2,21,FREEZER LARGE,all_pu,6.5,2.6,2.56,ALUMINIUM,ALUMINIUM,10686.038,10686.04,0.0,PASS,,,
4.9_+_UP_FREEZER_BODY_2~L6.5~W2.6~H2.56~all_pu, 4.9 & UP FREEZER BODY (2,21,FREEZER LARGE,all_pu,6.5,2.6,2.56,SUB FRAME + LIGHT BOX ASSY,SUB FRAME + LIGHT BOX ASSY,9094.304025,9094.33,0.0,PASS,,,
4.9_+_UP_FREEZER_BODY_2~L6.5~W2.6~H2.56~all_pu, 4.9 & UP FREEZER BODY (2,21,FREEZER LARGE,all_pu,6.5,2.6,2.56,REAR FRAME + FLOOR PLATE,REAR FRAME & FLOOR PLATE,5432.105904,5432.11,0.0,PASS,,,
4.9_+_UP_FREEZER_BODY_2~L6.5~W2.6~H2.56~all_pu, 4.9 & UP FREEZER BODY (2,21,FREEZER LARGE,all_pu,6.5,2.6,2.56,SPRAY PAINTING,SPRAY PAINTING,750.0,750.0,0.0,PASS,,,
4.9_+_UP_FREEZER_BODY_2~L6.5~W2.6~H2.56~all_pu, 4.9 & UP FREEZER BODY (2,21,FREEZER LARGE,all_pu,6.5,2.6,2.56,REFLEXITE TAPE,REFLEXITE TAPE,283.5,283.5,0.0,PASS,,,
4.9_+_UP_FREEZER_BODY_2~L6.5~W2.6~H2.56~srd, 4.9 & UP FREEZER BODY (2,21,FREEZER LARGE,srd,6.5,2.6,2.56,FRONT,FRONT,5588.153405,5596.29,0.146,PASS,,,
4.9_+_UP_FREEZER_BODY_2~L6.5~W2.6~H2.56~srd, 4.9 & UP FREEZER BODY (2,21,FREEZER LARGE,srd,6.5,2.6,2.56,SRD,SRD,5680.305873,28566.99,402.913,ACCEPTED,,BOTH PU (+22946.75),"[MES] PROD: the single-rear-door PU line is priced at the raw 32D rate — 1.22*2.44*2 sheets x R4 100 = R24.4k — where Burt has R245/sheet (R1.5k): +R23k on every SRD quote, on every body (chillers, freezers, icecream, explosive). Largest live-quote error found."
4.9_+_UP_FREEZER_BODY_2~L6.5~W2.6~H2.56~srd, 4.9 & UP FREEZER BODY (2,21,FREEZER LARGE,srd,6.5,2.6,2.56,SRD DOOR FITTINGS,SRD DOOR FITTINGS,7088.08054,7458.09,5.22,ACCEPTED,,PRICE_DIFF CSLB HINGES (+293.46),"[DATA] SRD DOOR FITTINGS on every body: MES CSLB HINGES R293.46 x2 (Excel R146.73 x2 - the pair price applied per hinge) and SILPLUS X WHITE R232.30 (Excel R116.15); per body also 34MM LOCKING POLE, 28782 BIG HORIZ CAPPING, ALU CORNERS, 28780/28778 BIG VERTICAL."
4.9_+_UP_FREEZER_BODY_2~L6.5~W2.6~H2.56~srd, 4.9 & UP FREEZER BODY (2,21,FREEZER LARGE,srd,6.5,2.6,2.56,DRD,,0.0,,,SKIP,,,
4.9_+_UP_FREEZER_BODY_2~L6.5~W2.6~H2.56~srd, 4.9 & UP FREEZER BODY (2,21,FREEZER LARGE,srd,6.5,2.6,2.56,DRD DOOR FITTINGS,,0.0,,,SKIP,,,
4.9_+_UP_FREEZER_BODY_2~L6.5~W2.6~H2.56~srd, 4.9 & UP FREEZER BODY (2,21,FREEZER LARGE,srd,6.5,2.6,2.56,SIDES,SIDES,28623.045555,28960.52,1.179,ACCEPTED,,QTY_DIFF Rhinotex 1150 Bioshield (+116.73),[MES] FREEZER LARGE SIDES skin formulas take the panel height from WIDTH where Burt uses HEIGHT; +1.2 % at W 2.6 / H 2.56 and growing with the W-H gap (prod too).
4.9_+_UP_FREEZER_BODY_2~L6.5~W2.6~H2.56~srd, 4.9 & UP FREEZER BODY (2,21,FREEZER LARGE,srd,6.5,2.6,2.56,ROOF,ROOF,15828.178672,15898.23,0.443,PASS,,,
4.9_+_UP_FREEZER_BODY_2~L6.5~W2.6~H2.56~srd, 4.9 & UP FREEZER BODY (2,21,FREEZER LARGE,srd,6.5,2.6,2.56,FLOOR,FLOOR,29941.74266,29941.98,0.001,PASS,,,
4.9_+_UP_FREEZER_BODY_2~L6.5~W2.6~H2.56~srd, 4.9 & UP FREEZER BODY (2,21,FREEZER LARGE,srd,6.5,2.6,2.56,ALUMINIUM,ALUMINIUM,10686.038,10686.04,0.0,PASS,,,
4.9_+_UP_FREEZER_BODY_2~L6.5~W2.6~H2.56~srd, 4.9 & UP FREEZER BODY (2,21,FREEZER LARGE,srd,6.5,2.6,2.56,SUB FRAME + LIGHT BOX ASSY,SUB FRAME + LIGHT BOX ASSY,9094.304025,9094.33,0.0,PASS,,,
4.9_+_UP_FREEZER_BODY_2~L6.5~W2.6~H2.56~srd, 4.9 & UP FREEZER BODY (2,21,FREEZER LARGE,srd,6.5,2.6,2.56,REAR FRAME + FLOOR PLATE,REAR FRAME & FLOOR PLATE,0.0,5432.11,,ACCEPTED,EXTRA_IN_MES,,"[RULING] Burt gates REAR FRAME + FLOOR PLATE on the DRD flags, so a single-rear-door body carries R0 there; MES always includes the section (R2.4k-R5.5k). Which is right needs Burt/Michael."
4.9_+_UP_FREEZER_BODY_2~L6.5~W2.6~H2.56~srd, 4.9 & UP FREEZER BODY (2,21,FREEZER LARGE,srd,6.5,2.6,2.56,SPRAY PAINTING,SPRAY PAINTING,750.0,750.0,0.0,PASS,,,
4.9_+_UP_FREEZER_BODY_2~L6.5~W2.6~H2.56~srd, 4.9 & UP FREEZER BODY (2,21,FREEZER LARGE,srd,6.5,2.6,2.56,REFLEXITE TAPE,REFLEXITE TAPE,283.5,283.5,0.0,PASS,,,
4.9_+_UP_FREEZER_BODY_2~L6.5~W2.6~H2.56~drd, 4.9 & UP FREEZER BODY (2,21,FREEZER LARGE,drd,6.5,2.6,2.56,FRONT,FRONT,5588.153405,5596.29,0.146,PASS,,,
4.9_+_UP_FREEZER_BODY_2~L6.5~W2.6~H2.56~drd, 4.9 & UP FREEZER BODY (2,21,FREEZER LARGE,drd,6.5,2.6,2.56,SRD,,0.0,,,SKIP,,,
4.9_+_UP_FREEZER_BODY_2~L6.5~W2.6~H2.56~drd, 4.9 & UP FREEZER BODY (2,21,FREEZER LARGE,drd,6.5,2.6,2.56,SRD DOOR FITTINGS,,0.0,,,SKIP,,,
4.9_+_UP_FREEZER_BODY_2~L6.5~W2.6~H2.56~drd, 4.9 & UP FREEZER BODY (2,21,FREEZER LARGE,drd,6.5,2.6,2.56,DRD,DRD,6352.841946,6352.78,0.001,PASS,,,
4.9_+_UP_FREEZER_BODY_2~L6.5~W2.6~H2.56~drd, 4.9 & UP FREEZER BODY (2,21,FREEZER LARGE,drd,6.5,2.6,2.56,DRD DOOR FITTINGS,DRD DOOR FITTINGS,6438.75928,6438.76,0.0,PASS,,,
4.9_+_UP_FREEZER_BODY_2~L6.5~W2.6~H2.56~drd, 4.9 & UP FREEZER BODY (2,21,FREEZER LARGE,drd,6.5,2.6,2.56,SIDES,SIDES,28623.045555,28960.52,1.179,ACCEPTED,,QTY_DIFF Rhinotex 1150 Bioshield (+116.73),[MES] FREEZER LARGE SIDES skin formulas take the panel height from WIDTH where Burt uses HEIGHT; +1.2 % at W 2.6 / H 2.56 and growing with the W-H gap (prod too).
4.9_+_UP_FREEZER_BODY_2~L6.5~W2.6~H2.56~drd, 4.9 & UP FREEZER BODY (2,21,FREEZER LARGE,drd,6.5,2.6,2.56,ROOF,ROOF,15828.178672,15898.23,0.443,PASS,,,
4.9_+_UP_FREEZER_BODY_2~L6.5~W2.6~H2.56~drd, 4.9 & UP FREEZER BODY (2,21,FREEZER LARGE,drd,6.5,2.6,2.56,FLOOR,FLOOR,29941.74266,29941.98,0.001,PASS,,,
4.9_+_UP_FREEZER_BODY_2~L6.5~W2.6~H2.56~drd, 4.9 & UP FREEZER BODY (2,21,FREEZER LARGE,drd,6.5,2.6,2.56,ALUMINIUM,ALUMINIUM,10686.038,10686.04,0.0,PASS,,,
4.9_+_UP_FREEZER_BODY_2~L6.5~W2.6~H2.56~drd, 4.9 & UP FREEZER BODY (2,21,FREEZER LARGE,drd,6.5,2.6,2.56,SUB FRAME + LIGHT BOX ASSY,SUB FRAME + LIGHT BOX ASSY,9094.304025,9094.33,0.0,PASS,,,
4.9_+_UP_FREEZER_BODY_2~L6.5~W2.6~H2.56~drd, 4.9 & UP FREEZER BODY (2,21,FREEZER LARGE,drd,6.5,2.6,2.56,REAR FRAME + FLOOR PLATE,REAR FRAME & FLOOR PLATE,5432.105904,5432.11,0.0,PASS,,,
4.9_+_UP_FREEZER_BODY_2~L6.5~W2.6~H2.56~drd, 4.9 & UP FREEZER BODY (2,21,FREEZER LARGE,drd,6.5,2.6,2.56,SPRAY PAINTING,SPRAY PAINTING,750.0,750.0,0.0,PASS,,,
4.9_+_UP_FREEZER_BODY_2~L6.5~W2.6~H2.56~drd, 4.9 & UP FREEZER BODY (2,21,FREEZER LARGE,drd,6.5,2.6,2.56,REFLEXITE TAPE,REFLEXITE TAPE,283.5,283.5,0.0,PASS,,,
4.9_+_UP_FREEZER_BODY_2~L6.5~W2.6~H2.56~foam_4g, 4.9 & UP FREEZER BODY (2,21,FREEZER LARGE,foam_4g,6.5,2.6,2.56,FRONT,FRONT,6052.035541,6060.17,0.134,PASS,,,
4.9_+_UP_FREEZER_BODY_2~L6.5~W2.6~H2.56~foam_4g, 4.9 & UP FREEZER BODY (2,21,FREEZER LARGE,foam_4g,6.5,2.6,2.56,SRD,,0.0,,,SKIP,,,
4.9_+_UP_FREEZER_BODY_2~L6.5~W2.6~H2.56~foam_4g, 4.9 & UP FREEZER BODY (2,21,FREEZER LARGE,foam_4g,6.5,2.6,2.56,SRD DOOR FITTINGS,,0.0,,,SKIP,,,
4.9_+_UP_FREEZER_BODY_2~L6.5~W2.6~H2.56~foam_4g, 4.9 & UP FREEZER BODY (2,21,FREEZER LARGE,foam_4g,6.5,2.6,2.56,DRD,DRD,6816.724082,6816.66,0.001,PASS,,,
4.9_+_UP_FREEZER_BODY_2~L6.5~W2.6~H2.56~foam_4g, 4.9 & UP FREEZER BODY (2,21,FREEZER LARGE,foam_4g,6.5,2.6,2.56,DRD DOOR FITTINGS,DRD DOOR FITTINGS,6438.75928,6438.76,0.0,PASS,,,
4.9_+_UP_FREEZER_BODY_2~L6.5~W2.6~H2.56~foam_4g, 4.9 & UP FREEZER BODY (2,21,FREEZER LARGE,foam_4g,6.5,2.6,2.56,SIDES,SIDES,31113.560302,31451.04,1.085,ACCEPTED,,QTY_DIFF Rhinotex 1150 Bioshield (+116.73),[MES] FREEZER LARGE SIDES skin formulas take the panel height from WIDTH where Burt uses HEIGHT; +1.2 % at W 2.6 / H 2.56 and growing with the W-H gap (prod too).
4.9_+_UP_FREEZER_BODY_2~L6.5~W2.6~H2.56~foam_4g, 4.9 & UP FREEZER BODY (2,21,FREEZER LARGE,foam_4g,6.5,2.6,2.56,ROOF,ROOF,17903.607628,17973.65,0.391,PASS,,,
4.9_+_UP_FREEZER_BODY_2~L6.5~W2.6~H2.56~foam_4g, 4.9 & UP FREEZER BODY (2,21,FREEZER LARGE,foam_4g,6.5,2.6,2.56,FLOOR,FLOOR,32017.171616,32017.41,0.001,PASS,,,
4.9_+_UP_FREEZER_BODY_2~L6.5~W2.6~H2.56~foam_4g, 4.9 & UP FREEZER BODY (2,21,FREEZER LARGE,foam_4g,6.5,2.6,2.56,ALUMINIUM,ALUMINIUM,10686.038,10686.04,0.0,PASS,,,
4.9_+_UP_FREEZER_BODY_2~L6.5~W2.6~H2.56~foam_4g, 4.9 & UP FREEZER BODY (2,21,FREEZER LARGE,foam_4g,6.5,2.6,2.56,SUB FRAME + LIGHT BOX ASSY,SUB FRAME + LIGHT BOX ASSY,9094.304025,9094.33,0.0,PASS,,,
4.9_+_UP_FREEZER_BODY_2~L6.5~W2.6~H2.56~foam_4g, 4.9 & UP FREEZER BODY (2,21,FREEZER LARGE,foam_4g,6.5,2.6,2.56,REAR FRAME + FLOOR PLATE,REAR FRAME & FLOOR PLATE,5432.105904,5432.11,0.0,PASS,,,
4.9_+_UP_FREEZER_BODY_2~L6.5~W2.6~H2.56~foam_4g, 4.9 & UP FREEZER BODY (2,21,FREEZER LARGE,foam_4g,6.5,2.6,2.56,SPRAY PAINTING,SPRAY PAINTING,750.0,750.0,0.0,PASS,,,
4.9_+_UP_FREEZER_BODY_2~L6.5~W2.6~H2.56~foam_4g, 4.9 & UP FREEZER BODY (2,21,FREEZER LARGE,foam_4g,6.5,2.6,2.56,REFLEXITE TAPE,REFLEXITE TAPE,283.5,283.5,0.0,PASS,,,
4.9_+_UP_FREEZER_BODY_2~L8.2~W2.6~H2.56~as_sheet, 4.9 & UP FREEZER BODY (2,21,FREEZER LARGE,as_sheet,8.2,2.6,2.56,FRONT,FRONT,5588.153405,5596.29,0.146,PASS,,,
4.9_+_UP_FREEZER_BODY_2~L8.2~W2.6~H2.56~as_sheet, 4.9 & UP FREEZER BODY (2,21,FREEZER LARGE,as_sheet,8.2,2.6,2.56,SRD,,0.0,,,SKIP,,,
4.9_+_UP_FREEZER_BODY_2~L8.2~W2.6~H2.56~as_sheet, 4.9 & UP FREEZER BODY (2,21,FREEZER LARGE,as_sheet,8.2,2.6,2.56,SRD DOOR FITTINGS,,0.0,,,SKIP,,,
4.9_+_UP_FREEZER_BODY_2~L8.2~W2.6~H2.56~as_sheet, 4.9 & UP FREEZER BODY (2,21,FREEZER LARGE,as_sheet,8.2,2.6,2.56,DRD,DRD,6352.841946,6352.78,0.001,PASS,,,
4.9_+_UP_FREEZER_BODY_2~L8.2~W2.6~H2.56~as_sheet, 4.9 & UP FREEZER BODY (2,21,FREEZER LARGE,as_sheet,8.2,2.6,2.56,DRD DOOR FITTINGS,DRD DOOR FITTINGS,6438.75928,6438.76,0.0,PASS,,,
4.9_+_UP_FREEZER_BODY_2~L8.2~W2.6~H2.56~as_sheet, 4.9 & UP FREEZER BODY (2,21,FREEZER LARGE,as_sheet,8.2,2.6,2.56,SIDES,SIDES,35953.793562,36377.01,1.177,ACCEPTED,,QTY_DIFF Rhinotex 1150 Bioshield (+147.02),[MES] FREEZER LARGE SIDES skin formulas take the panel height from WIDTH where Burt uses HEIGHT; +1.2 % at W 2.6 / H 2.56 and growing with the W-H gap (prod too).
4.9_+_UP_FREEZER_BODY_2~L8.2~W2.6~H2.56~as_sheet, 4.9 & UP FREEZER BODY (2,21,FREEZER LARGE,as_sheet,8.2,2.6,2.56,ROOF,ROOF,19899.147084,19969.16,0.352,PASS,,,
4.9_+_UP_FREEZER_BODY_2~L8.2~W2.6~H2.56~as_sheet, 4.9 & UP FREEZER BODY (2,21,FREEZER LARGE,as_sheet,8.2,2.6,2.56,FLOOR,FLOOR,37642.592617,37642.89,0.001,PASS,,,
4.9_+_UP_FREEZER_BODY_2~L8.2~W2.6~H2.56~as_sheet, 4.9 & UP FREEZER BODY (2,21,FREEZER LARGE,as_sheet,8.2,2.6,2.56,ALUMINIUM,ALUMINIUM,12802.708,12802.71,0.0,PASS,,,
4.9_+_UP_FREEZER_BODY_2~L8.2~W2.6~H2.56~as_sheet, 4.9 & UP FREEZER BODY (2,21,FREEZER LARGE,as_sheet,8.2,2.6,2.56,SUB FRAME + LIGHT BOX ASSY,SUB FRAME + LIGHT BOX ASSY,9920.504025,9920.53,0.0,PASS,,,
4.9_+_UP_FREEZER_BODY_2~L8.2~W2.6~H2.56~as_sheet, 4.9 & UP FREEZER BODY (2,21,FREEZER LARGE,as_sheet,8.2,2.6,2.56,REAR FRAME + FLOOR PLATE,REAR FRAME & FLOOR PLATE,5432.105904,5432.11,0.0,PASS,,,
4.9_+_UP_FREEZER_BODY_2~L8.2~W2.6~H2.56~as_sheet, 4.9 & UP FREEZER BODY (2,21,FREEZER LARGE,as_sheet,8.2,2.6,2.56,SPRAY PAINTING,SPRAY PAINTING,750.0,750.0,0.0,PASS,,,
4.9_+_UP_FREEZER_BODY_2~L8.2~W2.6~H2.56~as_sheet, 4.9 & UP FREEZER BODY (2,21,FREEZER LARGE,as_sheet,8.2,2.6,2.56,REFLEXITE TAPE,REFLEXITE TAPE,344.7,344.7,0.0,PASS,,,
4.9_+_UP_FREEZER_BODY_2~L8.2~W2.6~H2.56~all_eps, 4.9 & UP FREEZER BODY (2,21,FREEZER LARGE,all_eps,8.2,2.6,2.56,FRONT,FRONT,4043.588126,4051.64,,UNVERIFIABLE,EXCEL_NO_PRICE:EPS,,
4.9_+_UP_FREEZER_BODY_2~L8.2~W2.6~H2.56~all_eps, 4.9 & UP FREEZER BODY (2,21,FREEZER LARGE,all_eps,8.2,2.6,2.56,SRD,,0.0,,,SKIP,,,
4.9_+_UP_FREEZER_BODY_2~L8.2~W2.6~H2.56~all_eps, 4.9 & UP FREEZER BODY (2,21,FREEZER LARGE,all_eps,8.2,2.6,2.56,SRD DOOR FITTINGS,,0.0,,,SKIP,,,
4.9_+_UP_FREEZER_BODY_2~L8.2~W2.6~H2.56~all_eps, 4.9 & UP FREEZER BODY (2,21,FREEZER LARGE,all_eps,8.2,2.6,2.56,DRD,DRD,4807.917059,6147.04,,UNVERIFIABLE,EXCEL_NO_PRICE:EPS,,
4.9_+_UP_FREEZER_BODY_2~L8.2~W2.6~H2.56~all_eps, 4.9 & UP FREEZER BODY (2,21,FREEZER LARGE,all_eps,8.2,2.6,2.56,DRD DOOR FITTINGS,DRD DOOR FITTINGS,6394.50624,6394.51,0.0,PASS,,,
4.9_+_UP_FREEZER_BODY_2~L8.2~W2.6~H2.56~all_eps, 4.9 & UP FREEZER BODY (2,21,FREEZER LARGE,all_eps,8.2,2.6,2.56,SIDES,SIDES,25550.017445,25973.16,,UNVERIFIABLE,EXCEL_NO_PRICE:EPS,,
4.9_+_UP_FREEZER_BODY_2~L8.2~W2.6~H2.56~all_eps, 4.9 & UP FREEZER BODY (2,21,FREEZER LARGE,all_eps,8.2,2.6,2.56,ROOF,ROOF,16158.384688,16228.4,0.433,PASS,,,
4.9_+_UP_FREEZER_BODY_2~L8.2~W2.6~H2.56~all_eps, 4.9 & UP FREEZER BODY (2,21,FREEZER LARGE,all_eps,8.2,2.6,2.56,FLOOR,FLOOR,33901.830222,33902.12,0.001,PASS,,,
4.9_+_UP_FREEZER_BODY_2~L8.2~W2.6~H2.56~all_eps, 4.9 & UP FREEZER BODY (2,21,FREEZER LARGE,all_eps,8.2,2.6,2.56,ALUMINIUM,ALUMINIUM,12802.708,12802.71,0.0,PASS,,,
4.9_+_UP_FREEZER_BODY_2~L8.2~W2.6~H2.56~all_eps, 4.9 & UP FREEZER BODY (2,21,FREEZER LARGE,all_eps,8.2,2.6,2.56,SUB FRAME + LIGHT BOX ASSY,SUB FRAME + LIGHT BOX ASSY,9920.504025,9920.53,0.0,PASS,,,
4.9_+_UP_FREEZER_BODY_2~L8.2~W2.6~H2.56~all_eps, 4.9 & UP FREEZER BODY (2,21,FREEZER LARGE,all_eps,8.2,2.6,2.56,REAR FRAME + FLOOR PLATE,REAR FRAME & FLOOR PLATE,5432.105904,5432.11,0.0,PASS,,,
4.9_+_UP_FREEZER_BODY_2~L8.2~W2.6~H2.56~all_eps, 4.9 & UP FREEZER BODY (2,21,FREEZER LARGE,all_eps,8.2,2.6,2.56,SPRAY PAINTING,SPRAY PAINTING,750.0,750.0,0.0,PASS,,,
4.9_+_UP_FREEZER_BODY_2~L8.2~W2.6~H2.56~all_eps, 4.9 & UP FREEZER BODY (2,21,FREEZER LARGE,all_eps,8.2,2.6,2.56,REFLEXITE TAPE,REFLEXITE TAPE,344.7,344.7,0.0,PASS,,,
4.9_+_UP_FREEZER_BODY_2~L8.2~W2.6~H2.56~all_pu, 4.9 & UP FREEZER BODY (2,21,FREEZER LARGE,all_pu,8.2,2.6,2.56,FRONT,FRONT,5588.153405,5596.29,0.146,PASS,,,
4.9_+_UP_FREEZER_BODY_2~L8.2~W2.6~H2.56~all_pu, 4.9 & UP FREEZER BODY (2,21,FREEZER LARGE,all_pu,8.2,2.6,2.56,SRD,,0.0,,,SKIP,,,
4.9_+_UP_FREEZER_BODY_2~L8.2~W2.6~H2.56~all_pu, 4.9 & UP FREEZER BODY (2,21,FREEZER LARGE,all_pu,8.2,2.6,2.56,SRD DOOR FITTINGS,,0.0,,,SKIP,,,
4.9_+_UP_FREEZER_BODY_2~L8.2~W2.6~H2.56~all_pu, 4.9 & UP FREEZER BODY (2,21,FREEZER LARGE,all_pu,8.2,2.6,2.56,DRD,DRD,6352.841946,6352.78,0.001,PASS,,,
4.9_+_UP_FREEZER_BODY_2~L8.2~W2.6~H2.56~all_pu, 4.9 & UP FREEZER BODY (2,21,FREEZER LARGE,all_pu,8.2,2.6,2.56,DRD DOOR FITTINGS,DRD DOOR FITTINGS,6438.75928,6438.76,0.0,PASS,,,
4.9_+_UP_FREEZER_BODY_2~L8.2~W2.6~H2.56~all_pu, 4.9 & UP FREEZER BODY (2,21,FREEZER LARGE,all_pu,8.2,2.6,2.56,SIDES,SIDES,35953.793562,36377.01,1.177,ACCEPTED,,QTY_DIFF Rhinotex 1150 Bioshield (+147.02),[MES] FREEZER LARGE SIDES skin formulas take the panel height from WIDTH where Burt uses HEIGHT; +1.2 % at W 2.6 / H 2.56 and growing with the W-H gap (prod too).
4.9_+_UP_FREEZER_BODY_2~L8.2~W2.6~H2.56~all_pu, 4.9 & UP FREEZER BODY (2,21,FREEZER LARGE,all_pu,8.2,2.6,2.56,ROOF,ROOF,19899.147084,19969.16,0.352,PASS,,,
4.9_+_UP_FREEZER_BODY_2~L8.2~W2.6~H2.56~all_pu, 4.9 & UP FREEZER BODY (2,21,FREEZER LARGE,all_pu,8.2,2.6,2.56,FLOOR,FLOOR,37642.592617,37642.89,0.001,PASS,,,
4.9_+_UP_FREEZER_BODY_2~L8.2~W2.6~H2.56~all_pu, 4.9 & UP FREEZER BODY (2,21,FREEZER LARGE,all_pu,8.2,2.6,2.56,ALUMINIUM,ALUMINIUM,12802.708,12802.71,0.0,PASS,,,
4.9_+_UP_FREEZER_BODY_2~L8.2~W2.6~H2.56~all_pu, 4.9 & UP FREEZER BODY (2,21,FREEZER LARGE,all_pu,8.2,2.6,2.56,SUB FRAME + LIGHT BOX ASSY,SUB FRAME + LIGHT BOX ASSY,9920.504025,9920.53,0.0,PASS,,,
4.9_+_UP_FREEZER_BODY_2~L8.2~W2.6~H2.56~all_pu, 4.9 & UP FREEZER BODY (2,21,FREEZER LARGE,all_pu,8.2,2.6,2.56,REAR FRAME + FLOOR PLATE,REAR FRAME & FLOOR PLATE,5432.105904,5432.11,0.0,PASS,,,
4.9_+_UP_FREEZER_BODY_2~L8.2~W2.6~H2.56~all_pu, 4.9 & UP FREEZER BODY (2,21,FREEZER LARGE,all_pu,8.2,2.6,2.56,SPRAY PAINTING,SPRAY PAINTING,750.0,750.0,0.0,PASS,,,
4.9_+_UP_FREEZER_BODY_2~L8.2~W2.6~H2.56~all_pu, 4.9 & UP FREEZER BODY (2,21,FREEZER LARGE,all_pu,8.2,2.6,2.56,REFLEXITE TAPE,REFLEXITE TAPE,344.7,344.7,0.0,PASS,,,
4.9_+_UP_FREEZER_BODY_2~L8.2~W2.6~H2.56~srd, 4.9 & UP FREEZER BODY (2,21,FREEZER LARGE,srd,8.2,2.6,2.56,FRONT,FRONT,5588.153405,5596.29,0.146,PASS,,,
4.9_+_UP_FREEZER_BODY_2~L8.2~W2.6~H2.56~srd, 4.9 & UP FREEZER BODY (2,21,FREEZER LARGE,srd,8.2,2.6,2.56,SRD,SRD,5680.305873,28566.99,402.913,ACCEPTED,,BOTH PU (+22946.75),"[MES] PROD: the single-rear-door PU line is priced at the raw 32D rate — 1.22*2.44*2 sheets x R4 100 = R24.4k — where Burt has R245/sheet (R1.5k): +R23k on every SRD quote, on every body (chillers, freezers, icecream, explosive). Largest live-quote error found."
4.9_+_UP_FREEZER_BODY_2~L8.2~W2.6~H2.56~srd, 4.9 & UP FREEZER BODY (2,21,FREEZER LARGE,srd,8.2,2.6,2.56,SRD DOOR FITTINGS,SRD DOOR FITTINGS,7088.08054,7458.09,5.22,ACCEPTED,,PRICE_DIFF CSLB HINGES (+293.46),"[DATA] SRD DOOR FITTINGS on every body: MES CSLB HINGES R293.46 x2 (Excel R146.73 x2 - the pair price applied per hinge) and SILPLUS X WHITE R232.30 (Excel R116.15); per body also 34MM LOCKING POLE, 28782 BIG HORIZ CAPPING, ALU CORNERS, 28780/28778 BIG VERTICAL."
4.9_+_UP_FREEZER_BODY_2~L8.2~W2.6~H2.56~srd, 4.9 & UP FREEZER BODY (2,21,FREEZER LARGE,srd,8.2,2.6,2.56,DRD,,0.0,,,SKIP,,,
4.9_+_UP_FREEZER_BODY_2~L8.2~W2.6~H2.56~srd, 4.9 & UP FREEZER BODY (2,21,FREEZER LARGE,srd,8.2,2.6,2.56,DRD DOOR FITTINGS,,0.0,,,SKIP,,,
4.9_+_UP_FREEZER_BODY_2~L8.2~W2.6~H2.56~srd, 4.9 & UP FREEZER BODY (2,21,FREEZER LARGE,srd,8.2,2.6,2.56,SIDES,SIDES,35953.793562,36377.01,1.177,ACCEPTED,,QTY_DIFF Rhinotex 1150 Bioshield (+147.02),[MES] FREEZER LARGE SIDES skin formulas take the panel height from WIDTH where Burt uses HEIGHT; +1.2 % at W 2.6 / H 2.56 and growing with the W-H gap (prod too).
4.9_+_UP_FREEZER_BODY_2~L8.2~W2.6~H2.56~srd, 4.9 & UP FREEZER BODY (2,21,FREEZER LARGE,srd,8.2,2.6,2.56,ROOF,ROOF,19899.147084,19969.16,0.352,PASS,,,
4.9_+_UP_FREEZER_BODY_2~L8.2~W2.6~H2.56~srd, 4.9 & UP FREEZER BODY (2,21,FREEZER LARGE,srd,8.2,2.6,2.56,FLOOR,FLOOR,37642.592617,37642.89,0.001,PASS,,,
4.9_+_UP_FREEZER_BODY_2~L8.2~W2.6~H2.56~srd, 4.9 & UP FREEZER BODY (2,21,FREEZER LARGE,srd,8.2,2.6,2.56,ALUMINIUM,ALUMINIUM,12802.708,12802.71,0.0,PASS,,,
4.9_+_UP_FREEZER_BODY_2~L8.2~W2.6~H2.56~srd, 4.9 & UP FREEZER BODY (2,21,FREEZER LARGE,srd,8.2,2.6,2.56,SUB FRAME + LIGHT BOX ASSY,SUB FRAME + LIGHT BOX ASSY,9920.504025,9920.53,0.0,PASS,,,
4.9_+_UP_FREEZER_BODY_2~L8.2~W2.6~H2.56~srd, 4.9 & UP FREEZER BODY (2,21,FREEZER LARGE,srd,8.2,2.6,2.56,REAR FRAME + FLOOR PLATE,REAR FRAME & FLOOR PLATE,0.0,5432.11,,ACCEPTED,EXTRA_IN_MES,,"[RULING] Burt gates REAR FRAME + FLOOR PLATE on the DRD flags, so a single-rear-door body carries R0 there; MES always includes the section (R2.4k-R5.5k). Which is right needs Burt/Michael."
4.9_+_UP_FREEZER_BODY_2~L8.2~W2.6~H2.56~srd, 4.9 & UP FREEZER BODY (2,21,FREEZER LARGE,srd,8.2,2.6,2.56,SPRAY PAINTING,SPRAY PAINTING,750.0,750.0,0.0,PASS,,,
4.9_+_UP_FREEZER_BODY_2~L8.2~W2.6~H2.56~srd, 4.9 & UP FREEZER BODY (2,21,FREEZER LARGE,srd,8.2,2.6,2.56,REFLEXITE TAPE,REFLEXITE TAPE,344.7,344.7,0.0,PASS,,,
4.9_+_UP_FREEZER_BODY_2~L8.2~W2.6~H2.56~drd, 4.9 & UP FREEZER BODY (2,21,FREEZER LARGE,drd,8.2,2.6,2.56,FRONT,FRONT,5588.153405,5596.29,0.146,PASS,,,
4.9_+_UP_FREEZER_BODY_2~L8.2~W2.6~H2.56~drd, 4.9 & UP FREEZER BODY (2,21,FREEZER LARGE,drd,8.2,2.6,2.56,SRD,,0.0,,,SKIP,,,
4.9_+_UP_FREEZER_BODY_2~L8.2~W2.6~H2.56~drd, 4.9 & UP FREEZER BODY (2,21,FREEZER LARGE,drd,8.2,2.6,2.56,SRD DOOR FITTINGS,,0.0,,,SKIP,,,
4.9_+_UP_FREEZER_BODY_2~L8.2~W2.6~H2.56~drd, 4.9 & UP FREEZER BODY (2,21,FREEZER LARGE,drd,8.2,2.6,2.56,DRD,DRD,6352.841946,6352.78,0.001,PASS,,,
4.9_+_UP_FREEZER_BODY_2~L8.2~W2.6~H2.56~drd, 4.9 & UP FREEZER BODY (2,21,FREEZER LARGE,drd,8.2,2.6,2.56,DRD DOOR FITTINGS,DRD DOOR FITTINGS,6438.75928,6438.76,0.0,PASS,,,
4.9_+_UP_FREEZER_BODY_2~L8.2~W2.6~H2.56~drd, 4.9 & UP FREEZER BODY (2,21,FREEZER LARGE,drd,8.2,2.6,2.56,SIDES,SIDES,35953.793562,36377.01,1.177,ACCEPTED,,QTY_DIFF Rhinotex 1150 Bioshield (+147.02),[MES] FREEZER LARGE SIDES skin formulas take the panel height from WIDTH where Burt uses HEIGHT; +1.2 % at W 2.6 / H 2.56 and growing with the W-H gap (prod too).
4.9_+_UP_FREEZER_BODY_2~L8.2~W2.6~H2.56~drd, 4.9 & UP FREEZER BODY (2,21,FREEZER LARGE,drd,8.2,2.6,2.56,ROOF,ROOF,19899.147084,19969.16,0.352,PASS,,,
4.9_+_UP_FREEZER_BODY_2~L8.2~W2.6~H2.56~drd, 4.9 & UP FREEZER BODY (2,21,FREEZER LARGE,drd,8.2,2.6,2.56,FLOOR,FLOOR,37642.592617,37642.89,0.001,PASS,,,
4.9_+_UP_FREEZER_BODY_2~L8.2~W2.6~H2.56~drd, 4.9 & UP FREEZER BODY (2,21,FREEZER LARGE,drd,8.2,2.6,2.56,ALUMINIUM,ALUMINIUM,12802.708,12802.71,0.0,PASS,,,
4.9_+_UP_FREEZER_BODY_2~L8.2~W2.6~H2.56~drd, 4.9 & UP FREEZER BODY (2,21,FREEZER LARGE,drd,8.2,2.6,2.56,SUB FRAME + LIGHT BOX ASSY,SUB FRAME + LIGHT BOX ASSY,9920.504025,9920.53,0.0,PASS,,,
4.9_+_UP_FREEZER_BODY_2~L8.2~W2.6~H2.56~drd, 4.9 & UP FREEZER BODY (2,21,FREEZER LARGE,drd,8.2,2.6,2.56,REAR FRAME + FLOOR PLATE,REAR FRAME & FLOOR PLATE,5432.105904,5432.11,0.0,PASS,,,
4.9_+_UP_FREEZER_BODY_2~L8.2~W2.6~H2.56~drd, 4.9 & UP FREEZER BODY (2,21,FREEZER LARGE,drd,8.2,2.6,2.56,SPRAY PAINTING,SPRAY PAINTING,750.0,750.0,0.0,PASS,,,
4.9_+_UP_FREEZER_BODY_2~L8.2~W2.6~H2.56~drd, 4.9 & UP FREEZER BODY (2,21,FREEZER LARGE,drd,8.2,2.6,2.56,REFLEXITE TAPE,REFLEXITE TAPE,344.7,344.7,0.0,PASS,,,
4.9_+_UP_FREEZER_BODY_2~L8.2~W2.6~H2.56~foam_4g, 4.9 & UP FREEZER BODY (2,21,FREEZER LARGE,foam_4g,8.2,2.6,2.56,FRONT,FRONT,6052.035541,6060.17,0.134,PASS,,,
4.9_+_UP_FREEZER_BODY_2~L8.2~W2.6~H2.56~foam_4g, 4.9 & UP FREEZER BODY (2,21,FREEZER LARGE,foam_4g,8.2,2.6,2.56,SRD,,0.0,,,SKIP,,,
4.9_+_UP_FREEZER_BODY_2~L8.2~W2.6~H2.56~foam_4g, 4.9 & UP FREEZER BODY (2,21,FREEZER LARGE,foam_4g,8.2,2.6,2.56,SRD DOOR FITTINGS,,0.0,,,SKIP,,,
4.9_+_UP_FREEZER_BODY_2~L8.2~W2.6~H2.56~foam_4g, 4.9 & UP FREEZER BODY (2,21,FREEZER LARGE,foam_4g,8.2,2.6,2.56,DRD,DRD,6816.724082,6816.66,0.001,PASS,,,
4.9_+_UP_FREEZER_BODY_2~L8.2~W2.6~H2.56~foam_4g, 4.9 & UP FREEZER BODY (2,21,FREEZER LARGE,foam_4g,8.2,2.6,2.56,DRD DOOR FITTINGS,DRD DOOR FITTINGS,6438.75928,6438.76,0.0,PASS,,,
4.9_+_UP_FREEZER_BODY_2~L8.2~W2.6~H2.56~foam_4g, 4.9 & UP FREEZER BODY (2,21,FREEZER LARGE,foam_4g,8.2,2.6,2.56,SIDES,SIDES,39090.70145,39513.92,1.083,ACCEPTED,,QTY_DIFF Rhinotex 1150 Bioshield (+147.02),[MES] FREEZER LARGE SIDES skin formulas take the panel height from WIDTH where Burt uses HEIGHT; +1.2 % at W 2.6 / H 2.56 and growing with the W-H gap (prod too).
4.9_+_UP_FREEZER_BODY_2~L8.2~W2.6~H2.56~foam_4g, 4.9 & UP FREEZER BODY (2,21,FREEZER LARGE,foam_4g,8.2,2.6,2.56,ROOF,ROOF,22513.23699,22583.25,0.311,PASS,,,
4.9_+_UP_FREEZER_BODY_2~L8.2~W2.6~H2.56~foam_4g, 4.9 & UP FREEZER BODY (2,21,FREEZER LARGE,foam_4g,8.2,2.6,2.56,FLOOR,FLOOR,40256.682524,40256.98,0.001,PASS,,,
4.9_+_UP_FREEZER_BODY_2~L8.2~W2.6~H2.56~foam_4g, 4.9 & UP FREEZER BODY (2,21,FREEZER LARGE,foam_4g,8.2,2.6,2.56,ALUMINIUM,ALUMINIUM,12802.708,12802.71,0.0,PASS,,,
4.9_+_UP_FREEZER_BODY_2~L8.2~W2.6~H2.56~foam_4g, 4.9 & UP FREEZER BODY (2,21,FREEZER LARGE,foam_4g,8.2,2.6,2.56,SUB FRAME + LIGHT BOX ASSY,SUB FRAME + LIGHT BOX ASSY,9920.504025,9920.53,0.0,PASS,,,
4.9_+_UP_FREEZER_BODY_2~L8.2~W2.6~H2.56~foam_4g, 4.9 & UP FREEZER BODY (2,21,FREEZER LARGE,foam_4g,8.2,2.6,2.56,REAR FRAME + FLOOR PLATE,REAR FRAME & FLOOR PLATE,5432.105904,5432.11,0.0,PASS,,,
4.9_+_UP_FREEZER_BODY_2~L8.2~W2.6~H2.56~foam_4g, 4.9 & UP FREEZER BODY (2,21,FREEZER LARGE,foam_4g,8.2,2.6,2.56,SPRAY PAINTING,SPRAY PAINTING,750.0,750.0,0.0,PASS,,,
4.9_+_UP_FREEZER_BODY_2~L8.2~W2.6~H2.56~foam_4g, 4.9 & UP FREEZER BODY (2,21,FREEZER LARGE,foam_4g,8.2,2.6,2.56,REFLEXITE TAPE,REFLEXITE TAPE,344.7,344.7,0.0,PASS,,,
