scenario_id,sheet,trailer_id,trailer_name,variant,length,width,height,section_excel,section_mes,excel_total,mes_total,variance_pct,status,reason,likely_cause,accepted_reason
UP_TO_2.3_CHILLER_BODY~L1.8~W1.8~H1.8~as_sheet,UP TO 2.3 CHILLER BODY,25,CHILLER 2.3 METER,as_sheet,1.8,1.8,1.8,FRONT,FRONT,2103.338848,2108.9,0.264,PASS,,,
UP_TO_2.3_CHILLER_BODY~L1.8~W1.8~H1.8~as_sheet,UP TO 2.3 CHILLER BODY,25,CHILLER 2.3 METER,as_sheet,1.8,1.8,1.8,SRD,,0.0,,,SKIP,,,
UP_TO_2.3_CHILLER_BODY~L1.8~W1.8~H1.8~as_sheet,UP TO 2.3 CHILLER BODY,25,CHILLER 2.3 METER,as_sheet,1.8,1.8,1.8,SRD DOOR FITTINGS,,0.0,,,SKIP,,,
UP_TO_2.3_CHILLER_BODY~L1.8~W1.8~H1.8~as_sheet,UP TO 2.3 CHILLER BODY,25,CHILLER 2.3 METER,as_sheet,1.8,1.8,1.8,DRD,DRD,2847.785049,2847.76,0.001,PASS,,,
UP_TO_2.3_CHILLER_BODY~L1.8~W1.8~H1.8~as_sheet,UP TO 2.3 CHILLER BODY,25,CHILLER 2.3 METER,as_sheet,1.8,1.8,1.8,DRD DOOR FITTINGS,DRD DOOR FITTINGS,4799.12194,4799.12,0.0,PASS,,,
UP_TO_2.3_CHILLER_BODY~L1.8~W1.8~H1.8~as_sheet,UP TO 2.3 CHILLER BODY,25,CHILLER 2.3 METER,as_sheet,1.8,1.8,1.8,SIDES,SIDES,4671.830585,4671.78,0.001,PASS,,,
UP_TO_2.3_CHILLER_BODY~L1.8~W1.8~H1.8~as_sheet,UP TO 2.3 CHILLER BODY,25,CHILLER 2.3 METER,as_sheet,1.8,1.8,1.8,ROOF,ROOF,2647.321166,2647.3,0.001,PASS,,,
UP_TO_2.3_CHILLER_BODY~L1.8~W1.8~H1.8~as_sheet,UP TO 2.3 CHILLER BODY,25,CHILLER 2.3 METER,as_sheet,1.8,1.8,1.8,FLOOR,FLOOR,5011.562192,5011.56,0.0,PASS,,,
UP_TO_2.3_CHILLER_BODY~L1.8~W1.8~H1.8~as_sheet,UP TO 2.3 CHILLER BODY,25,CHILLER 2.3 METER,as_sheet,1.8,1.8,1.8,ALUMINIUM,ALUMINIUM,3540.816,3540.82,0.0,PASS,,,
UP_TO_2.3_CHILLER_BODY~L1.8~W1.8~H1.8~as_sheet,UP TO 2.3 CHILLER BODY,25,CHILLER 2.3 METER,as_sheet,1.8,1.8,1.8,SUB FRAME + LIGHT BOX ASSY,SUB FRAME + LIGHT BOX ASSY,3082.148426,3082.15,0.0,PASS,,,
UP_TO_2.3_CHILLER_BODY~L1.8~W1.8~H1.8~as_sheet,UP TO 2.3 CHILLER BODY,25,CHILLER 2.3 METER,as_sheet,1.8,1.8,1.8,REAR FRAME + FLOOR PLATE,REAR FRAME & FLOOR PLATE,2447.54552,2447.57,0.001,PASS,,,
UP_TO_2.3_CHILLER_BODY~L1.8~W1.8~H1.8~as_sheet,UP TO 2.3 CHILLER BODY,25,CHILLER 2.3 METER,as_sheet,1.8,1.8,1.8,SPRAY PAINTING,SPRAY PAINTING,750.0,750.0,0.0,PASS,,,
UP_TO_2.3_CHILLER_BODY~L1.8~W1.8~H1.8~all_eps,UP TO 2.3 CHILLER BODY,25,CHILLER 2.3 METER,all_eps,1.8,1.8,1.8,FRONT,FRONT,2103.338848,2108.9,0.264,PASS,,,
UP_TO_2.3_CHILLER_BODY~L1.8~W1.8~H1.8~all_eps,UP TO 2.3 CHILLER BODY,25,CHILLER 2.3 METER,all_eps,1.8,1.8,1.8,SRD,,0.0,,,SKIP,,,
UP_TO_2.3_CHILLER_BODY~L1.8~W1.8~H1.8~all_eps,UP TO 2.3 CHILLER BODY,25,CHILLER 2.3 METER,all_eps,1.8,1.8,1.8,SRD DOOR FITTINGS,,0.0,,,SKIP,,,
UP_TO_2.3_CHILLER_BODY~L1.8~W1.8~H1.8~all_eps,UP TO 2.3 CHILLER BODY,25,CHILLER 2.3 METER,all_eps,1.8,1.8,1.8,DRD,DRD,2847.785049,2847.76,0.001,PASS,,,
UP_TO_2.3_CHILLER_BODY~L1.8~W1.8~H1.8~all_eps,UP TO 2.3 CHILLER BODY,25,CHILLER 2.3 METER,all_eps,1.8,1.8,1.8,DRD DOOR FITTINGS,DRD DOOR FITTINGS,4799.12194,4799.12,0.0,PASS,,,
UP_TO_2.3_CHILLER_BODY~L1.8~W1.8~H1.8~all_eps,UP TO 2.3 CHILLER BODY,25,CHILLER 2.3 METER,all_eps,1.8,1.8,1.8,SIDES,SIDES,4671.830585,4671.78,0.001,PASS,,,
UP_TO_2.3_CHILLER_BODY~L1.8~W1.8~H1.8~all_eps,UP TO 2.3 CHILLER BODY,25,CHILLER 2.3 METER,all_eps,1.8,1.8,1.8,ROOF,ROOF,2647.321166,2647.3,0.001,PASS,,,
UP_TO_2.3_CHILLER_BODY~L1.8~W1.8~H1.8~all_eps,UP TO 2.3 CHILLER BODY,25,CHILLER 2.3 METER,all_eps,1.8,1.8,1.8,FLOOR,FLOOR,5011.562192,5011.56,0.0,PASS,,,
UP_TO_2.3_CHILLER_BODY~L1.8~W1.8~H1.8~all_eps,UP TO 2.3 CHILLER BODY,25,CHILLER 2.3 METER,all_eps,1.8,1.8,1.8,ALUMINIUM,ALUMINIUM,3540.816,3540.82,0.0,PASS,,,
UP_TO_2.3_CHILLER_BODY~L1.8~W1.8~H1.8~all_eps,UP TO 2.3 CHILLER BODY,25,CHILLER 2.3 METER,all_eps,1.8,1.8,1.8,SUB FRAME + LIGHT BOX ASSY,SUB FRAME + LIGHT BOX ASSY,3082.148426,3082.15,0.0,PASS,,,
UP_TO_2.3_CHILLER_BODY~L1.8~W1.8~H1.8~all_eps,UP TO 2.3 CHILLER BODY,25,CHILLER 2.3 METER,all_eps,1.8,1.8,1.8,REAR FRAME + FLOOR PLATE,REAR FRAME & FLOOR PLATE,2447.54552,2447.57,0.001,PASS,,,
UP_TO_2.3_CHILLER_BODY~L1.8~W1.8~H1.8~all_eps,UP TO 2.3 CHILLER BODY,25,CHILLER 2.3 METER,all_eps,1.8,1.8,1.8,SPRAY PAINTING,SPRAY PAINTING,750.0,750.0,0.0,PASS,,,
UP_TO_2.3_CHILLER_BODY~L1.8~W1.8~H1.8~all_pu,UP TO 2.3 CHILLER BODY,25,CHILLER 2.3 METER,all_pu,1.8,1.8,1.8,FRONT,FRONT,2325.74899,2746.57,18.094,ACCEPTED,,PRICE_DIFF PU (+444.43),[RULING] PROD prices chiller PU at R334.50/sheet (the September 32D rate) where Burt's chiller sheets hard-code a 2018 rate (3090 -> R185.20/sheet): MES +R890 (front) to +R4k (sides) per PU panel. Prod is likely the current one; Burt's sheets need the [1]PU! link.
UP_TO_2.3_CHILLER_BODY~L1.8~W1.8~H1.8~all_pu,UP TO 2.3 CHILLER BODY,25,CHILLER 2.3 METER,all_pu,1.8,1.8,1.8,SRD,,0.0,,,SKIP,,,
UP_TO_2.3_CHILLER_BODY~L1.8~W1.8~H1.8~all_pu,UP TO 2.3 CHILLER BODY,25,CHILLER 2.3 METER,all_pu,1.8,1.8,1.8,SRD DOOR FITTINGS,,0.0,,,SKIP,,,
UP_TO_2.3_CHILLER_BODY~L1.8~W1.8~H1.8~all_pu,UP TO 2.3 CHILLER BODY,25,CHILLER 2.3 METER,all_pu,1.8,1.8,1.8,DRD,DRD,3484.659832,3962.82,13.722,ACCEPTED,,MISSING_IN_MES 130*62MM TAPPING BLOCKS (-936.00),[RULING] PROD prices chiller PU at R334.50/sheet (the September 32D rate) where Burt's chiller sheets hard-code a 2018 rate (3090 -> R185.20/sheet): MES +R890 (front) to +R4k (sides) per PU panel. Prod is likely the current one; Burt's sheets need the [1]PU! link.
UP_TO_2.3_CHILLER_BODY~L1.8~W1.8~H1.8~all_pu,UP TO 2.3 CHILLER BODY,25,CHILLER 2.3 METER,all_pu,1.8,1.8,1.8,DRD DOOR FITTINGS,DRD DOOR FITTINGS,4862.51126,4862.51,0.0,PASS,,,
UP_TO_2.3_CHILLER_BODY~L1.8~W1.8~H1.8~all_pu,UP TO 2.3 CHILLER BODY,25,CHILLER 2.3 METER,all_pu,1.8,1.8,1.8,SIDES,SIDES,5070.237439,6025.44,18.839,ACCEPTED,,PRICE_DIFF PU (+955.25),[RULING] PROD prices chiller PU at R334.50/sheet (the September 32D rate) where Burt's chiller sheets hard-code a 2018 rate (3090 -> R185.20/sheet): MES +R890 (front) to +R4k (sides) per PU panel. Prod is likely the current one; Burt's sheets need the [1]PU! link.
UP_TO_2.3_CHILLER_BODY~L1.8~W1.8~H1.8~all_pu,UP TO 2.3 CHILLER BODY,25,CHILLER 2.3 METER,all_pu,1.8,1.8,1.8,ROOF,ROOF,2809.815597,3771.03,34.209,ACCEPTED,,PRICE_DIFF PU (+961.25),[RULING] PROD prices chiller PU at R334.50/sheet (the September 32D rate) where Burt's chiller sheets hard-code a 2018 rate (3090 -> R185.20/sheet): MES +R890 (front) to +R4k (sides) per PU panel. Prod is likely the current one; Burt's sheets need the [1]PU! link.
UP_TO_2.3_CHILLER_BODY~L1.8~W1.8~H1.8~all_pu,UP TO 2.3 CHILLER BODY,25,CHILLER 2.3 METER,all_pu,1.8,1.8,1.8,FLOOR,FLOOR,5174.056623,6135.3,18.578,ACCEPTED,,PRICE_DIFF PU (+961.25),[RULING] PROD prices chiller PU at R334.50/sheet (the September 32D rate) where Burt's chiller sheets hard-code a 2018 rate (3090 -> R185.20/sheet): MES +R890 (front) to +R4k (sides) per PU panel. Prod is likely the current one; Burt's sheets need the [1]PU! link.
UP_TO_2.3_CHILLER_BODY~L1.8~W1.8~H1.8~all_pu,UP TO 2.3 CHILLER BODY,25,CHILLER 2.3 METER,all_pu,1.8,1.8,1.8,ALUMINIUM,ALUMINIUM,3540.816,3540.82,0.0,PASS,,,
UP_TO_2.3_CHILLER_BODY~L1.8~W1.8~H1.8~all_pu,UP TO 2.3 CHILLER BODY,25,CHILLER 2.3 METER,all_pu,1.8,1.8,1.8,SUB FRAME + LIGHT BOX ASSY,SUB FRAME + LIGHT BOX ASSY,3082.148426,3082.15,0.0,PASS,,,
UP_TO_2.3_CHILLER_BODY~L1.8~W1.8~H1.8~all_pu,UP TO 2.3 CHILLER BODY,25,CHILLER 2.3 METER,all_pu,1.8,1.8,1.8,REAR FRAME + FLOOR PLATE,REAR FRAME & FLOOR PLATE,2447.54552,2447.57,0.001,PASS,,,
UP_TO_2.3_CHILLER_BODY~L1.8~W1.8~H1.8~all_pu,UP TO 2.3 CHILLER BODY,25,CHILLER 2.3 METER,all_pu,1.8,1.8,1.8,SPRAY PAINTING,SPRAY PAINTING,750.0,750.0,0.0,PASS,,,
UP_TO_2.3_CHILLER_BODY~L1.8~W1.8~H1.8~srd,UP TO 2.3 CHILLER BODY,25,CHILLER 2.3 METER,srd,1.8,1.8,1.8,FRONT,FRONT,2103.338848,2108.9,0.264,PASS,,,
UP_TO_2.3_CHILLER_BODY~L1.8~W1.8~H1.8~srd,UP TO 2.3 CHILLER BODY,25,CHILLER 2.3 METER,srd,1.8,1.8,1.8,SRD,SRD,2315.702868,2167.96,6.38,ACCEPTED,,PRICE_DIFF EPS (-87.72),[DATA] PROD SRD EPS line priced differently from Burt on CHILLER 2.3 / CHILLER LARGE (-R127 to -R148).
UP_TO_2.3_CHILLER_BODY~L1.8~W1.8~H1.8~srd,UP TO 2.3 CHILLER BODY,25,CHILLER 2.3 METER,srd,1.8,1.8,1.8,SRD DOOR FITTINGS,SRD DOOR FITTINGS,5501.00542,7064.63,28.424,ACCEPTED,,BOTH CSLB HINGES (+880.38),"[DATA] SRD DOOR FITTINGS on every body: MES CSLB HINGES R293.46 x2 (Excel R146.73 x2 - the pair price applied per hinge) and SILPLUS X WHITE R232.30 (Excel R116.15); per body also 34MM LOCKING POLE, 28782 BIG HORIZ CAPPING, ALU CORNERS, 28780/28778 BIG VERTICAL."
UP_TO_2.3_CHILLER_BODY~L1.8~W1.8~H1.8~srd,UP TO 2.3 CHILLER BODY,25,CHILLER 2.3 METER,srd,1.8,1.8,1.8,DRD,,0.0,,,SKIP,,,
UP_TO_2.3_CHILLER_BODY~L1.8~W1.8~H1.8~srd,UP TO 2.3 CHILLER BODY,25,CHILLER 2.3 METER,srd,1.8,1.8,1.8,DRD DOOR FITTINGS,,0.0,,,SKIP,,,
UP_TO_2.3_CHILLER_BODY~L1.8~W1.8~H1.8~srd,UP TO 2.3 CHILLER BODY,25,CHILLER 2.3 METER,srd,1.8,1.8,1.8,SIDES,SIDES,4671.830585,4671.78,0.001,PASS,,,
UP_TO_2.3_CHILLER_BODY~L1.8~W1.8~H1.8~srd,UP TO 2.3 CHILLER BODY,25,CHILLER 2.3 METER,srd,1.8,1.8,1.8,ROOF,ROOF,2647.321166,2647.3,0.001,PASS,,,
UP_TO_2.3_CHILLER_BODY~L1.8~W1.8~H1.8~srd,UP TO 2.3 CHILLER BODY,25,CHILLER 2.3 METER,srd,1.8,1.8,1.8,FLOOR,FLOOR,5011.562192,5011.56,0.0,PASS,,,
UP_TO_2.3_CHILLER_BODY~L1.8~W1.8~H1.8~srd,UP TO 2.3 CHILLER BODY,25,CHILLER 2.3 METER,srd,1.8,1.8,1.8,ALUMINIUM,ALUMINIUM,3540.816,3540.82,0.0,PASS,,,
UP_TO_2.3_CHILLER_BODY~L1.8~W1.8~H1.8~srd,UP TO 2.3 CHILLER BODY,25,CHILLER 2.3 METER,srd,1.8,1.8,1.8,SUB FRAME + LIGHT BOX ASSY,SUB FRAME + LIGHT BOX ASSY,3082.148426,3082.15,0.0,PASS,,,
UP_TO_2.3_CHILLER_BODY~L1.8~W1.8~H1.8~srd,UP TO 2.3 CHILLER BODY,25,CHILLER 2.3 METER,srd,1.8,1.8,1.8,REAR FRAME + FLOOR PLATE,REAR FRAME & FLOOR PLATE,0.0,2447.57,,ACCEPTED,EXTRA_IN_MES,,"[RULING] Burt gates REAR FRAME + FLOOR PLATE on the DRD flags, so a single-rear-door body carries R0 there; MES always includes the section (R2.4k-R5.5k). Which is right needs Burt/Michael."
UP_TO_2.3_CHILLER_BODY~L1.8~W1.8~H1.8~srd,UP TO 2.3 CHILLER BODY,25,CHILLER 2.3 METER,srd,1.8,1.8,1.8,SPRAY PAINTING,SPRAY PAINTING,750.0,750.0,0.0,PASS,,,
UP_TO_2.3_CHILLER_BODY~L1.8~W1.8~H1.8~drd,UP TO 2.3 CHILLER BODY,25,CHILLER 2.3 METER,drd,1.8,1.8,1.8,FRONT,FRONT,2103.338848,2108.9,0.264,PASS,,,
UP_TO_2.3_CHILLER_BODY~L1.8~W1.8~H1.8~drd,UP TO 2.3 CHILLER BODY,25,CHILLER 2.3 METER,drd,1.8,1.8,1.8,SRD,,0.0,,,SKIP,,,
UP_TO_2.3_CHILLER_BODY~L1.8~W1.8~H1.8~drd,UP TO 2.3 CHILLER BODY,25,CHILLER 2.3 METER,drd,1.8,1.8,1.8,SRD DOOR FITTINGS,,0.0,,,SKIP,,,
UP_TO_2.3_CHILLER_BODY~L1.8~W1.8~H1.8~drd,UP TO 2.3 CHILLER BODY,25,CHILLER 2.3 METER,drd,1.8,1.8,1.8,DRD,DRD,2847.785049,2847.76,0.001,PASS,,,
UP_TO_2.3_CHILLER_BODY~L1.8~W1.8~H1.8~drd,UP TO 2.3 CHILLER BODY,25,CHILLER 2.3 METER,drd,1.8,1.8,1.8,DRD DOOR FITTINGS,DRD DOOR FITTINGS,4799.12194,4799.12,0.0,PASS,,,
UP_TO_2.3_CHILLER_BODY~L1.8~W1.8~H1.8~drd,UP TO 2.3 CHILLER BODY,25,CHILLER 2.3 METER,drd,1.8,1.8,1.8,SIDES,SIDES,4671.830585,4671.78,0.001,PASS,,,
UP_TO_2.3_CHILLER_BODY~L1.8~W1.8~H1.8~drd,UP TO 2.3 CHILLER BODY,25,CHILLER 2.3 METER,drd,1.8,1.8,1.8,ROOF,ROOF,2647.321166,2647.3,0.001,PASS,,,
UP_TO_2.3_CHILLER_BODY~L1.8~W1.8~H1.8~drd,UP TO 2.3 CHILLER BODY,25,CHILLER 2.3 METER,drd,1.8,1.8,1.8,FLOOR,FLOOR,5011.562192,5011.56,0.0,PASS,,,
UP_TO_2.3_CHILLER_BODY~L1.8~W1.8~H1.8~drd,UP TO 2.3 CHILLER BODY,25,CHILLER 2.3 METER,drd,1.8,1.8,1.8,ALUMINIUM,ALUMINIUM,3540.816,3540.82,0.0,PASS,,,
UP_TO_2.3_CHILLER_BODY~L1.8~W1.8~H1.8~drd,UP TO 2.3 CHILLER BODY,25,CHILLER 2.3 METER,drd,1.8,1.8,1.8,SUB FRAME + LIGHT BOX ASSY,SUB FRAME + LIGHT BOX ASSY,3082.148426,3082.15,0.0,PASS,,,
UP_TO_2.3_CHILLER_BODY~L1.8~W1.8~H1.8~drd,UP TO 2.3 CHILLER BODY,25,CHILLER 2.3 METER,drd,1.8,1.8,1.8,REAR FRAME + FLOOR PLATE,REAR FRAME & FLOOR PLATE,2447.54552,2447.57,0.001,PASS,,,
UP_TO_2.3_CHILLER_BODY~L1.8~W1.8~H1.8~drd,UP TO 2.3 CHILLER BODY,25,CHILLER 2.3 METER,drd,1.8,1.8,1.8,SPRAY PAINTING,SPRAY PAINTING,750.0,750.0,0.0,PASS,,,
UP_TO_2.3_CHILLER_BODY~L1.8~W1.8~H1.8~foam_4g,UP TO 2.3 CHILLER BODY,25,CHILLER 2.3 METER,foam_4g,1.8,1.8,1.8,FRONT,FRONT,2103.338848,2108.9,0.264,PASS,,,
UP_TO_2.3_CHILLER_BODY~L1.8~W1.8~H1.8~foam_4g,UP TO 2.3 CHILLER BODY,25,CHILLER 2.3 METER,foam_4g,1.8,1.8,1.8,SRD,,0.0,,,SKIP,,,
UP_TO_2.3_CHILLER_BODY~L1.8~W1.8~H1.8~foam_4g,UP TO 2.3 CHILLER BODY,25,CHILLER 2.3 METER,foam_4g,1.8,1.8,1.8,SRD DOOR FITTINGS,,0.0,,,SKIP,,,
UP_TO_2.3_CHILLER_BODY~L1.8~W1.8~H1.8~foam_4g,UP TO 2.3 CHILLER BODY,25,CHILLER 2.3 METER,foam_4g,1.8,1.8,1.8,DRD,DRD,2847.785049,2847.76,0.001,PASS,,,
UP_TO_2.3_CHILLER_BODY~L1.8~W1.8~H1.8~foam_4g,UP TO 2.3 CHILLER BODY,25,CHILLER 2.3 METER,foam_4g,1.8,1.8,1.8,DRD DOOR FITTINGS,DRD DOOR FITTINGS,4799.12194,4799.12,0.0,PASS,,,
UP_TO_2.3_CHILLER_BODY~L1.8~W1.8~H1.8~foam_4g,UP TO 2.3 CHILLER BODY,25,CHILLER 2.3 METER,foam_4g,1.8,1.8,1.8,SIDES,SIDES,4671.830585,4671.78,0.001,PASS,,,
UP_TO_2.3_CHILLER_BODY~L1.8~W1.8~H1.8~foam_4g,UP TO 2.3 CHILLER BODY,25,CHILLER 2.3 METER,foam_4g,1.8,1.8,1.8,ROOF,ROOF,2647.321166,2647.3,0.001,PASS,,,
UP_TO_2.3_CHILLER_BODY~L1.8~W1.8~H1.8~foam_4g,UP TO 2.3 CHILLER BODY,25,CHILLER 2.3 METER,foam_4g,1.8,1.8,1.8,FLOOR,FLOOR,5011.562192,5011.56,0.0,PASS,,,
UP_TO_2.3_CHILLER_BODY~L1.8~W1.8~H1.8~foam_4g,UP TO 2.3 CHILLER BODY,25,CHILLER 2.3 METER,foam_4g,1.8,1.8,1.8,ALUMINIUM,ALUMINIUM,3540.816,3540.82,0.0,PASS,,,
UP_TO_2.3_CHILLER_BODY~L1.8~W1.8~H1.8~foam_4g,UP TO 2.3 CHILLER BODY,25,CHILLER 2.3 METER,foam_4g,1.8,1.8,1.8,SUB FRAME + LIGHT BOX ASSY,SUB FRAME + LIGHT BOX ASSY,3082.148426,3082.15,0.0,PASS,,,
UP_TO_2.3_CHILLER_BODY~L1.8~W1.8~H1.8~foam_4g,UP TO 2.3 CHILLER BODY,25,CHILLER 2.3 METER,foam_4g,1.8,1.8,1.8,REAR FRAME + FLOOR PLATE,REAR FRAME & FLOOR PLATE,2447.54552,2447.57,0.001,PASS,,,
UP_TO_2.3_CHILLER_BODY~L1.8~W1.8~H1.8~foam_4g,UP TO 2.3 CHILLER BODY,25,CHILLER 2.3 METER,foam_4g,1.8,1.8,1.8,SPRAY PAINTING,SPRAY PAINTING,750.0,750.0,0.0,PASS,,,
UP_TO_2.3_CHILLER_BODY~L2.3~W1.8~H1.8~as_sheet,UP TO 2.3 CHILLER BODY,25,CHILLER 2.3 METER,as_sheet,2.3,1.8,1.8,FRONT,FRONT,2103.338848,2108.9,0.264,PASS,,,
UP_TO_2.3_CHILLER_BODY~L2.3~W1.8~H1.8~as_sheet,UP TO 2.3 CHILLER BODY,25,CHILLER 2.3 METER,as_sheet,2.3,1.8,1.8,SRD,,0.0,,,SKIP,,,
UP_TO_2.3_CHILLER_BODY~L2.3~W1.8~H1.8~as_sheet,UP TO 2.3 CHILLER BODY,25,CHILLER 2.3 METER,as_sheet,2.3,1.8,1.8,SRD DOOR FITTINGS,,0.0,,,SKIP,,,
UP_TO_2.3_CHILLER_BODY~L2.3~W1.8~H1.8~as_sheet,UP TO 2.3 CHILLER BODY,25,CHILLER 2.3 METER,as_sheet,2.3,1.8,1.8,DRD,DRD,2847.785049,2847.76,0.001,PASS,,,
UP_TO_2.3_CHILLER_BODY~L2.3~W1.8~H1.8~as_sheet,UP TO 2.3 CHILLER BODY,25,CHILLER 2.3 METER,as_sheet,2.3,1.8,1.8,DRD DOOR FITTINGS,DRD DOOR FITTINGS,4799.12194,4799.12,0.0,PASS,,,
UP_TO_2.3_CHILLER_BODY~L2.3~W1.8~H1.8~as_sheet,UP TO 2.3 CHILLER BODY,25,CHILLER 2.3 METER,as_sheet,2.3,1.8,1.8,SIDES,SIDES,5814.439848,5814.38,0.001,PASS,,,
UP_TO_2.3_CHILLER_BODY~L2.3~W1.8~H1.8~as_sheet,UP TO 2.3 CHILLER BODY,25,CHILLER 2.3 METER,as_sheet,2.3,1.8,1.8,ROOF,ROOF,3292.605278,3292.57,0.001,PASS,,,
UP_TO_2.3_CHILLER_BODY~L2.3~W1.8~H1.8~as_sheet,UP TO 2.3 CHILLER BODY,25,CHILLER 2.3 METER,as_sheet,2.3,1.8,1.8,FLOOR,FLOOR,6094.167818,6094.17,0.0,PASS,,,
UP_TO_2.3_CHILLER_BODY~L2.3~W1.8~H1.8~as_sheet,UP TO 2.3 CHILLER BODY,25,CHILLER 2.3 METER,as_sheet,2.3,1.8,1.8,ALUMINIUM,ALUMINIUM,4084.066,4084.07,0.0,PASS,,,
UP_TO_2.3_CHILLER_BODY~L2.3~W1.8~H1.8~as_sheet,UP TO 2.3 CHILLER BODY,25,CHILLER 2.3 METER,as_sheet,2.3,1.8,1.8,SUB FRAME + LIGHT BOX ASSY,SUB FRAME + LIGHT BOX ASSY,3237.538286,3237.54,0.0,PASS,,,
UP_TO_2.3_CHILLER_BODY~L2.3~W1.8~H1.8~as_sheet,UP TO 2.3 CHILLER BODY,25,CHILLER 2.3 METER,as_sheet,2.3,1.8,1.8,REAR FRAME + FLOOR PLATE,REAR FRAME & FLOOR PLATE,2447.54552,2447.57,0.001,PASS,,,
UP_TO_2.3_CHILLER_BODY~L2.3~W1.8~H1.8~as_sheet,UP TO 2.3 CHILLER BODY,25,CHILLER 2.3 METER,as_sheet,2.3,1.8,1.8,SPRAY PAINTING,SPRAY PAINTING,750.0,750.0,0.0,PASS,,,
UP_TO_2.3_CHILLER_BODY~L2.3~W1.8~H1.8~all_eps,UP TO 2.3 CHILLER BODY,25,CHILLER 2.3 METER,all_eps,2.3,1.8,1.8,FRONT,FRONT,2103.338848,2108.9,0.264,PASS,,,
UP_TO_2.3_CHILLER_BODY~L2.3~W1.8~H1.8~all_eps,UP TO 2.3 CHILLER BODY,25,CHILLER 2.3 METER,all_eps,2.3,1.8,1.8,SRD,,0.0,,,SKIP,,,
UP_TO_2.3_CHILLER_BODY~L2.3~W1.8~H1.8~all_eps,UP TO 2.3 CHILLER BODY,25,CHILLER 2.3 METER,all_eps,2.3,1.8,1.8,SRD DOOR FITTINGS,,0.0,,,SKIP,,,
UP_TO_2.3_CHILLER_BODY~L2.3~W1.8~H1.8~all_eps,UP TO 2.3 CHILLER BODY,25,CHILLER 2.3 METER,all_eps,2.3,1.8,1.8,DRD,DRD,2847.785049,2847.76,0.001,PASS,,,
UP_TO_2.3_CHILLER_BODY~L2.3~W1.8~H1.8~all_eps,UP TO 2.3 CHILLER BODY,25,CHILLER 2.3 METER,all_eps,2.3,1.8,1.8,DRD DOOR FITTINGS,DRD DOOR FITTINGS,4799.12194,4799.12,0.0,PASS,,,
UP_TO_2.3_CHILLER_BODY~L2.3~W1.8~H1.8~all_eps,UP TO 2.3 CHILLER BODY,25,CHILLER 2.3 METER,all_eps,2.3,1.8,1.8,SIDES,SIDES,5814.439848,5814.38,0.001,PASS,,,
UP_TO_2.3_CHILLER_BODY~L2.3~W1.8~H1.8~all_eps,UP TO 2.3 CHILLER BODY,25,CHILLER 2.3 METER,all_eps,2.3,1.8,1.8,ROOF,ROOF,3292.605278,3292.57,0.001,PASS,,,
UP_TO_2.3_CHILLER_BODY~L2.3~W1.8~H1.8~all_eps,UP TO 2.3 CHILLER BODY,25,CHILLER 2.3 METER,all_eps,2.3,1.8,1.8,FLOOR,FLOOR,6094.167818,6094.17,0.0,PASS,,,
UP_TO_2.3_CHILLER_BODY~L2.3~W1.8~H1.8~all_eps,UP TO 2.3 CHILLER BODY,25,CHILLER 2.3 METER,all_eps,2.3,1.8,1.8,ALUMINIUM,ALUMINIUM,4084.066,4084.07,0.0,PASS,,,
UP_TO_2.3_CHILLER_BODY~L2.3~W1.8~H1.8~all_eps,UP TO 2.3 CHILLER BODY,25,CHILLER 2.3 METER,all_eps,2.3,1.8,1.8,SUB FRAME + LIGHT BOX ASSY,SUB FRAME + LIGHT BOX ASSY,3237.538286,3237.54,0.0,PASS,,,
UP_TO_2.3_CHILLER_BODY~L2.3~W1.8~H1.8~all_eps,UP TO 2.3 CHILLER BODY,25,CHILLER 2.3 METER,all_eps,2.3,1.8,1.8,REAR FRAME + FLOOR PLATE,REAR FRAME & FLOOR PLATE,2447.54552,2447.57,0.001,PASS,,,
UP_TO_2.3_CHILLER_BODY~L2.3~W1.8~H1.8~all_eps,UP TO 2.3 CHILLER BODY,25,CHILLER 2.3 METER,all_eps,2.3,1.8,1.8,SPRAY PAINTING,SPRAY PAINTING,750.0,750.0,0.0,PASS,,,
UP_TO_2.3_CHILLER_BODY~L2.3~W1.8~H1.8~all_pu,UP TO 2.3 CHILLER BODY,25,CHILLER 2.3 METER,all_pu,2.3,1.8,1.8,FRONT,FRONT,2325.74899,2746.57,18.094,ACCEPTED,,PRICE_DIFF PU (+444.43),[RULING] PROD prices chiller PU at R334.50/sheet (the September 32D rate) where Burt's chiller sheets hard-code a 2018 rate (3090 -> R185.20/sheet): MES +R890 (front) to +R4k (sides) per PU panel. Prod is likely the current one; Burt's sheets need the [1]PU! link.
UP_TO_2.3_CHILLER_BODY~L2.3~W1.8~H1.8~all_pu,UP TO 2.3 CHILLER BODY,25,CHILLER 2.3 METER,all_pu,2.3,1.8,1.8,SRD,,0.0,,,SKIP,,,
UP_TO_2.3_CHILLER_BODY~L2.3~W1.8~H1.8~all_pu,UP TO 2.3 CHILLER BODY,25,CHILLER 2.3 METER,all_pu,2.3,1.8,1.8,SRD DOOR FITTINGS,,0.0,,,SKIP,,,
UP_TO_2.3_CHILLER_BODY~L2.3~W1.8~H1.8~all_pu,UP TO 2.3 CHILLER BODY,25,CHILLER 2.3 METER,all_pu,2.3,1.8,1.8,DRD,DRD,3484.659832,3962.82,13.722,ACCEPTED,,MISSING_IN_MES 130*62MM TAPPING BLOCKS (-936.00),[RULING] PROD prices chiller PU at R334.50/sheet (the September 32D rate) where Burt's chiller sheets hard-code a 2018 rate (3090 -> R185.20/sheet): MES +R890 (front) to +R4k (sides) per PU panel. Prod is likely the current one; Burt's sheets need the [1]PU! link.
UP_TO_2.3_CHILLER_BODY~L2.3~W1.8~H1.8~all_pu,UP TO 2.3 CHILLER BODY,25,CHILLER 2.3 METER,all_pu,2.3,1.8,1.8,DRD DOOR FITTINGS,DRD DOOR FITTINGS,4862.51126,4862.51,0.0,PASS,,,
UP_TO_2.3_CHILLER_BODY~L2.3~W1.8~H1.8~all_pu,UP TO 2.3 CHILLER BODY,25,CHILLER 2.3 METER,all_pu,2.3,1.8,1.8,SIDES,SIDES,6019.457408,6974.65,15.868,ACCEPTED,,PRICE_DIFF PU (+955.25),[RULING] PROD prices chiller PU at R334.50/sheet (the September 32D rate) where Burt's chiller sheets hard-code a 2018 rate (3090 -> R185.20/sheet): MES +R890 (front) to +R4k (sides) per PU panel. Prod is likely the current one; Burt's sheets need the [1]PU! link.
UP_TO_2.3_CHILLER_BODY~L2.3~W1.8~H1.8~all_pu,UP TO 2.3 CHILLER BODY,25,CHILLER 2.3 METER,all_pu,2.3,1.8,1.8,ROOF,ROOF,3310.281709,4271.49,29.037,ACCEPTED,,PRICE_DIFF PU (+961.25),[RULING] PROD prices chiller PU at R334.50/sheet (the September 32D rate) where Burt's chiller sheets hard-code a 2018 rate (3090 -> R185.20/sheet): MES +R890 (front) to +R4k (sides) per PU panel. Prod is likely the current one; Burt's sheets need the [1]PU! link.
UP_TO_2.3_CHILLER_BODY~L2.3~W1.8~H1.8~all_pu,UP TO 2.3 CHILLER BODY,25,CHILLER 2.3 METER,all_pu,2.3,1.8,1.8,FLOOR,FLOOR,6111.844249,7073.09,15.728,ACCEPTED,,PRICE_DIFF PU (+961.25),[RULING] PROD prices chiller PU at R334.50/sheet (the September 32D rate) where Burt's chiller sheets hard-code a 2018 rate (3090 -> R185.20/sheet): MES +R890 (front) to +R4k (sides) per PU panel. Prod is likely the current one; Burt's sheets need the [1]PU! link.
UP_TO_2.3_CHILLER_BODY~L2.3~W1.8~H1.8~all_pu,UP TO 2.3 CHILLER BODY,25,CHILLER 2.3 METER,all_pu,2.3,1.8,1.8,ALUMINIUM,ALUMINIUM,4084.066,4084.07,0.0,PASS,,,
UP_TO_2.3_CHILLER_BODY~L2.3~W1.8~H1.8~all_pu,UP TO 2.3 CHILLER BODY,25,CHILLER 2.3 METER,all_pu,2.3,1.8,1.8,SUB FRAME + LIGHT BOX ASSY,SUB FRAME + LIGHT BOX ASSY,3237.538286,3237.54,0.0,PASS,,,
UP_TO_2.3_CHILLER_BODY~L2.3~W1.8~H1.8~all_pu,UP TO 2.3 CHILLER BODY,25,CHILLER 2.3 METER,all_pu,2.3,1.8,1.8,REAR FRAME + FLOOR PLATE,REAR FRAME & FLOOR PLATE,2447.54552,2447.57,0.001,PASS,,,
UP_TO_2.3_CHILLER_BODY~L2.3~W1.8~H1.8~all_pu,UP TO 2.3 CHILLER BODY,25,CHILLER 2.3 METER,all_pu,2.3,1.8,1.8,SPRAY PAINTING,SPRAY PAINTING,750.0,750.0,0.0,PASS,,,
UP_TO_2.3_CHILLER_BODY~L2.3~W1.8~H1.8~srd,UP TO 2.3 CHILLER BODY,25,CHILLER 2.3 METER,srd,2.3,1.8,1.8,FRONT,FRONT,2103.338848,2108.9,0.264,PASS,,,
UP_TO_2.3_CHILLER_BODY~L2.3~W1.8~H1.8~srd,UP TO 2.3 CHILLER BODY,25,CHILLER 2.3 METER,srd,2.3,1.8,1.8,SRD,SRD,2315.702868,2167.96,6.38,ACCEPTED,,PRICE_DIFF EPS (-87.72),[DATA] PROD SRD EPS line priced differently from Burt on CHILLER 2.3 / CHILLER LARGE (-R127 to -R148).
UP_TO_2.3_CHILLER_BODY~L2.3~W1.8~H1.8~srd,UP TO 2.3 CHILLER BODY,25,CHILLER 2.3 METER,srd,2.3,1.8,1.8,SRD DOOR FITTINGS,SRD DOOR FITTINGS,5501.00542,7064.63,28.424,ACCEPTED,,BOTH CSLB HINGES (+880.38),"[DATA] SRD DOOR FITTINGS on every body: MES CSLB HINGES R293.46 x2 (Excel R146.73 x2 - the pair price applied per hinge) and SILPLUS X WHITE R232.30 (Excel R116.15); per body also 34MM LOCKING POLE, 28782 BIG HORIZ CAPPING, ALU CORNERS, 28780/28778 BIG VERTICAL."
UP_TO_2.3_CHILLER_BODY~L2.3~W1.8~H1.8~srd,UP TO 2.3 CHILLER BODY,25,CHILLER 2.3 METER,srd,2.3,1.8,1.8,DRD,,0.0,,,SKIP,,,
UP_TO_2.3_CHILLER_BODY~L2.3~W1.8~H1.8~srd,UP TO 2.3 CHILLER BODY,25,CHILLER 2.3 METER,srd,2.3,1.8,1.8,DRD DOOR FITTINGS,,0.0,,,SKIP,,,
UP_TO_2.3_CHILLER_BODY~L2.3~W1.8~H1.8~srd,UP TO 2.3 CHILLER BODY,25,CHILLER 2.3 METER,srd,2.3,1.8,1.8,SIDES,SIDES,5814.439848,5814.38,0.001,PASS,,,
UP_TO_2.3_CHILLER_BODY~L2.3~W1.8~H1.8~srd,UP TO 2.3 CHILLER BODY,25,CHILLER 2.3 METER,srd,2.3,1.8,1.8,ROOF,ROOF,3292.605278,3292.57,0.001,PASS,,,
UP_TO_2.3_CHILLER_BODY~L2.3~W1.8~H1.8~srd,UP TO 2.3 CHILLER BODY,25,CHILLER 2.3 METER,srd,2.3,1.8,1.8,FLOOR,FLOOR,6094.167818,6094.17,0.0,PASS,,,
UP_TO_2.3_CHILLER_BODY~L2.3~W1.8~H1.8~srd,UP TO 2.3 CHILLER BODY,25,CHILLER 2.3 METER,srd,2.3,1.8,1.8,ALUMINIUM,ALUMINIUM,4084.066,4084.07,0.0,PASS,,,
UP_TO_2.3_CHILLER_BODY~L2.3~W1.8~H1.8~srd,UP TO 2.3 CHILLER BODY,25,CHILLER 2.3 METER,srd,2.3,1.8,1.8,SUB FRAME + LIGHT BOX ASSY,SUB FRAME + LIGHT BOX ASSY,3237.538286,3237.54,0.0,PASS,,,
UP_TO_2.3_CHILLER_BODY~L2.3~W1.8~H1.8~srd,UP TO 2.3 CHILLER BODY,25,CHILLER 2.3 METER,srd,2.3,1.8,1.8,REAR FRAME + FLOOR PLATE,REAR FRAME & FLOOR PLATE,0.0,2447.57,,ACCEPTED,EXTRA_IN_MES,,"[RULING] Burt gates REAR FRAME + FLOOR PLATE on the DRD flags, so a single-rear-door body carries R0 there; MES always includes the section (R2.4k-R5.5k). Which is right needs Burt/Michael."
UP_TO_2.3_CHILLER_BODY~L2.3~W1.8~H1.8~srd,UP TO 2.3 CHILLER BODY,25,CHILLER 2.3 METER,srd,2.3,1.8,1.8,SPRAY PAINTING,SPRAY PAINTING,750.0,750.0,0.0,PASS,,,
UP_TO_2.3_CHILLER_BODY~L2.3~W1.8~H1.8~drd,UP TO 2.3 CHILLER BODY,25,CHILLER 2.3 METER,drd,2.3,1.8,1.8,FRONT,FRONT,2103.338848,2108.9,0.264,PASS,,,
UP_TO_2.3_CHILLER_BODY~L2.3~W1.8~H1.8~drd,UP TO 2.3 CHILLER BODY,25,CHILLER 2.3 METER,drd,2.3,1.8,1.8,SRD,,0.0,,,SKIP,,,
UP_TO_2.3_CHILLER_BODY~L2.3~W1.8~H1.8~drd,UP TO 2.3 CHILLER BODY,25,CHILLER 2.3 METER,drd,2.3,1.8,1.8,SRD DOOR FITTINGS,,0.0,,,SKIP,,,
UP_TO_2.3_CHILLER_BODY~L2.3~W1.8~H1.8~drd,UP TO 2.3 CHILLER BODY,25,CHILLER 2.3 METER,drd,2.3,1.8,1.8,DRD,DRD,2847.785049,2847.76,0.001,PASS,,,
UP_TO_2.3_CHILLER_BODY~L2.3~W1.8~H1.8~drd,UP TO 2.3 CHILLER BODY,25,CHILLER 2.3 METER,drd,2.3,1.8,1.8,DRD DOOR FITTINGS,DRD DOOR FITTINGS,4799.12194,4799.12,0.0,PASS,,,
UP_TO_2.3_CHILLER_BODY~L2.3~W1.8~H1.8~drd,UP TO 2.3 CHILLER BODY,25,CHILLER 2.3 METER,drd,2.3,1.8,1.8,SIDES,SIDES,5814.439848,5814.38,0.001,PASS,,,
UP_TO_2.3_CHILLER_BODY~L2.3~W1.8~H1.8~drd,UP TO 2.3 CHILLER BODY,25,CHILLER 2.3 METER,drd,2.3,1.8,1.8,ROOF,ROOF,3292.605278,3292.57,0.001,PASS,,,
UP_TO_2.3_CHILLER_BODY~L2.3~W1.8~H1.8~drd,UP TO 2.3 CHILLER BODY,25,CHILLER 2.3 METER,drd,2.3,1.8,1.8,FLOOR,FLOOR,6094.167818,6094.17,0.0,PASS,,,
UP_TO_2.3_CHILLER_BODY~L2.3~W1.8~H1.8~drd,UP TO 2.3 CHILLER BODY,25,CHILLER 2.3 METER,drd,2.3,1.8,1.8,ALUMINIUM,ALUMINIUM,4084.066,4084.07,0.0,PASS,,,
UP_TO_2.3_CHILLER_BODY~L2.3~W1.8~H1.8~drd,UP TO 2.3 CHILLER BODY,25,CHILLER 2.3 METER,drd,2.3,1.8,1.8,SUB FRAME + LIGHT BOX ASSY,SUB FRAME + LIGHT BOX ASSY,3237.538286,3237.54,0.0,PASS,,,
UP_TO_2.3_CHILLER_BODY~L2.3~W1.8~H1.8~drd,UP TO 2.3 CHILLER BODY,25,CHILLER 2.3 METER,drd,2.3,1.8,1.8,REAR FRAME + FLOOR PLATE,REAR FRAME & FLOOR PLATE,2447.54552,2447.57,0.001,PASS,,,
UP_TO_2.3_CHILLER_BODY~L2.3~W1.8~H1.8~drd,UP TO 2.3 CHILLER BODY,25,CHILLER 2.3 METER,drd,2.3,1.8,1.8,SPRAY PAINTING,SPRAY PAINTING,750.0,750.0,0.0,PASS,,,
UP_TO_2.3_CHILLER_BODY~L2.3~W1.8~H1.8~foam_4g,UP TO 2.3 CHILLER BODY,25,CHILLER 2.3 METER,foam_4g,2.3,1.8,1.8,FRONT,FRONT,2103.338848,2108.9,0.264,PASS,,,
UP_TO_2.3_CHILLER_BODY~L2.3~W1.8~H1.8~foam_4g,UP TO 2.3 CHILLER BODY,25,CHILLER 2.3 METER,foam_4g,2.3,1.8,1.8,SRD,,0.0,,,SKIP,,,
UP_TO_2.3_CHILLER_BODY~L2.3~W1.8~H1.8~foam_4g,UP TO 2.3 CHILLER BODY,25,CHILLER 2.3 METER,foam_4g,2.3,1.8,1.8,SRD DOOR FITTINGS,,0.0,,,SKIP,,,
UP_TO_2.3_CHILLER_BODY~L2.3~W1.8~H1.8~foam_4g,UP TO 2.3 CHILLER BODY,25,CHILLER 2.3 METER,foam_4g,2.3,1.8,1.8,DRD,DRD,2847.785049,2847.76,0.001,PASS,,,
UP_TO_2.3_CHILLER_BODY~L2.3~W1.8~H1.8~foam_4g,UP TO 2.3 CHILLER BODY,25,CHILLER 2.3 METER,foam_4g,2.3,1.8,1.8,DRD DOOR FITTINGS,DRD DOOR FITTINGS,4799.12194,4799.12,0.0,PASS,,,
UP_TO_2.3_CHILLER_BODY~L2.3~W1.8~H1.8~foam_4g,UP TO 2.3 CHILLER BODY,25,CHILLER 2.3 METER,foam_4g,2.3,1.8,1.8,SIDES,SIDES,5814.439848,5814.38,0.001,PASS,,,
UP_TO_2.3_CHILLER_BODY~L2.3~W1.8~H1.8~foam_4g,UP TO 2.3 CHILLER BODY,25,CHILLER 2.3 METER,foam_4g,2.3,1.8,1.8,ROOF,ROOF,3292.605278,3292.57,0.001,PASS,,,
UP_TO_2.3_CHILLER_BODY~L2.3~W1.8~H1.8~foam_4g,UP TO 2.3 CHILLER BODY,25,CHILLER 2.3 METER,foam_4g,2.3,1.8,1.8,FLOOR,FLOOR,6094.167818,6094.17,0.0,PASS,,,
UP_TO_2.3_CHILLER_BODY~L2.3~W1.8~H1.8~foam_4g,UP TO 2.3 CHILLER BODY,25,CHILLER 2.3 METER,foam_4g,2.3,1.8,1.8,ALUMINIUM,ALUMINIUM,4084.066,4084.07,0.0,PASS,,,
UP_TO_2.3_CHILLER_BODY~L2.3~W1.8~H1.8~foam_4g,UP TO 2.3 CHILLER BODY,25,CHILLER 2.3 METER,foam_4g,2.3,1.8,1.8,SUB FRAME + LIGHT BOX ASSY,SUB FRAME + LIGHT BOX ASSY,3237.538286,3237.54,0.0,PASS,,,
UP_TO_2.3_CHILLER_BODY~L2.3~W1.8~H1.8~foam_4g,UP TO 2.3 CHILLER BODY,25,CHILLER 2.3 METER,foam_4g,2.3,1.8,1.8,REAR FRAME + FLOOR PLATE,REAR FRAME & FLOOR PLATE,2447.54552,2447.57,0.001,PASS,,,
UP_TO_2.3_CHILLER_BODY~L2.3~W1.8~H1.8~foam_4g,UP TO 2.3 CHILLER BODY,25,CHILLER 2.3 METER,foam_4g,2.3,1.8,1.8,SPRAY PAINTING,SPRAY PAINTING,750.0,750.0,0.0,PASS,,,
UP_TO_2.3_CHILLER_BODY~L2.7~W1.8~H1.8~as_sheet,UP TO 2.3 CHILLER BODY,25,CHILLER 2.3 METER,as_sheet,2.7,1.8,1.8,FRONT,FRONT,2103.338848,2108.9,0.264,PASS,,,
UP_TO_2.3_CHILLER_BODY~L2.7~W1.8~H1.8~as_sheet,UP TO 2.3 CHILLER BODY,25,CHILLER 2.3 METER,as_sheet,2.7,1.8,1.8,SRD,,0.0,,,SKIP,,,
UP_TO_2.3_CHILLER_BODY~L2.7~W1.8~H1.8~as_sheet,UP TO 2.3 CHILLER BODY,25,CHILLER 2.3 METER,as_sheet,2.7,1.8,1.8,SRD DOOR FITTINGS,,0.0,,,SKIP,,,
UP_TO_2.3_CHILLER_BODY~L2.7~W1.8~H1.8~as_sheet,UP TO 2.3 CHILLER BODY,25,CHILLER 2.3 METER,as_sheet,2.7,1.8,1.8,DRD,DRD,2847.785049,2847.76,0.001,PASS,,,
UP_TO_2.3_CHILLER_BODY~L2.7~W1.8~H1.8~as_sheet,UP TO 2.3 CHILLER BODY,25,CHILLER 2.3 METER,as_sheet,2.7,1.8,1.8,DRD DOOR FITTINGS,DRD DOOR FITTINGS,4799.12194,4799.12,0.0,PASS,,,
UP_TO_2.3_CHILLER_BODY~L2.7~W1.8~H1.8~as_sheet,UP TO 2.3 CHILLER BODY,25,CHILLER 2.3 METER,as_sheet,2.7,1.8,1.8,SIDES,SIDES,6728.527259,6728.46,0.001,PASS,,,
UP_TO_2.3_CHILLER_BODY~L2.7~W1.8~H1.8~as_sheet,UP TO 2.3 CHILLER BODY,25,CHILLER 2.3 METER,as_sheet,2.7,1.8,1.8,ROOF,ROOF,3808.832567,3808.8,0.001,PASS,,,
UP_TO_2.3_CHILLER_BODY~L2.7~W1.8~H1.8~as_sheet,UP TO 2.3 CHILLER BODY,25,CHILLER 2.3 METER,as_sheet,2.7,1.8,1.8,FLOOR,FLOOR,6960.252319,6960.25,0.0,PASS,,,
UP_TO_2.3_CHILLER_BODY~L2.7~W1.8~H1.8~as_sheet,UP TO 2.3 CHILLER BODY,25,CHILLER 2.3 METER,as_sheet,2.7,1.8,1.8,ALUMINIUM,ALUMINIUM,4518.666,4518.67,0.0,PASS,,,
UP_TO_2.3_CHILLER_BODY~L2.7~W1.8~H1.8~as_sheet,UP TO 2.3 CHILLER BODY,25,CHILLER 2.3 METER,as_sheet,2.7,1.8,1.8,SUB FRAME + LIGHT BOX ASSY,SUB FRAME + LIGHT BOX ASSY,3361.850174,3361.85,0.0,PASS,,,
UP_TO_2.3_CHILLER_BODY~L2.7~W1.8~H1.8~as_sheet,UP TO 2.3 CHILLER BODY,25,CHILLER 2.3 METER,as_sheet,2.7,1.8,1.8,REAR FRAME + FLOOR PLATE,REAR FRAME & FLOOR PLATE,2447.54552,2447.57,0.001,PASS,,,
UP_TO_2.3_CHILLER_BODY~L2.7~W1.8~H1.8~as_sheet,UP TO 2.3 CHILLER BODY,25,CHILLER 2.3 METER,as_sheet,2.7,1.8,1.8,SPRAY PAINTING,SPRAY PAINTING,750.0,750.0,0.0,PASS,,,
UP_TO_2.3_CHILLER_BODY~L2.7~W1.8~H1.8~all_eps,UP TO 2.3 CHILLER BODY,25,CHILLER 2.3 METER,all_eps,2.7,1.8,1.8,FRONT,FRONT,2103.338848,2108.9,0.264,PASS,,,
UP_TO_2.3_CHILLER_BODY~L2.7~W1.8~H1.8~all_eps,UP TO 2.3 CHILLER BODY,25,CHILLER 2.3 METER,all_eps,2.7,1.8,1.8,SRD,,0.0,,,SKIP,,,
UP_TO_2.3_CHILLER_BODY~L2.7~W1.8~H1.8~all_eps,UP TO 2.3 CHILLER BODY,25,CHILLER 2.3 METER,all_eps,2.7,1.8,1.8,SRD DOOR FITTINGS,,0.0,,,SKIP,,,
UP_TO_2.3_CHILLER_BODY~L2.7~W1.8~H1.8~all_eps,UP TO 2.3 CHILLER BODY,25,CHILLER 2.3 METER,all_eps,2.7,1.8,1.8,DRD,DRD,2847.785049,2847.76,0.001,PASS,,,
UP_TO_2.3_CHILLER_BODY~L2.7~W1.8~H1.8~all_eps,UP TO 2.3 CHILLER BODY,25,CHILLER 2.3 METER,all_eps,2.7,1.8,1.8,DRD DOOR FITTINGS,DRD DOOR FITTINGS,4799.12194,4799.12,0.0,PASS,,,
UP_TO_2.3_CHILLER_BODY~L2.7~W1.8~H1.8~all_eps,UP TO 2.3 CHILLER BODY,25,CHILLER 2.3 METER,all_eps,2.7,1.8,1.8,SIDES,SIDES,6728.527259,6728.46,0.001,PASS,,,
UP_TO_2.3_CHILLER_BODY~L2.7~W1.8~H1.8~all_eps,UP TO 2.3 CHILLER BODY,25,CHILLER 2.3 METER,all_eps,2.7,1.8,1.8,ROOF,ROOF,3808.832567,3808.8,0.001,PASS,,,
UP_TO_2.3_CHILLER_BODY~L2.7~W1.8~H1.8~all_eps,UP TO 2.3 CHILLER BODY,25,CHILLER 2.3 METER,all_eps,2.7,1.8,1.8,FLOOR,FLOOR,6960.252319,6960.25,0.0,PASS,,,
UP_TO_2.3_CHILLER_BODY~L2.7~W1.8~H1.8~all_eps,UP TO 2.3 CHILLER BODY,25,CHILLER 2.3 METER,all_eps,2.7,1.8,1.8,ALUMINIUM,ALUMINIUM,4518.666,4518.67,0.0,PASS,,,
UP_TO_2.3_CHILLER_BODY~L2.7~W1.8~H1.8~all_eps,UP TO 2.3 CHILLER BODY,25,CHILLER 2.3 METER,all_eps,2.7,1.8,1.8,SUB FRAME + LIGHT BOX ASSY,SUB FRAME + LIGHT BOX ASSY,3361.850174,3361.85,0.0,PASS,,,
UP_TO_2.3_CHILLER_BODY~L2.7~W1.8~H1.8~all_eps,UP TO 2.3 CHILLER BODY,25,CHILLER 2.3 METER,all_eps,2.7,1.8,1.8,REAR FRAME + FLOOR PLATE,REAR FRAME & FLOOR PLATE,2447.54552,2447.57,0.001,PASS,,,
UP_TO_2.3_CHILLER_BODY~L2.7~W1.8~H1.8~all_eps,UP TO 2.3 CHILLER BODY,25,CHILLER 2.3 METER,all_eps,2.7,1.8,1.8,SPRAY PAINTING,SPRAY PAINTING,750.0,750.0,0.0,PASS,,,
UP_TO_2.3_CHILLER_BODY~L2.7~W1.8~H1.8~all_pu,UP TO 2.3 CHILLER BODY,25,CHILLER 2.3 METER,all_pu,2.7,1.8,1.8,FRONT,FRONT,2325.74899,2746.57,18.094,ACCEPTED,,PRICE_DIFF PU (+444.43),[RULING] PROD prices chiller PU at R334.50/sheet (the September 32D rate) where Burt's chiller sheets hard-code a 2018 rate (3090 -> R185.20/sheet): MES +R890 (front) to +R4k (sides) per PU panel. Prod is likely the current one; Burt's sheets need the [1]PU! link.
UP_TO_2.3_CHILLER_BODY~L2.7~W1.8~H1.8~all_pu,UP TO 2.3 CHILLER BODY,25,CHILLER 2.3 METER,all_pu,2.7,1.8,1.8,SRD,,0.0,,,SKIP,,,
UP_TO_2.3_CHILLER_BODY~L2.7~W1.8~H1.8~all_pu,UP TO 2.3 CHILLER BODY,25,CHILLER 2.3 METER,all_pu,2.7,1.8,1.8,SRD DOOR FITTINGS,,0.0,,,SKIP,,,
UP_TO_2.3_CHILLER_BODY~L2.7~W1.8~H1.8~all_pu,UP TO 2.3 CHILLER BODY,25,CHILLER 2.3 METER,all_pu,2.7,1.8,1.8,DRD,DRD,3484.659832,3962.82,13.722,ACCEPTED,,MISSING_IN_MES 130*62MM TAPPING BLOCKS (-936.00),[RULING] PROD prices chiller PU at R334.50/sheet (the September 32D rate) where Burt's chiller sheets hard-code a 2018 rate (3090 -> R185.20/sheet): MES +R890 (front) to +R4k (sides) per PU panel. Prod is likely the current one; Burt's sheets need the [1]PU! link.
UP_TO_2.3_CHILLER_BODY~L2.7~W1.8~H1.8~all_pu,UP TO 2.3 CHILLER BODY,25,CHILLER 2.3 METER,all_pu,2.7,1.8,1.8,DRD DOOR FITTINGS,DRD DOOR FITTINGS,4862.51126,4862.51,0.0,PASS,,,
UP_TO_2.3_CHILLER_BODY~L2.7~W1.8~H1.8~all_pu,UP TO 2.3 CHILLER BODY,25,CHILLER 2.3 METER,all_pu,2.7,1.8,1.8,SIDES,SIDES,6778.833384,7734.01,14.091,ACCEPTED,,PRICE_DIFF PU (+955.25),[RULING] PROD prices chiller PU at R334.50/sheet (the September 32D rate) where Burt's chiller sheets hard-code a 2018 rate (3090 -> R185.20/sheet): MES +R890 (front) to +R4k (sides) per PU panel. Prod is likely the current one; Burt's sheets need the [1]PU! link.
UP_TO_2.3_CHILLER_BODY~L2.7~W1.8~H1.8~all_pu,UP TO 2.3 CHILLER BODY,25,CHILLER 2.3 METER,all_pu,2.7,1.8,1.8,ROOF,ROOF,3710.654598,4671.86,25.904,ACCEPTED,,PRICE_DIFF PU (+961.25),[RULING] PROD prices chiller PU at R334.50/sheet (the September 32D rate) where Burt's chiller sheets hard-code a 2018 rate (3090 -> R185.20/sheet): MES +R890 (front) to +R4k (sides) per PU panel. Prod is likely the current one; Burt's sheets need the [1]PU! link.
UP_TO_2.3_CHILLER_BODY~L2.7~W1.8~H1.8~all_pu,UP TO 2.3 CHILLER BODY,25,CHILLER 2.3 METER,all_pu,2.7,1.8,1.8,FLOOR,FLOOR,6862.07435,7823.32,14.008,ACCEPTED,,PRICE_DIFF PU (+961.25),[RULING] PROD prices chiller PU at R334.50/sheet (the September 32D rate) where Burt's chiller sheets hard-code a 2018 rate (3090 -> R185.20/sheet): MES +R890 (front) to +R4k (sides) per PU panel. Prod is likely the current one; Burt's sheets need the [1]PU! link.
UP_TO_2.3_CHILLER_BODY~L2.7~W1.8~H1.8~all_pu,UP TO 2.3 CHILLER BODY,25,CHILLER 2.3 METER,all_pu,2.7,1.8,1.8,ALUMINIUM,ALUMINIUM,4518.666,4518.67,0.0,PASS,,,
UP_TO_2.3_CHILLER_BODY~L2.7~W1.8~H1.8~all_pu,UP TO 2.3 CHILLER BODY,25,CHILLER 2.3 METER,all_pu,2.7,1.8,1.8,SUB FRAME + LIGHT BOX ASSY,SUB FRAME + LIGHT BOX ASSY,3361.850174,3361.85,0.0,PASS,,,
UP_TO_2.3_CHILLER_BODY~L2.7~W1.8~H1.8~all_pu,UP TO 2.3 CHILLER BODY,25,CHILLER 2.3 METER,all_pu,2.7,1.8,1.8,REAR FRAME + FLOOR PLATE,REAR FRAME & FLOOR PLATE,2447.54552,2447.57,0.001,PASS,,,
UP_TO_2.3_CHILLER_BODY~L2.7~W1.8~H1.8~all_pu,UP TO 2.3 CHILLER BODY,25,CHILLER 2.3 METER,all_pu,2.7,1.8,1.8,SPRAY PAINTING,SPRAY PAINTING,750.0,750.0,0.0,PASS,,,
UP_TO_2.3_CHILLER_BODY~L2.7~W1.8~H1.8~srd,UP TO 2.3 CHILLER BODY,25,CHILLER 2.3 METER,srd,2.7,1.8,1.8,FRONT,FRONT,2103.338848,2108.9,0.264,PASS,,,
UP_TO_2.3_CHILLER_BODY~L2.7~W1.8~H1.8~srd,UP TO 2.3 CHILLER BODY,25,CHILLER 2.3 METER,srd,2.7,1.8,1.8,SRD,SRD,2315.702868,2167.96,6.38,ACCEPTED,,PRICE_DIFF EPS (-87.72),[DATA] PROD SRD EPS line priced differently from Burt on CHILLER 2.3 / CHILLER LARGE (-R127 to -R148).
UP_TO_2.3_CHILLER_BODY~L2.7~W1.8~H1.8~srd,UP TO 2.3 CHILLER BODY,25,CHILLER 2.3 METER,srd,2.7,1.8,1.8,SRD DOOR FITTINGS,SRD DOOR FITTINGS,5501.00542,7064.63,28.424,ACCEPTED,,BOTH CSLB HINGES (+880.38),"[DATA] SRD DOOR FITTINGS on every body: MES CSLB HINGES R293.46 x2 (Excel R146.73 x2 - the pair price applied per hinge) and SILPLUS X WHITE R232.30 (Excel R116.15); per body also 34MM LOCKING POLE, 28782 BIG HORIZ CAPPING, ALU CORNERS, 28780/28778 BIG VERTICAL."
UP_TO_2.3_CHILLER_BODY~L2.7~W1.8~H1.8~srd,UP TO 2.3 CHILLER BODY,25,CHILLER 2.3 METER,srd,2.7,1.8,1.8,DRD,,0.0,,,SKIP,,,
UP_TO_2.3_CHILLER_BODY~L2.7~W1.8~H1.8~srd,UP TO 2.3 CHILLER BODY,25,CHILLER 2.3 METER,srd,2.7,1.8,1.8,DRD DOOR FITTINGS,,0.0,,,SKIP,,,
UP_TO_2.3_CHILLER_BODY~L2.7~W1.8~H1.8~srd,UP TO 2.3 CHILLER BODY,25,CHILLER 2.3 METER,srd,2.7,1.8,1.8,SIDES,SIDES,6728.527259,6728.46,0.001,PASS,,,
UP_TO_2.3_CHILLER_BODY~L2.7~W1.8~H1.8~srd,UP TO 2.3 CHILLER BODY,25,CHILLER 2.3 METER,srd,2.7,1.8,1.8,ROOF,ROOF,3808.832567,3808.8,0.001,PASS,,,
UP_TO_2.3_CHILLER_BODY~L2.7~W1.8~H1.8~srd,UP TO 2.3 CHILLER BODY,25,CHILLER 2.3 METER,srd,2.7,1.8,1.8,FLOOR,FLOOR,6960.252319,6960.25,0.0,PASS,,,
UP_TO_2.3_CHILLER_BODY~L2.7~W1.8~H1.8~srd,UP TO 2.3 CHILLER BODY,25,CHILLER 2.3 METER,srd,2.7,1.8,1.8,ALUMINIUM,ALUMINIUM,4518.666,4518.67,0.0,PASS,,,
UP_TO_2.3_CHILLER_BODY~L2.7~W1.8~H1.8~srd,UP TO 2.3 CHILLER BODY,25,CHILLER 2.3 METER,srd,2.7,1.8,1.8,SUB FRAME + LIGHT BOX ASSY,SUB FRAME + LIGHT BOX ASSY,3361.850174,3361.85,0.0,PASS,,,
UP_TO_2.3_CHILLER_BODY~L2.7~W1.8~H1.8~srd,UP TO 2.3 CHILLER BODY,25,CHILLER 2.3 METER,srd,2.7,1.8,1.8,REAR FRAME + FLOOR PLATE,REAR FRAME & FLOOR PLATE,0.0,2447.57,,ACCEPTED,EXTRA_IN_MES,,"[RULING] Burt gates REAR FRAME + FLOOR PLATE on the DRD flags, so a single-rear-door body carries R0 there; MES always includes the section (R2.4k-R5.5k). Which is right needs Burt/Michael."
UP_TO_2.3_CHILLER_BODY~L2.7~W1.8~H1.8~srd,UP TO 2.3 CHILLER BODY,25,CHILLER 2.3 METER,srd,2.7,1.8,1.8,SPRAY PAINTING,SPRAY PAINTING,750.0,750.0,0.0,PASS,,,
UP_TO_2.3_CHILLER_BODY~L2.7~W1.8~H1.8~drd,UP TO 2.3 CHILLER BODY,25,CHILLER 2.3 METER,drd,2.7,1.8,1.8,FRONT,FRONT,2103.338848,2108.9,0.264,PASS,,,
UP_TO_2.3_CHILLER_BODY~L2.7~W1.8~H1.8~drd,UP TO 2.3 CHILLER BODY,25,CHILLER 2.3 METER,drd,2.7,1.8,1.8,SRD,,0.0,,,SKIP,,,
UP_TO_2.3_CHILLER_BODY~L2.7~W1.8~H1.8~drd,UP TO 2.3 CHILLER BODY,25,CHILLER 2.3 METER,drd,2.7,1.8,1.8,SRD DOOR FITTINGS,,0.0,,,SKIP,,,
UP_TO_2.3_CHILLER_BODY~L2.7~W1.8~H1.8~drd,UP TO 2.3 CHILLER BODY,25,CHILLER 2.3 METER,drd,2.7,1.8,1.8,DRD,DRD,2847.785049,2847.76,0.001,PASS,,,
UP_TO_2.3_CHILLER_BODY~L2.7~W1.8~H1.8~drd,UP TO 2.3 CHILLER BODY,25,CHILLER 2.3 METER,drd,2.7,1.8,1.8,DRD DOOR FITTINGS,DRD DOOR FITTINGS,4799.12194,4799.12,0.0,PASS,,,
UP_TO_2.3_CHILLER_BODY~L2.7~W1.8~H1.8~drd,UP TO 2.3 CHILLER BODY,25,CHILLER 2.3 METER,drd,2.7,1.8,1.8,SIDES,SIDES,6728.527259,6728.46,0.001,PASS,,,
UP_TO_2.3_CHILLER_BODY~L2.7~W1.8~H1.8~drd,UP TO 2.3 CHILLER BODY,25,CHILLER 2.3 METER,drd,2.7,1.8,1.8,ROOF,ROOF,3808.832567,3808.8,0.001,PASS,,,
UP_TO_2.3_CHILLER_BODY~L2.7~W1.8~H1.8~drd,UP TO 2.3 CHILLER BODY,25,CHILLER 2.3 METER,drd,2.7,1.8,1.8,FLOOR,FLOOR,6960.252319,6960.25,0.0,PASS,,,
UP_TO_2.3_CHILLER_BODY~L2.7~W1.8~H1.8~drd,UP TO 2.3 CHILLER BODY,25,CHILLER 2.3 METER,drd,2.7,1.8,1.8,ALUMINIUM,ALUMINIUM,4518.666,4518.67,0.0,PASS,,,
UP_TO_2.3_CHILLER_BODY~L2.7~W1.8~H1.8~drd,UP TO 2.3 CHILLER BODY,25,CHILLER 2.3 METER,drd,2.7,1.8,1.8,SUB FRAME + LIGHT BOX ASSY,SUB FRAME + LIGHT BOX ASSY,3361.850174,3361.85,0.0,PASS,,,
UP_TO_2.3_CHILLER_BODY~L2.7~W1.8~H1.8~drd,UP TO 2.3 CHILLER BODY,25,CHILLER 2.3 METER,drd,2.7,1.8,1.8,REAR FRAME + FLOOR PLATE,REAR FRAME & FLOOR PLATE,2447.54552,2447.57,0.001,PASS,,,
UP_TO_2.3_CHILLER_BODY~L2.7~W1.8~H1.8~drd,UP TO 2.3 CHILLER BODY,25,CHILLER 2.3 METER,drd,2.7,1.8,1.8,SPRAY PAINTING,SPRAY PAINTING,750.0,750.0,0.0,PASS,,,
UP_TO_2.3_CHILLER_BODY~L2.7~W1.8~H1.8~foam_4g,UP TO 2.3 CHILLER BODY,25,CHILLER 2.3 METER,foam_4g,2.7,1.8,1.8,FRONT,FRONT,2103.338848,2108.9,0.264,PASS,,,
UP_TO_2.3_CHILLER_BODY~L2.7~W1.8~H1.8~foam_4g,UP TO 2.3 CHILLER BODY,25,CHILLER 2.3 METER,foam_4g,2.7,1.8,1.8,SRD,,0.0,,,SKIP,,,
UP_TO_2.3_CHILLER_BODY~L2.7~W1.8~H1.8~foam_4g,UP TO 2.3 CHILLER BODY,25,CHILLER 2.3 METER,foam_4g,2.7,1.8,1.8,SRD DOOR FITTINGS,,0.0,,,SKIP,,,
UP_TO_2.3_CHILLER_BODY~L2.7~W1.8~H1.8~foam_4g,UP TO 2.3 CHILLER BODY,25,CHILLER 2.3 METER,foam_4g,2.7,1.8,1.8,DRD,DRD,2847.785049,2847.76,0.001,PASS,,,
UP_TO_2.3_CHILLER_BODY~L2.7~W1.8~H1.8~foam_4g,UP TO 2.3 CHILLER BODY,25,CHILLER 2.3 METER,foam_4g,2.7,1.8,1.8,DRD DOOR FITTINGS,DRD DOOR FITTINGS,4799.12194,4799.12,0.0,PASS,,,
UP_TO_2.3_CHILLER_BODY~L2.7~W1.8~H1.8~foam_4g,UP TO 2.3 CHILLER BODY,25,CHILLER 2.3 METER,foam_4g,2.7,1.8,1.8,SIDES,SIDES,6728.527259,6728.46,0.001,PASS,,,
UP_TO_2.3_CHILLER_BODY~L2.7~W1.8~H1.8~foam_4g,UP TO 2.3 CHILLER BODY,25,CHILLER 2.3 METER,foam_4g,2.7,1.8,1.8,ROOF,ROOF,3808.832567,3808.8,0.001,PASS,,,
UP_TO_2.3_CHILLER_BODY~L2.7~W1.8~H1.8~foam_4g,UP TO 2.3 CHILLER BODY,25,CHILLER 2.3 METER,foam_4g,2.7,1.8,1.8,FLOOR,FLOOR,6960.252319,6960.25,0.0,PASS,,,
UP_TO_2.3_CHILLER_BODY~L2.7~W1.8~H1.8~foam_4g,UP TO 2.3 CHILLER BODY,25,CHILLER 2.3 METER,foam_4g,2.7,1.8,1.8,ALUMINIUM,ALUMINIUM,4518.666,4518.67,0.0,PASS,,,
UP_TO_2.3_CHILLER_BODY~L2.7~W1.8~H1.8~foam_4g,UP TO 2.3 CHILLER BODY,25,CHILLER 2.3 METER,foam_4g,2.7,1.8,1.8,SUB FRAME + LIGHT BOX ASSY,SUB FRAME + LIGHT BOX ASSY,3361.850174,3361.85,0.0,PASS,,,
UP_TO_2.3_CHILLER_BODY~L2.7~W1.8~H1.8~foam_4g,UP TO 2.3 CHILLER BODY,25,CHILLER 2.3 METER,foam_4g,2.7,1.8,1.8,REAR FRAME + FLOOR PLATE,REAR FRAME & FLOOR PLATE,2447.54552,2447.57,0.001,PASS,,,
UP_TO_2.3_CHILLER_BODY~L2.7~W1.8~H1.8~foam_4g,UP TO 2.3 CHILLER BODY,25,CHILLER 2.3 METER,foam_4g,2.7,1.8,1.8,SPRAY PAINTING,SPRAY PAINTING,750.0,750.0,0.0,PASS,,,
UP_TO_5.5_CHILLER_AND_2.~L3~W2.3~H2.3~as_sheet,UP TO 5.5 CHILLER AND 2.3 WIDE,26,CHILLER MEDIUM,as_sheet,3.0,2.3,2.3,FRONT,FRONT,4250.996789,4250.95,0.001,PASS,,,
UP_TO_5.5_CHILLER_AND_2.~L3~W2.3~H2.3~as_sheet,UP TO 5.5 CHILLER AND 2.3 WIDE,26,CHILLER MEDIUM,as_sheet,3.0,2.3,2.3,SRD,,0.0,,,SKIP,,,
UP_TO_5.5_CHILLER_AND_2.~L3~W2.3~H2.3~as_sheet,UP TO 5.5 CHILLER AND 2.3 WIDE,26,CHILLER MEDIUM,as_sheet,3.0,2.3,2.3,SRD DOOR FITTINGS,,0.0,,,SKIP,,,
UP_TO_5.5_CHILLER_AND_2.~L3~W2.3~H2.3~as_sheet,UP TO 5.5 CHILLER AND 2.3 WIDE,26,CHILLER MEDIUM,as_sheet,3.0,2.3,2.3,DRD,DRD,4550.659701,4550.61,0.001,PASS,,,
UP_TO_5.5_CHILLER_AND_2.~L3~W2.3~H2.3~as_sheet,UP TO 5.5 CHILLER AND 2.3 WIDE,26,CHILLER MEDIUM,as_sheet,3.0,2.3,2.3,DRD DOOR FITTINGS,DRD DOOR FITTINGS,5450.13694,4777.69,12.338,ACCEPTED,,QTY_DIFF 2317 DOOR RUBBER (-672.45) [ZERO_FORMULA],[MES] PROD CHILLER MEDIUM DRD DOOR FITTINGS: 2317 DOOR RUBBER quantity formula ends in *0 (ZERO_FORMULA): -R672 per double door.
UP_TO_5.5_CHILLER_AND_2.~L3~W2.3~H2.3~as_sheet,UP TO 5.5 CHILLER AND 2.3 WIDE,26,CHILLER MEDIUM,as_sheet,3.0,2.3,2.3,SIDES,SIDES,10602.213575,10602.07,0.001,PASS,,,
UP_TO_5.5_CHILLER_AND_2.~L3~W2.3~H2.3~as_sheet,UP TO 5.5 CHILLER AND 2.3 WIDE,26,CHILLER MEDIUM,as_sheet,3.0,2.3,2.3,ROOF,ROOF,5231.045145,5230.99,0.001,PASS,,,
UP_TO_5.5_CHILLER_AND_2.~L3~W2.3~H2.3~as_sheet,UP TO 5.5 CHILLER AND 2.3 WIDE,26,CHILLER MEDIUM,as_sheet,3.0,2.3,2.3,FLOOR,FLOOR,9354.131097,9354.13,0.0,PASS,,,
UP_TO_5.5_CHILLER_AND_2.~L3~W2.3~H2.3~as_sheet,UP TO 5.5 CHILLER AND 2.3 WIDE,26,CHILLER MEDIUM,as_sheet,3.0,2.3,2.3,ALUMINIUM,ALUMINIUM,5150.741,5150.74,0.0,PASS,,,
UP_TO_5.5_CHILLER_AND_2.~L3~W2.3~H2.3~as_sheet,UP TO 5.5 CHILLER AND 2.3 WIDE,26,CHILLER MEDIUM,as_sheet,3.0,2.3,2.3,SUB FRAME + LIGHT BOX ASSY,SUB FRAME + LIGHT BOX ASSY,6891.316432,6891.32,0.0,PASS,,,
UP_TO_5.5_CHILLER_AND_2.~L3~W2.3~H2.3~as_sheet,UP TO 5.5 CHILLER AND 2.3 WIDE,26,CHILLER MEDIUM,as_sheet,3.0,2.3,2.3,REAR FRAME + FLOOR PLATE,REAR FRAME & FLOOR PLATE,3129.9508,3129.75,0.006,PASS,,,
UP_TO_5.5_CHILLER_AND_2.~L3~W2.3~H2.3~as_sheet,UP TO 5.5 CHILLER AND 2.3 WIDE,26,CHILLER MEDIUM,as_sheet,3.0,2.3,2.3,SPRAY PAINTING,SPRAY PAINTING,750.0,750.0,0.0,PASS,,,
UP_TO_5.5_CHILLER_AND_2.~L3~W2.3~H2.3~as_sheet,UP TO 5.5 CHILLER AND 2.3 WIDE,26,CHILLER MEDIUM,as_sheet,3.0,2.3,2.3,REFLEXITE TAPE,REFLEXITE TAPE,149.4,149.4,0.0,PASS,,,
UP_TO_5.5_CHILLER_AND_2.~L3~W2.3~H2.3~all_eps,UP TO 5.5 CHILLER AND 2.3 WIDE,26,CHILLER MEDIUM,all_eps,3.0,2.3,2.3,FRONT,FRONT,4250.996789,4250.95,0.001,PASS,,,
UP_TO_5.5_CHILLER_AND_2.~L3~W2.3~H2.3~all_eps,UP TO 5.5 CHILLER AND 2.3 WIDE,26,CHILLER MEDIUM,all_eps,3.0,2.3,2.3,SRD,,0.0,,,SKIP,,,
UP_TO_5.5_CHILLER_AND_2.~L3~W2.3~H2.3~all_eps,UP TO 5.5 CHILLER AND 2.3 WIDE,26,CHILLER MEDIUM,all_eps,3.0,2.3,2.3,SRD DOOR FITTINGS,,0.0,,,SKIP,,,
UP_TO_5.5_CHILLER_AND_2.~L3~W2.3~H2.3~all_eps,UP TO 5.5 CHILLER AND 2.3 WIDE,26,CHILLER MEDIUM,all_eps,3.0,2.3,2.3,DRD,DRD,4550.659701,4550.61,0.001,PASS,,,
UP_TO_5.5_CHILLER_AND_2.~L3~W2.3~H2.3~all_eps,UP TO 5.5 CHILLER AND 2.3 WIDE,26,CHILLER MEDIUM,all_eps,3.0,2.3,2.3,DRD DOOR FITTINGS,DRD DOOR FITTINGS,5450.13694,4777.69,12.338,ACCEPTED,,QTY_DIFF 2317 DOOR RUBBER (-672.45) [ZERO_FORMULA],[MES] PROD CHILLER MEDIUM DRD DOOR FITTINGS: 2317 DOOR RUBBER quantity formula ends in *0 (ZERO_FORMULA): -R672 per double door.
UP_TO_5.5_CHILLER_AND_2.~L3~W2.3~H2.3~all_eps,UP TO 5.5 CHILLER AND 2.3 WIDE,26,CHILLER MEDIUM,all_eps,3.0,2.3,2.3,SIDES,SIDES,10602.213575,10602.07,0.001,PASS,,,
UP_TO_5.5_CHILLER_AND_2.~L3~W2.3~H2.3~all_eps,UP TO 5.5 CHILLER AND 2.3 WIDE,26,CHILLER MEDIUM,all_eps,3.0,2.3,2.3,ROOF,ROOF,5231.045145,5230.99,0.001,PASS,,,
UP_TO_5.5_CHILLER_AND_2.~L3~W2.3~H2.3~all_eps,UP TO 5.5 CHILLER AND 2.3 WIDE,26,CHILLER MEDIUM,all_eps,3.0,2.3,2.3,FLOOR,FLOOR,9354.131097,9354.13,0.0,PASS,,,
UP_TO_5.5_CHILLER_AND_2.~L3~W2.3~H2.3~all_eps,UP TO 5.5 CHILLER AND 2.3 WIDE,26,CHILLER MEDIUM,all_eps,3.0,2.3,2.3,ALUMINIUM,ALUMINIUM,5150.741,5150.74,0.0,PASS,,,
UP_TO_5.5_CHILLER_AND_2.~L3~W2.3~H2.3~all_eps,UP TO 5.5 CHILLER AND 2.3 WIDE,26,CHILLER MEDIUM,all_eps,3.0,2.3,2.3,SUB FRAME + LIGHT BOX ASSY,SUB FRAME + LIGHT BOX ASSY,6891.316432,6891.32,0.0,PASS,,,
UP_TO_5.5_CHILLER_AND_2.~L3~W2.3~H2.3~all_eps,UP TO 5.5 CHILLER AND 2.3 WIDE,26,CHILLER MEDIUM,all_eps,3.0,2.3,2.3,REAR FRAME + FLOOR PLATE,REAR FRAME & FLOOR PLATE,3129.9508,3129.75,0.006,PASS,,,
UP_TO_5.5_CHILLER_AND_2.~L3~W2.3~H2.3~all_eps,UP TO 5.5 CHILLER AND 2.3 WIDE,26,CHILLER MEDIUM,all_eps,3.0,2.3,2.3,SPRAY PAINTING,SPRAY PAINTING,750.0,750.0,0.0,PASS,,,
UP_TO_5.5_CHILLER_AND_2.~L3~W2.3~H2.3~all_eps,UP TO 5.5 CHILLER AND 2.3 WIDE,26,CHILLER MEDIUM,all_eps,3.0,2.3,2.3,REFLEXITE TAPE,REFLEXITE TAPE,149.4,149.4,0.0,PASS,,,
UP_TO_5.5_CHILLER_AND_2.~L3~W2.3~H2.3~all_pu,UP TO 5.5 CHILLER AND 2.3 WIDE,26,CHILLER MEDIUM,all_pu,3.0,2.3,2.3,FRONT,FRONT,4852.924509,5703.99,17.537,ACCEPTED,,BOTH PU (+888.87),[RULING] PROD prices chiller PU at R334.50/sheet (the September 32D rate) where Burt's chiller sheets hard-code a 2018 rate (3090 -> R185.20/sheet): MES +R890 (front) to +R4k (sides) per PU panel. Prod is likely the current one; Burt's sheets need the [1]PU! link.
UP_TO_5.5_CHILLER_AND_2.~L3~W2.3~H2.3~all_pu,UP TO 5.5 CHILLER AND 2.3 WIDE,26,CHILLER MEDIUM,all_pu,3.0,2.3,2.3,SRD,,0.0,,,SKIP,,,
UP_TO_5.5_CHILLER_AND_2.~L3~W2.3~H2.3~all_pu,UP TO 5.5 CHILLER AND 2.3 WIDE,26,CHILLER MEDIUM,all_pu,3.0,2.3,2.3,SRD DOOR FITTINGS,,0.0,,,SKIP,,,
UP_TO_5.5_CHILLER_AND_2.~L3~W2.3~H2.3~all_pu,UP TO 5.5 CHILLER AND 2.3 WIDE,26,CHILLER MEDIUM,all_pu,3.0,2.3,2.3,DRD,DRD,5113.158748,5113.1,0.001,PASS,,,
UP_TO_5.5_CHILLER_AND_2.~L3~W2.3~H2.3~all_pu,UP TO 5.5 CHILLER AND 2.3 WIDE,26,CHILLER MEDIUM,all_pu,3.0,2.3,2.3,DRD DOOR FITTINGS,DRD DOOR FITTINGS,5513.52626,4827.35,12.445,ACCEPTED,,QTY_DIFF 2317 DOOR RUBBER (-686.17) [ZERO_FORMULA],[MES] PROD CHILLER MEDIUM DRD DOOR FITTINGS: 2317 DOOR RUBBER quantity formula ends in *0 (ZERO_FORMULA): -R672 per double door.
UP_TO_5.5_CHILLER_AND_2.~L3~W2.3~H2.3~all_pu,UP TO 5.5 CHILLER AND 2.3 WIDE,26,CHILLER MEDIUM,all_pu,3.0,2.3,2.3,SIDES,SIDES,11931.349807,14319.33,20.014,ACCEPTED,,BOTH PU (+2388.12),[RULING] PROD prices chiller PU at R334.50/sheet (the September 32D rate) where Burt's chiller sheets hard-code a 2018 rate (3090 -> R185.20/sheet): MES +R890 (front) to +R4k (sides) per PU panel. Prod is likely the current one; Burt's sheets need the [1]PU! link.
UP_TO_5.5_CHILLER_AND_2.~L3~W2.3~H2.3~all_pu,UP TO 5.5 CHILLER AND 2.3 WIDE,26,CHILLER MEDIUM,all_pu,3.0,2.3,2.3,ROOF,ROOF,5854.703923,8257.77,41.045,ACCEPTED,,BOTH PU (+2403.11),[RULING] PROD prices chiller PU at R334.50/sheet (the September 32D rate) where Burt's chiller sheets hard-code a 2018 rate (3090 -> R185.20/sheet): MES +R890 (front) to +R4k (sides) per PU panel. Prod is likely the current one; Burt's sheets need the [1]PU! link.
UP_TO_5.5_CHILLER_AND_2.~L3~W2.3~H2.3~all_pu,UP TO 5.5 CHILLER AND 2.3 WIDE,26,CHILLER MEDIUM,all_pu,3.0,2.3,2.3,FLOOR,FLOOR,9977.789875,12380.9,24.085,ACCEPTED,,BOTH PU (+2403.11),[RULING] PROD prices chiller PU at R334.50/sheet (the September 32D rate) where Burt's chiller sheets hard-code a 2018 rate (3090 -> R185.20/sheet): MES +R890 (front) to +R4k (sides) per PU panel. Prod is likely the current one; Burt's sheets need the [1]PU! link.
UP_TO_5.5_CHILLER_AND_2.~L3~W2.3~H2.3~all_pu,UP TO 5.5 CHILLER AND 2.3 WIDE,26,CHILLER MEDIUM,all_pu,3.0,2.3,2.3,ALUMINIUM,ALUMINIUM,5150.741,5150.74,0.0,PASS,,,
UP_TO_5.5_CHILLER_AND_2.~L3~W2.3~H2.3~all_pu,UP TO 5.5 CHILLER AND 2.3 WIDE,26,CHILLER MEDIUM,all_pu,3.0,2.3,2.3,SUB FRAME + LIGHT BOX ASSY,SUB FRAME + LIGHT BOX ASSY,6891.316432,6891.32,0.0,PASS,,,
UP_TO_5.5_CHILLER_AND_2.~L3~W2.3~H2.3~all_pu,UP TO 5.5 CHILLER AND 2.3 WIDE,26,CHILLER MEDIUM,all_pu,3.0,2.3,2.3,REAR FRAME + FLOOR PLATE,REAR FRAME & FLOOR PLATE,3129.9508,3129.75,0.006,PASS,,,
UP_TO_5.5_CHILLER_AND_2.~L3~W2.3~H2.3~all_pu,UP TO 5.5 CHILLER AND 2.3 WIDE,26,CHILLER MEDIUM,all_pu,3.0,2.3,2.3,SPRAY PAINTING,SPRAY PAINTING,750.0,750.0,0.0,PASS,,,
UP_TO_5.5_CHILLER_AND_2.~L3~W2.3~H2.3~all_pu,UP TO 5.5 CHILLER AND 2.3 WIDE,26,CHILLER MEDIUM,all_pu,3.0,2.3,2.3,REFLEXITE TAPE,REFLEXITE TAPE,149.4,149.4,0.0,PASS,,,
UP_TO_5.5_CHILLER_AND_2.~L3~W2.3~H2.3~srd,UP TO 5.5 CHILLER AND 2.3 WIDE,26,CHILLER MEDIUM,srd,3.0,2.3,2.3,FRONT,FRONT,4250.996789,4250.95,0.001,PASS,,,
UP_TO_5.5_CHILLER_AND_2.~L3~W2.3~H2.3~srd,UP TO 5.5 CHILLER AND 2.3 WIDE,26,CHILLER MEDIUM,srd,3.0,2.3,2.3,SRD,SRD,3510.663632,4349.92,23.906,ACCEPTED,,GROUP_DIFF 130*62MM TAPPING BLOCKS ~ 2 MES line(s) (+468.00),[DATA] 130*62MM TAPPING BLOCKS: on prod the icecream and EXPLOSIVE 4.9 AND UP bodies price them differently from Burt (missing or one size only); the chillers/freezers match.
UP_TO_5.5_CHILLER_AND_2.~L3~W2.3~H2.3~srd,UP TO 5.5 CHILLER AND 2.3 WIDE,26,CHILLER MEDIUM,srd,3.0,2.3,2.3,SRD DOOR FITTINGS,SRD DOOR FITTINGS,6166.05802,7053.99,14.4,ACCEPTED,,PRICE_DIFF SILPLUS X WHITE SILICONE (+534.29),"[DATA] SRD DOOR FITTINGS on every body: MES CSLB HINGES R293.46 x2 (Excel R146.73 x2 - the pair price applied per hinge) and SILPLUS X WHITE R232.30 (Excel R116.15); per body also 34MM LOCKING POLE, 28782 BIG HORIZ CAPPING, ALU CORNERS, 28780/28778 BIG VERTICAL."
UP_TO_5.5_CHILLER_AND_2.~L3~W2.3~H2.3~srd,UP TO 5.5 CHILLER AND 2.3 WIDE,26,CHILLER MEDIUM,srd,3.0,2.3,2.3,DRD,,0.0,,,SKIP,,,
UP_TO_5.5_CHILLER_AND_2.~L3~W2.3~H2.3~srd,UP TO 5.5 CHILLER AND 2.3 WIDE,26,CHILLER MEDIUM,srd,3.0,2.3,2.3,DRD DOOR FITTINGS,,0.0,,,SKIP,,,
UP_TO_5.5_CHILLER_AND_2.~L3~W2.3~H2.3~srd,UP TO 5.5 CHILLER AND 2.3 WIDE,26,CHILLER MEDIUM,srd,3.0,2.3,2.3,SIDES,SIDES,10602.213575,10602.07,0.001,PASS,,,
UP_TO_5.5_CHILLER_AND_2.~L3~W2.3~H2.3~srd,UP TO 5.5 CHILLER AND 2.3 WIDE,26,CHILLER MEDIUM,srd,3.0,2.3,2.3,ROOF,ROOF,5231.045145,5230.99,0.001,PASS,,,
UP_TO_5.5_CHILLER_AND_2.~L3~W2.3~H2.3~srd,UP TO 5.5 CHILLER AND 2.3 WIDE,26,CHILLER MEDIUM,srd,3.0,2.3,2.3,FLOOR,FLOOR,9354.131097,9354.13,0.0,PASS,,,
UP_TO_5.5_CHILLER_AND_2.~L3~W2.3~H2.3~srd,UP TO 5.5 CHILLER AND 2.3 WIDE,26,CHILLER MEDIUM,srd,3.0,2.3,2.3,ALUMINIUM,ALUMINIUM,5150.741,5150.74,0.0,PASS,,,
UP_TO_5.5_CHILLER_AND_2.~L3~W2.3~H2.3~srd,UP TO 5.5 CHILLER AND 2.3 WIDE,26,CHILLER MEDIUM,srd,3.0,2.3,2.3,SUB FRAME + LIGHT BOX ASSY,SUB FRAME + LIGHT BOX ASSY,6891.316432,6891.32,0.0,PASS,,,
UP_TO_5.5_CHILLER_AND_2.~L3~W2.3~H2.3~srd,UP TO 5.5 CHILLER AND 2.3 WIDE,26,CHILLER MEDIUM,srd,3.0,2.3,2.3,REAR FRAME + FLOOR PLATE,REAR FRAME & FLOOR PLATE,0.0,3129.75,,ACCEPTED,EXTRA_IN_MES,EXTRA_IN_MES 2.5MM 3CR12 REAR FRAME (+738.36),"[RULING] Burt gates REAR FRAME + FLOOR PLATE on the DRD flags, so a single-rear-door body carries R0 there; MES always includes the section (R2.4k-R5.5k). Which is right needs Burt/Michael."
UP_TO_5.5_CHILLER_AND_2.~L3~W2.3~H2.3~srd,UP TO 5.5 CHILLER AND 2.3 WIDE,26,CHILLER MEDIUM,srd,3.0,2.3,2.3,SPRAY PAINTING,SPRAY PAINTING,750.0,750.0,0.0,PASS,,,
UP_TO_5.5_CHILLER_AND_2.~L3~W2.3~H2.3~srd,UP TO 5.5 CHILLER AND 2.3 WIDE,26,CHILLER MEDIUM,srd,3.0,2.3,2.3,REFLEXITE TAPE,REFLEXITE TAPE,149.4,149.4,0.0,PASS,,,
UP_TO_5.5_CHILLER_AND_2.~L3~W2.3~H2.3~drd,UP TO 5.5 CHILLER AND 2.3 WIDE,26,CHILLER MEDIUM,drd,3.0,2.3,2.3,FRONT,FRONT,4250.996789,4250.95,0.001,PASS,,,
UP_TO_5.5_CHILLER_AND_2.~L3~W2.3~H2.3~drd,UP TO 5.5 CHILLER AND 2.3 WIDE,26,CHILLER MEDIUM,drd,3.0,2.3,2.3,SRD,,0.0,,,SKIP,,,
UP_TO_5.5_CHILLER_AND_2.~L3~W2.3~H2.3~drd,UP TO 5.5 CHILLER AND 2.3 WIDE,26,CHILLER MEDIUM,drd,3.0,2.3,2.3,SRD DOOR FITTINGS,,0.0,,,SKIP,,,
UP_TO_5.5_CHILLER_AND_2.~L3~W2.3~H2.3~drd,UP TO 5.5 CHILLER AND 2.3 WIDE,26,CHILLER MEDIUM,drd,3.0,2.3,2.3,DRD,DRD,4550.659701,4550.61,0.001,PASS,,,
UP_TO_5.5_CHILLER_AND_2.~L3~W2.3~H2.3~drd,UP TO 5.5 CHILLER AND 2.3 WIDE,26,CHILLER MEDIUM,drd,3.0,2.3,2.3,DRD DOOR FITTINGS,DRD DOOR FITTINGS,5450.13694,4777.69,12.338,ACCEPTED,,QTY_DIFF 2317 DOOR RUBBER (-672.45) [ZERO_FORMULA],[MES] PROD CHILLER MEDIUM DRD DOOR FITTINGS: 2317 DOOR RUBBER quantity formula ends in *0 (ZERO_FORMULA): -R672 per double door.
UP_TO_5.5_CHILLER_AND_2.~L3~W2.3~H2.3~drd,UP TO 5.5 CHILLER AND 2.3 WIDE,26,CHILLER MEDIUM,drd,3.0,2.3,2.3,SIDES,SIDES,10602.213575,10602.07,0.001,PASS,,,
UP_TO_5.5_CHILLER_AND_2.~L3~W2.3~H2.3~drd,UP TO 5.5 CHILLER AND 2.3 WIDE,26,CHILLER MEDIUM,drd,3.0,2.3,2.3,ROOF,ROOF,5231.045145,5230.99,0.001,PASS,,,
UP_TO_5.5_CHILLER_AND_2.~L3~W2.3~H2.3~drd,UP TO 5.5 CHILLER AND 2.3 WIDE,26,CHILLER MEDIUM,drd,3.0,2.3,2.3,FLOOR,FLOOR,9354.131097,9354.13,0.0,PASS,,,
UP_TO_5.5_CHILLER_AND_2.~L3~W2.3~H2.3~drd,UP TO 5.5 CHILLER AND 2.3 WIDE,26,CHILLER MEDIUM,drd,3.0,2.3,2.3,ALUMINIUM,ALUMINIUM,5150.741,5150.74,0.0,PASS,,,
UP_TO_5.5_CHILLER_AND_2.~L3~W2.3~H2.3~drd,UP TO 5.5 CHILLER AND 2.3 WIDE,26,CHILLER MEDIUM,drd,3.0,2.3,2.3,SUB FRAME + LIGHT BOX ASSY,SUB FRAME + LIGHT BOX ASSY,6891.316432,6891.32,0.0,PASS,,,
UP_TO_5.5_CHILLER_AND_2.~L3~W2.3~H2.3~drd,UP TO 5.5 CHILLER AND 2.3 WIDE,26,CHILLER MEDIUM,drd,3.0,2.3,2.3,REAR FRAME + FLOOR PLATE,REAR FRAME & FLOOR PLATE,3129.9508,3129.75,0.006,PASS,,,
UP_TO_5.5_CHILLER_AND_2.~L3~W2.3~H2.3~drd,UP TO 5.5 CHILLER AND 2.3 WIDE,26,CHILLER MEDIUM,drd,3.0,2.3,2.3,SPRAY PAINTING,SPRAY PAINTING,750.0,750.0,0.0,PASS,,,
UP_TO_5.5_CHILLER_AND_2.~L3~W2.3~H2.3~drd,UP TO 5.5 CHILLER AND 2.3 WIDE,26,CHILLER MEDIUM,drd,3.0,2.3,2.3,REFLEXITE TAPE,REFLEXITE TAPE,149.4,149.4,0.0,PASS,,,
UP_TO_5.5_CHILLER_AND_2.~L3~W2.3~H2.3~foam_4g,UP TO 5.5 CHILLER AND 2.3 WIDE,26,CHILLER MEDIUM,foam_4g,3.0,2.3,2.3,FRONT,FRONT,4250.996789,4250.95,0.001,PASS,,,
UP_TO_5.5_CHILLER_AND_2.~L3~W2.3~H2.3~foam_4g,UP TO 5.5 CHILLER AND 2.3 WIDE,26,CHILLER MEDIUM,foam_4g,3.0,2.3,2.3,SRD,,0.0,,,SKIP,,,
UP_TO_5.5_CHILLER_AND_2.~L3~W2.3~H2.3~foam_4g,UP TO 5.5 CHILLER AND 2.3 WIDE,26,CHILLER MEDIUM,foam_4g,3.0,2.3,2.3,SRD DOOR FITTINGS,,0.0,,,SKIP,,,
UP_TO_5.5_CHILLER_AND_2.~L3~W2.3~H2.3~foam_4g,UP TO 5.5 CHILLER AND 2.3 WIDE,26,CHILLER MEDIUM,foam_4g,3.0,2.3,2.3,DRD,DRD,4550.659701,4550.61,0.001,PASS,,,
UP_TO_5.5_CHILLER_AND_2.~L3~W2.3~H2.3~foam_4g,UP TO 5.5 CHILLER AND 2.3 WIDE,26,CHILLER MEDIUM,foam_4g,3.0,2.3,2.3,DRD DOOR FITTINGS,DRD DOOR FITTINGS,5450.13694,4777.69,12.338,ACCEPTED,,QTY_DIFF 2317 DOOR RUBBER (-672.45) [ZERO_FORMULA],[MES] PROD CHILLER MEDIUM DRD DOOR FITTINGS: 2317 DOOR RUBBER quantity formula ends in *0 (ZERO_FORMULA): -R672 per double door.
UP_TO_5.5_CHILLER_AND_2.~L3~W2.3~H2.3~foam_4g,UP TO 5.5 CHILLER AND 2.3 WIDE,26,CHILLER MEDIUM,foam_4g,3.0,2.3,2.3,SIDES,SIDES,10602.213575,10602.07,0.001,PASS,,,
UP_TO_5.5_CHILLER_AND_2.~L3~W2.3~H2.3~foam_4g,UP TO 5.5 CHILLER AND 2.3 WIDE,26,CHILLER MEDIUM,foam_4g,3.0,2.3,2.3,ROOF,ROOF,5231.045145,5230.99,0.001,PASS,,,
UP_TO_5.5_CHILLER_AND_2.~L3~W2.3~H2.3~foam_4g,UP TO 5.5 CHILLER AND 2.3 WIDE,26,CHILLER MEDIUM,foam_4g,3.0,2.3,2.3,FLOOR,FLOOR,9354.131097,9354.13,0.0,PASS,,,
UP_TO_5.5_CHILLER_AND_2.~L3~W2.3~H2.3~foam_4g,UP TO 5.5 CHILLER AND 2.3 WIDE,26,CHILLER MEDIUM,foam_4g,3.0,2.3,2.3,ALUMINIUM,ALUMINIUM,5150.741,5150.74,0.0,PASS,,,
UP_TO_5.5_CHILLER_AND_2.~L3~W2.3~H2.3~foam_4g,UP TO 5.5 CHILLER AND 2.3 WIDE,26,CHILLER MEDIUM,foam_4g,3.0,2.3,2.3,SUB FRAME + LIGHT BOX ASSY,SUB FRAME + LIGHT BOX ASSY,6891.316432,6891.32,0.0,PASS,,,
UP_TO_5.5_CHILLER_AND_2.~L3~W2.3~H2.3~foam_4g,UP TO 5.5 CHILLER AND 2.3 WIDE,26,CHILLER MEDIUM,foam_4g,3.0,2.3,2.3,REAR FRAME + FLOOR PLATE,REAR FRAME & FLOOR PLATE,3129.9508,3129.75,0.006,PASS,,,
UP_TO_5.5_CHILLER_AND_2.~L3~W2.3~H2.3~foam_4g,UP TO 5.5 CHILLER AND 2.3 WIDE,26,CHILLER MEDIUM,foam_4g,3.0,2.3,2.3,SPRAY PAINTING,SPRAY PAINTING,750.0,750.0,0.0,PASS,,,
UP_TO_5.5_CHILLER_AND_2.~L3~W2.3~H2.3~foam_4g,UP TO 5.5 CHILLER AND 2.3 WIDE,26,CHILLER MEDIUM,foam_4g,3.0,2.3,2.3,REFLEXITE TAPE,REFLEXITE TAPE,149.4,149.4,0.0,PASS,,,
UP_TO_5.5_CHILLER_AND_2.~L4.2~W2.3~H2.3~as_sheet,UP TO 5.5 CHILLER AND 2.3 WIDE,26,CHILLER MEDIUM,as_sheet,4.2,2.3,2.3,FRONT,FRONT,4250.996789,4250.95,0.001,PASS,,,
UP_TO_5.5_CHILLER_AND_2.~L4.2~W2.3~H2.3~as_sheet,UP TO 5.5 CHILLER AND 2.3 WIDE,26,CHILLER MEDIUM,as_sheet,4.2,2.3,2.3,SRD,,0.0,,,SKIP,,,
UP_TO_5.5_CHILLER_AND_2.~L4.2~W2.3~H2.3~as_sheet,UP TO 5.5 CHILLER AND 2.3 WIDE,26,CHILLER MEDIUM,as_sheet,4.2,2.3,2.3,SRD DOOR FITTINGS,,0.0,,,SKIP,,,
UP_TO_5.5_CHILLER_AND_2.~L4.2~W2.3~H2.3~as_sheet,UP TO 5.5 CHILLER AND 2.3 WIDE,26,CHILLER MEDIUM,as_sheet,4.2,2.3,2.3,DRD,DRD,4550.659701,4550.61,0.001,PASS,,,
UP_TO_5.5_CHILLER_AND_2.~L4.2~W2.3~H2.3~as_sheet,UP TO 5.5 CHILLER AND 2.3 WIDE,26,CHILLER MEDIUM,as_sheet,4.2,2.3,2.3,DRD DOOR FITTINGS,DRD DOOR FITTINGS,5450.13694,4777.69,12.338,ACCEPTED,,QTY_DIFF 2317 DOOR RUBBER (-672.45) [ZERO_FORMULA],[MES] PROD CHILLER MEDIUM DRD DOOR FITTINGS: 2317 DOOR RUBBER quantity formula ends in *0 (ZERO_FORMULA): -R672 per double door.
UP_TO_5.5_CHILLER_AND_2.~L4.2~W2.3~H2.3~as_sheet,UP TO 5.5 CHILLER AND 2.3 WIDE,26,CHILLER MEDIUM,as_sheet,4.2,2.3,2.3,SIDES,SIDES,14569.478233,14569.29,0.001,PASS,,,
UP_TO_5.5_CHILLER_AND_2.~L4.2~W2.3~H2.3~as_sheet,UP TO 5.5 CHILLER AND 2.3 WIDE,26,CHILLER MEDIUM,as_sheet,4.2,2.3,2.3,ROOF,ROOF,7169.485013,7169.42,0.001,PASS,,,
UP_TO_5.5_CHILLER_AND_2.~L4.2~W2.3~H2.3~as_sheet,UP TO 5.5 CHILLER AND 2.3 WIDE,26,CHILLER MEDIUM,as_sheet,4.2,2.3,2.3,FLOOR,FLOOR,12964.302571,12964.3,0.0,PASS,,,
UP_TO_5.5_CHILLER_AND_2.~L4.2~W2.3~H2.3~as_sheet,UP TO 5.5 CHILLER AND 2.3 WIDE,26,CHILLER MEDIUM,as_sheet,4.2,2.3,2.3,ALUMINIUM,ALUMINIUM,6429.821,6429.82,0.0,PASS,,,
UP_TO_5.5_CHILLER_AND_2.~L4.2~W2.3~H2.3~as_sheet,UP TO 5.5 CHILLER AND 2.3 WIDE,26,CHILLER MEDIUM,as_sheet,4.2,2.3,2.3,SUB FRAME + LIGHT BOX ASSY,SUB FRAME + LIGHT BOX ASSY,7474.516432,7474.52,0.0,PASS,,,
UP_TO_5.5_CHILLER_AND_2.~L4.2~W2.3~H2.3~as_sheet,UP TO 5.5 CHILLER AND 2.3 WIDE,26,CHILLER MEDIUM,as_sheet,4.2,2.3,2.3,REAR FRAME + FLOOR PLATE,REAR FRAME & FLOOR PLATE,3129.9508,3129.75,0.006,PASS,,,
UP_TO_5.5_CHILLER_AND_2.~L4.2~W2.3~H2.3~as_sheet,UP TO 5.5 CHILLER AND 2.3 WIDE,26,CHILLER MEDIUM,as_sheet,4.2,2.3,2.3,SPRAY PAINTING,SPRAY PAINTING,750.0,750.0,0.0,PASS,,,
UP_TO_5.5_CHILLER_AND_2.~L4.2~W2.3~H2.3~as_sheet,UP TO 5.5 CHILLER AND 2.3 WIDE,26,CHILLER MEDIUM,as_sheet,4.2,2.3,2.3,REFLEXITE TAPE,REFLEXITE TAPE,192.6,192.6,0.0,PASS,,,
UP_TO_5.5_CHILLER_AND_2.~L4.2~W2.3~H2.3~all_eps,UP TO 5.5 CHILLER AND 2.3 WIDE,26,CHILLER MEDIUM,all_eps,4.2,2.3,2.3,FRONT,FRONT,4250.996789,4250.95,0.001,PASS,,,
UP_TO_5.5_CHILLER_AND_2.~L4.2~W2.3~H2.3~all_eps,UP TO 5.5 CHILLER AND 2.3 WIDE,26,CHILLER MEDIUM,all_eps,4.2,2.3,2.3,SRD,,0.0,,,SKIP,,,
UP_TO_5.5_CHILLER_AND_2.~L4.2~W2.3~H2.3~all_eps,UP TO 5.5 CHILLER AND 2.3 WIDE,26,CHILLER MEDIUM,all_eps,4.2,2.3,2.3,SRD DOOR FITTINGS,,0.0,,,SKIP,,,
UP_TO_5.5_CHILLER_AND_2.~L4.2~W2.3~H2.3~all_eps,UP TO 5.5 CHILLER AND 2.3 WIDE,26,CHILLER MEDIUM,all_eps,4.2,2.3,2.3,DRD,DRD,4550.659701,4550.61,0.001,PASS,,,
UP_TO_5.5_CHILLER_AND_2.~L4.2~W2.3~H2.3~all_eps,UP TO 5.5 CHILLER AND 2.3 WIDE,26,CHILLER MEDIUM,all_eps,4.2,2.3,2.3,DRD DOOR FITTINGS,DRD DOOR FITTINGS,5450.13694,4777.69,12.338,ACCEPTED,,QTY_DIFF 2317 DOOR RUBBER (-672.45) [ZERO_FORMULA],[MES] PROD CHILLER MEDIUM DRD DOOR FITTINGS: 2317 DOOR RUBBER quantity formula ends in *0 (ZERO_FORMULA): -R672 per double door.
UP_TO_5.5_CHILLER_AND_2.~L4.2~W2.3~H2.3~all_eps,UP TO 5.5 CHILLER AND 2.3 WIDE,26,CHILLER MEDIUM,all_eps,4.2,2.3,2.3,SIDES,SIDES,14569.478233,14569.29,0.001,PASS,,,
UP_TO_5.5_CHILLER_AND_2.~L4.2~W2.3~H2.3~all_eps,UP TO 5.5 CHILLER AND 2.3 WIDE,26,CHILLER MEDIUM,all_eps,4.2,2.3,2.3,ROOF,ROOF,7169.485013,7169.42,0.001,PASS,,,
UP_TO_5.5_CHILLER_AND_2.~L4.2~W2.3~H2.3~all_eps,UP TO 5.5 CHILLER AND 2.3 WIDE,26,CHILLER MEDIUM,all_eps,4.2,2.3,2.3,FLOOR,FLOOR,12964.302571,12964.3,0.0,PASS,,,
UP_TO_5.5_CHILLER_AND_2.~L4.2~W2.3~H2.3~all_eps,UP TO 5.5 CHILLER AND 2.3 WIDE,26,CHILLER MEDIUM,all_eps,4.2,2.3,2.3,ALUMINIUM,ALUMINIUM,6429.821,6429.82,0.0,PASS,,,
UP_TO_5.5_CHILLER_AND_2.~L4.2~W2.3~H2.3~all_eps,UP TO 5.5 CHILLER AND 2.3 WIDE,26,CHILLER MEDIUM,all_eps,4.2,2.3,2.3,SUB FRAME + LIGHT BOX ASSY,SUB FRAME + LIGHT BOX ASSY,7474.516432,7474.52,0.0,PASS,,,
UP_TO_5.5_CHILLER_AND_2.~L4.2~W2.3~H2.3~all_eps,UP TO 5.5 CHILLER AND 2.3 WIDE,26,CHILLER MEDIUM,all_eps,4.2,2.3,2.3,REAR FRAME + FLOOR PLATE,REAR FRAME & FLOOR PLATE,3129.9508,3129.75,0.006,PASS,,,
UP_TO_5.5_CHILLER_AND_2.~L4.2~W2.3~H2.3~all_eps,UP TO 5.5 CHILLER AND 2.3 WIDE,26,CHILLER MEDIUM,all_eps,4.2,2.3,2.3,SPRAY PAINTING,SPRAY PAINTING,750.0,750.0,0.0,PASS,,,
UP_TO_5.5_CHILLER_AND_2.~L4.2~W2.3~H2.3~all_eps,UP TO 5.5 CHILLER AND 2.3 WIDE,26,CHILLER MEDIUM,all_eps,4.2,2.3,2.3,REFLEXITE TAPE,REFLEXITE TAPE,192.6,192.6,0.0,PASS,,,
UP_TO_5.5_CHILLER_AND_2.~L4.2~W2.3~H2.3~all_pu,UP TO 5.5 CHILLER AND 2.3 WIDE,26,CHILLER MEDIUM,all_pu,4.2,2.3,2.3,FRONT,FRONT,4852.924509,5703.99,17.537,ACCEPTED,,BOTH PU (+888.87),[RULING] PROD prices chiller PU at R334.50/sheet (the September 32D rate) where Burt's chiller sheets hard-code a 2018 rate (3090 -> R185.20/sheet): MES +R890 (front) to +R4k (sides) per PU panel. Prod is likely the current one; Burt's sheets need the [1]PU! link.
UP_TO_5.5_CHILLER_AND_2.~L4.2~W2.3~H2.3~all_pu,UP TO 5.5 CHILLER AND 2.3 WIDE,26,CHILLER MEDIUM,all_pu,4.2,2.3,2.3,SRD,,0.0,,,SKIP,,,
UP_TO_5.5_CHILLER_AND_2.~L4.2~W2.3~H2.3~all_pu,UP TO 5.5 CHILLER AND 2.3 WIDE,26,CHILLER MEDIUM,all_pu,4.2,2.3,2.3,SRD DOOR FITTINGS,,0.0,,,SKIP,,,
UP_TO_5.5_CHILLER_AND_2.~L4.2~W2.3~H2.3~all_pu,UP TO 5.5 CHILLER AND 2.3 WIDE,26,CHILLER MEDIUM,all_pu,4.2,2.3,2.3,DRD,DRD,5113.158748,5113.1,0.001,PASS,,,
UP_TO_5.5_CHILLER_AND_2.~L4.2~W2.3~H2.3~all_pu,UP TO 5.5 CHILLER AND 2.3 WIDE,26,CHILLER MEDIUM,all_pu,4.2,2.3,2.3,DRD DOOR FITTINGS,DRD DOOR FITTINGS,5513.52626,4827.35,12.445,ACCEPTED,,QTY_DIFF 2317 DOOR RUBBER (-686.17) [ZERO_FORMULA],[MES] PROD CHILLER MEDIUM DRD DOOR FITTINGS: 2317 DOOR RUBBER quantity formula ends in *0 (ZERO_FORMULA): -R672 per double door.
UP_TO_5.5_CHILLER_AND_2.~L4.2~W2.3~H2.3~all_pu,UP TO 5.5 CHILLER AND 2.3 WIDE,26,CHILLER MEDIUM,all_pu,4.2,2.3,2.3,SIDES,SIDES,16417.093605,19744.61,20.269,ACCEPTED,,BOTH PU (+3327.71),[RULING] PROD prices chiller PU at R334.50/sheet (the September 32D rate) where Burt's chiller sheets hard-code a 2018 rate (3090 -> R185.20/sheet): MES +R890 (front) to +R4k (sides) per PU panel. Prod is likely the current one; Burt's sheets need the [1]PU! link.
UP_TO_5.5_CHILLER_AND_2.~L4.2~W2.3~H2.3~all_pu,UP TO 5.5 CHILLER AND 2.3 WIDE,26,CHILLER MEDIUM,all_pu,4.2,2.3,2.3,ROOF,ROOF,8038.517735,11387.05,41.656,ACCEPTED,,BOTH PU (+3348.59),[RULING] PROD prices chiller PU at R334.50/sheet (the September 32D rate) where Burt's chiller sheets hard-code a 2018 rate (3090 -> R185.20/sheet): MES +R890 (front) to +R4k (sides) per PU panel. Prod is likely the current one; Burt's sheets need the [1]PU! link.
UP_TO_5.5_CHILLER_AND_2.~L4.2~W2.3~H2.3~all_pu,UP TO 5.5 CHILLER AND 2.3 WIDE,26,CHILLER MEDIUM,all_pu,4.2,2.3,2.3,FLOOR,FLOOR,13833.335294,17181.93,24.207,ACCEPTED,,BOTH PU (+3348.59),[RULING] PROD prices chiller PU at R334.50/sheet (the September 32D rate) where Burt's chiller sheets hard-code a 2018 rate (3090 -> R185.20/sheet): MES +R890 (front) to +R4k (sides) per PU panel. Prod is likely the current one; Burt's sheets need the [1]PU! link.
UP_TO_5.5_CHILLER_AND_2.~L4.2~W2.3~H2.3~all_pu,UP TO 5.5 CHILLER AND 2.3 WIDE,26,CHILLER MEDIUM,all_pu,4.2,2.3,2.3,ALUMINIUM,ALUMINIUM,6429.821,6429.82,0.0,PASS,,,
UP_TO_5.5_CHILLER_AND_2.~L4.2~W2.3~H2.3~all_pu,UP TO 5.5 CHILLER AND 2.3 WIDE,26,CHILLER MEDIUM,all_pu,4.2,2.3,2.3,SUB FRAME + LIGHT BOX ASSY,SUB FRAME + LIGHT BOX ASSY,7474.516432,7474.52,0.0,PASS,,,
UP_TO_5.5_CHILLER_AND_2.~L4.2~W2.3~H2.3~all_pu,UP TO 5.5 CHILLER AND 2.3 WIDE,26,CHILLER MEDIUM,all_pu,4.2,2.3,2.3,REAR FRAME + FLOOR PLATE,REAR FRAME & FLOOR PLATE,3129.9508,3129.75,0.006,PASS,,,
UP_TO_5.5_CHILLER_AND_2.~L4.2~W2.3~H2.3~all_pu,UP TO 5.5 CHILLER AND 2.3 WIDE,26,CHILLER MEDIUM,all_pu,4.2,2.3,2.3,SPRAY PAINTING,SPRAY PAINTING,750.0,750.0,0.0,PASS,,,
UP_TO_5.5_CHILLER_AND_2.~L4.2~W2.3~H2.3~all_pu,UP TO 5.5 CHILLER AND 2.3 WIDE,26,CHILLER MEDIUM,all_pu,4.2,2.3,2.3,REFLEXITE TAPE,REFLEXITE TAPE,192.6,192.6,0.0,PASS,,,
UP_TO_5.5_CHILLER_AND_2.~L4.2~W2.3~H2.3~srd,UP TO 5.5 CHILLER AND 2.3 WIDE,26,CHILLER MEDIUM,srd,4.2,2.3,2.3,FRONT,FRONT,4250.996789,4250.95,0.001,PASS,,,
UP_TO_5.5_CHILLER_AND_2.~L4.2~W2.3~H2.3~srd,UP TO 5.5 CHILLER AND 2.3 WIDE,26,CHILLER MEDIUM,srd,4.2,2.3,2.3,SRD,SRD,3510.663632,4349.92,23.906,ACCEPTED,,GROUP_DIFF 130*62MM TAPPING BLOCKS ~ 2 MES line(s) (+468.00),[DATA] 130*62MM TAPPING BLOCKS: on prod the icecream and EXPLOSIVE 4.9 AND UP bodies price them differently from Burt (missing or one size only); the chillers/freezers match.
UP_TO_5.5_CHILLER_AND_2.~L4.2~W2.3~H2.3~srd,UP TO 5.5 CHILLER AND 2.3 WIDE,26,CHILLER MEDIUM,srd,4.2,2.3,2.3,SRD DOOR FITTINGS,SRD DOOR FITTINGS,6166.05802,7053.99,14.4,ACCEPTED,,PRICE_DIFF SILPLUS X WHITE SILICONE (+534.29),"[DATA] SRD DOOR FITTINGS on every body: MES CSLB HINGES R293.46 x2 (Excel R146.73 x2 - the pair price applied per hinge) and SILPLUS X WHITE R232.30 (Excel R116.15); per body also 34MM LOCKING POLE, 28782 BIG HORIZ CAPPING, ALU CORNERS, 28780/28778 BIG VERTICAL."
UP_TO_5.5_CHILLER_AND_2.~L4.2~W2.3~H2.3~srd,UP TO 5.5 CHILLER AND 2.3 WIDE,26,CHILLER MEDIUM,srd,4.2,2.3,2.3,DRD,,0.0,,,SKIP,,,
UP_TO_5.5_CHILLER_AND_2.~L4.2~W2.3~H2.3~srd,UP TO 5.5 CHILLER AND 2.3 WIDE,26,CHILLER MEDIUM,srd,4.2,2.3,2.3,DRD DOOR FITTINGS,,0.0,,,SKIP,,,
UP_TO_5.5_CHILLER_AND_2.~L4.2~W2.3~H2.3~srd,UP TO 5.5 CHILLER AND 2.3 WIDE,26,CHILLER MEDIUM,srd,4.2,2.3,2.3,SIDES,SIDES,14569.478233,14569.29,0.001,PASS,,,
UP_TO_5.5_CHILLER_AND_2.~L4.2~W2.3~H2.3~srd,UP TO 5.5 CHILLER AND 2.3 WIDE,26,CHILLER MEDIUM,srd,4.2,2.3,2.3,ROOF,ROOF,7169.485013,7169.42,0.001,PASS,,,
UP_TO_5.5_CHILLER_AND_2.~L4.2~W2.3~H2.3~srd,UP TO 5.5 CHILLER AND 2.3 WIDE,26,CHILLER MEDIUM,srd,4.2,2.3,2.3,FLOOR,FLOOR,12964.302571,12964.3,0.0,PASS,,,
UP_TO_5.5_CHILLER_AND_2.~L4.2~W2.3~H2.3~srd,UP TO 5.5 CHILLER AND 2.3 WIDE,26,CHILLER MEDIUM,srd,4.2,2.3,2.3,ALUMINIUM,ALUMINIUM,6429.821,6429.82,0.0,PASS,,,
UP_TO_5.5_CHILLER_AND_2.~L4.2~W2.3~H2.3~srd,UP TO 5.5 CHILLER AND 2.3 WIDE,26,CHILLER MEDIUM,srd,4.2,2.3,2.3,SUB FRAME + LIGHT BOX ASSY,SUB FRAME + LIGHT BOX ASSY,7474.516432,7474.52,0.0,PASS,,,
UP_TO_5.5_CHILLER_AND_2.~L4.2~W2.3~H2.3~srd,UP TO 5.5 CHILLER AND 2.3 WIDE,26,CHILLER MEDIUM,srd,4.2,2.3,2.3,REAR FRAME + FLOOR PLATE,REAR FRAME & FLOOR PLATE,0.0,3129.75,,ACCEPTED,EXTRA_IN_MES,EXTRA_IN_MES 2.5MM 3CR12 REAR FRAME (+738.36),"[RULING] Burt gates REAR FRAME + FLOOR PLATE on the DRD flags, so a single-rear-door body carries R0 there; MES always includes the section (R2.4k-R5.5k). Which is right needs Burt/Michael."
UP_TO_5.5_CHILLER_AND_2.~L4.2~W2.3~H2.3~srd,UP TO 5.5 CHILLER AND 2.3 WIDE,26,CHILLER MEDIUM,srd,4.2,2.3,2.3,SPRAY PAINTING,SPRAY PAINTING,750.0,750.0,0.0,PASS,,,
UP_TO_5.5_CHILLER_AND_2.~L4.2~W2.3~H2.3~srd,UP TO 5.5 CHILLER AND 2.3 WIDE,26,CHILLER MEDIUM,srd,4.2,2.3,2.3,REFLEXITE TAPE,REFLEXITE TAPE,192.6,192.6,0.0,PASS,,,
UP_TO_5.5_CHILLER_AND_2.~L4.2~W2.3~H2.3~drd,UP TO 5.5 CHILLER AND 2.3 WIDE,26,CHILLER MEDIUM,drd,4.2,2.3,2.3,FRONT,FRONT,4250.996789,4250.95,0.001,PASS,,,
UP_TO_5.5_CHILLER_AND_2.~L4.2~W2.3~H2.3~drd,UP TO 5.5 CHILLER AND 2.3 WIDE,26,CHILLER MEDIUM,drd,4.2,2.3,2.3,SRD,,0.0,,,SKIP,,,
UP_TO_5.5_CHILLER_AND_2.~L4.2~W2.3~H2.3~drd,UP TO 5.5 CHILLER AND 2.3 WIDE,26,CHILLER MEDIUM,drd,4.2,2.3,2.3,SRD DOOR FITTINGS,,0.0,,,SKIP,,,
UP_TO_5.5_CHILLER_AND_2.~L4.2~W2.3~H2.3~drd,UP TO 5.5 CHILLER AND 2.3 WIDE,26,CHILLER MEDIUM,drd,4.2,2.3,2.3,DRD,DRD,4550.659701,4550.61,0.001,PASS,,,
UP_TO_5.5_CHILLER_AND_2.~L4.2~W2.3~H2.3~drd,UP TO 5.5 CHILLER AND 2.3 WIDE,26,CHILLER MEDIUM,drd,4.2,2.3,2.3,DRD DOOR FITTINGS,DRD DOOR FITTINGS,5450.13694,4777.69,12.338,ACCEPTED,,QTY_DIFF 2317 DOOR RUBBER (-672.45) [ZERO_FORMULA],[MES] PROD CHILLER MEDIUM DRD DOOR FITTINGS: 2317 DOOR RUBBER quantity formula ends in *0 (ZERO_FORMULA): -R672 per double door.
UP_TO_5.5_CHILLER_AND_2.~L4.2~W2.3~H2.3~drd,UP TO 5.5 CHILLER AND 2.3 WIDE,26,CHILLER MEDIUM,drd,4.2,2.3,2.3,SIDES,SIDES,14569.478233,14569.29,0.001,PASS,,,
UP_TO_5.5_CHILLER_AND_2.~L4.2~W2.3~H2.3~drd,UP TO 5.5 CHILLER AND 2.3 WIDE,26,CHILLER MEDIUM,drd,4.2,2.3,2.3,ROOF,ROOF,7169.485013,7169.42,0.001,PASS,,,
UP_TO_5.5_CHILLER_AND_2.~L4.2~W2.3~H2.3~drd,UP TO 5.5 CHILLER AND 2.3 WIDE,26,CHILLER MEDIUM,drd,4.2,2.3,2.3,FLOOR,FLOOR,12964.302571,12964.3,0.0,PASS,,,
UP_TO_5.5_CHILLER_AND_2.~L4.2~W2.3~H2.3~drd,UP TO 5.5 CHILLER AND 2.3 WIDE,26,CHILLER MEDIUM,drd,4.2,2.3,2.3,ALUMINIUM,ALUMINIUM,6429.821,6429.82,0.0,PASS,,,
UP_TO_5.5_CHILLER_AND_2.~L4.2~W2.3~H2.3~drd,UP TO 5.5 CHILLER AND 2.3 WIDE,26,CHILLER MEDIUM,drd,4.2,2.3,2.3,SUB FRAME + LIGHT BOX ASSY,SUB FRAME + LIGHT BOX ASSY,7474.516432,7474.52,0.0,PASS,,,
UP_TO_5.5_CHILLER_AND_2.~L4.2~W2.3~H2.3~drd,UP TO 5.5 CHILLER AND 2.3 WIDE,26,CHILLER MEDIUM,drd,4.2,2.3,2.3,REAR FRAME + FLOOR PLATE,REAR FRAME & FLOOR PLATE,3129.9508,3129.75,0.006,PASS,,,
UP_TO_5.5_CHILLER_AND_2.~L4.2~W2.3~H2.3~drd,UP TO 5.5 CHILLER AND 2.3 WIDE,26,CHILLER MEDIUM,drd,4.2,2.3,2.3,SPRAY PAINTING,SPRAY PAINTING,750.0,750.0,0.0,PASS,,,
UP_TO_5.5_CHILLER_AND_2.~L4.2~W2.3~H2.3~drd,UP TO 5.5 CHILLER AND 2.3 WIDE,26,CHILLER MEDIUM,drd,4.2,2.3,2.3,REFLEXITE TAPE,REFLEXITE TAPE,192.6,192.6,0.0,PASS,,,
UP_TO_5.5_CHILLER_AND_2.~L4.2~W2.3~H2.3~foam_4g,UP TO 5.5 CHILLER AND 2.3 WIDE,26,CHILLER MEDIUM,foam_4g,4.2,2.3,2.3,FRONT,FRONT,4250.996789,4250.95,0.001,PASS,,,
UP_TO_5.5_CHILLER_AND_2.~L4.2~W2.3~H2.3~foam_4g,UP TO 5.5 CHILLER AND 2.3 WIDE,26,CHILLER MEDIUM,foam_4g,4.2,2.3,2.3,SRD,,0.0,,,SKIP,,,
UP_TO_5.5_CHILLER_AND_2.~L4.2~W2.3~H2.3~foam_4g,UP TO 5.5 CHILLER AND 2.3 WIDE,26,CHILLER MEDIUM,foam_4g,4.2,2.3,2.3,SRD DOOR FITTINGS,,0.0,,,SKIP,,,
UP_TO_5.5_CHILLER_AND_2.~L4.2~W2.3~H2.3~foam_4g,UP TO 5.5 CHILLER AND 2.3 WIDE,26,CHILLER MEDIUM,foam_4g,4.2,2.3,2.3,DRD,DRD,4550.659701,4550.61,0.001,PASS,,,
UP_TO_5.5_CHILLER_AND_2.~L4.2~W2.3~H2.3~foam_4g,UP TO 5.5 CHILLER AND 2.3 WIDE,26,CHILLER MEDIUM,foam_4g,4.2,2.3,2.3,DRD DOOR FITTINGS,DRD DOOR FITTINGS,5450.13694,4777.69,12.338,ACCEPTED,,QTY_DIFF 2317 DOOR RUBBER (-672.45) [ZERO_FORMULA],[MES] PROD CHILLER MEDIUM DRD DOOR FITTINGS: 2317 DOOR RUBBER quantity formula ends in *0 (ZERO_FORMULA): -R672 per double door.
UP_TO_5.5_CHILLER_AND_2.~L4.2~W2.3~H2.3~foam_4g,UP TO 5.5 CHILLER AND 2.3 WIDE,26,CHILLER MEDIUM,foam_4g,4.2,2.3,2.3,SIDES,SIDES,14569.478233,14569.29,0.001,PASS,,,
UP_TO_5.5_CHILLER_AND_2.~L4.2~W2.3~H2.3~foam_4g,UP TO 5.5 CHILLER AND 2.3 WIDE,26,CHILLER MEDIUM,foam_4g,4.2,2.3,2.3,ROOF,ROOF,7169.485013,7169.42,0.001,PASS,,,
UP_TO_5.5_CHILLER_AND_2.~L4.2~W2.3~H2.3~foam_4g,UP TO 5.5 CHILLER AND 2.3 WIDE,26,CHILLER MEDIUM,foam_4g,4.2,2.3,2.3,FLOOR,FLOOR,12964.302571,12964.3,0.0,PASS,,,
UP_TO_5.5_CHILLER_AND_2.~L4.2~W2.3~H2.3~foam_4g,UP TO 5.5 CHILLER AND 2.3 WIDE,26,CHILLER MEDIUM,foam_4g,4.2,2.3,2.3,ALUMINIUM,ALUMINIUM,6429.821,6429.82,0.0,PASS,,,
UP_TO_5.5_CHILLER_AND_2.~L4.2~W2.3~H2.3~foam_4g,UP TO 5.5 CHILLER AND 2.3 WIDE,26,CHILLER MEDIUM,foam_4g,4.2,2.3,2.3,SUB FRAME + LIGHT BOX ASSY,SUB FRAME + LIGHT BOX ASSY,7474.516432,7474.52,0.0,PASS,,,
UP_TO_5.5_CHILLER_AND_2.~L4.2~W2.3~H2.3~foam_4g,UP TO 5.5 CHILLER AND 2.3 WIDE,26,CHILLER MEDIUM,foam_4g,4.2,2.3,2.3,REAR FRAME + FLOOR PLATE,REAR FRAME & FLOOR PLATE,3129.9508,3129.75,0.006,PASS,,,
UP_TO_5.5_CHILLER_AND_2.~L4.2~W2.3~H2.3~foam_4g,UP TO 5.5 CHILLER AND 2.3 WIDE,26,CHILLER MEDIUM,foam_4g,4.2,2.3,2.3,SPRAY PAINTING,SPRAY PAINTING,750.0,750.0,0.0,PASS,,,
UP_TO_5.5_CHILLER_AND_2.~L4.2~W2.3~H2.3~foam_4g,UP TO 5.5 CHILLER AND 2.3 WIDE,26,CHILLER MEDIUM,foam_4g,4.2,2.3,2.3,REFLEXITE TAPE,REFLEXITE TAPE,192.6,192.6,0.0,PASS,,,
UP_TO_5.5_CHILLER_AND_2.~L5.5~W2.3~H2.3~as_sheet,UP TO 5.5 CHILLER AND 2.3 WIDE,26,CHILLER MEDIUM,as_sheet,5.5,2.3,2.3,FRONT,FRONT,4250.996789,4250.95,0.001,PASS,,,
UP_TO_5.5_CHILLER_AND_2.~L5.5~W2.3~H2.3~as_sheet,UP TO 5.5 CHILLER AND 2.3 WIDE,26,CHILLER MEDIUM,as_sheet,5.5,2.3,2.3,SRD,,0.0,,,SKIP,,,
UP_TO_5.5_CHILLER_AND_2.~L5.5~W2.3~H2.3~as_sheet,UP TO 5.5 CHILLER AND 2.3 WIDE,26,CHILLER MEDIUM,as_sheet,5.5,2.3,2.3,SRD DOOR FITTINGS,,0.0,,,SKIP,,,
UP_TO_5.5_CHILLER_AND_2.~L5.5~W2.3~H2.3~as_sheet,UP TO 5.5 CHILLER AND 2.3 WIDE,26,CHILLER MEDIUM,as_sheet,5.5,2.3,2.3,DRD,DRD,4550.659701,4550.61,0.001,PASS,,,
UP_TO_5.5_CHILLER_AND_2.~L5.5~W2.3~H2.3~as_sheet,UP TO 5.5 CHILLER AND 2.3 WIDE,26,CHILLER MEDIUM,as_sheet,5.5,2.3,2.3,DRD DOOR FITTINGS,DRD DOOR FITTINGS,5450.13694,4777.69,12.338,ACCEPTED,,QTY_DIFF 2317 DOOR RUBBER (-672.45) [ZERO_FORMULA],[MES] PROD CHILLER MEDIUM DRD DOOR FITTINGS: 2317 DOOR RUBBER quantity formula ends in *0 (ZERO_FORMULA): -R672 per double door.
UP_TO_5.5_CHILLER_AND_2.~L5.5~W2.3~H2.3~as_sheet,UP TO 5.5 CHILLER AND 2.3 WIDE,26,CHILLER MEDIUM,as_sheet,5.5,2.3,2.3,SIDES,SIDES,18867.348279,18867.1,0.001,PASS,,,
UP_TO_5.5_CHILLER_AND_2.~L5.5~W2.3~H2.3~as_sheet,UP TO 5.5 CHILLER AND 2.3 WIDE,26,CHILLER MEDIUM,as_sheet,5.5,2.3,2.3,ROOF,ROOF,9269.461536,9269.37,0.001,PASS,,,
UP_TO_5.5_CHILLER_AND_2.~L5.5~W2.3~H2.3~as_sheet,UP TO 5.5 CHILLER AND 2.3 WIDE,26,CHILLER MEDIUM,as_sheet,5.5,2.3,2.3,FLOOR,FLOOR,16875.321668,16875.32,0.0,PASS,,,
UP_TO_5.5_CHILLER_AND_2.~L5.5~W2.3~H2.3~as_sheet,UP TO 5.5 CHILLER AND 2.3 WIDE,26,CHILLER MEDIUM,as_sheet,5.5,2.3,2.3,ALUMINIUM,ALUMINIUM,7815.491,7815.49,0.0,PASS,,,
UP_TO_5.5_CHILLER_AND_2.~L5.5~W2.3~H2.3~as_sheet,UP TO 5.5 CHILLER AND 2.3 WIDE,26,CHILLER MEDIUM,as_sheet,5.5,2.3,2.3,SUB FRAME + LIGHT BOX ASSY,SUB FRAME + LIGHT BOX ASSY,8106.316432,8106.32,0.0,PASS,,,
UP_TO_5.5_CHILLER_AND_2.~L5.5~W2.3~H2.3~as_sheet,UP TO 5.5 CHILLER AND 2.3 WIDE,26,CHILLER MEDIUM,as_sheet,5.5,2.3,2.3,REAR FRAME + FLOOR PLATE,REAR FRAME & FLOOR PLATE,3129.9508,3129.75,0.006,PASS,,,
UP_TO_5.5_CHILLER_AND_2.~L5.5~W2.3~H2.3~as_sheet,UP TO 5.5 CHILLER AND 2.3 WIDE,26,CHILLER MEDIUM,as_sheet,5.5,2.3,2.3,SPRAY PAINTING,SPRAY PAINTING,750.0,750.0,0.0,PASS,,,
UP_TO_5.5_CHILLER_AND_2.~L5.5~W2.3~H2.3~as_sheet,UP TO 5.5 CHILLER AND 2.3 WIDE,26,CHILLER MEDIUM,as_sheet,5.5,2.3,2.3,REFLEXITE TAPE,REFLEXITE TAPE,239.4,239.4,0.0,PASS,,,
UP_TO_5.5_CHILLER_AND_2.~L5.5~W2.3~H2.3~all_eps,UP TO 5.5 CHILLER AND 2.3 WIDE,26,CHILLER MEDIUM,all_eps,5.5,2.3,2.3,FRONT,FRONT,4250.996789,4250.95,0.001,PASS,,,
UP_TO_5.5_CHILLER_AND_2.~L5.5~W2.3~H2.3~all_eps,UP TO 5.5 CHILLER AND 2.3 WIDE,26,CHILLER MEDIUM,all_eps,5.5,2.3,2.3,SRD,,0.0,,,SKIP,,,
UP_TO_5.5_CHILLER_AND_2.~L5.5~W2.3~H2.3~all_eps,UP TO 5.5 CHILLER AND 2.3 WIDE,26,CHILLER MEDIUM,all_eps,5.5,2.3,2.3,SRD DOOR FITTINGS,,0.0,,,SKIP,,,
UP_TO_5.5_CHILLER_AND_2.~L5.5~W2.3~H2.3~all_eps,UP TO 5.5 CHILLER AND 2.3 WIDE,26,CHILLER MEDIUM,all_eps,5.5,2.3,2.3,DRD,DRD,4550.659701,4550.61,0.001,PASS,,,
UP_TO_5.5_CHILLER_AND_2.~L5.5~W2.3~H2.3~all_eps,UP TO 5.5 CHILLER AND 2.3 WIDE,26,CHILLER MEDIUM,all_eps,5.5,2.3,2.3,DRD DOOR FITTINGS,DRD DOOR FITTINGS,5450.13694,4777.69,12.338,ACCEPTED,,QTY_DIFF 2317 DOOR RUBBER (-672.45) [ZERO_FORMULA],[MES] PROD CHILLER MEDIUM DRD DOOR FITTINGS: 2317 DOOR RUBBER quantity formula ends in *0 (ZERO_FORMULA): -R672 per double door.
UP_TO_5.5_CHILLER_AND_2.~L5.5~W2.3~H2.3~all_eps,UP TO 5.5 CHILLER AND 2.3 WIDE,26,CHILLER MEDIUM,all_eps,5.5,2.3,2.3,SIDES,SIDES,18867.348279,18867.1,0.001,PASS,,,
UP_TO_5.5_CHILLER_AND_2.~L5.5~W2.3~H2.3~all_eps,UP TO 5.5 CHILLER AND 2.3 WIDE,26,CHILLER MEDIUM,all_eps,5.5,2.3,2.3,ROOF,ROOF,9269.461536,9269.37,0.001,PASS,,,
UP_TO_5.5_CHILLER_AND_2.~L5.5~W2.3~H2.3~all_eps,UP TO 5.5 CHILLER AND 2.3 WIDE,26,CHILLER MEDIUM,all_eps,5.5,2.3,2.3,FLOOR,FLOOR,16875.321668,16875.32,0.0,PASS,,,
UP_TO_5.5_CHILLER_AND_2.~L5.5~W2.3~H2.3~all_eps,UP TO 5.5 CHILLER AND 2.3 WIDE,26,CHILLER MEDIUM,all_eps,5.5,2.3,2.3,ALUMINIUM,ALUMINIUM,7815.491,7815.49,0.0,PASS,,,
UP_TO_5.5_CHILLER_AND_2.~L5.5~W2.3~H2.3~all_eps,UP TO 5.5 CHILLER AND 2.3 WIDE,26,CHILLER MEDIUM,all_eps,5.5,2.3,2.3,SUB FRAME + LIGHT BOX ASSY,SUB FRAME + LIGHT BOX ASSY,8106.316432,8106.32,0.0,PASS,,,
UP_TO_5.5_CHILLER_AND_2.~L5.5~W2.3~H2.3~all_eps,UP TO 5.5 CHILLER AND 2.3 WIDE,26,CHILLER MEDIUM,all_eps,5.5,2.3,2.3,REAR FRAME + FLOOR PLATE,REAR FRAME & FLOOR PLATE,3129.9508,3129.75,0.006,PASS,,,
UP_TO_5.5_CHILLER_AND_2.~L5.5~W2.3~H2.3~all_eps,UP TO 5.5 CHILLER AND 2.3 WIDE,26,CHILLER MEDIUM,all_eps,5.5,2.3,2.3,SPRAY PAINTING,SPRAY PAINTING,750.0,750.0,0.0,PASS,,,
UP_TO_5.5_CHILLER_AND_2.~L5.5~W2.3~H2.3~all_eps,UP TO 5.5 CHILLER AND 2.3 WIDE,26,CHILLER MEDIUM,all_eps,5.5,2.3,2.3,REFLEXITE TAPE,REFLEXITE TAPE,239.4,239.4,0.0,PASS,,,
UP_TO_5.5_CHILLER_AND_2.~L5.5~W2.3~H2.3~all_pu,UP TO 5.5 CHILLER AND 2.3 WIDE,26,CHILLER MEDIUM,all_pu,5.5,2.3,2.3,FRONT,FRONT,4852.924509,5703.99,17.537,ACCEPTED,,BOTH PU (+888.87),[RULING] PROD prices chiller PU at R334.50/sheet (the September 32D rate) where Burt's chiller sheets hard-code a 2018 rate (3090 -> R185.20/sheet): MES +R890 (front) to +R4k (sides) per PU panel. Prod is likely the current one; Burt's sheets need the [1]PU! link.
UP_TO_5.5_CHILLER_AND_2.~L5.5~W2.3~H2.3~all_pu,UP TO 5.5 CHILLER AND 2.3 WIDE,26,CHILLER MEDIUM,all_pu,5.5,2.3,2.3,SRD,,0.0,,,SKIP,,,
UP_TO_5.5_CHILLER_AND_2.~L5.5~W2.3~H2.3~all_pu,UP TO 5.5 CHILLER AND 2.3 WIDE,26,CHILLER MEDIUM,all_pu,5.5,2.3,2.3,SRD DOOR FITTINGS,,0.0,,,SKIP,,,
UP_TO_5.5_CHILLER_AND_2.~L5.5~W2.3~H2.3~all_pu,UP TO 5.5 CHILLER AND 2.3 WIDE,26,CHILLER MEDIUM,all_pu,5.5,2.3,2.3,DRD,DRD,5113.158748,5113.1,0.001,PASS,,,
UP_TO_5.5_CHILLER_AND_2.~L5.5~W2.3~H2.3~all_pu,UP TO 5.5 CHILLER AND 2.3 WIDE,26,CHILLER MEDIUM,all_pu,5.5,2.3,2.3,DRD DOOR FITTINGS,DRD DOOR FITTINGS,5513.52626,4827.35,12.445,ACCEPTED,,QTY_DIFF 2317 DOOR RUBBER (-686.17) [ZERO_FORMULA],[MES] PROD CHILLER MEDIUM DRD DOOR FITTINGS: 2317 DOOR RUBBER quantity formula ends in *0 (ZERO_FORMULA): -R672 per double door.
UP_TO_5.5_CHILLER_AND_2.~L5.5~W2.3~H2.3~all_pu,UP TO 5.5 CHILLER AND 2.3 WIDE,26,CHILLER MEDIUM,all_pu,5.5,2.3,2.3,SIDES,SIDES,21276.649387,25621.99,20.423,ACCEPTED,,BOTH PU (+4345.60),[RULING] PROD prices chiller PU at R334.50/sheet (the September 32D rate) where Burt's chiller sheets hard-code a 2018 rate (3090 -> R185.20/sheet): MES +R890 (front) to +R4k (sides) per PU panel. Prod is likely the current one; Burt's sheets need the [1]PU! link.
UP_TO_5.5_CHILLER_AND_2.~L5.5~W2.3~H2.3~all_pu,UP TO 5.5 CHILLER AND 2.3 WIDE,26,CHILLER MEDIUM,all_pu,5.5,2.3,2.3,ROOF,ROOF,10404.316032,14777.1,42.029,ACCEPTED,,BOTH PU (+4372.87),[RULING] PROD prices chiller PU at R334.50/sheet (the September 32D rate) where Burt's chiller sheets hard-code a 2018 rate (3090 -> R185.20/sheet): MES +R890 (front) to +R4k (sides) per PU panel. Prod is likely the current one; Burt's sheets need the [1]PU! link.
UP_TO_5.5_CHILLER_AND_2.~L5.5~W2.3~H2.3~all_pu,UP TO 5.5 CHILLER AND 2.3 WIDE,26,CHILLER MEDIUM,all_pu,5.5,2.3,2.3,FLOOR,FLOOR,18010.176165,22383.05,24.28,ACCEPTED,,BOTH PU (+4372.87),[RULING] PROD prices chiller PU at R334.50/sheet (the September 32D rate) where Burt's chiller sheets hard-code a 2018 rate (3090 -> R185.20/sheet): MES +R890 (front) to +R4k (sides) per PU panel. Prod is likely the current one; Burt's sheets need the [1]PU! link.
UP_TO_5.5_CHILLER_AND_2.~L5.5~W2.3~H2.3~all_pu,UP TO 5.5 CHILLER AND 2.3 WIDE,26,CHILLER MEDIUM,all_pu,5.5,2.3,2.3,ALUMINIUM,ALUMINIUM,7815.491,7815.49,0.0,PASS,,,
UP_TO_5.5_CHILLER_AND_2.~L5.5~W2.3~H2.3~all_pu,UP TO 5.5 CHILLER AND 2.3 WIDE,26,CHILLER MEDIUM,all_pu,5.5,2.3,2.3,SUB FRAME + LIGHT BOX ASSY,SUB FRAME + LIGHT BOX ASSY,8106.316432,8106.32,0.0,PASS,,,
UP_TO_5.5_CHILLER_AND_2.~L5.5~W2.3~H2.3~all_pu,UP TO 5.5 CHILLER AND 2.3 WIDE,26,CHILLER MEDIUM,all_pu,5.5,2.3,2.3,REAR FRAME + FLOOR PLATE,REAR FRAME & FLOOR PLATE,3129.9508,3129.75,0.006,PASS,,,
UP_TO_5.5_CHILLER_AND_2.~L5.5~W2.3~H2.3~all_pu,UP TO 5.5 CHILLER AND 2.3 WIDE,26,CHILLER MEDIUM,all_pu,5.5,2.3,2.3,SPRAY PAINTING,SPRAY PAINTING,750.0,750.0,0.0,PASS,,,
UP_TO_5.5_CHILLER_AND_2.~L5.5~W2.3~H2.3~all_pu,UP TO 5.5 CHILLER AND 2.3 WIDE,26,CHILLER MEDIUM,all_pu,5.5,2.3,2.3,REFLEXITE TAPE,REFLEXITE TAPE,239.4,239.4,0.0,PASS,,,
UP_TO_5.5_CHILLER_AND_2.~L5.5~W2.3~H2.3~srd,UP TO 5.5 CHILLER AND 2.3 WIDE,26,CHILLER MEDIUM,srd,5.5,2.3,2.3,FRONT,FRONT,4250.996789,4250.95,0.001,PASS,,,
UP_TO_5.5_CHILLER_AND_2.~L5.5~W2.3~H2.3~srd,UP TO 5.5 CHILLER AND 2.3 WIDE,26,CHILLER MEDIUM,srd,5.5,2.3,2.3,SRD,SRD,3510.663632,4349.92,23.906,ACCEPTED,,GROUP_DIFF 130*62MM TAPPING BLOCKS ~ 2 MES line(s) (+468.00),[DATA] 130*62MM TAPPING BLOCKS: on prod the icecream and EXPLOSIVE 4.9 AND UP bodies price them differently from Burt (missing or one size only); the chillers/freezers match.
UP_TO_5.5_CHILLER_AND_2.~L5.5~W2.3~H2.3~srd,UP TO 5.5 CHILLER AND 2.3 WIDE,26,CHILLER MEDIUM,srd,5.5,2.3,2.3,SRD DOOR FITTINGS,SRD DOOR FITTINGS,6166.05802,7053.99,14.4,ACCEPTED,,PRICE_DIFF SILPLUS X WHITE SILICONE (+534.29),"[DATA] SRD DOOR FITTINGS on every body: MES CSLB HINGES R293.46 x2 (Excel R146.73 x2 - the pair price applied per hinge) and SILPLUS X WHITE R232.30 (Excel R116.15); per body also 34MM LOCKING POLE, 28782 BIG HORIZ CAPPING, ALU CORNERS, 28780/28778 BIG VERTICAL."
UP_TO_5.5_CHILLER_AND_2.~L5.5~W2.3~H2.3~srd,UP TO 5.5 CHILLER AND 2.3 WIDE,26,CHILLER MEDIUM,srd,5.5,2.3,2.3,DRD,,0.0,,,SKIP,,,
UP_TO_5.5_CHILLER_AND_2.~L5.5~W2.3~H2.3~srd,UP TO 5.5 CHILLER AND 2.3 WIDE,26,CHILLER MEDIUM,srd,5.5,2.3,2.3,DRD DOOR FITTINGS,,0.0,,,SKIP,,,
UP_TO_5.5_CHILLER_AND_2.~L5.5~W2.3~H2.3~srd,UP TO 5.5 CHILLER AND 2.3 WIDE,26,CHILLER MEDIUM,srd,5.5,2.3,2.3,SIDES,SIDES,18867.348279,18867.1,0.001,PASS,,,
UP_TO_5.5_CHILLER_AND_2.~L5.5~W2.3~H2.3~srd,UP TO 5.5 CHILLER AND 2.3 WIDE,26,CHILLER MEDIUM,srd,5.5,2.3,2.3,ROOF,ROOF,9269.461536,9269.37,0.001,PASS,,,
UP_TO_5.5_CHILLER_AND_2.~L5.5~W2.3~H2.3~srd,UP TO 5.5 CHILLER AND 2.3 WIDE,26,CHILLER MEDIUM,srd,5.5,2.3,2.3,FLOOR,FLOOR,16875.321668,16875.32,0.0,PASS,,,
UP_TO_5.5_CHILLER_AND_2.~L5.5~W2.3~H2.3~srd,UP TO 5.5 CHILLER AND 2.3 WIDE,26,CHILLER MEDIUM,srd,5.5,2.3,2.3,ALUMINIUM,ALUMINIUM,7815.491,7815.49,0.0,PASS,,,
UP_TO_5.5_CHILLER_AND_2.~L5.5~W2.3~H2.3~srd,UP TO 5.5 CHILLER AND 2.3 WIDE,26,CHILLER MEDIUM,srd,5.5,2.3,2.3,SUB FRAME + LIGHT BOX ASSY,SUB FRAME + LIGHT BOX ASSY,8106.316432,8106.32,0.0,PASS,,,
UP_TO_5.5_CHILLER_AND_2.~L5.5~W2.3~H2.3~srd,UP TO 5.5 CHILLER AND 2.3 WIDE,26,CHILLER MEDIUM,srd,5.5,2.3,2.3,REAR FRAME + FLOOR PLATE,REAR FRAME & FLOOR PLATE,0.0,3129.75,,ACCEPTED,EXTRA_IN_MES,EXTRA_IN_MES 2.5MM 3CR12 REAR FRAME (+738.36),"[RULING] Burt gates REAR FRAME + FLOOR PLATE on the DRD flags, so a single-rear-door body carries R0 there; MES always includes the section (R2.4k-R5.5k). Which is right needs Burt/Michael."
UP_TO_5.5_CHILLER_AND_2.~L5.5~W2.3~H2.3~srd,UP TO 5.5 CHILLER AND 2.3 WIDE,26,CHILLER MEDIUM,srd,5.5,2.3,2.3,SPRAY PAINTING,SPRAY PAINTING,750.0,750.0,0.0,PASS,,,
UP_TO_5.5_CHILLER_AND_2.~L5.5~W2.3~H2.3~srd,UP TO 5.5 CHILLER AND 2.3 WIDE,26,CHILLER MEDIUM,srd,5.5,2.3,2.3,REFLEXITE TAPE,REFLEXITE TAPE,239.4,239.4,0.0,PASS,,,
UP_TO_5.5_CHILLER_AND_2.~L5.5~W2.3~H2.3~drd,UP TO 5.5 CHILLER AND 2.3 WIDE,26,CHILLER MEDIUM,drd,5.5,2.3,2.3,FRONT,FRONT,4250.996789,4250.95,0.001,PASS,,,
UP_TO_5.5_CHILLER_AND_2.~L5.5~W2.3~H2.3~drd,UP TO 5.5 CHILLER AND 2.3 WIDE,26,CHILLER MEDIUM,drd,5.5,2.3,2.3,SRD,,0.0,,,SKIP,,,
UP_TO_5.5_CHILLER_AND_2.~L5.5~W2.3~H2.3~drd,UP TO 5.5 CHILLER AND 2.3 WIDE,26,CHILLER MEDIUM,drd,5.5,2.3,2.3,SRD DOOR FITTINGS,,0.0,,,SKIP,,,
UP_TO_5.5_CHILLER_AND_2.~L5.5~W2.3~H2.3~drd,UP TO 5.5 CHILLER AND 2.3 WIDE,26,CHILLER MEDIUM,drd,5.5,2.3,2.3,DRD,DRD,4550.659701,4550.61,0.001,PASS,,,
UP_TO_5.5_CHILLER_AND_2.~L5.5~W2.3~H2.3~drd,UP TO 5.5 CHILLER AND 2.3 WIDE,26,CHILLER MEDIUM,drd,5.5,2.3,2.3,DRD DOOR FITTINGS,DRD DOOR FITTINGS,5450.13694,4777.69,12.338,ACCEPTED,,QTY_DIFF 2317 DOOR RUBBER (-672.45) [ZERO_FORMULA],[MES] PROD CHILLER MEDIUM DRD DOOR FITTINGS: 2317 DOOR RUBBER quantity formula ends in *0 (ZERO_FORMULA): -R672 per double door.
UP_TO_5.5_CHILLER_AND_2.~L5.5~W2.3~H2.3~drd,UP TO 5.5 CHILLER AND 2.3 WIDE,26,CHILLER MEDIUM,drd,5.5,2.3,2.3,SIDES,SIDES,18867.348279,18867.1,0.001,PASS,,,
UP_TO_5.5_CHILLER_AND_2.~L5.5~W2.3~H2.3~drd,UP TO 5.5 CHILLER AND 2.3 WIDE,26,CHILLER MEDIUM,drd,5.5,2.3,2.3,ROOF,ROOF,9269.461536,9269.37,0.001,PASS,,,
UP_TO_5.5_CHILLER_AND_2.~L5.5~W2.3~H2.3~drd,UP TO 5.5 CHILLER AND 2.3 WIDE,26,CHILLER MEDIUM,drd,5.5,2.3,2.3,FLOOR,FLOOR,16875.321668,16875.32,0.0,PASS,,,
UP_TO_5.5_CHILLER_AND_2.~L5.5~W2.3~H2.3~drd,UP TO 5.5 CHILLER AND 2.3 WIDE,26,CHILLER MEDIUM,drd,5.5,2.3,2.3,ALUMINIUM,ALUMINIUM,7815.491,7815.49,0.0,PASS,,,
UP_TO_5.5_CHILLER_AND_2.~L5.5~W2.3~H2.3~drd,UP TO 5.5 CHILLER AND 2.3 WIDE,26,CHILLER MEDIUM,drd,5.5,2.3,2.3,SUB FRAME + LIGHT BOX ASSY,SUB FRAME + LIGHT BOX ASSY,8106.316432,8106.32,0.0,PASS,,,
UP_TO_5.5_CHILLER_AND_2.~L5.5~W2.3~H2.3~drd,UP TO 5.5 CHILLER AND 2.3 WIDE,26,CHILLER MEDIUM,drd,5.5,2.3,2.3,REAR FRAME + FLOOR PLATE,REAR FRAME & FLOOR PLATE,3129.9508,3129.75,0.006,PASS,,,
UP_TO_5.5_CHILLER_AND_2.~L5.5~W2.3~H2.3~drd,UP TO 5.5 CHILLER AND 2.3 WIDE,26,CHILLER MEDIUM,drd,5.5,2.3,2.3,SPRAY PAINTING,SPRAY PAINTING,750.0,750.0,0.0,PASS,,,
UP_TO_5.5_CHILLER_AND_2.~L5.5~W2.3~H2.3~drd,UP TO 5.5 CHILLER AND 2.3 WIDE,26,CHILLER MEDIUM,drd,5.5,2.3,2.3,REFLEXITE TAPE,REFLEXITE TAPE,239.4,239.4,0.0,PASS,,,
UP_TO_5.5_CHILLER_AND_2.~L5.5~W2.3~H2.3~foam_4g,UP TO 5.5 CHILLER AND 2.3 WIDE,26,CHILLER MEDIUM,foam_4g,5.5,2.3,2.3,FRONT,FRONT,4250.996789,4250.95,0.001,PASS,,,
UP_TO_5.5_CHILLER_AND_2.~L5.5~W2.3~H2.3~foam_4g,UP TO 5.5 CHILLER AND 2.3 WIDE,26,CHILLER MEDIUM,foam_4g,5.5,2.3,2.3,SRD,,0.0,,,SKIP,,,
UP_TO_5.5_CHILLER_AND_2.~L5.5~W2.3~H2.3~foam_4g,UP TO 5.5 CHILLER AND 2.3 WIDE,26,CHILLER MEDIUM,foam_4g,5.5,2.3,2.3,SRD DOOR FITTINGS,,0.0,,,SKIP,,,
UP_TO_5.5_CHILLER_AND_2.~L5.5~W2.3~H2.3~foam_4g,UP TO 5.5 CHILLER AND 2.3 WIDE,26,CHILLER MEDIUM,foam_4g,5.5,2.3,2.3,DRD,DRD,4550.659701,4550.61,0.001,PASS,,,
UP_TO_5.5_CHILLER_AND_2.~L5.5~W2.3~H2.3~foam_4g,UP TO 5.5 CHILLER AND 2.3 WIDE,26,CHILLER MEDIUM,foam_4g,5.5,2.3,2.3,DRD DOOR FITTINGS,DRD DOOR FITTINGS,5450.13694,4777.69,12.338,ACCEPTED,,QTY_DIFF 2317 DOOR RUBBER (-672.45) [ZERO_FORMULA],[MES] PROD CHILLER MEDIUM DRD DOOR FITTINGS: 2317 DOOR RUBBER quantity formula ends in *0 (ZERO_FORMULA): -R672 per double door.
UP_TO_5.5_CHILLER_AND_2.~L5.5~W2.3~H2.3~foam_4g,UP TO 5.5 CHILLER AND 2.3 WIDE,26,CHILLER MEDIUM,foam_4g,5.5,2.3,2.3,SIDES,SIDES,18867.348279,18867.1,0.001,PASS,,,
UP_TO_5.5_CHILLER_AND_2.~L5.5~W2.3~H2.3~foam_4g,UP TO 5.5 CHILLER AND 2.3 WIDE,26,CHILLER MEDIUM,foam_4g,5.5,2.3,2.3,ROOF,ROOF,9269.461536,9269.37,0.001,PASS,,,
UP_TO_5.5_CHILLER_AND_2.~L5.5~W2.3~H2.3~foam_4g,UP TO 5.5 CHILLER AND 2.3 WIDE,26,CHILLER MEDIUM,foam_4g,5.5,2.3,2.3,FLOOR,FLOOR,16875.321668,16875.32,0.0,PASS,,,
UP_TO_5.5_CHILLER_AND_2.~L5.5~W2.3~H2.3~foam_4g,UP TO 5.5 CHILLER AND 2.3 WIDE,26,CHILLER MEDIUM,foam_4g,5.5,2.3,2.3,ALUMINIUM,ALUMINIUM,7815.491,7815.49,0.0,PASS,,,
UP_TO_5.5_CHILLER_AND_2.~L5.5~W2.3~H2.3~foam_4g,UP TO 5.5 CHILLER AND 2.3 WIDE,26,CHILLER MEDIUM,foam_4g,5.5,2.3,2.3,SUB FRAME + LIGHT BOX ASSY,SUB FRAME + LIGHT BOX ASSY,8106.316432,8106.32,0.0,PASS,,,
UP_TO_5.5_CHILLER_AND_2.~L5.5~W2.3~H2.3~foam_4g,UP TO 5.5 CHILLER AND 2.3 WIDE,26,CHILLER MEDIUM,foam_4g,5.5,2.3,2.3,REAR FRAME + FLOOR PLATE,REAR FRAME & FLOOR PLATE,3129.9508,3129.75,0.006,PASS,,,
UP_TO_5.5_CHILLER_AND_2.~L5.5~W2.3~H2.3~foam_4g,UP TO 5.5 CHILLER AND 2.3 WIDE,26,CHILLER MEDIUM,foam_4g,5.5,2.3,2.3,SPRAY PAINTING,SPRAY PAINTING,750.0,750.0,0.0,PASS,,,
UP_TO_5.5_CHILLER_AND_2.~L5.5~W2.3~H2.3~foam_4g,UP TO 5.5 CHILLER AND 2.3 WIDE,26,CHILLER MEDIUM,foam_4g,5.5,2.3,2.3,REFLEXITE TAPE,REFLEXITE TAPE,239.4,239.4,0.0,PASS,,,
4.9_+_UP_CHILLER_AND_2.5~L4.9~W2.5~H2.56~as_sheet, 4.9 & UP CHILLER AND 2.5 WIDE ,27,CHILLER LARGE,as_sheet,4.9,2.5,2.56,FRONT,FRONT,4566.529064,4566.47,0.001,PASS,,,
4.9_+_UP_CHILLER_AND_2.5~L4.9~W2.5~H2.56~as_sheet, 4.9 & UP CHILLER AND 2.5 WIDE ,27,CHILLER LARGE,as_sheet,4.9,2.5,2.56,SRD,,0.0,,,SKIP,,,
4.9_+_UP_CHILLER_AND_2.5~L4.9~W2.5~H2.56~as_sheet, 4.9 & UP CHILLER AND 2.5 WIDE ,27,CHILLER LARGE,as_sheet,4.9,2.5,2.56,SRD DOOR FITTINGS,,0.0,,,SKIP,,,
4.9_+_UP_CHILLER_AND_2.5~L4.9~W2.5~H2.56~as_sheet, 4.9 & UP CHILLER AND 2.5 WIDE ,27,CHILLER LARGE,as_sheet,4.9,2.5,2.56,DRD,DRD,5715.188449,5715.13,0.001,PASS,,,
4.9_+_UP_CHILLER_AND_2.5~L4.9~W2.5~H2.56~as_sheet, 4.9 & UP CHILLER AND 2.5 WIDE ,27,CHILLER LARGE,as_sheet,4.9,2.5,2.56,DRD DOOR FITTINGS,DRD DOOR FITTINGS,6200.61678,6200.62,0.0,PASS,,,
4.9_+_UP_CHILLER_AND_2.5~L4.9~W2.5~H2.56~as_sheet, 4.9 & UP CHILLER AND 2.5 WIDE ,27,CHILLER LARGE,as_sheet,4.9,2.5,2.56,SIDES,SIDES,18422.550199,18422.31,0.001,PASS,,,
4.9_+_UP_CHILLER_AND_2.5~L4.9~W2.5~H2.56~as_sheet, 4.9 & UP CHILLER AND 2.5 WIDE ,27,CHILLER LARGE,as_sheet,4.9,2.5,2.56,ROOF,ROOF,9514.041397,9513.96,0.001,PASS,,,
4.9_+_UP_CHILLER_AND_2.5~L4.9~W2.5~H2.56~as_sheet, 4.9 & UP CHILLER AND 2.5 WIDE ,27,CHILLER LARGE,as_sheet,4.9,2.5,2.56,FLOOR,FLOOR,16210.992888,16210.99,0.0,PASS,,,
4.9_+_UP_CHILLER_AND_2.5~L4.9~W2.5~H2.56~as_sheet, 4.9 & UP CHILLER AND 2.5 WIDE ,27,CHILLER LARGE,as_sheet,4.9,2.5,2.56,ALUMINIUM,ALUMINIUM,10285.7931,10285.79,0.0,PASS,,,
4.9_+_UP_CHILLER_AND_2.5~L4.9~W2.5~H2.56~as_sheet, 4.9 & UP CHILLER AND 2.5 WIDE ,27,CHILLER LARGE,as_sheet,4.9,2.5,2.56,SUB FRAME + LIGHT BOX ASSY,SUB FRAME + LIGHT BOX ASSY,7999.623068,7999.63,0.0,PASS,,,
4.9_+_UP_CHILLER_AND_2.5~L4.9~W2.5~H2.56~as_sheet, 4.9 & UP CHILLER AND 2.5 WIDE ,27,CHILLER LARGE,as_sheet,4.9,2.5,2.56,REAR FRAME + FLOOR PLATE,REAR FRAME & FLOOR PLATE,5472.944561,5472.97,0.0,PASS,,,
4.9_+_UP_CHILLER_AND_2.5~L4.9~W2.5~H2.56~as_sheet, 4.9 & UP CHILLER AND 2.5 WIDE ,27,CHILLER LARGE,as_sheet,4.9,2.5,2.56,SPRAY PAINTING,SPRAY PAINTING,750.0,750.0,0.0,PASS,,,
4.9_+_UP_CHILLER_AND_2.5~L4.9~W2.5~H2.56~as_sheet, 4.9 & UP CHILLER AND 2.5 WIDE ,27,CHILLER LARGE,as_sheet,4.9,2.5,2.56,REFLEXITE TAPE,REFLEXITE TAPE,224.1,224.1,0.0,PASS,,,
4.9_+_UP_CHILLER_AND_2.5~L4.9~W2.5~H2.56~all_eps, 4.9 & UP CHILLER AND 2.5 WIDE ,27,CHILLER LARGE,all_eps,4.9,2.5,2.56,FRONT,FRONT,4566.529064,4566.47,0.001,PASS,,,
4.9_+_UP_CHILLER_AND_2.5~L4.9~W2.5~H2.56~all_eps, 4.9 & UP CHILLER AND 2.5 WIDE ,27,CHILLER LARGE,all_eps,4.9,2.5,2.56,SRD,,0.0,,,SKIP,,,
4.9_+_UP_CHILLER_AND_2.5~L4.9~W2.5~H2.56~all_eps, 4.9 & UP CHILLER AND 2.5 WIDE ,27,CHILLER LARGE,all_eps,4.9,2.5,2.56,SRD DOOR FITTINGS,,0.0,,,SKIP,,,
4.9_+_UP_CHILLER_AND_2.5~L4.9~W2.5~H2.56~all_eps, 4.9 & UP CHILLER AND 2.5 WIDE ,27,CHILLER LARGE,all_eps,4.9,2.5,2.56,DRD,DRD,5715.188449,5715.13,0.001,PASS,,,
4.9_+_UP_CHILLER_AND_2.5~L4.9~W2.5~H2.56~all_eps, 4.9 & UP CHILLER AND 2.5 WIDE ,27,CHILLER LARGE,all_eps,4.9,2.5,2.56,DRD DOOR FITTINGS,DRD DOOR FITTINGS,6200.61678,6200.62,0.0,PASS,,,
4.9_+_UP_CHILLER_AND_2.5~L4.9~W2.5~H2.56~all_eps, 4.9 & UP CHILLER AND 2.5 WIDE ,27,CHILLER LARGE,all_eps,4.9,2.5,2.56,SIDES,SIDES,18422.550199,18422.31,0.001,PASS,,,
4.9_+_UP_CHILLER_AND_2.5~L4.9~W2.5~H2.56~all_eps, 4.9 & UP CHILLER AND 2.5 WIDE ,27,CHILLER LARGE,all_eps,4.9,2.5,2.56,ROOF,ROOF,9514.041397,9513.96,0.001,PASS,,,
4.9_+_UP_CHILLER_AND_2.5~L4.9~W2.5~H2.56~all_eps, 4.9 & UP CHILLER AND 2.5 WIDE ,27,CHILLER LARGE,all_eps,4.9,2.5,2.56,FLOOR,FLOOR,16210.992888,16210.99,0.0,PASS,,,
4.9_+_UP_CHILLER_AND_2.5~L4.9~W2.5~H2.56~all_eps, 4.9 & UP CHILLER AND 2.5 WIDE ,27,CHILLER LARGE,all_eps,4.9,2.5,2.56,ALUMINIUM,ALUMINIUM,10285.7931,10285.79,0.0,PASS,,,
4.9_+_UP_CHILLER_AND_2.5~L4.9~W2.5~H2.56~all_eps, 4.9 & UP CHILLER AND 2.5 WIDE ,27,CHILLER LARGE,all_eps,4.9,2.5,2.56,SUB FRAME + LIGHT BOX ASSY,SUB FRAME + LIGHT BOX ASSY,7999.623068,7999.63,0.0,PASS,,,
4.9_+_UP_CHILLER_AND_2.5~L4.9~W2.5~H2.56~all_eps, 4.9 & UP CHILLER AND 2.5 WIDE ,27,CHILLER LARGE,all_eps,4.9,2.5,2.56,REAR FRAME + FLOOR PLATE,REAR FRAME & FLOOR PLATE,5472.944561,5472.97,0.0,PASS,,,
4.9_+_UP_CHILLER_AND_2.5~L4.9~W2.5~H2.56~all_eps, 4.9 & UP CHILLER AND 2.5 WIDE ,27,CHILLER LARGE,all_eps,4.9,2.5,2.56,SPRAY PAINTING,SPRAY PAINTING,750.0,750.0,0.0,PASS,,,
4.9_+_UP_CHILLER_AND_2.5~L4.9~W2.5~H2.56~all_eps, 4.9 & UP CHILLER AND 2.5 WIDE ,27,CHILLER LARGE,all_eps,4.9,2.5,2.56,REFLEXITE TAPE,REFLEXITE TAPE,224.1,224.1,0.0,PASS,,,
4.9_+_UP_CHILLER_AND_2.5~L4.9~W2.5~H2.56~all_pu, 4.9 & UP CHILLER AND 2.5 WIDE ,27,CHILLER LARGE,all_pu,4.9,2.5,2.56,FRONT,FRONT,5108.324552,5997.13,17.399,ACCEPTED,,BOTH PU (+888.87),[RULING] PROD prices chiller PU at R334.50/sheet (the September 32D rate) where Burt's chiller sheets hard-code a 2018 rate (3090 -> R185.20/sheet): MES +R890 (front) to +R4k (sides) per PU panel. Prod is likely the current one; Burt's sheets need the [1]PU! link.
4.9_+_UP_CHILLER_AND_2.5~L4.9~W2.5~H2.56~all_pu, 4.9 & UP CHILLER AND 2.5 WIDE ,27,CHILLER LARGE,all_pu,4.9,2.5,2.56,SRD,,0.0,,,SKIP,,,
4.9_+_UP_CHILLER_AND_2.5~L4.9~W2.5~H2.56~all_pu, 4.9 & UP CHILLER AND 2.5 WIDE ,27,CHILLER LARGE,all_pu,4.9,2.5,2.56,SRD DOOR FITTINGS,,0.0,,,SKIP,,,
4.9_+_UP_CHILLER_AND_2.5~L4.9~W2.5~H2.56~all_pu, 4.9 & UP CHILLER AND 2.5 WIDE ,27,CHILLER LARGE,all_pu,4.9,2.5,2.56,DRD,DRD,5763.910795,7583.68,31.572,ACCEPTED,,BOTH PU (+1819.83),[RULING] PROD prices chiller PU at R334.50/sheet (the September 32D rate) where Burt's chiller sheets hard-code a 2018 rate (3090 -> R185.20/sheet): MES +R890 (front) to +R4k (sides) per PU panel. Prod is likely the current one; Burt's sheets need the [1]PU! link.
4.9_+_UP_CHILLER_AND_2.5~L4.9~W2.5~H2.56~all_pu, 4.9 & UP CHILLER AND 2.5 WIDE ,27,CHILLER LARGE,all_pu,4.9,2.5,2.56,DRD DOOR FITTINGS,DRD DOOR FITTINGS,6304.22746,6287.66,0.263,PASS,,,
4.9_+_UP_CHILLER_AND_2.5~L4.9~W2.5~H2.56~all_pu, 4.9 & UP CHILLER AND 2.5 WIDE ,27,CHILLER LARGE,all_pu,4.9,2.5,2.56,SIDES,SIDES,20592.275757,24467.83,18.82,ACCEPTED,,BOTH PU (+3875.81),[RULING] PROD prices chiller PU at R334.50/sheet (the September 32D rate) where Burt's chiller sheets hard-code a 2018 rate (3090 -> R185.20/sheet): MES +R890 (front) to +R4k (sides) per PU panel. Prod is likely the current one; Burt's sheets need the [1]PU! link.
4.9_+_UP_CHILLER_AND_2.5~L4.9~W2.5~H2.56~all_pu, 4.9 & UP CHILLER AND 2.5 WIDE ,27,CHILLER LARGE,all_pu,4.9,2.5,2.56,ROOF,ROOF,9747.158121,10641.84,9.179,ACCEPTED,,BOTH PU (+894.77),[RULING] PROD prices chiller PU at R334.50/sheet (the September 32D rate) where Burt's chiller sheets hard-code a 2018 rate (3090 -> R185.20/sheet): MES +R890 (front) to +R4k (sides) per PU panel. Prod is likely the current one; Burt's sheets need the [1]PU! link.
4.9_+_UP_CHILLER_AND_2.5~L4.9~W2.5~H2.56~all_pu, 4.9 & UP CHILLER AND 2.5 WIDE ,27,CHILLER LARGE,all_pu,4.9,2.5,2.56,FLOOR,FLOOR,16444.109612,17338.87,5.441,ACCEPTED,,BOTH PU (+894.77),[RULING] PROD prices chiller PU at R334.50/sheet (the September 32D rate) where Burt's chiller sheets hard-code a 2018 rate (3090 -> R185.20/sheet): MES +R890 (front) to +R4k (sides) per PU panel. Prod is likely the current one; Burt's sheets need the [1]PU! link.
4.9_+_UP_CHILLER_AND_2.5~L4.9~W2.5~H2.56~all_pu, 4.9 & UP CHILLER AND 2.5 WIDE ,27,CHILLER LARGE,all_pu,4.9,2.5,2.56,ALUMINIUM,ALUMINIUM,10285.7931,10285.79,0.0,PASS,,,
4.9_+_UP_CHILLER_AND_2.5~L4.9~W2.5~H2.56~all_pu, 4.9 & UP CHILLER AND 2.5 WIDE ,27,CHILLER LARGE,all_pu,4.9,2.5,2.56,SUB FRAME + LIGHT BOX ASSY,SUB FRAME + LIGHT BOX ASSY,7999.623068,7999.63,0.0,PASS,,,
4.9_+_UP_CHILLER_AND_2.5~L4.9~W2.5~H2.56~all_pu, 4.9 & UP CHILLER AND 2.5 WIDE ,27,CHILLER LARGE,all_pu,4.9,2.5,2.56,REAR FRAME + FLOOR PLATE,REAR FRAME & FLOOR PLATE,5472.944561,5472.97,0.0,PASS,,,
4.9_+_UP_CHILLER_AND_2.5~L4.9~W2.5~H2.56~all_pu, 4.9 & UP CHILLER AND 2.5 WIDE ,27,CHILLER LARGE,all_pu,4.9,2.5,2.56,SPRAY PAINTING,SPRAY PAINTING,750.0,750.0,0.0,PASS,,,
4.9_+_UP_CHILLER_AND_2.5~L4.9~W2.5~H2.56~all_pu, 4.9 & UP CHILLER AND 2.5 WIDE ,27,CHILLER LARGE,all_pu,4.9,2.5,2.56,REFLEXITE TAPE,REFLEXITE TAPE,224.1,224.1,0.0,PASS,,,
4.9_+_UP_CHILLER_AND_2.5~L4.9~W2.5~H2.56~srd, 4.9 & UP CHILLER AND 2.5 WIDE ,27,CHILLER LARGE,srd,4.9,2.5,2.56,FRONT,FRONT,4566.529064,4566.47,0.001,PASS,,,
4.9_+_UP_CHILLER_AND_2.5~L4.9~W2.5~H2.56~srd, 4.9 & UP CHILLER AND 2.5 WIDE ,27,CHILLER LARGE,srd,4.9,2.5,2.56,SRD,SRD,4777.751788,4651.07,2.651,ACCEPTED,,PRICE_DIFF EPS (-126.63),[DATA] PROD SRD EPS line priced differently from Burt on CHILLER 2.3 / CHILLER LARGE (-R127 to -R148).
4.9_+_UP_CHILLER_AND_2.5~L4.9~W2.5~H2.56~srd, 4.9 & UP CHILLER AND 2.5 WIDE ,27,CHILLER LARGE,srd,4.9,2.5,2.56,SRD DOOR FITTINGS,SRD DOOR FITTINGS,6683.48854,7127.79,6.648,ACCEPTED,,MISSING_IN_MES 28780 BIG VERTICAL (-763.29),"[DATA] SRD DOOR FITTINGS on every body: MES CSLB HINGES R293.46 x2 (Excel R146.73 x2 - the pair price applied per hinge) and SILPLUS X WHITE R232.30 (Excel R116.15); per body also 34MM LOCKING POLE, 28782 BIG HORIZ CAPPING, ALU CORNERS, 28780/28778 BIG VERTICAL."
4.9_+_UP_CHILLER_AND_2.5~L4.9~W2.5~H2.56~srd, 4.9 & UP CHILLER AND 2.5 WIDE ,27,CHILLER LARGE,srd,4.9,2.5,2.56,DRD,,0.0,,,SKIP,,,
4.9_+_UP_CHILLER_AND_2.5~L4.9~W2.5~H2.56~srd, 4.9 & UP CHILLER AND 2.5 WIDE ,27,CHILLER LARGE,srd,4.9,2.5,2.56,DRD DOOR FITTINGS,,0.0,,,SKIP,,,
4.9_+_UP_CHILLER_AND_2.5~L4.9~W2.5~H2.56~srd, 4.9 & UP CHILLER AND 2.5 WIDE ,27,CHILLER LARGE,srd,4.9,2.5,2.56,SIDES,SIDES,18422.550199,18422.31,0.001,PASS,,,
4.9_+_UP_CHILLER_AND_2.5~L4.9~W2.5~H2.56~srd, 4.9 & UP CHILLER AND 2.5 WIDE ,27,CHILLER LARGE,srd,4.9,2.5,2.56,ROOF,ROOF,9514.041397,9513.96,0.001,PASS,,,
4.9_+_UP_CHILLER_AND_2.5~L4.9~W2.5~H2.56~srd, 4.9 & UP CHILLER AND 2.5 WIDE ,27,CHILLER LARGE,srd,4.9,2.5,2.56,FLOOR,FLOOR,16210.992888,16210.99,0.0,PASS,,,
4.9_+_UP_CHILLER_AND_2.5~L4.9~W2.5~H2.56~srd, 4.9 & UP CHILLER AND 2.5 WIDE ,27,CHILLER LARGE,srd,4.9,2.5,2.56,ALUMINIUM,ALUMINIUM,10285.7931,10285.79,0.0,PASS,,,
4.9_+_UP_CHILLER_AND_2.5~L4.9~W2.5~H2.56~srd, 4.9 & UP CHILLER AND 2.5 WIDE ,27,CHILLER LARGE,srd,4.9,2.5,2.56,SUB FRAME + LIGHT BOX ASSY,SUB FRAME + LIGHT BOX ASSY,7999.623068,7999.63,0.0,PASS,,,
4.9_+_UP_CHILLER_AND_2.5~L4.9~W2.5~H2.56~srd, 4.9 & UP CHILLER AND 2.5 WIDE ,27,CHILLER LARGE,srd,4.9,2.5,2.56,REAR FRAME + FLOOR PLATE,REAR FRAME & FLOOR PLATE,0.0,5472.97,,ACCEPTED,EXTRA_IN_MES,,"[RULING] Burt gates REAR FRAME + FLOOR PLATE on the DRD flags, so a single-rear-door body carries R0 there; MES always includes the section (R2.4k-R5.5k). Which is right needs Burt/Michael."
4.9_+_UP_CHILLER_AND_2.5~L4.9~W2.5~H2.56~srd, 4.9 & UP CHILLER AND 2.5 WIDE ,27,CHILLER LARGE,srd,4.9,2.5,2.56,SPRAY PAINTING,SPRAY PAINTING,750.0,750.0,0.0,PASS,,,
4.9_+_UP_CHILLER_AND_2.5~L4.9~W2.5~H2.56~srd, 4.9 & UP CHILLER AND 2.5 WIDE ,27,CHILLER LARGE,srd,4.9,2.5,2.56,REFLEXITE TAPE,REFLEXITE TAPE,224.1,224.1,0.0,PASS,,,
4.9_+_UP_CHILLER_AND_2.5~L4.9~W2.5~H2.56~drd, 4.9 & UP CHILLER AND 2.5 WIDE ,27,CHILLER LARGE,drd,4.9,2.5,2.56,FRONT,FRONT,4566.529064,4566.47,0.001,PASS,,,
4.9_+_UP_CHILLER_AND_2.5~L4.9~W2.5~H2.56~drd, 4.9 & UP CHILLER AND 2.5 WIDE ,27,CHILLER LARGE,drd,4.9,2.5,2.56,SRD,,0.0,,,SKIP,,,
4.9_+_UP_CHILLER_AND_2.5~L4.9~W2.5~H2.56~drd, 4.9 & UP CHILLER AND 2.5 WIDE ,27,CHILLER LARGE,drd,4.9,2.5,2.56,SRD DOOR FITTINGS,,0.0,,,SKIP,,,
4.9_+_UP_CHILLER_AND_2.5~L4.9~W2.5~H2.56~drd, 4.9 & UP CHILLER AND 2.5 WIDE ,27,CHILLER LARGE,drd,4.9,2.5,2.56,DRD,DRD,5715.188449,5715.13,0.001,PASS,,,
4.9_+_UP_CHILLER_AND_2.5~L4.9~W2.5~H2.56~drd, 4.9 & UP CHILLER AND 2.5 WIDE ,27,CHILLER LARGE,drd,4.9,2.5,2.56,DRD DOOR FITTINGS,DRD DOOR FITTINGS,6200.61678,6200.62,0.0,PASS,,,
4.9_+_UP_CHILLER_AND_2.5~L4.9~W2.5~H2.56~drd, 4.9 & UP CHILLER AND 2.5 WIDE ,27,CHILLER LARGE,drd,4.9,2.5,2.56,SIDES,SIDES,18422.550199,18422.31,0.001,PASS,,,
4.9_+_UP_CHILLER_AND_2.5~L4.9~W2.5~H2.56~drd, 4.9 & UP CHILLER AND 2.5 WIDE ,27,CHILLER LARGE,drd,4.9,2.5,2.56,ROOF,ROOF,9514.041397,9513.96,0.001,PASS,,,
4.9_+_UP_CHILLER_AND_2.5~L4.9~W2.5~H2.56~drd, 4.9 & UP CHILLER AND 2.5 WIDE ,27,CHILLER LARGE,drd,4.9,2.5,2.56,FLOOR,FLOOR,16210.992888,16210.99,0.0,PASS,,,
4.9_+_UP_CHILLER_AND_2.5~L4.9~W2.5~H2.56~drd, 4.9 & UP CHILLER AND 2.5 WIDE ,27,CHILLER LARGE,drd,4.9,2.5,2.56,ALUMINIUM,ALUMINIUM,10285.7931,10285.79,0.0,PASS,,,
4.9_+_UP_CHILLER_AND_2.5~L4.9~W2.5~H2.56~drd, 4.9 & UP CHILLER AND 2.5 WIDE ,27,CHILLER LARGE,drd,4.9,2.5,2.56,SUB FRAME + LIGHT BOX ASSY,SUB FRAME + LIGHT BOX ASSY,7999.623068,7999.63,0.0,PASS,,,
4.9_+_UP_CHILLER_AND_2.5~L4.9~W2.5~H2.56~drd, 4.9 & UP CHILLER AND 2.5 WIDE ,27,CHILLER LARGE,drd,4.9,2.5,2.56,REAR FRAME + FLOOR PLATE,REAR FRAME & FLOOR PLATE,5472.944561,5472.97,0.0,PASS,,,
4.9_+_UP_CHILLER_AND_2.5~L4.9~W2.5~H2.56~drd, 4.9 & UP CHILLER AND 2.5 WIDE ,27,CHILLER LARGE,drd,4.9,2.5,2.56,SPRAY PAINTING,SPRAY PAINTING,750.0,750.0,0.0,PASS,,,
4.9_+_UP_CHILLER_AND_2.5~L4.9~W2.5~H2.56~drd, 4.9 & UP CHILLER AND 2.5 WIDE ,27,CHILLER LARGE,drd,4.9,2.5,2.56,REFLEXITE TAPE,REFLEXITE TAPE,224.1,224.1,0.0,PASS,,,
4.9_+_UP_CHILLER_AND_2.5~L4.9~W2.5~H2.56~foam_4g, 4.9 & UP CHILLER AND 2.5 WIDE ,27,CHILLER LARGE,foam_4g,4.9,2.5,2.56,FRONT,FRONT,4566.529064,4566.47,0.001,PASS,,,
4.9_+_UP_CHILLER_AND_2.5~L4.9~W2.5~H2.56~foam_4g, 4.9 & UP CHILLER AND 2.5 WIDE ,27,CHILLER LARGE,foam_4g,4.9,2.5,2.56,SRD,,0.0,,,SKIP,,,
4.9_+_UP_CHILLER_AND_2.5~L4.9~W2.5~H2.56~foam_4g, 4.9 & UP CHILLER AND 2.5 WIDE ,27,CHILLER LARGE,foam_4g,4.9,2.5,2.56,SRD DOOR FITTINGS,,0.0,,,SKIP,,,
4.9_+_UP_CHILLER_AND_2.5~L4.9~W2.5~H2.56~foam_4g, 4.9 & UP CHILLER AND 2.5 WIDE ,27,CHILLER LARGE,foam_4g,4.9,2.5,2.56,DRD,DRD,5715.188449,5715.13,0.001,PASS,,,
4.9_+_UP_CHILLER_AND_2.5~L4.9~W2.5~H2.56~foam_4g, 4.9 & UP CHILLER AND 2.5 WIDE ,27,CHILLER LARGE,foam_4g,4.9,2.5,2.56,DRD DOOR FITTINGS,DRD DOOR FITTINGS,6200.61678,6200.62,0.0,PASS,,,
4.9_+_UP_CHILLER_AND_2.5~L4.9~W2.5~H2.56~foam_4g, 4.9 & UP CHILLER AND 2.5 WIDE ,27,CHILLER LARGE,foam_4g,4.9,2.5,2.56,SIDES,SIDES,18422.550199,18422.31,0.001,PASS,,,
4.9_+_UP_CHILLER_AND_2.5~L4.9~W2.5~H2.56~foam_4g, 4.9 & UP CHILLER AND 2.5 WIDE ,27,CHILLER LARGE,foam_4g,4.9,2.5,2.56,ROOF,ROOF,9514.041397,9513.96,0.001,PASS,,,
4.9_+_UP_CHILLER_AND_2.5~L4.9~W2.5~H2.56~foam_4g, 4.9 & UP CHILLER AND 2.5 WIDE ,27,CHILLER LARGE,foam_4g,4.9,2.5,2.56,FLOOR,FLOOR,16210.992888,16210.99,0.0,PASS,,,
4.9_+_UP_CHILLER_AND_2.5~L4.9~W2.5~H2.56~foam_4g, 4.9 & UP CHILLER AND 2.5 WIDE ,27,CHILLER LARGE,foam_4g,4.9,2.5,2.56,ALUMINIUM,ALUMINIUM,10285.7931,10285.79,0.0,PASS,,,
4.9_+_UP_CHILLER_AND_2.5~L4.9~W2.5~H2.56~foam_4g, 4.9 & UP CHILLER AND 2.5 WIDE ,27,CHILLER LARGE,foam_4g,4.9,2.5,2.56,SUB FRAME + LIGHT BOX ASSY,SUB FRAME + LIGHT BOX ASSY,7999.623068,7999.63,0.0,PASS,,,
4.9_+_UP_CHILLER_AND_2.5~L4.9~W2.5~H2.56~foam_4g, 4.9 & UP CHILLER AND 2.5 WIDE ,27,CHILLER LARGE,foam_4g,4.9,2.5,2.56,REAR FRAME + FLOOR PLATE,REAR FRAME & FLOOR PLATE,5472.944561,5472.97,0.0,PASS,,,
4.9_+_UP_CHILLER_AND_2.5~L4.9~W2.5~H2.56~foam_4g, 4.9 & UP CHILLER AND 2.5 WIDE ,27,CHILLER LARGE,foam_4g,4.9,2.5,2.56,SPRAY PAINTING,SPRAY PAINTING,750.0,750.0,0.0,PASS,,,
4.9_+_UP_CHILLER_AND_2.5~L4.9~W2.5~H2.56~foam_4g, 4.9 & UP CHILLER AND 2.5 WIDE ,27,CHILLER LARGE,foam_4g,4.9,2.5,2.56,REFLEXITE TAPE,REFLEXITE TAPE,224.1,224.1,0.0,PASS,,,
4.9_+_UP_CHILLER_AND_2.5~L4.9~W2.6~H2.56~as_sheet, 4.9 & UP CHILLER AND 2.5 WIDE ,27,CHILLER LARGE,as_sheet,4.9,2.6,2.56,FRONT,FRONT,4747.056155,4747.0,0.001,PASS,,,
4.9_+_UP_CHILLER_AND_2.5~L4.9~W2.6~H2.56~as_sheet, 4.9 & UP CHILLER AND 2.5 WIDE ,27,CHILLER LARGE,as_sheet,4.9,2.6,2.56,SRD,,0.0,,,SKIP,,,
4.9_+_UP_CHILLER_AND_2.5~L4.9~W2.6~H2.56~as_sheet, 4.9 & UP CHILLER AND 2.5 WIDE ,27,CHILLER LARGE,as_sheet,4.9,2.6,2.56,SRD DOOR FITTINGS,,0.0,,,SKIP,,,
4.9_+_UP_CHILLER_AND_2.5~L4.9~W2.6~H2.56~as_sheet, 4.9 & UP CHILLER AND 2.5 WIDE ,27,CHILLER LARGE,as_sheet,4.9,2.6,2.56,DRD,DRD,5907.123728,5907.06,0.001,PASS,,,
4.9_+_UP_CHILLER_AND_2.5~L4.9~W2.6~H2.56~as_sheet, 4.9 & UP CHILLER AND 2.5 WIDE ,27,CHILLER LARGE,as_sheet,4.9,2.6,2.56,DRD DOOR FITTINGS,DRD DOOR FITTINGS,6247.51278,6247.51,0.0,PASS,,,
4.9_+_UP_CHILLER_AND_2.5~L4.9~W2.6~H2.56~as_sheet, 4.9 & UP CHILLER AND 2.5 WIDE ,27,CHILLER LARGE,as_sheet,4.9,2.6,2.56,SIDES,SIDES,18422.550199,18422.31,0.001,PASS,,,
4.9_+_UP_CHILLER_AND_2.5~L4.9~W2.6~H2.56~as_sheet, 4.9 & UP CHILLER AND 2.5 WIDE ,27,CHILLER LARGE,as_sheet,4.9,2.6,2.56,ROOF,ROOF,9869.900619,9869.81,0.001,PASS,,,
4.9_+_UP_CHILLER_AND_2.5~L4.9~W2.6~H2.56~as_sheet, 4.9 & UP CHILLER AND 2.5 WIDE ,27,CHILLER LARGE,as_sheet,4.9,2.6,2.56,FLOOR,FLOOR,16710.969657,16710.97,0.0,PASS,,,
4.9_+_UP_CHILLER_AND_2.5~L4.9~W2.6~H2.56~as_sheet, 4.9 & UP CHILLER AND 2.5 WIDE ,27,CHILLER LARGE,as_sheet,4.9,2.6,2.56,ALUMINIUM,ALUMINIUM,10321.540767,10321.54,0.0,PASS,,,
4.9_+_UP_CHILLER_AND_2.5~L4.9~W2.6~H2.56~as_sheet, 4.9 & UP CHILLER AND 2.5 WIDE ,27,CHILLER LARGE,as_sheet,4.9,2.6,2.56,SUB FRAME + LIGHT BOX ASSY,SUB FRAME + LIGHT BOX ASSY,7999.623068,7999.63,0.0,PASS,,,
4.9_+_UP_CHILLER_AND_2.5~L4.9~W2.6~H2.56~as_sheet, 4.9 & UP CHILLER AND 2.5 WIDE ,27,CHILLER LARGE,as_sheet,4.9,2.6,2.56,REAR FRAME + FLOOR PLATE,REAR FRAME & FLOOR PLATE,5502.400241,5502.42,0.0,PASS,,,
4.9_+_UP_CHILLER_AND_2.5~L4.9~W2.6~H2.56~as_sheet, 4.9 & UP CHILLER AND 2.5 WIDE ,27,CHILLER LARGE,as_sheet,4.9,2.6,2.56,SPRAY PAINTING,SPRAY PAINTING,750.0,750.0,0.0,PASS,,,
4.9_+_UP_CHILLER_AND_2.5~L4.9~W2.6~H2.56~as_sheet, 4.9 & UP CHILLER AND 2.5 WIDE ,27,CHILLER LARGE,as_sheet,4.9,2.6,2.56,REFLEXITE TAPE,REFLEXITE TAPE,225.9,225.9,0.0,PASS,,,
4.9_+_UP_CHILLER_AND_2.5~L4.9~W2.6~H2.56~all_eps, 4.9 & UP CHILLER AND 2.5 WIDE ,27,CHILLER LARGE,all_eps,4.9,2.6,2.56,FRONT,FRONT,4747.056155,4747.0,0.001,PASS,,,
4.9_+_UP_CHILLER_AND_2.5~L4.9~W2.6~H2.56~all_eps, 4.9 & UP CHILLER AND 2.5 WIDE ,27,CHILLER LARGE,all_eps,4.9,2.6,2.56,SRD,,0.0,,,SKIP,,,
4.9_+_UP_CHILLER_AND_2.5~L4.9~W2.6~H2.56~all_eps, 4.9 & UP CHILLER AND 2.5 WIDE ,27,CHILLER LARGE,all_eps,4.9,2.6,2.56,SRD DOOR FITTINGS,,0.0,,,SKIP,,,
4.9_+_UP_CHILLER_AND_2.5~L4.9~W2.6~H2.56~all_eps, 4.9 & UP CHILLER AND 2.5 WIDE ,27,CHILLER LARGE,all_eps,4.9,2.6,2.56,DRD,DRD,5907.123728,5907.06,0.001,PASS,,,
4.9_+_UP_CHILLER_AND_2.5~L4.9~W2.6~H2.56~all_eps, 4.9 & UP CHILLER AND 2.5 WIDE ,27,CHILLER LARGE,all_eps,4.9,2.6,2.56,DRD DOOR FITTINGS,DRD DOOR FITTINGS,6247.51278,6247.51,0.0,PASS,,,
4.9_+_UP_CHILLER_AND_2.5~L4.9~W2.6~H2.56~all_eps, 4.9 & UP CHILLER AND 2.5 WIDE ,27,CHILLER LARGE,all_eps,4.9,2.6,2.56,SIDES,SIDES,18422.550199,18422.31,0.001,PASS,,,
4.9_+_UP_CHILLER_AND_2.5~L4.9~W2.6~H2.56~all_eps, 4.9 & UP CHILLER AND 2.5 WIDE ,27,CHILLER LARGE,all_eps,4.9,2.6,2.56,ROOF,ROOF,9869.900619,9869.81,0.001,PASS,,,
4.9_+_UP_CHILLER_AND_2.5~L4.9~W2.6~H2.56~all_eps, 4.9 & UP CHILLER AND 2.5 WIDE ,27,CHILLER LARGE,all_eps,4.9,2.6,2.56,FLOOR,FLOOR,16710.969657,16710.97,0.0,PASS,,,
4.9_+_UP_CHILLER_AND_2.5~L4.9~W2.6~H2.56~all_eps, 4.9 & UP CHILLER AND 2.5 WIDE ,27,CHILLER LARGE,all_eps,4.9,2.6,2.56,ALUMINIUM,ALUMINIUM,10321.540767,10321.54,0.0,PASS,,,
4.9_+_UP_CHILLER_AND_2.5~L4.9~W2.6~H2.56~all_eps, 4.9 & UP CHILLER AND 2.5 WIDE ,27,CHILLER LARGE,all_eps,4.9,2.6,2.56,SUB FRAME + LIGHT BOX ASSY,SUB FRAME + LIGHT BOX ASSY,7999.623068,7999.63,0.0,PASS,,,
4.9_+_UP_CHILLER_AND_2.5~L4.9~W2.6~H2.56~all_eps, 4.9 & UP CHILLER AND 2.5 WIDE ,27,CHILLER LARGE,all_eps,4.9,2.6,2.56,REAR FRAME + FLOOR PLATE,REAR FRAME & FLOOR PLATE,5502.400241,5502.42,0.0,PASS,,,
4.9_+_UP_CHILLER_AND_2.5~L4.9~W2.6~H2.56~all_eps, 4.9 & UP CHILLER AND 2.5 WIDE ,27,CHILLER LARGE,all_eps,4.9,2.6,2.56,SPRAY PAINTING,SPRAY PAINTING,750.0,750.0,0.0,PASS,,,
4.9_+_UP_CHILLER_AND_2.5~L4.9~W2.6~H2.56~all_eps, 4.9 & UP CHILLER AND 2.5 WIDE ,27,CHILLER LARGE,all_eps,4.9,2.6,2.56,REFLEXITE TAPE,REFLEXITE TAPE,225.9,225.9,0.0,PASS,,,
4.9_+_UP_CHILLER_AND_2.5~L4.9~W2.6~H2.56~all_pu, 4.9 & UP CHILLER AND 2.5 WIDE ,27,CHILLER LARGE,all_pu,4.9,2.6,2.56,FRONT,FRONT,5265.392232,6154.2,16.88,ACCEPTED,,BOTH PU (+888.87),[RULING] PROD prices chiller PU at R334.50/sheet (the September 32D rate) where Burt's chiller sheets hard-code a 2018 rate (3090 -> R185.20/sheet): MES +R890 (front) to +R4k (sides) per PU panel. Prod is likely the current one; Burt's sheets need the [1]PU! link.
4.9_+_UP_CHILLER_AND_2.5~L4.9~W2.6~H2.56~all_pu, 4.9 & UP CHILLER AND 2.5 WIDE ,27,CHILLER LARGE,all_pu,4.9,2.6,2.56,SRD,,0.0,,,SKIP,,,
4.9_+_UP_CHILLER_AND_2.5~L4.9~W2.6~H2.56~all_pu, 4.9 & UP CHILLER AND 2.5 WIDE ,27,CHILLER LARGE,all_pu,4.9,2.6,2.56,SRD DOOR FITTINGS,,0.0,,,SKIP,,,
4.9_+_UP_CHILLER_AND_2.5~L4.9~W2.6~H2.56~all_pu, 4.9 & UP CHILLER AND 2.5 WIDE ,27,CHILLER LARGE,all_pu,4.9,2.6,2.56,DRD,DRD,5913.521182,7733.29,30.773,ACCEPTED,,BOTH PU (+1819.83),[RULING] PROD prices chiller PU at R334.50/sheet (the September 32D rate) where Burt's chiller sheets hard-code a 2018 rate (3090 -> R185.20/sheet): MES +R890 (front) to +R4k (sides) per PU panel. Prod is likely the current one; Burt's sheets need the [1]PU! link.
4.9_+_UP_CHILLER_AND_2.5~L4.9~W2.6~H2.56~all_pu, 4.9 & UP CHILLER AND 2.5 WIDE ,27,CHILLER LARGE,all_pu,4.9,2.6,2.56,DRD DOOR FITTINGS,DRD DOOR FITTINGS,6351.12346,6334.55,0.261,PASS,,,
4.9_+_UP_CHILLER_AND_2.5~L4.9~W2.6~H2.56~all_pu, 4.9 & UP CHILLER AND 2.5 WIDE ,27,CHILLER LARGE,all_pu,4.9,2.6,2.56,SIDES,SIDES,20592.275757,24467.83,18.82,ACCEPTED,,BOTH PU (+3875.81),[RULING] PROD prices chiller PU at R334.50/sheet (the September 32D rate) where Burt's chiller sheets hard-code a 2018 rate (3090 -> R185.20/sheet): MES +R890 (front) to +R4k (sides) per PU panel. Prod is likely the current one; Burt's sheets need the [1]PU! link.
4.9_+_UP_CHILLER_AND_2.5~L4.9~W2.6~H2.56~all_pu, 4.9 & UP CHILLER AND 2.5 WIDE ,27,CHILLER LARGE,all_pu,4.9,2.6,2.56,ROOF,ROOF,10001.047343,10895.72,8.946,ACCEPTED,,BOTH PU (+894.77),[RULING] PROD prices chiller PU at R334.50/sheet (the September 32D rate) where Burt's chiller sheets hard-code a 2018 rate (3090 -> R185.20/sheet): MES +R890 (front) to +R4k (sides) per PU panel. Prod is likely the current one; Burt's sheets need the [1]PU! link.
4.9_+_UP_CHILLER_AND_2.5~L4.9~W2.6~H2.56~all_pu, 4.9 & UP CHILLER AND 2.5 WIDE ,27,CHILLER LARGE,all_pu,4.9,2.6,2.56,FLOOR,FLOOR,16842.116381,17736.88,5.313,ACCEPTED,,BOTH PU (+894.77),[RULING] PROD prices chiller PU at R334.50/sheet (the September 32D rate) where Burt's chiller sheets hard-code a 2018 rate (3090 -> R185.20/sheet): MES +R890 (front) to +R4k (sides) per PU panel. Prod is likely the current one; Burt's sheets need the [1]PU! link.
4.9_+_UP_CHILLER_AND_2.5~L4.9~W2.6~H2.56~all_pu, 4.9 & UP CHILLER AND 2.5 WIDE ,27,CHILLER LARGE,all_pu,4.9,2.6,2.56,ALUMINIUM,ALUMINIUM,10321.540767,10321.54,0.0,PASS,,,
4.9_+_UP_CHILLER_AND_2.5~L4.9~W2.6~H2.56~all_pu, 4.9 & UP CHILLER AND 2.5 WIDE ,27,CHILLER LARGE,all_pu,4.9,2.6,2.56,SUB FRAME + LIGHT BOX ASSY,SUB FRAME + LIGHT BOX ASSY,7999.623068,7999.63,0.0,PASS,,,
4.9_+_UP_CHILLER_AND_2.5~L4.9~W2.6~H2.56~all_pu, 4.9 & UP CHILLER AND 2.5 WIDE ,27,CHILLER LARGE,all_pu,4.9,2.6,2.56,REAR FRAME + FLOOR PLATE,REAR FRAME & FLOOR PLATE,5502.400241,5502.42,0.0,PASS,,,
4.9_+_UP_CHILLER_AND_2.5~L4.9~W2.6~H2.56~all_pu, 4.9 & UP CHILLER AND 2.5 WIDE ,27,CHILLER LARGE,all_pu,4.9,2.6,2.56,SPRAY PAINTING,SPRAY PAINTING,750.0,750.0,0.0,PASS,,,
4.9_+_UP_CHILLER_AND_2.5~L4.9~W2.6~H2.56~all_pu, 4.9 & UP CHILLER AND 2.5 WIDE ,27,CHILLER LARGE,all_pu,4.9,2.6,2.56,REFLEXITE TAPE,REFLEXITE TAPE,225.9,225.9,0.0,PASS,,,
4.9_+_UP_CHILLER_AND_2.5~L4.9~W2.6~H2.56~srd, 4.9 & UP CHILLER AND 2.5 WIDE ,27,CHILLER LARGE,srd,4.9,2.6,2.56,FRONT,FRONT,4747.056155,4747.0,0.001,PASS,,,
4.9_+_UP_CHILLER_AND_2.5~L4.9~W2.6~H2.56~srd, 4.9 & UP CHILLER AND 2.5 WIDE ,27,CHILLER LARGE,srd,4.9,2.6,2.56,SRD,SRD,4955.107829,4823.21,2.662,ACCEPTED,,PRICE_DIFF EPS (-131.84),[DATA] PROD SRD EPS line priced differently from Burt on CHILLER 2.3 / CHILLER LARGE (-R127 to -R148).
4.9_+_UP_CHILLER_AND_2.5~L4.9~W2.6~H2.56~srd, 4.9 & UP CHILLER AND 2.5 WIDE ,27,CHILLER LARGE,srd,4.9,2.6,2.56,SRD DOOR FITTINGS,SRD DOOR FITTINGS,6731.60454,7167.23,6.471,ACCEPTED,,MISSING_IN_MES 28780 BIG VERTICAL (-763.29),"[DATA] SRD DOOR FITTINGS on every body: MES CSLB HINGES R293.46 x2 (Excel R146.73 x2 - the pair price applied per hinge) and SILPLUS X WHITE R232.30 (Excel R116.15); per body also 34MM LOCKING POLE, 28782 BIG HORIZ CAPPING, ALU CORNERS, 28780/28778 BIG VERTICAL."
4.9_+_UP_CHILLER_AND_2.5~L4.9~W2.6~H2.56~srd, 4.9 & UP CHILLER AND 2.5 WIDE ,27,CHILLER LARGE,srd,4.9,2.6,2.56,DRD,,0.0,,,SKIP,,,
4.9_+_UP_CHILLER_AND_2.5~L4.9~W2.6~H2.56~srd, 4.9 & UP CHILLER AND 2.5 WIDE ,27,CHILLER LARGE,srd,4.9,2.6,2.56,DRD DOOR FITTINGS,,0.0,,,SKIP,,,
4.9_+_UP_CHILLER_AND_2.5~L4.9~W2.6~H2.56~srd, 4.9 & UP CHILLER AND 2.5 WIDE ,27,CHILLER LARGE,srd,4.9,2.6,2.56,SIDES,SIDES,18422.550199,18422.31,0.001,PASS,,,
4.9_+_UP_CHILLER_AND_2.5~L4.9~W2.6~H2.56~srd, 4.9 & UP CHILLER AND 2.5 WIDE ,27,CHILLER LARGE,srd,4.9,2.6,2.56,ROOF,ROOF,9869.900619,9869.81,0.001,PASS,,,
4.9_+_UP_CHILLER_AND_2.5~L4.9~W2.6~H2.56~srd, 4.9 & UP CHILLER AND 2.5 WIDE ,27,CHILLER LARGE,srd,4.9,2.6,2.56,FLOOR,FLOOR,16710.969657,16710.97,0.0,PASS,,,
4.9_+_UP_CHILLER_AND_2.5~L4.9~W2.6~H2.56~srd, 4.9 & UP CHILLER AND 2.5 WIDE ,27,CHILLER LARGE,srd,4.9,2.6,2.56,ALUMINIUM,ALUMINIUM,10321.540767,10321.54,0.0,PASS,,,
4.9_+_UP_CHILLER_AND_2.5~L4.9~W2.6~H2.56~srd, 4.9 & UP CHILLER AND 2.5 WIDE ,27,CHILLER LARGE,srd,4.9,2.6,2.56,SUB FRAME + LIGHT BOX ASSY,SUB FRAME + LIGHT BOX ASSY,7999.623068,7999.63,0.0,PASS,,,
4.9_+_UP_CHILLER_AND_2.5~L4.9~W2.6~H2.56~srd, 4.9 & UP CHILLER AND 2.5 WIDE ,27,CHILLER LARGE,srd,4.9,2.6,2.56,REAR FRAME + FLOOR PLATE,REAR FRAME & FLOOR PLATE,0.0,5502.42,,ACCEPTED,EXTRA_IN_MES,,"[RULING] Burt gates REAR FRAME + FLOOR PLATE on the DRD flags, so a single-rear-door body carries R0 there; MES always includes the section (R2.4k-R5.5k). Which is right needs Burt/Michael."
4.9_+_UP_CHILLER_AND_2.5~L4.9~W2.6~H2.56~srd, 4.9 & UP CHILLER AND 2.5 WIDE ,27,CHILLER LARGE,srd,4.9,2.6,2.56,SPRAY PAINTING,SPRAY PAINTING,750.0,750.0,0.0,PASS,,,
4.9_+_UP_CHILLER_AND_2.5~L4.9~W2.6~H2.56~srd, 4.9 & UP CHILLER AND 2.5 WIDE ,27,CHILLER LARGE,srd,4.9,2.6,2.56,REFLEXITE TAPE,REFLEXITE TAPE,225.9,225.9,0.0,PASS,,,
4.9_+_UP_CHILLER_AND_2.5~L4.9~W2.6~H2.56~drd, 4.9 & UP CHILLER AND 2.5 WIDE ,27,CHILLER LARGE,drd,4.9,2.6,2.56,FRONT,FRONT,4747.056155,4747.0,0.001,PASS,,,
4.9_+_UP_CHILLER_AND_2.5~L4.9~W2.6~H2.56~drd, 4.9 & UP CHILLER AND 2.5 WIDE ,27,CHILLER LARGE,drd,4.9,2.6,2.56,SRD,,0.0,,,SKIP,,,
4.9_+_UP_CHILLER_AND_2.5~L4.9~W2.6~H2.56~drd, 4.9 & UP CHILLER AND 2.5 WIDE ,27,CHILLER LARGE,drd,4.9,2.6,2.56,SRD DOOR FITTINGS,,0.0,,,SKIP,,,
4.9_+_UP_CHILLER_AND_2.5~L4.9~W2.6~H2.56~drd, 4.9 & UP CHILLER AND 2.5 WIDE ,27,CHILLER LARGE,drd,4.9,2.6,2.56,DRD,DRD,5907.123728,5907.06,0.001,PASS,,,
4.9_+_UP_CHILLER_AND_2.5~L4.9~W2.6~H2.56~drd, 4.9 & UP CHILLER AND 2.5 WIDE ,27,CHILLER LARGE,drd,4.9,2.6,2.56,DRD DOOR FITTINGS,DRD DOOR FITTINGS,6247.51278,6247.51,0.0,PASS,,,
4.9_+_UP_CHILLER_AND_2.5~L4.9~W2.6~H2.56~drd, 4.9 & UP CHILLER AND 2.5 WIDE ,27,CHILLER LARGE,drd,4.9,2.6,2.56,SIDES,SIDES,18422.550199,18422.31,0.001,PASS,,,
4.9_+_UP_CHILLER_AND_2.5~L4.9~W2.6~H2.56~drd, 4.9 & UP CHILLER AND 2.5 WIDE ,27,CHILLER LARGE,drd,4.9,2.6,2.56,ROOF,ROOF,9869.900619,9869.81,0.001,PASS,,,
4.9_+_UP_CHILLER_AND_2.5~L4.9~W2.6~H2.56~drd, 4.9 & UP CHILLER AND 2.5 WIDE ,27,CHILLER LARGE,drd,4.9,2.6,2.56,FLOOR,FLOOR,16710.969657,16710.97,0.0,PASS,,,
4.9_+_UP_CHILLER_AND_2.5~L4.9~W2.6~H2.56~drd, 4.9 & UP CHILLER AND 2.5 WIDE ,27,CHILLER LARGE,drd,4.9,2.6,2.56,ALUMINIUM,ALUMINIUM,10321.540767,10321.54,0.0,PASS,,,
4.9_+_UP_CHILLER_AND_2.5~L4.9~W2.6~H2.56~drd, 4.9 & UP CHILLER AND 2.5 WIDE ,27,CHILLER LARGE,drd,4.9,2.6,2.56,SUB FRAME + LIGHT BOX ASSY,SUB FRAME + LIGHT BOX ASSY,7999.623068,7999.63,0.0,PASS,,,
4.9_+_UP_CHILLER_AND_2.5~L4.9~W2.6~H2.56~drd, 4.9 & UP CHILLER AND 2.5 WIDE ,27,CHILLER LARGE,drd,4.9,2.6,2.56,REAR FRAME + FLOOR PLATE,REAR FRAME & FLOOR PLATE,5502.400241,5502.42,0.0,PASS,,,
4.9_+_UP_CHILLER_AND_2.5~L4.9~W2.6~H2.56~drd, 4.9 & UP CHILLER AND 2.5 WIDE ,27,CHILLER LARGE,drd,4.9,2.6,2.56,SPRAY PAINTING,SPRAY PAINTING,750.0,750.0,0.0,PASS,,,
4.9_+_UP_CHILLER_AND_2.5~L4.9~W2.6~H2.56~drd, 4.9 & UP CHILLER AND 2.5 WIDE ,27,CHILLER LARGE,drd,4.9,2.6,2.56,REFLEXITE TAPE,REFLEXITE TAPE,225.9,225.9,0.0,PASS,,,
4.9_+_UP_CHILLER_AND_2.5~L4.9~W2.6~H2.56~foam_4g, 4.9 & UP CHILLER AND 2.5 WIDE ,27,CHILLER LARGE,foam_4g,4.9,2.6,2.56,FRONT,FRONT,4747.056155,4747.0,0.001,PASS,,,
4.9_+_UP_CHILLER_AND_2.5~L4.9~W2.6~H2.56~foam_4g, 4.9 & UP CHILLER AND 2.5 WIDE ,27,CHILLER LARGE,foam_4g,4.9,2.6,2.56,SRD,,0.0,,,SKIP,,,
4.9_+_UP_CHILLER_AND_2.5~L4.9~W2.6~H2.56~foam_4g, 4.9 & UP CHILLER AND 2.5 WIDE ,27,CHILLER LARGE,foam_4g,4.9,2.6,2.56,SRD DOOR FITTINGS,,0.0,,,SKIP,,,
4.9_+_UP_CHILLER_AND_2.5~L4.9~W2.6~H2.56~foam_4g, 4.9 & UP CHILLER AND 2.5 WIDE ,27,CHILLER LARGE,foam_4g,4.9,2.6,2.56,DRD,DRD,5907.123728,5907.06,0.001,PASS,,,
4.9_+_UP_CHILLER_AND_2.5~L4.9~W2.6~H2.56~foam_4g, 4.9 & UP CHILLER AND 2.5 WIDE ,27,CHILLER LARGE,foam_4g,4.9,2.6,2.56,DRD DOOR FITTINGS,DRD DOOR FITTINGS,6247.51278,6247.51,0.0,PASS,,,
4.9_+_UP_CHILLER_AND_2.5~L4.9~W2.6~H2.56~foam_4g, 4.9 & UP CHILLER AND 2.5 WIDE ,27,CHILLER LARGE,foam_4g,4.9,2.6,2.56,SIDES,SIDES,18422.550199,18422.31,0.001,PASS,,,
4.9_+_UP_CHILLER_AND_2.5~L4.9~W2.6~H2.56~foam_4g, 4.9 & UP CHILLER AND 2.5 WIDE ,27,CHILLER LARGE,foam_4g,4.9,2.6,2.56,ROOF,ROOF,9869.900619,9869.81,0.001,PASS,,,
4.9_+_UP_CHILLER_AND_2.5~L4.9~W2.6~H2.56~foam_4g, 4.9 & UP CHILLER AND 2.5 WIDE ,27,CHILLER LARGE,foam_4g,4.9,2.6,2.56,FLOOR,FLOOR,16710.969657,16710.97,0.0,PASS,,,
4.9_+_UP_CHILLER_AND_2.5~L4.9~W2.6~H2.56~foam_4g, 4.9 & UP CHILLER AND 2.5 WIDE ,27,CHILLER LARGE,foam_4g,4.9,2.6,2.56,ALUMINIUM,ALUMINIUM,10321.540767,10321.54,0.0,PASS,,,
4.9_+_UP_CHILLER_AND_2.5~L4.9~W2.6~H2.56~foam_4g, 4.9 & UP CHILLER AND 2.5 WIDE ,27,CHILLER LARGE,foam_4g,4.9,2.6,2.56,SUB FRAME + LIGHT BOX ASSY,SUB FRAME + LIGHT BOX ASSY,7999.623068,7999.63,0.0,PASS,,,
4.9_+_UP_CHILLER_AND_2.5~L4.9~W2.6~H2.56~foam_4g, 4.9 & UP CHILLER AND 2.5 WIDE ,27,CHILLER LARGE,foam_4g,4.9,2.6,2.56,REAR FRAME + FLOOR PLATE,REAR FRAME & FLOOR PLATE,5502.400241,5502.42,0.0,PASS,,,
4.9_+_UP_CHILLER_AND_2.5~L4.9~W2.6~H2.56~foam_4g, 4.9 & UP CHILLER AND 2.5 WIDE ,27,CHILLER LARGE,foam_4g,4.9,2.6,2.56,SPRAY PAINTING,SPRAY PAINTING,750.0,750.0,0.0,PASS,,,
4.9_+_UP_CHILLER_AND_2.5~L4.9~W2.6~H2.56~foam_4g, 4.9 & UP CHILLER AND 2.5 WIDE ,27,CHILLER LARGE,foam_4g,4.9,2.6,2.56,REFLEXITE TAPE,REFLEXITE TAPE,225.9,225.9,0.0,PASS,,,
4.9_+_UP_CHILLER_AND_2.5~L5.8~W2.5~H2.56~as_sheet, 4.9 & UP CHILLER AND 2.5 WIDE ,27,CHILLER LARGE,as_sheet,5.8,2.5,2.56,FRONT,FRONT,4566.529064,4566.47,0.001,PASS,,,
4.9_+_UP_CHILLER_AND_2.5~L5.8~W2.5~H2.56~as_sheet, 4.9 & UP CHILLER AND 2.5 WIDE ,27,CHILLER LARGE,as_sheet,5.8,2.5,2.56,SRD,,0.0,,,SKIP,,,
4.9_+_UP_CHILLER_AND_2.5~L5.8~W2.5~H2.56~as_sheet, 4.9 & UP CHILLER AND 2.5 WIDE ,27,CHILLER LARGE,as_sheet,5.8,2.5,2.56,SRD DOOR FITTINGS,,0.0,,,SKIP,,,
4.9_+_UP_CHILLER_AND_2.5~L5.8~W2.5~H2.56~as_sheet, 4.9 & UP CHILLER AND 2.5 WIDE ,27,CHILLER LARGE,as_sheet,5.8,2.5,2.56,DRD,DRD,5715.188449,5715.13,0.001,PASS,,,
4.9_+_UP_CHILLER_AND_2.5~L5.8~W2.5~H2.56~as_sheet, 4.9 & UP CHILLER AND 2.5 WIDE ,27,CHILLER LARGE,as_sheet,5.8,2.5,2.56,DRD DOOR FITTINGS,DRD DOOR FITTINGS,6200.61678,6200.62,0.0,PASS,,,
4.9_+_UP_CHILLER_AND_2.5~L5.8~W2.5~H2.56~as_sheet, 4.9 & UP CHILLER AND 2.5 WIDE ,27,CHILLER LARGE,as_sheet,5.8,2.5,2.56,SIDES,SIDES,21672.037843,21671.75,0.001,PASS,,,
4.9_+_UP_CHILLER_AND_2.5~L5.8~W2.5~H2.56~as_sheet, 4.9 & UP CHILLER AND 2.5 WIDE ,27,CHILLER LARGE,as_sheet,5.8,2.5,2.56,ROOF,ROOF,11198.263497,11198.16,0.001,PASS,,,
4.9_+_UP_CHILLER_AND_2.5~L5.8~W2.5~H2.56~as_sheet, 4.9 & UP CHILLER AND 2.5 WIDE ,27,CHILLER LARGE,as_sheet,5.8,2.5,2.56,FLOOR,FLOOR,18918.99267,18918.99,0.0,PASS,,,
4.9_+_UP_CHILLER_AND_2.5~L5.8~W2.5~H2.56~as_sheet, 4.9 & UP CHILLER AND 2.5 WIDE ,27,CHILLER LARGE,as_sheet,5.8,2.5,2.56,ALUMINIUM,ALUMINIUM,11607.1011,11607.1,0.0,PASS,,,
4.9_+_UP_CHILLER_AND_2.5~L5.8~W2.5~H2.56~as_sheet, 4.9 & UP CHILLER AND 2.5 WIDE ,27,CHILLER LARGE,as_sheet,5.8,2.5,2.56,SUB FRAME + LIGHT BOX ASSY,SUB FRAME + LIGHT BOX ASSY,8437.023068,8437.03,0.0,PASS,,,
4.9_+_UP_CHILLER_AND_2.5~L5.8~W2.5~H2.56~as_sheet, 4.9 & UP CHILLER AND 2.5 WIDE ,27,CHILLER LARGE,as_sheet,5.8,2.5,2.56,REAR FRAME + FLOOR PLATE,REAR FRAME & FLOOR PLATE,5472.944561,5472.97,0.0,PASS,,,
4.9_+_UP_CHILLER_AND_2.5~L5.8~W2.5~H2.56~as_sheet, 4.9 & UP CHILLER AND 2.5 WIDE ,27,CHILLER LARGE,as_sheet,5.8,2.5,2.56,SPRAY PAINTING,SPRAY PAINTING,750.0,750.0,0.0,PASS,,,
4.9_+_UP_CHILLER_AND_2.5~L5.8~W2.5~H2.56~as_sheet, 4.9 & UP CHILLER AND 2.5 WIDE ,27,CHILLER LARGE,as_sheet,5.8,2.5,2.56,REFLEXITE TAPE,REFLEXITE TAPE,256.5,256.5,0.0,PASS,,,
4.9_+_UP_CHILLER_AND_2.5~L5.8~W2.5~H2.56~all_eps, 4.9 & UP CHILLER AND 2.5 WIDE ,27,CHILLER LARGE,all_eps,5.8,2.5,2.56,FRONT,FRONT,4566.529064,4566.47,0.001,PASS,,,
4.9_+_UP_CHILLER_AND_2.5~L5.8~W2.5~H2.56~all_eps, 4.9 & UP CHILLER AND 2.5 WIDE ,27,CHILLER LARGE,all_eps,5.8,2.5,2.56,SRD,,0.0,,,SKIP,,,
4.9_+_UP_CHILLER_AND_2.5~L5.8~W2.5~H2.56~all_eps, 4.9 & UP CHILLER AND 2.5 WIDE ,27,CHILLER LARGE,all_eps,5.8,2.5,2.56,SRD DOOR FITTINGS,,0.0,,,SKIP,,,
4.9_+_UP_CHILLER_AND_2.5~L5.8~W2.5~H2.56~all_eps, 4.9 & UP CHILLER AND 2.5 WIDE ,27,CHILLER LARGE,all_eps,5.8,2.5,2.56,DRD,DRD,5715.188449,5715.13,0.001,PASS,,,
4.9_+_UP_CHILLER_AND_2.5~L5.8~W2.5~H2.56~all_eps, 4.9 & UP CHILLER AND 2.5 WIDE ,27,CHILLER LARGE,all_eps,5.8,2.5,2.56,DRD DOOR FITTINGS,DRD DOOR FITTINGS,6200.61678,6200.62,0.0,PASS,,,
4.9_+_UP_CHILLER_AND_2.5~L5.8~W2.5~H2.56~all_eps, 4.9 & UP CHILLER AND 2.5 WIDE ,27,CHILLER LARGE,all_eps,5.8,2.5,2.56,SIDES,SIDES,21672.037843,21671.75,0.001,PASS,,,
4.9_+_UP_CHILLER_AND_2.5~L5.8~W2.5~H2.56~all_eps, 4.9 & UP CHILLER AND 2.5 WIDE ,27,CHILLER LARGE,all_eps,5.8,2.5,2.56,ROOF,ROOF,11198.263497,11198.16,0.001,PASS,,,
4.9_+_UP_CHILLER_AND_2.5~L5.8~W2.5~H2.56~all_eps, 4.9 & UP CHILLER AND 2.5 WIDE ,27,CHILLER LARGE,all_eps,5.8,2.5,2.56,FLOOR,FLOOR,18918.99267,18918.99,0.0,PASS,,,
4.9_+_UP_CHILLER_AND_2.5~L5.8~W2.5~H2.56~all_eps, 4.9 & UP CHILLER AND 2.5 WIDE ,27,CHILLER LARGE,all_eps,5.8,2.5,2.56,ALUMINIUM,ALUMINIUM,11607.1011,11607.1,0.0,PASS,,,
4.9_+_UP_CHILLER_AND_2.5~L5.8~W2.5~H2.56~all_eps, 4.9 & UP CHILLER AND 2.5 WIDE ,27,CHILLER LARGE,all_eps,5.8,2.5,2.56,SUB FRAME + LIGHT BOX ASSY,SUB FRAME + LIGHT BOX ASSY,8437.023068,8437.03,0.0,PASS,,,
4.9_+_UP_CHILLER_AND_2.5~L5.8~W2.5~H2.56~all_eps, 4.9 & UP CHILLER AND 2.5 WIDE ,27,CHILLER LARGE,all_eps,5.8,2.5,2.56,REAR FRAME + FLOOR PLATE,REAR FRAME & FLOOR PLATE,5472.944561,5472.97,0.0,PASS,,,
4.9_+_UP_CHILLER_AND_2.5~L5.8~W2.5~H2.56~all_eps, 4.9 & UP CHILLER AND 2.5 WIDE ,27,CHILLER LARGE,all_eps,5.8,2.5,2.56,SPRAY PAINTING,SPRAY PAINTING,750.0,750.0,0.0,PASS,,,
4.9_+_UP_CHILLER_AND_2.5~L5.8~W2.5~H2.56~all_eps, 4.9 & UP CHILLER AND 2.5 WIDE ,27,CHILLER LARGE,all_eps,5.8,2.5,2.56,REFLEXITE TAPE,REFLEXITE TAPE,256.5,256.5,0.0,PASS,,,
4.9_+_UP_CHILLER_AND_2.5~L5.8~W2.5~H2.56~all_pu, 4.9 & UP CHILLER AND 2.5 WIDE ,27,CHILLER LARGE,all_pu,5.8,2.5,2.56,FRONT,FRONT,5108.324552,5997.13,17.399,ACCEPTED,,BOTH PU (+888.87),[RULING] PROD prices chiller PU at R334.50/sheet (the September 32D rate) where Burt's chiller sheets hard-code a 2018 rate (3090 -> R185.20/sheet): MES +R890 (front) to +R4k (sides) per PU panel. Prod is likely the current one; Burt's sheets need the [1]PU! link.
4.9_+_UP_CHILLER_AND_2.5~L5.8~W2.5~H2.56~all_pu, 4.9 & UP CHILLER AND 2.5 WIDE ,27,CHILLER LARGE,all_pu,5.8,2.5,2.56,SRD,,0.0,,,SKIP,,,
4.9_+_UP_CHILLER_AND_2.5~L5.8~W2.5~H2.56~all_pu, 4.9 & UP CHILLER AND 2.5 WIDE ,27,CHILLER LARGE,all_pu,5.8,2.5,2.56,SRD DOOR FITTINGS,,0.0,,,SKIP,,,
4.9_+_UP_CHILLER_AND_2.5~L5.8~W2.5~H2.56~all_pu, 4.9 & UP CHILLER AND 2.5 WIDE ,27,CHILLER LARGE,all_pu,5.8,2.5,2.56,DRD,DRD,5763.910795,7583.68,31.572,ACCEPTED,,BOTH PU (+1819.83),[RULING] PROD prices chiller PU at R334.50/sheet (the September 32D rate) where Burt's chiller sheets hard-code a 2018 rate (3090 -> R185.20/sheet): MES +R890 (front) to +R4k (sides) per PU panel. Prod is likely the current one; Burt's sheets need the [1]PU! link.
4.9_+_UP_CHILLER_AND_2.5~L5.8~W2.5~H2.56~all_pu, 4.9 & UP CHILLER AND 2.5 WIDE ,27,CHILLER LARGE,all_pu,5.8,2.5,2.56,DRD DOOR FITTINGS,DRD DOOR FITTINGS,6304.22746,6287.66,0.263,PASS,,,
4.9_+_UP_CHILLER_AND_2.5~L5.8~W2.5~H2.56~all_pu, 4.9 & UP CHILLER AND 2.5 WIDE ,27,CHILLER LARGE,all_pu,5.8,2.5,2.56,SIDES,SIDES,24232.896397,28813.1,18.901,ACCEPTED,,BOTH PU (+4580.50),[RULING] PROD prices chiller PU at R334.50/sheet (the September 32D rate) where Burt's chiller sheets hard-code a 2018 rate (3090 -> R185.20/sheet): MES +R890 (front) to +R4k (sides) per PU panel. Prod is likely the current one; Burt's sheets need the [1]PU! link.
4.9_+_UP_CHILLER_AND_2.5~L5.8~W2.5~H2.56~all_pu, 4.9 & UP CHILLER AND 2.5 WIDE ,27,CHILLER LARGE,all_pu,5.8,2.5,2.56,ROOF,ROOF,11473.76508,12531.11,9.215,ACCEPTED,,BOTH PU (+1057.45),[RULING] PROD prices chiller PU at R334.50/sheet (the September 32D rate) where Burt's chiller sheets hard-code a 2018 rate (3090 -> R185.20/sheet): MES +R890 (front) to +R4k (sides) per PU panel. Prod is likely the current one; Burt's sheets need the [1]PU! link.
4.9_+_UP_CHILLER_AND_2.5~L5.8~W2.5~H2.56~all_pu, 4.9 & UP CHILLER AND 2.5 WIDE ,27,CHILLER LARGE,all_pu,5.8,2.5,2.56,FLOOR,FLOOR,19194.494253,20251.94,5.509,ACCEPTED,,BOTH PU (+1057.45),[RULING] PROD prices chiller PU at R334.50/sheet (the September 32D rate) where Burt's chiller sheets hard-code a 2018 rate (3090 -> R185.20/sheet): MES +R890 (front) to +R4k (sides) per PU panel. Prod is likely the current one; Burt's sheets need the [1]PU! link.
4.9_+_UP_CHILLER_AND_2.5~L5.8~W2.5~H2.56~all_pu, 4.9 & UP CHILLER AND 2.5 WIDE ,27,CHILLER LARGE,all_pu,5.8,2.5,2.56,ALUMINIUM,ALUMINIUM,11607.1011,11607.1,0.0,PASS,,,
4.9_+_UP_CHILLER_AND_2.5~L5.8~W2.5~H2.56~all_pu, 4.9 & UP CHILLER AND 2.5 WIDE ,27,CHILLER LARGE,all_pu,5.8,2.5,2.56,SUB FRAME + LIGHT BOX ASSY,SUB FRAME + LIGHT BOX ASSY,8437.023068,8437.03,0.0,PASS,,,
4.9_+_UP_CHILLER_AND_2.5~L5.8~W2.5~H2.56~all_pu, 4.9 & UP CHILLER AND 2.5 WIDE ,27,CHILLER LARGE,all_pu,5.8,2.5,2.56,REAR FRAME + FLOOR PLATE,REAR FRAME & FLOOR PLATE,5472.944561,5472.97,0.0,PASS,,,
4.9_+_UP_CHILLER_AND_2.5~L5.8~W2.5~H2.56~all_pu, 4.9 & UP CHILLER AND 2.5 WIDE ,27,CHILLER LARGE,all_pu,5.8,2.5,2.56,SPRAY PAINTING,SPRAY PAINTING,750.0,750.0,0.0,PASS,,,
4.9_+_UP_CHILLER_AND_2.5~L5.8~W2.5~H2.56~all_pu, 4.9 & UP CHILLER AND 2.5 WIDE ,27,CHILLER LARGE,all_pu,5.8,2.5,2.56,REFLEXITE TAPE,REFLEXITE TAPE,256.5,256.5,0.0,PASS,,,
4.9_+_UP_CHILLER_AND_2.5~L5.8~W2.5~H2.56~srd, 4.9 & UP CHILLER AND 2.5 WIDE ,27,CHILLER LARGE,srd,5.8,2.5,2.56,FRONT,FRONT,4566.529064,4566.47,0.001,PASS,,,
4.9_+_UP_CHILLER_AND_2.5~L5.8~W2.5~H2.56~srd, 4.9 & UP CHILLER AND 2.5 WIDE ,27,CHILLER LARGE,srd,5.8,2.5,2.56,SRD,SRD,4777.751788,4651.07,2.651,ACCEPTED,,PRICE_DIFF EPS (-126.63),[DATA] PROD SRD EPS line priced differently from Burt on CHILLER 2.3 / CHILLER LARGE (-R127 to -R148).
4.9_+_UP_CHILLER_AND_2.5~L5.8~W2.5~H2.56~srd, 4.9 & UP CHILLER AND 2.5 WIDE ,27,CHILLER LARGE,srd,5.8,2.5,2.56,SRD DOOR FITTINGS,SRD DOOR FITTINGS,6683.48854,7127.79,6.648,ACCEPTED,,MISSING_IN_MES 28780 BIG VERTICAL (-763.29),"[DATA] SRD DOOR FITTINGS on every body: MES CSLB HINGES R293.46 x2 (Excel R146.73 x2 - the pair price applied per hinge) and SILPLUS X WHITE R232.30 (Excel R116.15); per body also 34MM LOCKING POLE, 28782 BIG HORIZ CAPPING, ALU CORNERS, 28780/28778 BIG VERTICAL."
4.9_+_UP_CHILLER_AND_2.5~L5.8~W2.5~H2.56~srd, 4.9 & UP CHILLER AND 2.5 WIDE ,27,CHILLER LARGE,srd,5.8,2.5,2.56,DRD,,0.0,,,SKIP,,,
4.9_+_UP_CHILLER_AND_2.5~L5.8~W2.5~H2.56~srd, 4.9 & UP CHILLER AND 2.5 WIDE ,27,CHILLER LARGE,srd,5.8,2.5,2.56,DRD DOOR FITTINGS,,0.0,,,SKIP,,,
4.9_+_UP_CHILLER_AND_2.5~L5.8~W2.5~H2.56~srd, 4.9 & UP CHILLER AND 2.5 WIDE ,27,CHILLER LARGE,srd,5.8,2.5,2.56,SIDES,SIDES,21672.037843,21671.75,0.001,PASS,,,
4.9_+_UP_CHILLER_AND_2.5~L5.8~W2.5~H2.56~srd, 4.9 & UP CHILLER AND 2.5 WIDE ,27,CHILLER LARGE,srd,5.8,2.5,2.56,ROOF,ROOF,11198.263497,11198.16,0.001,PASS,,,
4.9_+_UP_CHILLER_AND_2.5~L5.8~W2.5~H2.56~srd, 4.9 & UP CHILLER AND 2.5 WIDE ,27,CHILLER LARGE,srd,5.8,2.5,2.56,FLOOR,FLOOR,18918.99267,18918.99,0.0,PASS,,,
4.9_+_UP_CHILLER_AND_2.5~L5.8~W2.5~H2.56~srd, 4.9 & UP CHILLER AND 2.5 WIDE ,27,CHILLER LARGE,srd,5.8,2.5,2.56,ALUMINIUM,ALUMINIUM,11607.1011,11607.1,0.0,PASS,,,
4.9_+_UP_CHILLER_AND_2.5~L5.8~W2.5~H2.56~srd, 4.9 & UP CHILLER AND 2.5 WIDE ,27,CHILLER LARGE,srd,5.8,2.5,2.56,SUB FRAME + LIGHT BOX ASSY,SUB FRAME + LIGHT BOX ASSY,8437.023068,8437.03,0.0,PASS,,,
4.9_+_UP_CHILLER_AND_2.5~L5.8~W2.5~H2.56~srd, 4.9 & UP CHILLER AND 2.5 WIDE ,27,CHILLER LARGE,srd,5.8,2.5,2.56,REAR FRAME + FLOOR PLATE,REAR FRAME & FLOOR PLATE,0.0,5472.97,,ACCEPTED,EXTRA_IN_MES,,"[RULING] Burt gates REAR FRAME + FLOOR PLATE on the DRD flags, so a single-rear-door body carries R0 there; MES always includes the section (R2.4k-R5.5k). Which is right needs Burt/Michael."
4.9_+_UP_CHILLER_AND_2.5~L5.8~W2.5~H2.56~srd, 4.9 & UP CHILLER AND 2.5 WIDE ,27,CHILLER LARGE,srd,5.8,2.5,2.56,SPRAY PAINTING,SPRAY PAINTING,750.0,750.0,0.0,PASS,,,
4.9_+_UP_CHILLER_AND_2.5~L5.8~W2.5~H2.56~srd, 4.9 & UP CHILLER AND 2.5 WIDE ,27,CHILLER LARGE,srd,5.8,2.5,2.56,REFLEXITE TAPE,REFLEXITE TAPE,256.5,256.5,0.0,PASS,,,
4.9_+_UP_CHILLER_AND_2.5~L5.8~W2.5~H2.56~drd, 4.9 & UP CHILLER AND 2.5 WIDE ,27,CHILLER LARGE,drd,5.8,2.5,2.56,FRONT,FRONT,4566.529064,4566.47,0.001,PASS,,,
4.9_+_UP_CHILLER_AND_2.5~L5.8~W2.5~H2.56~drd, 4.9 & UP CHILLER AND 2.5 WIDE ,27,CHILLER LARGE,drd,5.8,2.5,2.56,SRD,,0.0,,,SKIP,,,
4.9_+_UP_CHILLER_AND_2.5~L5.8~W2.5~H2.56~drd, 4.9 & UP CHILLER AND 2.5 WIDE ,27,CHILLER LARGE,drd,5.8,2.5,2.56,SRD DOOR FITTINGS,,0.0,,,SKIP,,,
4.9_+_UP_CHILLER_AND_2.5~L5.8~W2.5~H2.56~drd, 4.9 & UP CHILLER AND 2.5 WIDE ,27,CHILLER LARGE,drd,5.8,2.5,2.56,DRD,DRD,5715.188449,5715.13,0.001,PASS,,,
4.9_+_UP_CHILLER_AND_2.5~L5.8~W2.5~H2.56~drd, 4.9 & UP CHILLER AND 2.5 WIDE ,27,CHILLER LARGE,drd,5.8,2.5,2.56,DRD DOOR FITTINGS,DRD DOOR FITTINGS,6200.61678,6200.62,0.0,PASS,,,
4.9_+_UP_CHILLER_AND_2.5~L5.8~W2.5~H2.56~drd, 4.9 & UP CHILLER AND 2.5 WIDE ,27,CHILLER LARGE,drd,5.8,2.5,2.56,SIDES,SIDES,21672.037843,21671.75,0.001,PASS,,,
4.9_+_UP_CHILLER_AND_2.5~L5.8~W2.5~H2.56~drd, 4.9 & UP CHILLER AND 2.5 WIDE ,27,CHILLER LARGE,drd,5.8,2.5,2.56,ROOF,ROOF,11198.263497,11198.16,0.001,PASS,,,
4.9_+_UP_CHILLER_AND_2.5~L5.8~W2.5~H2.56~drd, 4.9 & UP CHILLER AND 2.5 WIDE ,27,CHILLER LARGE,drd,5.8,2.5,2.56,FLOOR,FLOOR,18918.99267,18918.99,0.0,PASS,,,
4.9_+_UP_CHILLER_AND_2.5~L5.8~W2.5~H2.56~drd, 4.9 & UP CHILLER AND 2.5 WIDE ,27,CHILLER LARGE,drd,5.8,2.5,2.56,ALUMINIUM,ALUMINIUM,11607.1011,11607.1,0.0,PASS,,,
4.9_+_UP_CHILLER_AND_2.5~L5.8~W2.5~H2.56~drd, 4.9 & UP CHILLER AND 2.5 WIDE ,27,CHILLER LARGE,drd,5.8,2.5,2.56,SUB FRAME + LIGHT BOX ASSY,SUB FRAME + LIGHT BOX ASSY,8437.023068,8437.03,0.0,PASS,,,
4.9_+_UP_CHILLER_AND_2.5~L5.8~W2.5~H2.56~drd, 4.9 & UP CHILLER AND 2.5 WIDE ,27,CHILLER LARGE,drd,5.8,2.5,2.56,REAR FRAME + FLOOR PLATE,REAR FRAME & FLOOR PLATE,5472.944561,5472.97,0.0,PASS,,,
4.9_+_UP_CHILLER_AND_2.5~L5.8~W2.5~H2.56~drd, 4.9 & UP CHILLER AND 2.5 WIDE ,27,CHILLER LARGE,drd,5.8,2.5,2.56,SPRAY PAINTING,SPRAY PAINTING,750.0,750.0,0.0,PASS,,,
4.9_+_UP_CHILLER_AND_2.5~L5.8~W2.5~H2.56~drd, 4.9 & UP CHILLER AND 2.5 WIDE ,27,CHILLER LARGE,drd,5.8,2.5,2.56,REFLEXITE TAPE,REFLEXITE TAPE,256.5,256.5,0.0,PASS,,,
4.9_+_UP_CHILLER_AND_2.5~L5.8~W2.5~H2.56~foam_4g, 4.9 & UP CHILLER AND 2.5 WIDE ,27,CHILLER LARGE,foam_4g,5.8,2.5,2.56,FRONT,FRONT,4566.529064,4566.47,0.001,PASS,,,
4.9_+_UP_CHILLER_AND_2.5~L5.8~W2.5~H2.56~foam_4g, 4.9 & UP CHILLER AND 2.5 WIDE ,27,CHILLER LARGE,foam_4g,5.8,2.5,2.56,SRD,,0.0,,,SKIP,,,
4.9_+_UP_CHILLER_AND_2.5~L5.8~W2.5~H2.56~foam_4g, 4.9 & UP CHILLER AND 2.5 WIDE ,27,CHILLER LARGE,foam_4g,5.8,2.5,2.56,SRD DOOR FITTINGS,,0.0,,,SKIP,,,
4.9_+_UP_CHILLER_AND_2.5~L5.8~W2.5~H2.56~foam_4g, 4.9 & UP CHILLER AND 2.5 WIDE ,27,CHILLER LARGE,foam_4g,5.8,2.5,2.56,DRD,DRD,5715.188449,5715.13,0.001,PASS,,,
4.9_+_UP_CHILLER_AND_2.5~L5.8~W2.5~H2.56~foam_4g, 4.9 & UP CHILLER AND 2.5 WIDE ,27,CHILLER LARGE,foam_4g,5.8,2.5,2.56,DRD DOOR FITTINGS,DRD DOOR FITTINGS,6200.61678,6200.62,0.0,PASS,,,
4.9_+_UP_CHILLER_AND_2.5~L5.8~W2.5~H2.56~foam_4g, 4.9 & UP CHILLER AND 2.5 WIDE ,27,CHILLER LARGE,foam_4g,5.8,2.5,2.56,SIDES,SIDES,21672.037843,21671.75,0.001,PASS,,,
4.9_+_UP_CHILLER_AND_2.5~L5.8~W2.5~H2.56~foam_4g, 4.9 & UP CHILLER AND 2.5 WIDE ,27,CHILLER LARGE,foam_4g,5.8,2.5,2.56,ROOF,ROOF,11198.263497,11198.16,0.001,PASS,,,
4.9_+_UP_CHILLER_AND_2.5~L5.8~W2.5~H2.56~foam_4g, 4.9 & UP CHILLER AND 2.5 WIDE ,27,CHILLER LARGE,foam_4g,5.8,2.5,2.56,FLOOR,FLOOR,18918.99267,18918.99,0.0,PASS,,,
4.9_+_UP_CHILLER_AND_2.5~L5.8~W2.5~H2.56~foam_4g, 4.9 & UP CHILLER AND 2.5 WIDE ,27,CHILLER LARGE,foam_4g,5.8,2.5,2.56,ALUMINIUM,ALUMINIUM,11607.1011,11607.1,0.0,PASS,,,
4.9_+_UP_CHILLER_AND_2.5~L5.8~W2.5~H2.56~foam_4g, 4.9 & UP CHILLER AND 2.5 WIDE ,27,CHILLER LARGE,foam_4g,5.8,2.5,2.56,SUB FRAME + LIGHT BOX ASSY,SUB FRAME + LIGHT BOX ASSY,8437.023068,8437.03,0.0,PASS,,,
4.9_+_UP_CHILLER_AND_2.5~L5.8~W2.5~H2.56~foam_4g, 4.9 & UP CHILLER AND 2.5 WIDE ,27,CHILLER LARGE,foam_4g,5.8,2.5,2.56,REAR FRAME + FLOOR PLATE,REAR FRAME & FLOOR PLATE,5472.944561,5472.97,0.0,PASS,,,
4.9_+_UP_CHILLER_AND_2.5~L5.8~W2.5~H2.56~foam_4g, 4.9 & UP CHILLER AND 2.5 WIDE ,27,CHILLER LARGE,foam_4g,5.8,2.5,2.56,SPRAY PAINTING,SPRAY PAINTING,750.0,750.0,0.0,PASS,,,
4.9_+_UP_CHILLER_AND_2.5~L5.8~W2.5~H2.56~foam_4g, 4.9 & UP CHILLER AND 2.5 WIDE ,27,CHILLER LARGE,foam_4g,5.8,2.5,2.56,REFLEXITE TAPE,REFLEXITE TAPE,256.5,256.5,0.0,PASS,,,
4.9_+_UP_CHILLER_AND_2.5~L5.8~W2.6~H2.56~as_sheet, 4.9 & UP CHILLER AND 2.5 WIDE ,27,CHILLER LARGE,as_sheet,5.8,2.6,2.56,FRONT,FRONT,4747.056155,4747.0,0.001,PASS,,,
4.9_+_UP_CHILLER_AND_2.5~L5.8~W2.6~H2.56~as_sheet, 4.9 & UP CHILLER AND 2.5 WIDE ,27,CHILLER LARGE,as_sheet,5.8,2.6,2.56,SRD,,0.0,,,SKIP,,,
4.9_+_UP_CHILLER_AND_2.5~L5.8~W2.6~H2.56~as_sheet, 4.9 & UP CHILLER AND 2.5 WIDE ,27,CHILLER LARGE,as_sheet,5.8,2.6,2.56,SRD DOOR FITTINGS,,0.0,,,SKIP,,,
4.9_+_UP_CHILLER_AND_2.5~L5.8~W2.6~H2.56~as_sheet, 4.9 & UP CHILLER AND 2.5 WIDE ,27,CHILLER LARGE,as_sheet,5.8,2.6,2.56,DRD,DRD,5907.123728,5907.06,0.001,PASS,,,
4.9_+_UP_CHILLER_AND_2.5~L5.8~W2.6~H2.56~as_sheet, 4.9 & UP CHILLER AND 2.5 WIDE ,27,CHILLER LARGE,as_sheet,5.8,2.6,2.56,DRD DOOR FITTINGS,DRD DOOR FITTINGS,6247.51278,6247.51,0.0,PASS,,,
4.9_+_UP_CHILLER_AND_2.5~L5.8~W2.6~H2.56~as_sheet, 4.9 & UP CHILLER AND 2.5 WIDE ,27,CHILLER LARGE,as_sheet,5.8,2.6,2.56,SIDES,SIDES,21672.037843,21671.75,0.001,PASS,,,
4.9_+_UP_CHILLER_AND_2.5~L5.8~W2.6~H2.56~as_sheet, 4.9 & UP CHILLER AND 2.5 WIDE ,27,CHILLER LARGE,as_sheet,5.8,2.6,2.56,ROOF,ROOF,11617.03602,11616.93,0.001,PASS,,,
4.9_+_UP_CHILLER_AND_2.5~L5.8~W2.6~H2.56~as_sheet, 4.9 & UP CHILLER AND 2.5 WIDE ,27,CHILLER LARGE,as_sheet,5.8,2.6,2.56,FLOOR,FLOOR,19508.811542,19508.81,0.0,PASS,,,
4.9_+_UP_CHILLER_AND_2.5~L5.8~W2.6~H2.56~as_sheet, 4.9 & UP CHILLER AND 2.5 WIDE ,27,CHILLER LARGE,as_sheet,5.8,2.6,2.56,ALUMINIUM,ALUMINIUM,11642.848767,11642.85,0.0,PASS,,,
4.9_+_UP_CHILLER_AND_2.5~L5.8~W2.6~H2.56~as_sheet, 4.9 & UP CHILLER AND 2.5 WIDE ,27,CHILLER LARGE,as_sheet,5.8,2.6,2.56,SUB FRAME + LIGHT BOX ASSY,SUB FRAME + LIGHT BOX ASSY,8437.023068,8437.03,0.0,PASS,,,
4.9_+_UP_CHILLER_AND_2.5~L5.8~W2.6~H2.56~as_sheet, 4.9 & UP CHILLER AND 2.5 WIDE ,27,CHILLER LARGE,as_sheet,5.8,2.6,2.56,REAR FRAME + FLOOR PLATE,REAR FRAME & FLOOR PLATE,5502.400241,5502.42,0.0,PASS,,,
4.9_+_UP_CHILLER_AND_2.5~L5.8~W2.6~H2.56~as_sheet, 4.9 & UP CHILLER AND 2.5 WIDE ,27,CHILLER LARGE,as_sheet,5.8,2.6,2.56,SPRAY PAINTING,SPRAY PAINTING,750.0,750.0,0.0,PASS,,,
4.9_+_UP_CHILLER_AND_2.5~L5.8~W2.6~H2.56~as_sheet, 4.9 & UP CHILLER AND 2.5 WIDE ,27,CHILLER LARGE,as_sheet,5.8,2.6,2.56,REFLEXITE TAPE,REFLEXITE TAPE,258.3,258.3,0.0,PASS,,,
4.9_+_UP_CHILLER_AND_2.5~L5.8~W2.6~H2.56~all_eps, 4.9 & UP CHILLER AND 2.5 WIDE ,27,CHILLER LARGE,all_eps,5.8,2.6,2.56,FRONT,FRONT,4747.056155,4747.0,0.001,PASS,,,
4.9_+_UP_CHILLER_AND_2.5~L5.8~W2.6~H2.56~all_eps, 4.9 & UP CHILLER AND 2.5 WIDE ,27,CHILLER LARGE,all_eps,5.8,2.6,2.56,SRD,,0.0,,,SKIP,,,
4.9_+_UP_CHILLER_AND_2.5~L5.8~W2.6~H2.56~all_eps, 4.9 & UP CHILLER AND 2.5 WIDE ,27,CHILLER LARGE,all_eps,5.8,2.6,2.56,SRD DOOR FITTINGS,,0.0,,,SKIP,,,
4.9_+_UP_CHILLER_AND_2.5~L5.8~W2.6~H2.56~all_eps, 4.9 & UP CHILLER AND 2.5 WIDE ,27,CHILLER LARGE,all_eps,5.8,2.6,2.56,DRD,DRD,5907.123728,5907.06,0.001,PASS,,,
4.9_+_UP_CHILLER_AND_2.5~L5.8~W2.6~H2.56~all_eps, 4.9 & UP CHILLER AND 2.5 WIDE ,27,CHILLER LARGE,all_eps,5.8,2.6,2.56,DRD DOOR FITTINGS,DRD DOOR FITTINGS,6247.51278,6247.51,0.0,PASS,,,
4.9_+_UP_CHILLER_AND_2.5~L5.8~W2.6~H2.56~all_eps, 4.9 & UP CHILLER AND 2.5 WIDE ,27,CHILLER LARGE,all_eps,5.8,2.6,2.56,SIDES,SIDES,21672.037843,21671.75,0.001,PASS,,,
4.9_+_UP_CHILLER_AND_2.5~L5.8~W2.6~H2.56~all_eps, 4.9 & UP CHILLER AND 2.5 WIDE ,27,CHILLER LARGE,all_eps,5.8,2.6,2.56,ROOF,ROOF,11617.03602,11616.93,0.001,PASS,,,
4.9_+_UP_CHILLER_AND_2.5~L5.8~W2.6~H2.56~all_eps, 4.9 & UP CHILLER AND 2.5 WIDE ,27,CHILLER LARGE,all_eps,5.8,2.6,2.56,FLOOR,FLOOR,19508.811542,19508.81,0.0,PASS,,,
4.9_+_UP_CHILLER_AND_2.5~L5.8~W2.6~H2.56~all_eps, 4.9 & UP CHILLER AND 2.5 WIDE ,27,CHILLER LARGE,all_eps,5.8,2.6,2.56,ALUMINIUM,ALUMINIUM,11642.848767,11642.85,0.0,PASS,,,
4.9_+_UP_CHILLER_AND_2.5~L5.8~W2.6~H2.56~all_eps, 4.9 & UP CHILLER AND 2.5 WIDE ,27,CHILLER LARGE,all_eps,5.8,2.6,2.56,SUB FRAME + LIGHT BOX ASSY,SUB FRAME + LIGHT BOX ASSY,8437.023068,8437.03,0.0,PASS,,,
4.9_+_UP_CHILLER_AND_2.5~L5.8~W2.6~H2.56~all_eps, 4.9 & UP CHILLER AND 2.5 WIDE ,27,CHILLER LARGE,all_eps,5.8,2.6,2.56,REAR FRAME + FLOOR PLATE,REAR FRAME & FLOOR PLATE,5502.400241,5502.42,0.0,PASS,,,
4.9_+_UP_CHILLER_AND_2.5~L5.8~W2.6~H2.56~all_eps, 4.9 & UP CHILLER AND 2.5 WIDE ,27,CHILLER LARGE,all_eps,5.8,2.6,2.56,SPRAY PAINTING,SPRAY PAINTING,750.0,750.0,0.0,PASS,,,
4.9_+_UP_CHILLER_AND_2.5~L5.8~W2.6~H2.56~all_eps, 4.9 & UP CHILLER AND 2.5 WIDE ,27,CHILLER LARGE,all_eps,5.8,2.6,2.56,REFLEXITE TAPE,REFLEXITE TAPE,258.3,258.3,0.0,PASS,,,
4.9_+_UP_CHILLER_AND_2.5~L5.8~W2.6~H2.56~all_pu, 4.9 & UP CHILLER AND 2.5 WIDE ,27,CHILLER LARGE,all_pu,5.8,2.6,2.56,FRONT,FRONT,5265.392232,6154.2,16.88,ACCEPTED,,BOTH PU (+888.87),[RULING] PROD prices chiller PU at R334.50/sheet (the September 32D rate) where Burt's chiller sheets hard-code a 2018 rate (3090 -> R185.20/sheet): MES +R890 (front) to +R4k (sides) per PU panel. Prod is likely the current one; Burt's sheets need the [1]PU! link.
4.9_+_UP_CHILLER_AND_2.5~L5.8~W2.6~H2.56~all_pu, 4.9 & UP CHILLER AND 2.5 WIDE ,27,CHILLER LARGE,all_pu,5.8,2.6,2.56,SRD,,0.0,,,SKIP,,,
4.9_+_UP_CHILLER_AND_2.5~L5.8~W2.6~H2.56~all_pu, 4.9 & UP CHILLER AND 2.5 WIDE ,27,CHILLER LARGE,all_pu,5.8,2.6,2.56,SRD DOOR FITTINGS,,0.0,,,SKIP,,,
4.9_+_UP_CHILLER_AND_2.5~L5.8~W2.6~H2.56~all_pu, 4.9 & UP CHILLER AND 2.5 WIDE ,27,CHILLER LARGE,all_pu,5.8,2.6,2.56,DRD,DRD,5913.521182,7733.29,30.773,ACCEPTED,,BOTH PU (+1819.83),[RULING] PROD prices chiller PU at R334.50/sheet (the September 32D rate) where Burt's chiller sheets hard-code a 2018 rate (3090 -> R185.20/sheet): MES +R890 (front) to +R4k (sides) per PU panel. Prod is likely the current one; Burt's sheets need the [1]PU! link.
4.9_+_UP_CHILLER_AND_2.5~L5.8~W2.6~H2.56~all_pu, 4.9 & UP CHILLER AND 2.5 WIDE ,27,CHILLER LARGE,all_pu,5.8,2.6,2.56,DRD DOOR FITTINGS,DRD DOOR FITTINGS,6351.12346,6334.55,0.261,PASS,,,
4.9_+_UP_CHILLER_AND_2.5~L5.8~W2.6~H2.56~all_pu, 4.9 & UP CHILLER AND 2.5 WIDE ,27,CHILLER LARGE,all_pu,5.8,2.6,2.56,SIDES,SIDES,24232.896397,28813.1,18.901,ACCEPTED,,BOTH PU (+4580.50),[RULING] PROD prices chiller PU at R334.50/sheet (the September 32D rate) where Burt's chiller sheets hard-code a 2018 rate (3090 -> R185.20/sheet): MES +R890 (front) to +R4k (sides) per PU panel. Prod is likely the current one; Burt's sheets need the [1]PU! link.
4.9_+_UP_CHILLER_AND_2.5~L5.8~W2.6~H2.56~all_pu, 4.9 & UP CHILLER AND 2.5 WIDE ,27,CHILLER LARGE,all_pu,5.8,2.6,2.56,ROOF,ROOF,11772.027602,12829.37,8.982,ACCEPTED,,BOTH PU (+1057.45),[RULING] PROD prices chiller PU at R334.50/sheet (the September 32D rate) where Burt's chiller sheets hard-code a 2018 rate (3090 -> R185.20/sheet): MES +R890 (front) to +R4k (sides) per PU panel. Prod is likely the current one; Burt's sheets need the [1]PU! link.
4.9_+_UP_CHILLER_AND_2.5~L5.8~W2.6~H2.56~all_pu, 4.9 & UP CHILLER AND 2.5 WIDE ,27,CHILLER LARGE,all_pu,5.8,2.6,2.56,FLOOR,FLOOR,19663.803124,20721.25,5.378,ACCEPTED,,BOTH PU (+1057.45),[RULING] PROD prices chiller PU at R334.50/sheet (the September 32D rate) where Burt's chiller sheets hard-code a 2018 rate (3090 -> R185.20/sheet): MES +R890 (front) to +R4k (sides) per PU panel. Prod is likely the current one; Burt's sheets need the [1]PU! link.
4.9_+_UP_CHILLER_AND_2.5~L5.8~W2.6~H2.56~all_pu, 4.9 & UP CHILLER AND 2.5 WIDE ,27,CHILLER LARGE,all_pu,5.8,2.6,2.56,ALUMINIUM,ALUMINIUM,11642.848767,11642.85,0.0,PASS,,,
4.9_+_UP_CHILLER_AND_2.5~L5.8~W2.6~H2.56~all_pu, 4.9 & UP CHILLER AND 2.5 WIDE ,27,CHILLER LARGE,all_pu,5.8,2.6,2.56,SUB FRAME + LIGHT BOX ASSY,SUB FRAME + LIGHT BOX ASSY,8437.023068,8437.03,0.0,PASS,,,
4.9_+_UP_CHILLER_AND_2.5~L5.8~W2.6~H2.56~all_pu, 4.9 & UP CHILLER AND 2.5 WIDE ,27,CHILLER LARGE,all_pu,5.8,2.6,2.56,REAR FRAME + FLOOR PLATE,REAR FRAME & FLOOR PLATE,5502.400241,5502.42,0.0,PASS,,,
4.9_+_UP_CHILLER_AND_2.5~L5.8~W2.6~H2.56~all_pu, 4.9 & UP CHILLER AND 2.5 WIDE ,27,CHILLER LARGE,all_pu,5.8,2.6,2.56,SPRAY PAINTING,SPRAY PAINTING,750.0,750.0,0.0,PASS,,,
4.9_+_UP_CHILLER_AND_2.5~L5.8~W2.6~H2.56~all_pu, 4.9 & UP CHILLER AND 2.5 WIDE ,27,CHILLER LARGE,all_pu,5.8,2.6,2.56,REFLEXITE TAPE,REFLEXITE TAPE,258.3,258.3,0.0,PASS,,,
4.9_+_UP_CHILLER_AND_2.5~L5.8~W2.6~H2.56~srd, 4.9 & UP CHILLER AND 2.5 WIDE ,27,CHILLER LARGE,srd,5.8,2.6,2.56,FRONT,FRONT,4747.056155,4747.0,0.001,PASS,,,
4.9_+_UP_CHILLER_AND_2.5~L5.8~W2.6~H2.56~srd, 4.9 & UP CHILLER AND 2.5 WIDE ,27,CHILLER LARGE,srd,5.8,2.6,2.56,SRD,SRD,4955.107829,4823.21,2.662,ACCEPTED,,PRICE_DIFF EPS (-131.84),[DATA] PROD SRD EPS line priced differently from Burt on CHILLER 2.3 / CHILLER LARGE (-R127 to -R148).
4.9_+_UP_CHILLER_AND_2.5~L5.8~W2.6~H2.56~srd, 4.9 & UP CHILLER AND 2.5 WIDE ,27,CHILLER LARGE,srd,5.8,2.6,2.56,SRD DOOR FITTINGS,SRD DOOR FITTINGS,6731.60454,7167.23,6.471,ACCEPTED,,MISSING_IN_MES 28780 BIG VERTICAL (-763.29),"[DATA] SRD DOOR FITTINGS on every body: MES CSLB HINGES R293.46 x2 (Excel R146.73 x2 - the pair price applied per hinge) and SILPLUS X WHITE R232.30 (Excel R116.15); per body also 34MM LOCKING POLE, 28782 BIG HORIZ CAPPING, ALU CORNERS, 28780/28778 BIG VERTICAL."
4.9_+_UP_CHILLER_AND_2.5~L5.8~W2.6~H2.56~srd, 4.9 & UP CHILLER AND 2.5 WIDE ,27,CHILLER LARGE,srd,5.8,2.6,2.56,DRD,,0.0,,,SKIP,,,
4.9_+_UP_CHILLER_AND_2.5~L5.8~W2.6~H2.56~srd, 4.9 & UP CHILLER AND 2.5 WIDE ,27,CHILLER LARGE,srd,5.8,2.6,2.56,DRD DOOR FITTINGS,,0.0,,,SKIP,,,
4.9_+_UP_CHILLER_AND_2.5~L5.8~W2.6~H2.56~srd, 4.9 & UP CHILLER AND 2.5 WIDE ,27,CHILLER LARGE,srd,5.8,2.6,2.56,SIDES,SIDES,21672.037843,21671.75,0.001,PASS,,,
4.9_+_UP_CHILLER_AND_2.5~L5.8~W2.6~H2.56~srd, 4.9 & UP CHILLER AND 2.5 WIDE ,27,CHILLER LARGE,srd,5.8,2.6,2.56,ROOF,ROOF,11617.03602,11616.93,0.001,PASS,,,
4.9_+_UP_CHILLER_AND_2.5~L5.8~W2.6~H2.56~srd, 4.9 & UP CHILLER AND 2.5 WIDE ,27,CHILLER LARGE,srd,5.8,2.6,2.56,FLOOR,FLOOR,19508.811542,19508.81,0.0,PASS,,,
4.9_+_UP_CHILLER_AND_2.5~L5.8~W2.6~H2.56~srd, 4.9 & UP CHILLER AND 2.5 WIDE ,27,CHILLER LARGE,srd,5.8,2.6,2.56,ALUMINIUM,ALUMINIUM,11642.848767,11642.85,0.0,PASS,,,
4.9_+_UP_CHILLER_AND_2.5~L5.8~W2.6~H2.56~srd, 4.9 & UP CHILLER AND 2.5 WIDE ,27,CHILLER LARGE,srd,5.8,2.6,2.56,SUB FRAME + LIGHT BOX ASSY,SUB FRAME + LIGHT BOX ASSY,8437.023068,8437.03,0.0,PASS,,,
4.9_+_UP_CHILLER_AND_2.5~L5.8~W2.6~H2.56~srd, 4.9 & UP CHILLER AND 2.5 WIDE ,27,CHILLER LARGE,srd,5.8,2.6,2.56,REAR FRAME + FLOOR PLATE,REAR FRAME & FLOOR PLATE,0.0,5502.42,,ACCEPTED,EXTRA_IN_MES,,"[RULING] Burt gates REAR FRAME + FLOOR PLATE on the DRD flags, so a single-rear-door body carries R0 there; MES always includes the section (R2.4k-R5.5k). Which is right needs Burt/Michael."
4.9_+_UP_CHILLER_AND_2.5~L5.8~W2.6~H2.56~srd, 4.9 & UP CHILLER AND 2.5 WIDE ,27,CHILLER LARGE,srd,5.8,2.6,2.56,SPRAY PAINTING,SPRAY PAINTING,750.0,750.0,0.0,PASS,,,
4.9_+_UP_CHILLER_AND_2.5~L5.8~W2.6~H2.56~srd, 4.9 & UP CHILLER AND 2.5 WIDE ,27,CHILLER LARGE,srd,5.8,2.6,2.56,REFLEXITE TAPE,REFLEXITE TAPE,258.3,258.3,0.0,PASS,,,
4.9_+_UP_CHILLER_AND_2.5~L5.8~W2.6~H2.56~drd, 4.9 & UP CHILLER AND 2.5 WIDE ,27,CHILLER LARGE,drd,5.8,2.6,2.56,FRONT,FRONT,4747.056155,4747.0,0.001,PASS,,,
4.9_+_UP_CHILLER_AND_2.5~L5.8~W2.6~H2.56~drd, 4.9 & UP CHILLER AND 2.5 WIDE ,27,CHILLER LARGE,drd,5.8,2.6,2.56,SRD,,0.0,,,SKIP,,,
4.9_+_UP_CHILLER_AND_2.5~L5.8~W2.6~H2.56~drd, 4.9 & UP CHILLER AND 2.5 WIDE ,27,CHILLER LARGE,drd,5.8,2.6,2.56,SRD DOOR FITTINGS,,0.0,,,SKIP,,,
4.9_+_UP_CHILLER_AND_2.5~L5.8~W2.6~H2.56~drd, 4.9 & UP CHILLER AND 2.5 WIDE ,27,CHILLER LARGE,drd,5.8,2.6,2.56,DRD,DRD,5907.123728,5907.06,0.001,PASS,,,
4.9_+_UP_CHILLER_AND_2.5~L5.8~W2.6~H2.56~drd, 4.9 & UP CHILLER AND 2.5 WIDE ,27,CHILLER LARGE,drd,5.8,2.6,2.56,DRD DOOR FITTINGS,DRD DOOR FITTINGS,6247.51278,6247.51,0.0,PASS,,,
4.9_+_UP_CHILLER_AND_2.5~L5.8~W2.6~H2.56~drd, 4.9 & UP CHILLER AND 2.5 WIDE ,27,CHILLER LARGE,drd,5.8,2.6,2.56,SIDES,SIDES,21672.037843,21671.75,0.001,PASS,,,
4.9_+_UP_CHILLER_AND_2.5~L5.8~W2.6~H2.56~drd, 4.9 & UP CHILLER AND 2.5 WIDE ,27,CHILLER LARGE,drd,5.8,2.6,2.56,ROOF,ROOF,11617.03602,11616.93,0.001,PASS,,,
4.9_+_UP_CHILLER_AND_2.5~L5.8~W2.6~H2.56~drd, 4.9 & UP CHILLER AND 2.5 WIDE ,27,CHILLER LARGE,drd,5.8,2.6,2.56,FLOOR,FLOOR,19508.811542,19508.81,0.0,PASS,,,
4.9_+_UP_CHILLER_AND_2.5~L5.8~W2.6~H2.56~drd, 4.9 & UP CHILLER AND 2.5 WIDE ,27,CHILLER LARGE,drd,5.8,2.6,2.56,ALUMINIUM,ALUMINIUM,11642.848767,11642.85,0.0,PASS,,,
4.9_+_UP_CHILLER_AND_2.5~L5.8~W2.6~H2.56~drd, 4.9 & UP CHILLER AND 2.5 WIDE ,27,CHILLER LARGE,drd,5.8,2.6,2.56,SUB FRAME + LIGHT BOX ASSY,SUB FRAME + LIGHT BOX ASSY,8437.023068,8437.03,0.0,PASS,,,
4.9_+_UP_CHILLER_AND_2.5~L5.8~W2.6~H2.56~drd, 4.9 & UP CHILLER AND 2.5 WIDE ,27,CHILLER LARGE,drd,5.8,2.6,2.56,REAR FRAME + FLOOR PLATE,REAR FRAME & FLOOR PLATE,5502.400241,5502.42,0.0,PASS,,,
4.9_+_UP_CHILLER_AND_2.5~L5.8~W2.6~H2.56~drd, 4.9 & UP CHILLER AND 2.5 WIDE ,27,CHILLER LARGE,drd,5.8,2.6,2.56,SPRAY PAINTING,SPRAY PAINTING,750.0,750.0,0.0,PASS,,,
4.9_+_UP_CHILLER_AND_2.5~L5.8~W2.6~H2.56~drd, 4.9 & UP CHILLER AND 2.5 WIDE ,27,CHILLER LARGE,drd,5.8,2.6,2.56,REFLEXITE TAPE,REFLEXITE TAPE,258.3,258.3,0.0,PASS,,,
4.9_+_UP_CHILLER_AND_2.5~L5.8~W2.6~H2.56~foam_4g, 4.9 & UP CHILLER AND 2.5 WIDE ,27,CHILLER LARGE,foam_4g,5.8,2.6,2.56,FRONT,FRONT,4747.056155,4747.0,0.001,PASS,,,
4.9_+_UP_CHILLER_AND_2.5~L5.8~W2.6~H2.56~foam_4g, 4.9 & UP CHILLER AND 2.5 WIDE ,27,CHILLER LARGE,foam_4g,5.8,2.6,2.56,SRD,,0.0,,,SKIP,,,
4.9_+_UP_CHILLER_AND_2.5~L5.8~W2.6~H2.56~foam_4g, 4.9 & UP CHILLER AND 2.5 WIDE ,27,CHILLER LARGE,foam_4g,5.8,2.6,2.56,SRD DOOR FITTINGS,,0.0,,,SKIP,,,
4.9_+_UP_CHILLER_AND_2.5~L5.8~W2.6~H2.56~foam_4g, 4.9 & UP CHILLER AND 2.5 WIDE ,27,CHILLER LARGE,foam_4g,5.8,2.6,2.56,DRD,DRD,5907.123728,5907.06,0.001,PASS,,,
4.9_+_UP_CHILLER_AND_2.5~L5.8~W2.6~H2.56~foam_4g, 4.9 & UP CHILLER AND 2.5 WIDE ,27,CHILLER LARGE,foam_4g,5.8,2.6,2.56,DRD DOOR FITTINGS,DRD DOOR FITTINGS,6247.51278,6247.51,0.0,PASS,,,
4.9_+_UP_CHILLER_AND_2.5~L5.8~W2.6~H2.56~foam_4g, 4.9 & UP CHILLER AND 2.5 WIDE ,27,CHILLER LARGE,foam_4g,5.8,2.6,2.56,SIDES,SIDES,21672.037843,21671.75,0.001,PASS,,,
4.9_+_UP_CHILLER_AND_2.5~L5.8~W2.6~H2.56~foam_4g, 4.9 & UP CHILLER AND 2.5 WIDE ,27,CHILLER LARGE,foam_4g,5.8,2.6,2.56,ROOF,ROOF,11617.03602,11616.93,0.001,PASS,,,
4.9_+_UP_CHILLER_AND_2.5~L5.8~W2.6~H2.56~foam_4g, 4.9 & UP CHILLER AND 2.5 WIDE ,27,CHILLER LARGE,foam_4g,5.8,2.6,2.56,FLOOR,FLOOR,19508.811542,19508.81,0.0,PASS,,,
4.9_+_UP_CHILLER_AND_2.5~L5.8~W2.6~H2.56~foam_4g, 4.9 & UP CHILLER AND 2.5 WIDE ,27,CHILLER LARGE,foam_4g,5.8,2.6,2.56,ALUMINIUM,ALUMINIUM,11642.848767,11642.85,0.0,PASS,,,
4.9_+_UP_CHILLER_AND_2.5~L5.8~W2.6~H2.56~foam_4g, 4.9 & UP CHILLER AND 2.5 WIDE ,27,CHILLER LARGE,foam_4g,5.8,2.6,2.56,SUB FRAME + LIGHT BOX ASSY,SUB FRAME + LIGHT BOX ASSY,8437.023068,8437.03,0.0,PASS,,,
4.9_+_UP_CHILLER_AND_2.5~L5.8~W2.6~H2.56~foam_4g, 4.9 & UP CHILLER AND 2.5 WIDE ,27,CHILLER LARGE,foam_4g,5.8,2.6,2.56,REAR FRAME + FLOOR PLATE,REAR FRAME & FLOOR PLATE,5502.400241,5502.42,0.0,PASS,,,
4.9_+_UP_CHILLER_AND_2.5~L5.8~W2.6~H2.56~foam_4g, 4.9 & UP CHILLER AND 2.5 WIDE ,27,CHILLER LARGE,foam_4g,5.8,2.6,2.56,SPRAY PAINTING,SPRAY PAINTING,750.0,750.0,0.0,PASS,,,
4.9_+_UP_CHILLER_AND_2.5~L5.8~W2.6~H2.56~foam_4g, 4.9 & UP CHILLER AND 2.5 WIDE ,27,CHILLER LARGE,foam_4g,5.8,2.6,2.56,REFLEXITE TAPE,REFLEXITE TAPE,258.3,258.3,0.0,PASS,,,
4.9_+_UP_CHILLER_AND_2.5~L7.5~W2.5~H2.56~as_sheet, 4.9 & UP CHILLER AND 2.5 WIDE ,27,CHILLER LARGE,as_sheet,7.5,2.5,2.56,FRONT,FRONT,4566.529064,4566.47,0.001,PASS,,,
4.9_+_UP_CHILLER_AND_2.5~L7.5~W2.5~H2.56~as_sheet, 4.9 & UP CHILLER AND 2.5 WIDE ,27,CHILLER LARGE,as_sheet,7.5,2.5,2.56,SRD,,0.0,,,SKIP,,,
4.9_+_UP_CHILLER_AND_2.5~L7.5~W2.5~H2.56~as_sheet, 4.9 & UP CHILLER AND 2.5 WIDE ,27,CHILLER LARGE,as_sheet,7.5,2.5,2.56,SRD DOOR FITTINGS,,0.0,,,SKIP,,,
4.9_+_UP_CHILLER_AND_2.5~L7.5~W2.5~H2.56~as_sheet, 4.9 & UP CHILLER AND 2.5 WIDE ,27,CHILLER LARGE,as_sheet,7.5,2.5,2.56,DRD,DRD,5715.188449,5715.13,0.001,PASS,,,
4.9_+_UP_CHILLER_AND_2.5~L7.5~W2.5~H2.56~as_sheet, 4.9 & UP CHILLER AND 2.5 WIDE ,27,CHILLER LARGE,as_sheet,7.5,2.5,2.56,DRD DOOR FITTINGS,DRD DOOR FITTINGS,6200.61678,6200.62,0.0,PASS,,,
4.9_+_UP_CHILLER_AND_2.5~L7.5~W2.5~H2.56~as_sheet, 4.9 & UP CHILLER AND 2.5 WIDE ,27,CHILLER LARGE,as_sheet,7.5,2.5,2.56,SIDES,SIDES,27809.958949,27809.59,0.001,PASS,,,
4.9_+_UP_CHILLER_AND_2.5~L7.5~W2.5~H2.56~as_sheet, 4.9 & UP CHILLER AND 2.5 WIDE ,27,CHILLER LARGE,as_sheet,7.5,2.5,2.56,ROOF,ROOF,14379.57191,14379.44,0.001,PASS,,,
4.9_+_UP_CHILLER_AND_2.5~L7.5~W2.5~H2.56~as_sheet, 4.9 & UP CHILLER AND 2.5 WIDE ,27,CHILLER LARGE,as_sheet,7.5,2.5,2.56,FLOOR,FLOOR,24034.103368,24034.1,0.0,PASS,,,
4.9_+_UP_CHILLER_AND_2.5~L7.5~W2.5~H2.56~as_sheet, 4.9 & UP CHILLER AND 2.5 WIDE ,27,CHILLER LARGE,as_sheet,7.5,2.5,2.56,ALUMINIUM,ALUMINIUM,14102.9051,14102.91,0.0,PASS,,,
4.9_+_UP_CHILLER_AND_2.5~L7.5~W2.5~H2.56~as_sheet, 4.9 & UP CHILLER AND 2.5 WIDE ,27,CHILLER LARGE,as_sheet,7.5,2.5,2.56,SUB FRAME + LIGHT BOX ASSY,SUB FRAME + LIGHT BOX ASSY,9263.223068,9263.23,0.0,PASS,,,
4.9_+_UP_CHILLER_AND_2.5~L7.5~W2.5~H2.56~as_sheet, 4.9 & UP CHILLER AND 2.5 WIDE ,27,CHILLER LARGE,as_sheet,7.5,2.5,2.56,REAR FRAME + FLOOR PLATE,REAR FRAME & FLOOR PLATE,5472.944561,5472.97,0.0,PASS,,,
4.9_+_UP_CHILLER_AND_2.5~L7.5~W2.5~H2.56~as_sheet, 4.9 & UP CHILLER AND 2.5 WIDE ,27,CHILLER LARGE,as_sheet,7.5,2.5,2.56,SPRAY PAINTING,SPRAY PAINTING,750.0,750.0,0.0,PASS,,,
4.9_+_UP_CHILLER_AND_2.5~L7.5~W2.5~H2.56~as_sheet, 4.9 & UP CHILLER AND 2.5 WIDE ,27,CHILLER LARGE,as_sheet,7.5,2.5,2.56,REFLEXITE TAPE,REFLEXITE TAPE,317.7,317.7,0.0,PASS,,,
4.9_+_UP_CHILLER_AND_2.5~L7.5~W2.5~H2.56~all_eps, 4.9 & UP CHILLER AND 2.5 WIDE ,27,CHILLER LARGE,all_eps,7.5,2.5,2.56,FRONT,FRONT,4566.529064,4566.47,0.001,PASS,,,
4.9_+_UP_CHILLER_AND_2.5~L7.5~W2.5~H2.56~all_eps, 4.9 & UP CHILLER AND 2.5 WIDE ,27,CHILLER LARGE,all_eps,7.5,2.5,2.56,SRD,,0.0,,,SKIP,,,
4.9_+_UP_CHILLER_AND_2.5~L7.5~W2.5~H2.56~all_eps, 4.9 & UP CHILLER AND 2.5 WIDE ,27,CHILLER LARGE,all_eps,7.5,2.5,2.56,SRD DOOR FITTINGS,,0.0,,,SKIP,,,
4.9_+_UP_CHILLER_AND_2.5~L7.5~W2.5~H2.56~all_eps, 4.9 & UP CHILLER AND 2.5 WIDE ,27,CHILLER LARGE,all_eps,7.5,2.5,2.56,DRD,DRD,5715.188449,5715.13,0.001,PASS,,,
4.9_+_UP_CHILLER_AND_2.5~L7.5~W2.5~H2.56~all_eps, 4.9 & UP CHILLER AND 2.5 WIDE ,27,CHILLER LARGE,all_eps,7.5,2.5,2.56,DRD DOOR FITTINGS,DRD DOOR FITTINGS,6200.61678,6200.62,0.0,PASS,,,
4.9_+_UP_CHILLER_AND_2.5~L7.5~W2.5~H2.56~all_eps, 4.9 & UP CHILLER AND 2.5 WIDE ,27,CHILLER LARGE,all_eps,7.5,2.5,2.56,SIDES,SIDES,27809.958949,27809.59,0.001,PASS,,,
4.9_+_UP_CHILLER_AND_2.5~L7.5~W2.5~H2.56~all_eps, 4.9 & UP CHILLER AND 2.5 WIDE ,27,CHILLER LARGE,all_eps,7.5,2.5,2.56,ROOF,ROOF,14379.57191,14379.44,0.001,PASS,,,
4.9_+_UP_CHILLER_AND_2.5~L7.5~W2.5~H2.56~all_eps, 4.9 & UP CHILLER AND 2.5 WIDE ,27,CHILLER LARGE,all_eps,7.5,2.5,2.56,FLOOR,FLOOR,24034.103368,24034.1,0.0,PASS,,,
4.9_+_UP_CHILLER_AND_2.5~L7.5~W2.5~H2.56~all_eps, 4.9 & UP CHILLER AND 2.5 WIDE ,27,CHILLER LARGE,all_eps,7.5,2.5,2.56,ALUMINIUM,ALUMINIUM,14102.9051,14102.91,0.0,PASS,,,
4.9_+_UP_CHILLER_AND_2.5~L7.5~W2.5~H2.56~all_eps, 4.9 & UP CHILLER AND 2.5 WIDE ,27,CHILLER LARGE,all_eps,7.5,2.5,2.56,SUB FRAME + LIGHT BOX ASSY,SUB FRAME + LIGHT BOX ASSY,9263.223068,9263.23,0.0,PASS,,,
4.9_+_UP_CHILLER_AND_2.5~L7.5~W2.5~H2.56~all_eps, 4.9 & UP CHILLER AND 2.5 WIDE ,27,CHILLER LARGE,all_eps,7.5,2.5,2.56,REAR FRAME + FLOOR PLATE,REAR FRAME & FLOOR PLATE,5472.944561,5472.97,0.0,PASS,,,
4.9_+_UP_CHILLER_AND_2.5~L7.5~W2.5~H2.56~all_eps, 4.9 & UP CHILLER AND 2.5 WIDE ,27,CHILLER LARGE,all_eps,7.5,2.5,2.56,SPRAY PAINTING,SPRAY PAINTING,750.0,750.0,0.0,PASS,,,
4.9_+_UP_CHILLER_AND_2.5~L7.5~W2.5~H2.56~all_eps, 4.9 & UP CHILLER AND 2.5 WIDE ,27,CHILLER LARGE,all_eps,7.5,2.5,2.56,REFLEXITE TAPE,REFLEXITE TAPE,317.7,317.7,0.0,PASS,,,
4.9_+_UP_CHILLER_AND_2.5~L7.5~W2.5~H2.56~all_pu, 4.9 & UP CHILLER AND 2.5 WIDE ,27,CHILLER LARGE,all_pu,7.5,2.5,2.56,FRONT,FRONT,5108.324552,5997.13,17.399,ACCEPTED,,BOTH PU (+888.87),[RULING] PROD prices chiller PU at R334.50/sheet (the September 32D rate) where Burt's chiller sheets hard-code a 2018 rate (3090 -> R185.20/sheet): MES +R890 (front) to +R4k (sides) per PU panel. Prod is likely the current one; Burt's sheets need the [1]PU! link.
4.9_+_UP_CHILLER_AND_2.5~L7.5~W2.5~H2.56~all_pu, 4.9 & UP CHILLER AND 2.5 WIDE ,27,CHILLER LARGE,all_pu,7.5,2.5,2.56,SRD,,0.0,,,SKIP,,,
4.9_+_UP_CHILLER_AND_2.5~L7.5~W2.5~H2.56~all_pu, 4.9 & UP CHILLER AND 2.5 WIDE ,27,CHILLER LARGE,all_pu,7.5,2.5,2.56,SRD DOOR FITTINGS,,0.0,,,SKIP,,,
4.9_+_UP_CHILLER_AND_2.5~L7.5~W2.5~H2.56~all_pu, 4.9 & UP CHILLER AND 2.5 WIDE ,27,CHILLER LARGE,all_pu,7.5,2.5,2.56,DRD,DRD,5763.910795,7583.68,31.572,ACCEPTED,,BOTH PU (+1819.83),[RULING] PROD prices chiller PU at R334.50/sheet (the September 32D rate) where Burt's chiller sheets hard-code a 2018 rate (3090 -> R185.20/sheet): MES +R890 (front) to +R4k (sides) per PU panel. Prod is likely the current one; Burt's sheets need the [1]PU! link.
4.9_+_UP_CHILLER_AND_2.5~L7.5~W2.5~H2.56~all_pu, 4.9 & UP CHILLER AND 2.5 WIDE ,27,CHILLER LARGE,all_pu,7.5,2.5,2.56,DRD DOOR FITTINGS,DRD DOOR FITTINGS,6304.22746,6287.66,0.263,PASS,,,
4.9_+_UP_CHILLER_AND_2.5~L7.5~W2.5~H2.56~all_pu, 4.9 & UP CHILLER AND 2.5 WIDE ,27,CHILLER LARGE,all_pu,7.5,2.5,2.56,SIDES,SIDES,31109.624271,37020.82,19.001,ACCEPTED,,BOTH PU (+5911.59),[RULING] PROD prices chiller PU at R334.50/sheet (the September 32D rate) where Burt's chiller sheets hard-code a 2018 rate (3090 -> R185.20/sheet): MES +R890 (front) to +R4k (sides) per PU panel. Prod is likely the current one; Burt's sheets need the [1]PU! link.
4.9_+_UP_CHILLER_AND_2.5~L7.5~W2.5~H2.56~all_pu, 4.9 & UP CHILLER AND 2.5 WIDE ,27,CHILLER LARGE,all_pu,7.5,2.5,2.56,ROOF,ROOF,14735.133781,16099.75,9.261,ACCEPTED,,BOTH PU (+1364.74),[RULING] PROD prices chiller PU at R334.50/sheet (the September 32D rate) where Burt's chiller sheets hard-code a 2018 rate (3090 -> R185.20/sheet): MES +R890 (front) to +R4k (sides) per PU panel. Prod is likely the current one; Burt's sheets need the [1]PU! link.
4.9_+_UP_CHILLER_AND_2.5~L7.5~W2.5~H2.56~all_pu, 4.9 & UP CHILLER AND 2.5 WIDE ,27,CHILLER LARGE,all_pu,7.5,2.5,2.56,FLOOR,FLOOR,24389.66524,25754.41,5.596,ACCEPTED,,BOTH PU (+1364.74),[RULING] PROD prices chiller PU at R334.50/sheet (the September 32D rate) where Burt's chiller sheets hard-code a 2018 rate (3090 -> R185.20/sheet): MES +R890 (front) to +R4k (sides) per PU panel. Prod is likely the current one; Burt's sheets need the [1]PU! link.
4.9_+_UP_CHILLER_AND_2.5~L7.5~W2.5~H2.56~all_pu, 4.9 & UP CHILLER AND 2.5 WIDE ,27,CHILLER LARGE,all_pu,7.5,2.5,2.56,ALUMINIUM,ALUMINIUM,14102.9051,14102.91,0.0,PASS,,,
4.9_+_UP_CHILLER_AND_2.5~L7.5~W2.5~H2.56~all_pu, 4.9 & UP CHILLER AND 2.5 WIDE ,27,CHILLER LARGE,all_pu,7.5,2.5,2.56,SUB FRAME + LIGHT BOX ASSY,SUB FRAME + LIGHT BOX ASSY,9263.223068,9263.23,0.0,PASS,,,
4.9_+_UP_CHILLER_AND_2.5~L7.5~W2.5~H2.56~all_pu, 4.9 & UP CHILLER AND 2.5 WIDE ,27,CHILLER LARGE,all_pu,7.5,2.5,2.56,REAR FRAME + FLOOR PLATE,REAR FRAME & FLOOR PLATE,5472.944561,5472.97,0.0,PASS,,,
4.9_+_UP_CHILLER_AND_2.5~L7.5~W2.5~H2.56~all_pu, 4.9 & UP CHILLER AND 2.5 WIDE ,27,CHILLER LARGE,all_pu,7.5,2.5,2.56,SPRAY PAINTING,SPRAY PAINTING,750.0,750.0,0.0,PASS,,,
4.9_+_UP_CHILLER_AND_2.5~L7.5~W2.5~H2.56~all_pu, 4.9 & UP CHILLER AND 2.5 WIDE ,27,CHILLER LARGE,all_pu,7.5,2.5,2.56,REFLEXITE TAPE,REFLEXITE TAPE,317.7,317.7,0.0,PASS,,,
4.9_+_UP_CHILLER_AND_2.5~L7.5~W2.5~H2.56~srd, 4.9 & UP CHILLER AND 2.5 WIDE ,27,CHILLER LARGE,srd,7.5,2.5,2.56,FRONT,FRONT,4566.529064,4566.47,0.001,PASS,,,
4.9_+_UP_CHILLER_AND_2.5~L7.5~W2.5~H2.56~srd, 4.9 & UP CHILLER AND 2.5 WIDE ,27,CHILLER LARGE,srd,7.5,2.5,2.56,SRD,SRD,4777.751788,4651.07,2.651,ACCEPTED,,PRICE_DIFF EPS (-126.63),[DATA] PROD SRD EPS line priced differently from Burt on CHILLER 2.3 / CHILLER LARGE (-R127 to -R148).
4.9_+_UP_CHILLER_AND_2.5~L7.5~W2.5~H2.56~srd, 4.9 & UP CHILLER AND 2.5 WIDE ,27,CHILLER LARGE,srd,7.5,2.5,2.56,SRD DOOR FITTINGS,SRD DOOR FITTINGS,6683.48854,7127.79,6.648,ACCEPTED,,MISSING_IN_MES 28780 BIG VERTICAL (-763.29),"[DATA] SRD DOOR FITTINGS on every body: MES CSLB HINGES R293.46 x2 (Excel R146.73 x2 - the pair price applied per hinge) and SILPLUS X WHITE R232.30 (Excel R116.15); per body also 34MM LOCKING POLE, 28782 BIG HORIZ CAPPING, ALU CORNERS, 28780/28778 BIG VERTICAL."
4.9_+_UP_CHILLER_AND_2.5~L7.5~W2.5~H2.56~srd, 4.9 & UP CHILLER AND 2.5 WIDE ,27,CHILLER LARGE,srd,7.5,2.5,2.56,DRD,,0.0,,,SKIP,,,
4.9_+_UP_CHILLER_AND_2.5~L7.5~W2.5~H2.56~srd, 4.9 & UP CHILLER AND 2.5 WIDE ,27,CHILLER LARGE,srd,7.5,2.5,2.56,DRD DOOR FITTINGS,,0.0,,,SKIP,,,
4.9_+_UP_CHILLER_AND_2.5~L7.5~W2.5~H2.56~srd, 4.9 & UP CHILLER AND 2.5 WIDE ,27,CHILLER LARGE,srd,7.5,2.5,2.56,SIDES,SIDES,27809.958949,27809.59,0.001,PASS,,,
4.9_+_UP_CHILLER_AND_2.5~L7.5~W2.5~H2.56~srd, 4.9 & UP CHILLER AND 2.5 WIDE ,27,CHILLER LARGE,srd,7.5,2.5,2.56,ROOF,ROOF,14379.57191,14379.44,0.001,PASS,,,
4.9_+_UP_CHILLER_AND_2.5~L7.5~W2.5~H2.56~srd, 4.9 & UP CHILLER AND 2.5 WIDE ,27,CHILLER LARGE,srd,7.5,2.5,2.56,FLOOR,FLOOR,24034.103368,24034.1,0.0,PASS,,,
4.9_+_UP_CHILLER_AND_2.5~L7.5~W2.5~H2.56~srd, 4.9 & UP CHILLER AND 2.5 WIDE ,27,CHILLER LARGE,srd,7.5,2.5,2.56,ALUMINIUM,ALUMINIUM,14102.9051,14102.91,0.0,PASS,,,
4.9_+_UP_CHILLER_AND_2.5~L7.5~W2.5~H2.56~srd, 4.9 & UP CHILLER AND 2.5 WIDE ,27,CHILLER LARGE,srd,7.5,2.5,2.56,SUB FRAME + LIGHT BOX ASSY,SUB FRAME + LIGHT BOX ASSY,9263.223068,9263.23,0.0,PASS,,,
4.9_+_UP_CHILLER_AND_2.5~L7.5~W2.5~H2.56~srd, 4.9 & UP CHILLER AND 2.5 WIDE ,27,CHILLER LARGE,srd,7.5,2.5,2.56,REAR FRAME + FLOOR PLATE,REAR FRAME & FLOOR PLATE,0.0,5472.97,,ACCEPTED,EXTRA_IN_MES,,"[RULING] Burt gates REAR FRAME + FLOOR PLATE on the DRD flags, so a single-rear-door body carries R0 there; MES always includes the section (R2.4k-R5.5k). Which is right needs Burt/Michael."
4.9_+_UP_CHILLER_AND_2.5~L7.5~W2.5~H2.56~srd, 4.9 & UP CHILLER AND 2.5 WIDE ,27,CHILLER LARGE,srd,7.5,2.5,2.56,SPRAY PAINTING,SPRAY PAINTING,750.0,750.0,0.0,PASS,,,
4.9_+_UP_CHILLER_AND_2.5~L7.5~W2.5~H2.56~srd, 4.9 & UP CHILLER AND 2.5 WIDE ,27,CHILLER LARGE,srd,7.5,2.5,2.56,REFLEXITE TAPE,REFLEXITE TAPE,317.7,317.7,0.0,PASS,,,
4.9_+_UP_CHILLER_AND_2.5~L7.5~W2.5~H2.56~drd, 4.9 & UP CHILLER AND 2.5 WIDE ,27,CHILLER LARGE,drd,7.5,2.5,2.56,FRONT,FRONT,4566.529064,4566.47,0.001,PASS,,,
4.9_+_UP_CHILLER_AND_2.5~L7.5~W2.5~H2.56~drd, 4.9 & UP CHILLER AND 2.5 WIDE ,27,CHILLER LARGE,drd,7.5,2.5,2.56,SRD,,0.0,,,SKIP,,,
4.9_+_UP_CHILLER_AND_2.5~L7.5~W2.5~H2.56~drd, 4.9 & UP CHILLER AND 2.5 WIDE ,27,CHILLER LARGE,drd,7.5,2.5,2.56,SRD DOOR FITTINGS,,0.0,,,SKIP,,,
4.9_+_UP_CHILLER_AND_2.5~L7.5~W2.5~H2.56~drd, 4.9 & UP CHILLER AND 2.5 WIDE ,27,CHILLER LARGE,drd,7.5,2.5,2.56,DRD,DRD,5715.188449,5715.13,0.001,PASS,,,
4.9_+_UP_CHILLER_AND_2.5~L7.5~W2.5~H2.56~drd, 4.9 & UP CHILLER AND 2.5 WIDE ,27,CHILLER LARGE,drd,7.5,2.5,2.56,DRD DOOR FITTINGS,DRD DOOR FITTINGS,6200.61678,6200.62,0.0,PASS,,,
4.9_+_UP_CHILLER_AND_2.5~L7.5~W2.5~H2.56~drd, 4.9 & UP CHILLER AND 2.5 WIDE ,27,CHILLER LARGE,drd,7.5,2.5,2.56,SIDES,SIDES,27809.958949,27809.59,0.001,PASS,,,
4.9_+_UP_CHILLER_AND_2.5~L7.5~W2.5~H2.56~drd, 4.9 & UP CHILLER AND 2.5 WIDE ,27,CHILLER LARGE,drd,7.5,2.5,2.56,ROOF,ROOF,14379.57191,14379.44,0.001,PASS,,,
4.9_+_UP_CHILLER_AND_2.5~L7.5~W2.5~H2.56~drd, 4.9 & UP CHILLER AND 2.5 WIDE ,27,CHILLER LARGE,drd,7.5,2.5,2.56,FLOOR,FLOOR,24034.103368,24034.1,0.0,PASS,,,
4.9_+_UP_CHILLER_AND_2.5~L7.5~W2.5~H2.56~drd, 4.9 & UP CHILLER AND 2.5 WIDE ,27,CHILLER LARGE,drd,7.5,2.5,2.56,ALUMINIUM,ALUMINIUM,14102.9051,14102.91,0.0,PASS,,,
4.9_+_UP_CHILLER_AND_2.5~L7.5~W2.5~H2.56~drd, 4.9 & UP CHILLER AND 2.5 WIDE ,27,CHILLER LARGE,drd,7.5,2.5,2.56,SUB FRAME + LIGHT BOX ASSY,SUB FRAME + LIGHT BOX ASSY,9263.223068,9263.23,0.0,PASS,,,
4.9_+_UP_CHILLER_AND_2.5~L7.5~W2.5~H2.56~drd, 4.9 & UP CHILLER AND 2.5 WIDE ,27,CHILLER LARGE,drd,7.5,2.5,2.56,REAR FRAME + FLOOR PLATE,REAR FRAME & FLOOR PLATE,5472.944561,5472.97,0.0,PASS,,,
4.9_+_UP_CHILLER_AND_2.5~L7.5~W2.5~H2.56~drd, 4.9 & UP CHILLER AND 2.5 WIDE ,27,CHILLER LARGE,drd,7.5,2.5,2.56,SPRAY PAINTING,SPRAY PAINTING,750.0,750.0,0.0,PASS,,,
4.9_+_UP_CHILLER_AND_2.5~L7.5~W2.5~H2.56~drd, 4.9 & UP CHILLER AND 2.5 WIDE ,27,CHILLER LARGE,drd,7.5,2.5,2.56,REFLEXITE TAPE,REFLEXITE TAPE,317.7,317.7,0.0,PASS,,,
4.9_+_UP_CHILLER_AND_2.5~L7.5~W2.5~H2.56~foam_4g, 4.9 & UP CHILLER AND 2.5 WIDE ,27,CHILLER LARGE,foam_4g,7.5,2.5,2.56,FRONT,FRONT,4566.529064,4566.47,0.001,PASS,,,
4.9_+_UP_CHILLER_AND_2.5~L7.5~W2.5~H2.56~foam_4g, 4.9 & UP CHILLER AND 2.5 WIDE ,27,CHILLER LARGE,foam_4g,7.5,2.5,2.56,SRD,,0.0,,,SKIP,,,
4.9_+_UP_CHILLER_AND_2.5~L7.5~W2.5~H2.56~foam_4g, 4.9 & UP CHILLER AND 2.5 WIDE ,27,CHILLER LARGE,foam_4g,7.5,2.5,2.56,SRD DOOR FITTINGS,,0.0,,,SKIP,,,
4.9_+_UP_CHILLER_AND_2.5~L7.5~W2.5~H2.56~foam_4g, 4.9 & UP CHILLER AND 2.5 WIDE ,27,CHILLER LARGE,foam_4g,7.5,2.5,2.56,DRD,DRD,5715.188449,5715.13,0.001,PASS,,,
4.9_+_UP_CHILLER_AND_2.5~L7.5~W2.5~H2.56~foam_4g, 4.9 & UP CHILLER AND 2.5 WIDE ,27,CHILLER LARGE,foam_4g,7.5,2.5,2.56,DRD DOOR FITTINGS,DRD DOOR FITTINGS,6200.61678,6200.62,0.0,PASS,,,
4.9_+_UP_CHILLER_AND_2.5~L7.5~W2.5~H2.56~foam_4g, 4.9 & UP CHILLER AND 2.5 WIDE ,27,CHILLER LARGE,foam_4g,7.5,2.5,2.56,SIDES,SIDES,27809.958949,27809.59,0.001,PASS,,,
4.9_+_UP_CHILLER_AND_2.5~L7.5~W2.5~H2.56~foam_4g, 4.9 & UP CHILLER AND 2.5 WIDE ,27,CHILLER LARGE,foam_4g,7.5,2.5,2.56,ROOF,ROOF,14379.57191,14379.44,0.001,PASS,,,
4.9_+_UP_CHILLER_AND_2.5~L7.5~W2.5~H2.56~foam_4g, 4.9 & UP CHILLER AND 2.5 WIDE ,27,CHILLER LARGE,foam_4g,7.5,2.5,2.56,FLOOR,FLOOR,24034.103368,24034.1,0.0,PASS,,,
4.9_+_UP_CHILLER_AND_2.5~L7.5~W2.5~H2.56~foam_4g, 4.9 & UP CHILLER AND 2.5 WIDE ,27,CHILLER LARGE,foam_4g,7.5,2.5,2.56,ALUMINIUM,ALUMINIUM,14102.9051,14102.91,0.0,PASS,,,
4.9_+_UP_CHILLER_AND_2.5~L7.5~W2.5~H2.56~foam_4g, 4.9 & UP CHILLER AND 2.5 WIDE ,27,CHILLER LARGE,foam_4g,7.5,2.5,2.56,SUB FRAME + LIGHT BOX ASSY,SUB FRAME + LIGHT BOX ASSY,9263.223068,9263.23,0.0,PASS,,,
4.9_+_UP_CHILLER_AND_2.5~L7.5~W2.5~H2.56~foam_4g, 4.9 & UP CHILLER AND 2.5 WIDE ,27,CHILLER LARGE,foam_4g,7.5,2.5,2.56,REAR FRAME + FLOOR PLATE,REAR FRAME & FLOOR PLATE,5472.944561,5472.97,0.0,PASS,,,
4.9_+_UP_CHILLER_AND_2.5~L7.5~W2.5~H2.56~foam_4g, 4.9 & UP CHILLER AND 2.5 WIDE ,27,CHILLER LARGE,foam_4g,7.5,2.5,2.56,SPRAY PAINTING,SPRAY PAINTING,750.0,750.0,0.0,PASS,,,
4.9_+_UP_CHILLER_AND_2.5~L7.5~W2.5~H2.56~foam_4g, 4.9 & UP CHILLER AND 2.5 WIDE ,27,CHILLER LARGE,foam_4g,7.5,2.5,2.56,REFLEXITE TAPE,REFLEXITE TAPE,317.7,317.7,0.0,PASS,,,
4.9_+_UP_CHILLER_AND_2.5~L7.5~W2.6~H2.56~as_sheet, 4.9 & UP CHILLER AND 2.5 WIDE ,27,CHILLER LARGE,as_sheet,7.5,2.6,2.56,FRONT,FRONT,4747.056155,4747.0,0.001,PASS,,,
4.9_+_UP_CHILLER_AND_2.5~L7.5~W2.6~H2.56~as_sheet, 4.9 & UP CHILLER AND 2.5 WIDE ,27,CHILLER LARGE,as_sheet,7.5,2.6,2.56,SRD,,0.0,,,SKIP,,,
4.9_+_UP_CHILLER_AND_2.5~L7.5~W2.6~H2.56~as_sheet, 4.9 & UP CHILLER AND 2.5 WIDE ,27,CHILLER LARGE,as_sheet,7.5,2.6,2.56,SRD DOOR FITTINGS,,0.0,,,SKIP,,,
4.9_+_UP_CHILLER_AND_2.5~L7.5~W2.6~H2.56~as_sheet, 4.9 & UP CHILLER AND 2.5 WIDE ,27,CHILLER LARGE,as_sheet,7.5,2.6,2.56,DRD,DRD,5907.123728,5907.06,0.001,PASS,,,
4.9_+_UP_CHILLER_AND_2.5~L7.5~W2.6~H2.56~as_sheet, 4.9 & UP CHILLER AND 2.5 WIDE ,27,CHILLER LARGE,as_sheet,7.5,2.6,2.56,DRD DOOR FITTINGS,DRD DOOR FITTINGS,6247.51278,6247.51,0.0,PASS,,,
4.9_+_UP_CHILLER_AND_2.5~L7.5~W2.6~H2.56~as_sheet, 4.9 & UP CHILLER AND 2.5 WIDE ,27,CHILLER LARGE,as_sheet,7.5,2.6,2.56,SIDES,SIDES,27809.958949,27809.59,0.001,PASS,,,
4.9_+_UP_CHILLER_AND_2.5~L7.5~W2.6~H2.56~as_sheet, 4.9 & UP CHILLER AND 2.5 WIDE ,27,CHILLER LARGE,as_sheet,7.5,2.6,2.56,ROOF,ROOF,14917.180665,14917.05,0.001,PASS,,,
4.9_+_UP_CHILLER_AND_2.5~L7.5~W2.6~H2.56~as_sheet, 4.9 & UP CHILLER AND 2.5 WIDE ,27,CHILLER LARGE,as_sheet,7.5,2.6,2.56,FLOOR,FLOOR,24793.623991,24793.62,0.0,PASS,,,
4.9_+_UP_CHILLER_AND_2.5~L7.5~W2.6~H2.56~as_sheet, 4.9 & UP CHILLER AND 2.5 WIDE ,27,CHILLER LARGE,as_sheet,7.5,2.6,2.56,ALUMINIUM,ALUMINIUM,14138.652767,14138.65,0.0,PASS,,,
4.9_+_UP_CHILLER_AND_2.5~L7.5~W2.6~H2.56~as_sheet, 4.9 & UP CHILLER AND 2.5 WIDE ,27,CHILLER LARGE,as_sheet,7.5,2.6,2.56,SUB FRAME + LIGHT BOX ASSY,SUB FRAME + LIGHT BOX ASSY,9263.223068,9263.23,0.0,PASS,,,
4.9_+_UP_CHILLER_AND_2.5~L7.5~W2.6~H2.56~as_sheet, 4.9 & UP CHILLER AND 2.5 WIDE ,27,CHILLER LARGE,as_sheet,7.5,2.6,2.56,REAR FRAME + FLOOR PLATE,REAR FRAME & FLOOR PLATE,5502.400241,5502.42,0.0,PASS,,,
4.9_+_UP_CHILLER_AND_2.5~L7.5~W2.6~H2.56~as_sheet, 4.9 & UP CHILLER AND 2.5 WIDE ,27,CHILLER LARGE,as_sheet,7.5,2.6,2.56,SPRAY PAINTING,SPRAY PAINTING,750.0,750.0,0.0,PASS,,,
4.9_+_UP_CHILLER_AND_2.5~L7.5~W2.6~H2.56~as_sheet, 4.9 & UP CHILLER AND 2.5 WIDE ,27,CHILLER LARGE,as_sheet,7.5,2.6,2.56,REFLEXITE TAPE,REFLEXITE TAPE,319.5,319.5,0.0,PASS,,,
4.9_+_UP_CHILLER_AND_2.5~L7.5~W2.6~H2.56~all_eps, 4.9 & UP CHILLER AND 2.5 WIDE ,27,CHILLER LARGE,all_eps,7.5,2.6,2.56,FRONT,FRONT,4747.056155,4747.0,0.001,PASS,,,
4.9_+_UP_CHILLER_AND_2.5~L7.5~W2.6~H2.56~all_eps, 4.9 & UP CHILLER AND 2.5 WIDE ,27,CHILLER LARGE,all_eps,7.5,2.6,2.56,SRD,,0.0,,,SKIP,,,
4.9_+_UP_CHILLER_AND_2.5~L7.5~W2.6~H2.56~all_eps, 4.9 & UP CHILLER AND 2.5 WIDE ,27,CHILLER LARGE,all_eps,7.5,2.6,2.56,SRD DOOR FITTINGS,,0.0,,,SKIP,,,
4.9_+_UP_CHILLER_AND_2.5~L7.5~W2.6~H2.56~all_eps, 4.9 & UP CHILLER AND 2.5 WIDE ,27,CHILLER LARGE,all_eps,7.5,2.6,2.56,DRD,DRD,5907.123728,5907.06,0.001,PASS,,,
4.9_+_UP_CHILLER_AND_2.5~L7.5~W2.6~H2.56~all_eps, 4.9 & UP CHILLER AND 2.5 WIDE ,27,CHILLER LARGE,all_eps,7.5,2.6,2.56,DRD DOOR FITTINGS,DRD DOOR FITTINGS,6247.51278,6247.51,0.0,PASS,,,
4.9_+_UP_CHILLER_AND_2.5~L7.5~W2.6~H2.56~all_eps, 4.9 & UP CHILLER AND 2.5 WIDE ,27,CHILLER LARGE,all_eps,7.5,2.6,2.56,SIDES,SIDES,27809.958949,27809.59,0.001,PASS,,,
4.9_+_UP_CHILLER_AND_2.5~L7.5~W2.6~H2.56~all_eps, 4.9 & UP CHILLER AND 2.5 WIDE ,27,CHILLER LARGE,all_eps,7.5,2.6,2.56,ROOF,ROOF,14917.180665,14917.05,0.001,PASS,,,
4.9_+_UP_CHILLER_AND_2.5~L7.5~W2.6~H2.56~all_eps, 4.9 & UP CHILLER AND 2.5 WIDE ,27,CHILLER LARGE,all_eps,7.5,2.6,2.56,FLOOR,FLOOR,24793.623991,24793.62,0.0,PASS,,,
4.9_+_UP_CHILLER_AND_2.5~L7.5~W2.6~H2.56~all_eps, 4.9 & UP CHILLER AND 2.5 WIDE ,27,CHILLER LARGE,all_eps,7.5,2.6,2.56,ALUMINIUM,ALUMINIUM,14138.652767,14138.65,0.0,PASS,,,
4.9_+_UP_CHILLER_AND_2.5~L7.5~W2.6~H2.56~all_eps, 4.9 & UP CHILLER AND 2.5 WIDE ,27,CHILLER LARGE,all_eps,7.5,2.6,2.56,SUB FRAME + LIGHT BOX ASSY,SUB FRAME + LIGHT BOX ASSY,9263.223068,9263.23,0.0,PASS,,,
4.9_+_UP_CHILLER_AND_2.5~L7.5~W2.6~H2.56~all_eps, 4.9 & UP CHILLER AND 2.5 WIDE ,27,CHILLER LARGE,all_eps,7.5,2.6,2.56,REAR FRAME + FLOOR PLATE,REAR FRAME & FLOOR PLATE,5502.400241,5502.42,0.0,PASS,,,
4.9_+_UP_CHILLER_AND_2.5~L7.5~W2.6~H2.56~all_eps, 4.9 & UP CHILLER AND 2.5 WIDE ,27,CHILLER LARGE,all_eps,7.5,2.6,2.56,SPRAY PAINTING,SPRAY PAINTING,750.0,750.0,0.0,PASS,,,
4.9_+_UP_CHILLER_AND_2.5~L7.5~W2.6~H2.56~all_eps, 4.9 & UP CHILLER AND 2.5 WIDE ,27,CHILLER LARGE,all_eps,7.5,2.6,2.56,REFLEXITE TAPE,REFLEXITE TAPE,319.5,319.5,0.0,PASS,,,
4.9_+_UP_CHILLER_AND_2.5~L7.5~W2.6~H2.56~all_pu, 4.9 & UP CHILLER AND 2.5 WIDE ,27,CHILLER LARGE,all_pu,7.5,2.6,2.56,FRONT,FRONT,5265.392232,6154.2,16.88,ACCEPTED,,BOTH PU (+888.87),[RULING] PROD prices chiller PU at R334.50/sheet (the September 32D rate) where Burt's chiller sheets hard-code a 2018 rate (3090 -> R185.20/sheet): MES +R890 (front) to +R4k (sides) per PU panel. Prod is likely the current one; Burt's sheets need the [1]PU! link.
4.9_+_UP_CHILLER_AND_2.5~L7.5~W2.6~H2.56~all_pu, 4.9 & UP CHILLER AND 2.5 WIDE ,27,CHILLER LARGE,all_pu,7.5,2.6,2.56,SRD,,0.0,,,SKIP,,,
4.9_+_UP_CHILLER_AND_2.5~L7.5~W2.6~H2.56~all_pu, 4.9 & UP CHILLER AND 2.5 WIDE ,27,CHILLER LARGE,all_pu,7.5,2.6,2.56,SRD DOOR FITTINGS,,0.0,,,SKIP,,,
4.9_+_UP_CHILLER_AND_2.5~L7.5~W2.6~H2.56~all_pu, 4.9 & UP CHILLER AND 2.5 WIDE ,27,CHILLER LARGE,all_pu,7.5,2.6,2.56,DRD,DRD,5913.521182,7733.29,30.773,ACCEPTED,,BOTH PU (+1819.83),[RULING] PROD prices chiller PU at R334.50/sheet (the September 32D rate) where Burt's chiller sheets hard-code a 2018 rate (3090 -> R185.20/sheet): MES +R890 (front) to +R4k (sides) per PU panel. Prod is likely the current one; Burt's sheets need the [1]PU! link.
4.9_+_UP_CHILLER_AND_2.5~L7.5~W2.6~H2.56~all_pu, 4.9 & UP CHILLER AND 2.5 WIDE ,27,CHILLER LARGE,all_pu,7.5,2.6,2.56,DRD DOOR FITTINGS,DRD DOOR FITTINGS,6351.12346,6334.55,0.261,PASS,,,
4.9_+_UP_CHILLER_AND_2.5~L7.5~W2.6~H2.56~all_pu, 4.9 & UP CHILLER AND 2.5 WIDE ,27,CHILLER LARGE,all_pu,7.5,2.6,2.56,SIDES,SIDES,31109.624271,37020.82,19.001,ACCEPTED,,BOTH PU (+5911.59),[RULING] PROD prices chiller PU at R334.50/sheet (the September 32D rate) where Burt's chiller sheets hard-code a 2018 rate (3090 -> R185.20/sheet): MES +R890 (front) to +R4k (sides) per PU panel. Prod is likely the current one; Burt's sheets need the [1]PU! link.
4.9_+_UP_CHILLER_AND_2.5~L7.5~W2.6~H2.56~all_pu, 4.9 & UP CHILLER AND 2.5 WIDE ,27,CHILLER LARGE,all_pu,7.5,2.6,2.56,ROOF,ROOF,15117.212537,16481.82,9.027,ACCEPTED,,BOTH PU (+1364.74),[RULING] PROD prices chiller PU at R334.50/sheet (the September 32D rate) where Burt's chiller sheets hard-code a 2018 rate (3090 -> R185.20/sheet): MES +R890 (front) to +R4k (sides) per PU panel. Prod is likely the current one; Burt's sheets need the [1]PU! link.
4.9_+_UP_CHILLER_AND_2.5~L7.5~W2.6~H2.56~all_pu, 4.9 & UP CHILLER AND 2.5 WIDE ,27,CHILLER LARGE,all_pu,7.5,2.6,2.56,FLOOR,FLOOR,24993.655863,26358.4,5.46,ACCEPTED,,BOTH PU (+1364.74),[RULING] PROD prices chiller PU at R334.50/sheet (the September 32D rate) where Burt's chiller sheets hard-code a 2018 rate (3090 -> R185.20/sheet): MES +R890 (front) to +R4k (sides) per PU panel. Prod is likely the current one; Burt's sheets need the [1]PU! link.
4.9_+_UP_CHILLER_AND_2.5~L7.5~W2.6~H2.56~all_pu, 4.9 & UP CHILLER AND 2.5 WIDE ,27,CHILLER LARGE,all_pu,7.5,2.6,2.56,ALUMINIUM,ALUMINIUM,14138.652767,14138.65,0.0,PASS,,,
4.9_+_UP_CHILLER_AND_2.5~L7.5~W2.6~H2.56~all_pu, 4.9 & UP CHILLER AND 2.5 WIDE ,27,CHILLER LARGE,all_pu,7.5,2.6,2.56,SUB FRAME + LIGHT BOX ASSY,SUB FRAME + LIGHT BOX ASSY,9263.223068,9263.23,0.0,PASS,,,
4.9_+_UP_CHILLER_AND_2.5~L7.5~W2.6~H2.56~all_pu, 4.9 & UP CHILLER AND 2.5 WIDE ,27,CHILLER LARGE,all_pu,7.5,2.6,2.56,REAR FRAME + FLOOR PLATE,REAR FRAME & FLOOR PLATE,5502.400241,5502.42,0.0,PASS,,,
4.9_+_UP_CHILLER_AND_2.5~L7.5~W2.6~H2.56~all_pu, 4.9 & UP CHILLER AND 2.5 WIDE ,27,CHILLER LARGE,all_pu,7.5,2.6,2.56,SPRAY PAINTING,SPRAY PAINTING,750.0,750.0,0.0,PASS,,,
4.9_+_UP_CHILLER_AND_2.5~L7.5~W2.6~H2.56~all_pu, 4.9 & UP CHILLER AND 2.5 WIDE ,27,CHILLER LARGE,all_pu,7.5,2.6,2.56,REFLEXITE TAPE,REFLEXITE TAPE,319.5,319.5,0.0,PASS,,,
4.9_+_UP_CHILLER_AND_2.5~L7.5~W2.6~H2.56~srd, 4.9 & UP CHILLER AND 2.5 WIDE ,27,CHILLER LARGE,srd,7.5,2.6,2.56,FRONT,FRONT,4747.056155,4747.0,0.001,PASS,,,
4.9_+_UP_CHILLER_AND_2.5~L7.5~W2.6~H2.56~srd, 4.9 & UP CHILLER AND 2.5 WIDE ,27,CHILLER LARGE,srd,7.5,2.6,2.56,SRD,SRD,4955.107829,4823.21,2.662,ACCEPTED,,PRICE_DIFF EPS (-131.84),[DATA] PROD SRD EPS line priced differently from Burt on CHILLER 2.3 / CHILLER LARGE (-R127 to -R148).
4.9_+_UP_CHILLER_AND_2.5~L7.5~W2.6~H2.56~srd, 4.9 & UP CHILLER AND 2.5 WIDE ,27,CHILLER LARGE,srd,7.5,2.6,2.56,SRD DOOR FITTINGS,SRD DOOR FITTINGS,6731.60454,7167.23,6.471,ACCEPTED,,MISSING_IN_MES 28780 BIG VERTICAL (-763.29),"[DATA] SRD DOOR FITTINGS on every body: MES CSLB HINGES R293.46 x2 (Excel R146.73 x2 - the pair price applied per hinge) and SILPLUS X WHITE R232.30 (Excel R116.15); per body also 34MM LOCKING POLE, 28782 BIG HORIZ CAPPING, ALU CORNERS, 28780/28778 BIG VERTICAL."
4.9_+_UP_CHILLER_AND_2.5~L7.5~W2.6~H2.56~srd, 4.9 & UP CHILLER AND 2.5 WIDE ,27,CHILLER LARGE,srd,7.5,2.6,2.56,DRD,,0.0,,,SKIP,,,
4.9_+_UP_CHILLER_AND_2.5~L7.5~W2.6~H2.56~srd, 4.9 & UP CHILLER AND 2.5 WIDE ,27,CHILLER LARGE,srd,7.5,2.6,2.56,DRD DOOR FITTINGS,,0.0,,,SKIP,,,
4.9_+_UP_CHILLER_AND_2.5~L7.5~W2.6~H2.56~srd, 4.9 & UP CHILLER AND 2.5 WIDE ,27,CHILLER LARGE,srd,7.5,2.6,2.56,SIDES,SIDES,27809.958949,27809.59,0.001,PASS,,,
4.9_+_UP_CHILLER_AND_2.5~L7.5~W2.6~H2.56~srd, 4.9 & UP CHILLER AND 2.5 WIDE ,27,CHILLER LARGE,srd,7.5,2.6,2.56,ROOF,ROOF,14917.180665,14917.05,0.001,PASS,,,
4.9_+_UP_CHILLER_AND_2.5~L7.5~W2.6~H2.56~srd, 4.9 & UP CHILLER AND 2.5 WIDE ,27,CHILLER LARGE,srd,7.5,2.6,2.56,FLOOR,FLOOR,24793.623991,24793.62,0.0,PASS,,,
4.9_+_UP_CHILLER_AND_2.5~L7.5~W2.6~H2.56~srd, 4.9 & UP CHILLER AND 2.5 WIDE ,27,CHILLER LARGE,srd,7.5,2.6,2.56,ALUMINIUM,ALUMINIUM,14138.652767,14138.65,0.0,PASS,,,
4.9_+_UP_CHILLER_AND_2.5~L7.5~W2.6~H2.56~srd, 4.9 & UP CHILLER AND 2.5 WIDE ,27,CHILLER LARGE,srd,7.5,2.6,2.56,SUB FRAME + LIGHT BOX ASSY,SUB FRAME + LIGHT BOX ASSY,9263.223068,9263.23,0.0,PASS,,,
4.9_+_UP_CHILLER_AND_2.5~L7.5~W2.6~H2.56~srd, 4.9 & UP CHILLER AND 2.5 WIDE ,27,CHILLER LARGE,srd,7.5,2.6,2.56,REAR FRAME + FLOOR PLATE,REAR FRAME & FLOOR PLATE,0.0,5502.42,,ACCEPTED,EXTRA_IN_MES,,"[RULING] Burt gates REAR FRAME + FLOOR PLATE on the DRD flags, so a single-rear-door body carries R0 there; MES always includes the section (R2.4k-R5.5k). Which is right needs Burt/Michael."
4.9_+_UP_CHILLER_AND_2.5~L7.5~W2.6~H2.56~srd, 4.9 & UP CHILLER AND 2.5 WIDE ,27,CHILLER LARGE,srd,7.5,2.6,2.56,SPRAY PAINTING,SPRAY PAINTING,750.0,750.0,0.0,PASS,,,
4.9_+_UP_CHILLER_AND_2.5~L7.5~W2.6~H2.56~srd, 4.9 & UP CHILLER AND 2.5 WIDE ,27,CHILLER LARGE,srd,7.5,2.6,2.56,REFLEXITE TAPE,REFLEXITE TAPE,319.5,319.5,0.0,PASS,,,
4.9_+_UP_CHILLER_AND_2.5~L7.5~W2.6~H2.56~drd, 4.9 & UP CHILLER AND 2.5 WIDE ,27,CHILLER LARGE,drd,7.5,2.6,2.56,FRONT,FRONT,4747.056155,4747.0,0.001,PASS,,,
4.9_+_UP_CHILLER_AND_2.5~L7.5~W2.6~H2.56~drd, 4.9 & UP CHILLER AND 2.5 WIDE ,27,CHILLER LARGE,drd,7.5,2.6,2.56,SRD,,0.0,,,SKIP,,,
4.9_+_UP_CHILLER_AND_2.5~L7.5~W2.6~H2.56~drd, 4.9 & UP CHILLER AND 2.5 WIDE ,27,CHILLER LARGE,drd,7.5,2.6,2.56,SRD DOOR FITTINGS,,0.0,,,SKIP,,,
4.9_+_UP_CHILLER_AND_2.5~L7.5~W2.6~H2.56~drd, 4.9 & UP CHILLER AND 2.5 WIDE ,27,CHILLER LARGE,drd,7.5,2.6,2.56,DRD,DRD,5907.123728,5907.06,0.001,PASS,,,
4.9_+_UP_CHILLER_AND_2.5~L7.5~W2.6~H2.56~drd, 4.9 & UP CHILLER AND 2.5 WIDE ,27,CHILLER LARGE,drd,7.5,2.6,2.56,DRD DOOR FITTINGS,DRD DOOR FITTINGS,6247.51278,6247.51,0.0,PASS,,,
4.9_+_UP_CHILLER_AND_2.5~L7.5~W2.6~H2.56~drd, 4.9 & UP CHILLER AND 2.5 WIDE ,27,CHILLER LARGE,drd,7.5,2.6,2.56,SIDES,SIDES,27809.958949,27809.59,0.001,PASS,,,
4.9_+_UP_CHILLER_AND_2.5~L7.5~W2.6~H2.56~drd, 4.9 & UP CHILLER AND 2.5 WIDE ,27,CHILLER LARGE,drd,7.5,2.6,2.56,ROOF,ROOF,14917.180665,14917.05,0.001,PASS,,,
4.9_+_UP_CHILLER_AND_2.5~L7.5~W2.6~H2.56~drd, 4.9 & UP CHILLER AND 2.5 WIDE ,27,CHILLER LARGE,drd,7.5,2.6,2.56,FLOOR,FLOOR,24793.623991,24793.62,0.0,PASS,,,
4.9_+_UP_CHILLER_AND_2.5~L7.5~W2.6~H2.56~drd, 4.9 & UP CHILLER AND 2.5 WIDE ,27,CHILLER LARGE,drd,7.5,2.6,2.56,ALUMINIUM,ALUMINIUM,14138.652767,14138.65,0.0,PASS,,,
4.9_+_UP_CHILLER_AND_2.5~L7.5~W2.6~H2.56~drd, 4.9 & UP CHILLER AND 2.5 WIDE ,27,CHILLER LARGE,drd,7.5,2.6,2.56,SUB FRAME + LIGHT BOX ASSY,SUB FRAME + LIGHT BOX ASSY,9263.223068,9263.23,0.0,PASS,,,
4.9_+_UP_CHILLER_AND_2.5~L7.5~W2.6~H2.56~drd, 4.9 & UP CHILLER AND 2.5 WIDE ,27,CHILLER LARGE,drd,7.5,2.6,2.56,REAR FRAME + FLOOR PLATE,REAR FRAME & FLOOR PLATE,5502.400241,5502.42,0.0,PASS,,,
4.9_+_UP_CHILLER_AND_2.5~L7.5~W2.6~H2.56~drd, 4.9 & UP CHILLER AND 2.5 WIDE ,27,CHILLER LARGE,drd,7.5,2.6,2.56,SPRAY PAINTING,SPRAY PAINTING,750.0,750.0,0.0,PASS,,,
4.9_+_UP_CHILLER_AND_2.5~L7.5~W2.6~H2.56~drd, 4.9 & UP CHILLER AND 2.5 WIDE ,27,CHILLER LARGE,drd,7.5,2.6,2.56,REFLEXITE TAPE,REFLEXITE TAPE,319.5,319.5,0.0,PASS,,,
4.9_+_UP_CHILLER_AND_2.5~L7.5~W2.6~H2.56~foam_4g, 4.9 & UP CHILLER AND 2.5 WIDE ,27,CHILLER LARGE,foam_4g,7.5,2.6,2.56,FRONT,FRONT,4747.056155,4747.0,0.001,PASS,,,
4.9_+_UP_CHILLER_AND_2.5~L7.5~W2.6~H2.56~foam_4g, 4.9 & UP CHILLER AND 2.5 WIDE ,27,CHILLER LARGE,foam_4g,7.5,2.6,2.56,SRD,,0.0,,,SKIP,,,
4.9_+_UP_CHILLER_AND_2.5~L7.5~W2.6~H2.56~foam_4g, 4.9 & UP CHILLER AND 2.5 WIDE ,27,CHILLER LARGE,foam_4g,7.5,2.6,2.56,SRD DOOR FITTINGS,,0.0,,,SKIP,,,
4.9_+_UP_CHILLER_AND_2.5~L7.5~W2.6~H2.56~foam_4g, 4.9 & UP CHILLER AND 2.5 WIDE ,27,CHILLER LARGE,foam_4g,7.5,2.6,2.56,DRD,DRD,5907.123728,5907.06,0.001,PASS,,,
4.9_+_UP_CHILLER_AND_2.5~L7.5~W2.6~H2.56~foam_4g, 4.9 & UP CHILLER AND 2.5 WIDE ,27,CHILLER LARGE,foam_4g,7.5,2.6,2.56,DRD DOOR FITTINGS,DRD DOOR FITTINGS,6247.51278,6247.51,0.0,PASS,,,
4.9_+_UP_CHILLER_AND_2.5~L7.5~W2.6~H2.56~foam_4g, 4.9 & UP CHILLER AND 2.5 WIDE ,27,CHILLER LARGE,foam_4g,7.5,2.6,2.56,SIDES,SIDES,27809.958949,27809.59,0.001,PASS,,,
4.9_+_UP_CHILLER_AND_2.5~L7.5~W2.6~H2.56~foam_4g, 4.9 & UP CHILLER AND 2.5 WIDE ,27,CHILLER LARGE,foam_4g,7.5,2.6,2.56,ROOF,ROOF,14917.180665,14917.05,0.001,PASS,,,
4.9_+_UP_CHILLER_AND_2.5~L7.5~W2.6~H2.56~foam_4g, 4.9 & UP CHILLER AND 2.5 WIDE ,27,CHILLER LARGE,foam_4g,7.5,2.6,2.56,FLOOR,FLOOR,24793.623991,24793.62,0.0,PASS,,,
4.9_+_UP_CHILLER_AND_2.5~L7.5~W2.6~H2.56~foam_4g, 4.9 & UP CHILLER AND 2.5 WIDE ,27,CHILLER LARGE,foam_4g,7.5,2.6,2.56,ALUMINIUM,ALUMINIUM,14138.652767,14138.65,0.0,PASS,,,
4.9_+_UP_CHILLER_AND_2.5~L7.5~W2.6~H2.56~foam_4g, 4.9 & UP CHILLER AND 2.5 WIDE ,27,CHILLER LARGE,foam_4g,7.5,2.6,2.56,SUB FRAME + LIGHT BOX ASSY,SUB FRAME + LIGHT BOX ASSY,9263.223068,9263.23,0.0,PASS,,,
4.9_+_UP_CHILLER_AND_2.5~L7.5~W2.6~H2.56~foam_4g, 4.9 & UP CHILLER AND 2.5 WIDE ,27,CHILLER LARGE,foam_4g,7.5,2.6,2.56,REAR FRAME + FLOOR PLATE,REAR FRAME & FLOOR PLATE,5502.400241,5502.42,0.0,PASS,,,
4.9_+_UP_CHILLER_AND_2.5~L7.5~W2.6~H2.56~foam_4g, 4.9 & UP CHILLER AND 2.5 WIDE ,27,CHILLER LARGE,foam_4g,7.5,2.6,2.56,SPRAY PAINTING,SPRAY PAINTING,750.0,750.0,0.0,PASS,,,
4.9_+_UP_CHILLER_AND_2.5~L7.5~W2.6~H2.56~foam_4g, 4.9 & UP CHILLER AND 2.5 WIDE ,27,CHILLER LARGE,foam_4g,7.5,2.6,2.56,REFLEXITE TAPE,REFLEXITE TAPE,319.5,319.5,0.0,PASS,,,
4.9_+_UP_CHILLER_AND_2.5~L8.5~W2.5~H2.56~as_sheet, 4.9 & UP CHILLER AND 2.5 WIDE ,27,CHILLER LARGE,as_sheet,8.5,2.5,2.56,FRONT,FRONT,4566.529064,4566.47,0.001,PASS,,,
4.9_+_UP_CHILLER_AND_2.5~L8.5~W2.5~H2.56~as_sheet, 4.9 & UP CHILLER AND 2.5 WIDE ,27,CHILLER LARGE,as_sheet,8.5,2.5,2.56,SRD,,0.0,,,SKIP,,,
4.9_+_UP_CHILLER_AND_2.5~L8.5~W2.5~H2.56~as_sheet, 4.9 & UP CHILLER AND 2.5 WIDE ,27,CHILLER LARGE,as_sheet,8.5,2.5,2.56,SRD DOOR FITTINGS,,0.0,,,SKIP,,,
4.9_+_UP_CHILLER_AND_2.5~L8.5~W2.5~H2.56~as_sheet, 4.9 & UP CHILLER AND 2.5 WIDE ,27,CHILLER LARGE,as_sheet,8.5,2.5,2.56,DRD,DRD,5715.188449,5715.13,0.001,PASS,,,
4.9_+_UP_CHILLER_AND_2.5~L8.5~W2.5~H2.56~as_sheet, 4.9 & UP CHILLER AND 2.5 WIDE ,27,CHILLER LARGE,as_sheet,8.5,2.5,2.56,DRD DOOR FITTINGS,DRD DOOR FITTINGS,6200.61678,6200.62,0.0,PASS,,,
4.9_+_UP_CHILLER_AND_2.5~L8.5~W2.5~H2.56~as_sheet, 4.9 & UP CHILLER AND 2.5 WIDE ,27,CHILLER LARGE,as_sheet,8.5,2.5,2.56,SIDES,SIDES,31420.500776,31420.08,0.001,PASS,,,
4.9_+_UP_CHILLER_AND_2.5~L8.5~W2.5~H2.56~as_sheet, 4.9 & UP CHILLER AND 2.5 WIDE ,27,CHILLER LARGE,as_sheet,8.5,2.5,2.56,ROOF,ROOF,16250.929799,16250.78,0.001,PASS,,,
4.9_+_UP_CHILLER_AND_2.5~L8.5~W2.5~H2.56~as_sheet, 4.9 & UP CHILLER AND 2.5 WIDE ,27,CHILLER LARGE,as_sheet,8.5,2.5,2.56,FLOOR,FLOOR,27042.992014,27042.99,0.0,PASS,,,
4.9_+_UP_CHILLER_AND_2.5~L8.5~W2.5~H2.56~as_sheet, 4.9 & UP CHILLER AND 2.5 WIDE ,27,CHILLER LARGE,as_sheet,8.5,2.5,2.56,ALUMINIUM,ALUMINIUM,15571.0251,15571.03,0.0,PASS,,,
4.9_+_UP_CHILLER_AND_2.5~L8.5~W2.5~H2.56~as_sheet, 4.9 & UP CHILLER AND 2.5 WIDE ,27,CHILLER LARGE,as_sheet,8.5,2.5,2.56,SUB FRAME + LIGHT BOX ASSY,SUB FRAME + LIGHT BOX ASSY,9749.223068,9749.23,0.0,PASS,,,
4.9_+_UP_CHILLER_AND_2.5~L8.5~W2.5~H2.56~as_sheet, 4.9 & UP CHILLER AND 2.5 WIDE ,27,CHILLER LARGE,as_sheet,8.5,2.5,2.56,REAR FRAME + FLOOR PLATE,REAR FRAME & FLOOR PLATE,5472.944561,5472.97,0.0,PASS,,,
4.9_+_UP_CHILLER_AND_2.5~L8.5~W2.5~H2.56~as_sheet, 4.9 & UP CHILLER AND 2.5 WIDE ,27,CHILLER LARGE,as_sheet,8.5,2.5,2.56,SPRAY PAINTING,SPRAY PAINTING,750.0,750.0,0.0,PASS,,,
4.9_+_UP_CHILLER_AND_2.5~L8.5~W2.5~H2.56~as_sheet, 4.9 & UP CHILLER AND 2.5 WIDE ,27,CHILLER LARGE,as_sheet,8.5,2.5,2.56,REFLEXITE TAPE,REFLEXITE TAPE,353.7,353.7,0.0,PASS,,,
4.9_+_UP_CHILLER_AND_2.5~L8.5~W2.5~H2.56~all_eps, 4.9 & UP CHILLER AND 2.5 WIDE ,27,CHILLER LARGE,all_eps,8.5,2.5,2.56,FRONT,FRONT,4566.529064,4566.47,0.001,PASS,,,
4.9_+_UP_CHILLER_AND_2.5~L8.5~W2.5~H2.56~all_eps, 4.9 & UP CHILLER AND 2.5 WIDE ,27,CHILLER LARGE,all_eps,8.5,2.5,2.56,SRD,,0.0,,,SKIP,,,
4.9_+_UP_CHILLER_AND_2.5~L8.5~W2.5~H2.56~all_eps, 4.9 & UP CHILLER AND 2.5 WIDE ,27,CHILLER LARGE,all_eps,8.5,2.5,2.56,SRD DOOR FITTINGS,,0.0,,,SKIP,,,
4.9_+_UP_CHILLER_AND_2.5~L8.5~W2.5~H2.56~all_eps, 4.9 & UP CHILLER AND 2.5 WIDE ,27,CHILLER LARGE,all_eps,8.5,2.5,2.56,DRD,DRD,5715.188449,5715.13,0.001,PASS,,,
4.9_+_UP_CHILLER_AND_2.5~L8.5~W2.5~H2.56~all_eps, 4.9 & UP CHILLER AND 2.5 WIDE ,27,CHILLER LARGE,all_eps,8.5,2.5,2.56,DRD DOOR FITTINGS,DRD DOOR FITTINGS,6200.61678,6200.62,0.0,PASS,,,
4.9_+_UP_CHILLER_AND_2.5~L8.5~W2.5~H2.56~all_eps, 4.9 & UP CHILLER AND 2.5 WIDE ,27,CHILLER LARGE,all_eps,8.5,2.5,2.56,SIDES,SIDES,31420.500776,31420.08,0.001,PASS,,,
4.9_+_UP_CHILLER_AND_2.5~L8.5~W2.5~H2.56~all_eps, 4.9 & UP CHILLER AND 2.5 WIDE ,27,CHILLER LARGE,all_eps,8.5,2.5,2.56,ROOF,ROOF,16250.929799,16250.78,0.001,PASS,,,
4.9_+_UP_CHILLER_AND_2.5~L8.5~W2.5~H2.56~all_eps, 4.9 & UP CHILLER AND 2.5 WIDE ,27,CHILLER LARGE,all_eps,8.5,2.5,2.56,FLOOR,FLOOR,27042.992014,27042.99,0.0,PASS,,,
4.9_+_UP_CHILLER_AND_2.5~L8.5~W2.5~H2.56~all_eps, 4.9 & UP CHILLER AND 2.5 WIDE ,27,CHILLER LARGE,all_eps,8.5,2.5,2.56,ALUMINIUM,ALUMINIUM,15571.0251,15571.03,0.0,PASS,,,
4.9_+_UP_CHILLER_AND_2.5~L8.5~W2.5~H2.56~all_eps, 4.9 & UP CHILLER AND 2.5 WIDE ,27,CHILLER LARGE,all_eps,8.5,2.5,2.56,SUB FRAME + LIGHT BOX ASSY,SUB FRAME + LIGHT BOX ASSY,9749.223068,9749.23,0.0,PASS,,,
4.9_+_UP_CHILLER_AND_2.5~L8.5~W2.5~H2.56~all_eps, 4.9 & UP CHILLER AND 2.5 WIDE ,27,CHILLER LARGE,all_eps,8.5,2.5,2.56,REAR FRAME + FLOOR PLATE,REAR FRAME & FLOOR PLATE,5472.944561,5472.97,0.0,PASS,,,
4.9_+_UP_CHILLER_AND_2.5~L8.5~W2.5~H2.56~all_eps, 4.9 & UP CHILLER AND 2.5 WIDE ,27,CHILLER LARGE,all_eps,8.5,2.5,2.56,SPRAY PAINTING,SPRAY PAINTING,750.0,750.0,0.0,PASS,,,
4.9_+_UP_CHILLER_AND_2.5~L8.5~W2.5~H2.56~all_eps, 4.9 & UP CHILLER AND 2.5 WIDE ,27,CHILLER LARGE,all_eps,8.5,2.5,2.56,REFLEXITE TAPE,REFLEXITE TAPE,353.7,353.7,0.0,PASS,,,
4.9_+_UP_CHILLER_AND_2.5~L8.5~W2.5~H2.56~all_pu, 4.9 & UP CHILLER AND 2.5 WIDE ,27,CHILLER LARGE,all_pu,8.5,2.5,2.56,FRONT,FRONT,5108.324552,5997.13,17.399,ACCEPTED,,BOTH PU (+888.87),[RULING] PROD prices chiller PU at R334.50/sheet (the September 32D rate) where Burt's chiller sheets hard-code a 2018 rate (3090 -> R185.20/sheet): MES +R890 (front) to +R4k (sides) per PU panel. Prod is likely the current one; Burt's sheets need the [1]PU! link.
4.9_+_UP_CHILLER_AND_2.5~L8.5~W2.5~H2.56~all_pu, 4.9 & UP CHILLER AND 2.5 WIDE ,27,CHILLER LARGE,all_pu,8.5,2.5,2.56,SRD,,0.0,,,SKIP,,,
4.9_+_UP_CHILLER_AND_2.5~L8.5~W2.5~H2.56~all_pu, 4.9 & UP CHILLER AND 2.5 WIDE ,27,CHILLER LARGE,all_pu,8.5,2.5,2.56,SRD DOOR FITTINGS,,0.0,,,SKIP,,,
4.9_+_UP_CHILLER_AND_2.5~L8.5~W2.5~H2.56~all_pu, 4.9 & UP CHILLER AND 2.5 WIDE ,27,CHILLER LARGE,all_pu,8.5,2.5,2.56,DRD,DRD,5763.910795,7583.68,31.572,ACCEPTED,,BOTH PU (+1819.83),[RULING] PROD prices chiller PU at R334.50/sheet (the September 32D rate) where Burt's chiller sheets hard-code a 2018 rate (3090 -> R185.20/sheet): MES +R890 (front) to +R4k (sides) per PU panel. Prod is likely the current one; Burt's sheets need the [1]PU! link.
4.9_+_UP_CHILLER_AND_2.5~L8.5~W2.5~H2.56~all_pu, 4.9 & UP CHILLER AND 2.5 WIDE ,27,CHILLER LARGE,all_pu,8.5,2.5,2.56,DRD DOOR FITTINGS,DRD DOOR FITTINGS,6304.22746,6287.66,0.263,PASS,,,
4.9_+_UP_CHILLER_AND_2.5~L8.5~W2.5~H2.56~all_pu, 4.9 & UP CHILLER AND 2.5 WIDE ,27,CHILLER LARGE,all_pu,8.5,2.5,2.56,SIDES,SIDES,35154.758315,41848.9,19.042,ACCEPTED,,BOTH PU (+6694.58),[RULING] PROD prices chiller PU at R334.50/sheet (the September 32D rate) where Burt's chiller sheets hard-code a 2018 rate (3090 -> R185.20/sheet): MES +R890 (front) to +R4k (sides) per PU panel. Prod is likely the current one; Burt's sheets need the [1]PU! link.
4.9_+_UP_CHILLER_AND_2.5~L8.5~W2.5~H2.56~all_pu, 4.9 & UP CHILLER AND 2.5 WIDE ,27,CHILLER LARGE,all_pu,8.5,2.5,2.56,ROOF,ROOF,16653.585959,18198.94,9.279,ACCEPTED,,BOTH PU (+1545.50),[RULING] PROD prices chiller PU at R334.50/sheet (the September 32D rate) where Burt's chiller sheets hard-code a 2018 rate (3090 -> R185.20/sheet): MES +R890 (front) to +R4k (sides) per PU panel. Prod is likely the current one; Burt's sheets need the [1]PU! link.
4.9_+_UP_CHILLER_AND_2.5~L8.5~W2.5~H2.56~all_pu, 4.9 & UP CHILLER AND 2.5 WIDE ,27,CHILLER LARGE,all_pu,8.5,2.5,2.56,FLOOR,FLOOR,27445.648174,28991.15,5.631,ACCEPTED,,BOTH PU (+1545.50),[RULING] PROD prices chiller PU at R334.50/sheet (the September 32D rate) where Burt's chiller sheets hard-code a 2018 rate (3090 -> R185.20/sheet): MES +R890 (front) to +R4k (sides) per PU panel. Prod is likely the current one; Burt's sheets need the [1]PU! link.
4.9_+_UP_CHILLER_AND_2.5~L8.5~W2.5~H2.56~all_pu, 4.9 & UP CHILLER AND 2.5 WIDE ,27,CHILLER LARGE,all_pu,8.5,2.5,2.56,ALUMINIUM,ALUMINIUM,15571.0251,15571.03,0.0,PASS,,,
4.9_+_UP_CHILLER_AND_2.5~L8.5~W2.5~H2.56~all_pu, 4.9 & UP CHILLER AND 2.5 WIDE ,27,CHILLER LARGE,all_pu,8.5,2.5,2.56,SUB FRAME + LIGHT BOX ASSY,SUB FRAME + LIGHT BOX ASSY,9749.223068,9749.23,0.0,PASS,,,
4.9_+_UP_CHILLER_AND_2.5~L8.5~W2.5~H2.56~all_pu, 4.9 & UP CHILLER AND 2.5 WIDE ,27,CHILLER LARGE,all_pu,8.5,2.5,2.56,REAR FRAME + FLOOR PLATE,REAR FRAME & FLOOR PLATE,5472.944561,5472.97,0.0,PASS,,,
4.9_+_UP_CHILLER_AND_2.5~L8.5~W2.5~H2.56~all_pu, 4.9 & UP CHILLER AND 2.5 WIDE ,27,CHILLER LARGE,all_pu,8.5,2.5,2.56,SPRAY PAINTING,SPRAY PAINTING,750.0,750.0,0.0,PASS,,,
4.9_+_UP_CHILLER_AND_2.5~L8.5~W2.5~H2.56~all_pu, 4.9 & UP CHILLER AND 2.5 WIDE ,27,CHILLER LARGE,all_pu,8.5,2.5,2.56,REFLEXITE TAPE,REFLEXITE TAPE,353.7,353.7,0.0,PASS,,,
4.9_+_UP_CHILLER_AND_2.5~L8.5~W2.5~H2.56~srd, 4.9 & UP CHILLER AND 2.5 WIDE ,27,CHILLER LARGE,srd,8.5,2.5,2.56,FRONT,FRONT,4566.529064,4566.47,0.001,PASS,,,
4.9_+_UP_CHILLER_AND_2.5~L8.5~W2.5~H2.56~srd, 4.9 & UP CHILLER AND 2.5 WIDE ,27,CHILLER LARGE,srd,8.5,2.5,2.56,SRD,SRD,4777.751788,4651.07,2.651,ACCEPTED,,PRICE_DIFF EPS (-126.63),[DATA] PROD SRD EPS line priced differently from Burt on CHILLER 2.3 / CHILLER LARGE (-R127 to -R148).
4.9_+_UP_CHILLER_AND_2.5~L8.5~W2.5~H2.56~srd, 4.9 & UP CHILLER AND 2.5 WIDE ,27,CHILLER LARGE,srd,8.5,2.5,2.56,SRD DOOR FITTINGS,SRD DOOR FITTINGS,6683.48854,7127.79,6.648,ACCEPTED,,MISSING_IN_MES 28780 BIG VERTICAL (-763.29),"[DATA] SRD DOOR FITTINGS on every body: MES CSLB HINGES R293.46 x2 (Excel R146.73 x2 - the pair price applied per hinge) and SILPLUS X WHITE R232.30 (Excel R116.15); per body also 34MM LOCKING POLE, 28782 BIG HORIZ CAPPING, ALU CORNERS, 28780/28778 BIG VERTICAL."
4.9_+_UP_CHILLER_AND_2.5~L8.5~W2.5~H2.56~srd, 4.9 & UP CHILLER AND 2.5 WIDE ,27,CHILLER LARGE,srd,8.5,2.5,2.56,DRD,,0.0,,,SKIP,,,
4.9_+_UP_CHILLER_AND_2.5~L8.5~W2.5~H2.56~srd, 4.9 & UP CHILLER AND 2.5 WIDE ,27,CHILLER LARGE,srd,8.5,2.5,2.56,DRD DOOR FITTINGS,,0.0,,,SKIP,,,
4.9_+_UP_CHILLER_AND_2.5~L8.5~W2.5~H2.56~srd, 4.9 & UP CHILLER AND 2.5 WIDE ,27,CHILLER LARGE,srd,8.5,2.5,2.56,SIDES,SIDES,31420.500776,31420.08,0.001,PASS,,,
4.9_+_UP_CHILLER_AND_2.5~L8.5~W2.5~H2.56~srd, 4.9 & UP CHILLER AND 2.5 WIDE ,27,CHILLER LARGE,srd,8.5,2.5,2.56,ROOF,ROOF,16250.929799,16250.78,0.001,PASS,,,
4.9_+_UP_CHILLER_AND_2.5~L8.5~W2.5~H2.56~srd, 4.9 & UP CHILLER AND 2.5 WIDE ,27,CHILLER LARGE,srd,8.5,2.5,2.56,FLOOR,FLOOR,27042.992014,27042.99,0.0,PASS,,,
4.9_+_UP_CHILLER_AND_2.5~L8.5~W2.5~H2.56~srd, 4.9 & UP CHILLER AND 2.5 WIDE ,27,CHILLER LARGE,srd,8.5,2.5,2.56,ALUMINIUM,ALUMINIUM,15571.0251,15571.03,0.0,PASS,,,
4.9_+_UP_CHILLER_AND_2.5~L8.5~W2.5~H2.56~srd, 4.9 & UP CHILLER AND 2.5 WIDE ,27,CHILLER LARGE,srd,8.5,2.5,2.56,SUB FRAME + LIGHT BOX ASSY,SUB FRAME + LIGHT BOX ASSY,9749.223068,9749.23,0.0,PASS,,,
4.9_+_UP_CHILLER_AND_2.5~L8.5~W2.5~H2.56~srd, 4.9 & UP CHILLER AND 2.5 WIDE ,27,CHILLER LARGE,srd,8.5,2.5,2.56,REAR FRAME + FLOOR PLATE,REAR FRAME & FLOOR PLATE,0.0,5472.97,,ACCEPTED,EXTRA_IN_MES,,"[RULING] Burt gates REAR FRAME + FLOOR PLATE on the DRD flags, so a single-rear-door body carries R0 there; MES always includes the section (R2.4k-R5.5k). Which is right needs Burt/Michael."
4.9_+_UP_CHILLER_AND_2.5~L8.5~W2.5~H2.56~srd, 4.9 & UP CHILLER AND 2.5 WIDE ,27,CHILLER LARGE,srd,8.5,2.5,2.56,SPRAY PAINTING,SPRAY PAINTING,750.0,750.0,0.0,PASS,,,
4.9_+_UP_CHILLER_AND_2.5~L8.5~W2.5~H2.56~srd, 4.9 & UP CHILLER AND 2.5 WIDE ,27,CHILLER LARGE,srd,8.5,2.5,2.56,REFLEXITE TAPE,REFLEXITE TAPE,353.7,353.7,0.0,PASS,,,
4.9_+_UP_CHILLER_AND_2.5~L8.5~W2.5~H2.56~drd, 4.9 & UP CHILLER AND 2.5 WIDE ,27,CHILLER LARGE,drd,8.5,2.5,2.56,FRONT,FRONT,4566.529064,4566.47,0.001,PASS,,,
4.9_+_UP_CHILLER_AND_2.5~L8.5~W2.5~H2.56~drd, 4.9 & UP CHILLER AND 2.5 WIDE ,27,CHILLER LARGE,drd,8.5,2.5,2.56,SRD,,0.0,,,SKIP,,,
4.9_+_UP_CHILLER_AND_2.5~L8.5~W2.5~H2.56~drd, 4.9 & UP CHILLER AND 2.5 WIDE ,27,CHILLER LARGE,drd,8.5,2.5,2.56,SRD DOOR FITTINGS,,0.0,,,SKIP,,,
4.9_+_UP_CHILLER_AND_2.5~L8.5~W2.5~H2.56~drd, 4.9 & UP CHILLER AND 2.5 WIDE ,27,CHILLER LARGE,drd,8.5,2.5,2.56,DRD,DRD,5715.188449,5715.13,0.001,PASS,,,
4.9_+_UP_CHILLER_AND_2.5~L8.5~W2.5~H2.56~drd, 4.9 & UP CHILLER AND 2.5 WIDE ,27,CHILLER LARGE,drd,8.5,2.5,2.56,DRD DOOR FITTINGS,DRD DOOR FITTINGS,6200.61678,6200.62,0.0,PASS,,,
4.9_+_UP_CHILLER_AND_2.5~L8.5~W2.5~H2.56~drd, 4.9 & UP CHILLER AND 2.5 WIDE ,27,CHILLER LARGE,drd,8.5,2.5,2.56,SIDES,SIDES,31420.500776,31420.08,0.001,PASS,,,
4.9_+_UP_CHILLER_AND_2.5~L8.5~W2.5~H2.56~drd, 4.9 & UP CHILLER AND 2.5 WIDE ,27,CHILLER LARGE,drd,8.5,2.5,2.56,ROOF,ROOF,16250.929799,16250.78,0.001,PASS,,,
4.9_+_UP_CHILLER_AND_2.5~L8.5~W2.5~H2.56~drd, 4.9 & UP CHILLER AND 2.5 WIDE ,27,CHILLER LARGE,drd,8.5,2.5,2.56,FLOOR,FLOOR,27042.992014,27042.99,0.0,PASS,,,
4.9_+_UP_CHILLER_AND_2.5~L8.5~W2.5~H2.56~drd, 4.9 & UP CHILLER AND 2.5 WIDE ,27,CHILLER LARGE,drd,8.5,2.5,2.56,ALUMINIUM,ALUMINIUM,15571.0251,15571.03,0.0,PASS,,,
4.9_+_UP_CHILLER_AND_2.5~L8.5~W2.5~H2.56~drd, 4.9 & UP CHILLER AND 2.5 WIDE ,27,CHILLER LARGE,drd,8.5,2.5,2.56,SUB FRAME + LIGHT BOX ASSY,SUB FRAME + LIGHT BOX ASSY,9749.223068,9749.23,0.0,PASS,,,
4.9_+_UP_CHILLER_AND_2.5~L8.5~W2.5~H2.56~drd, 4.9 & UP CHILLER AND 2.5 WIDE ,27,CHILLER LARGE,drd,8.5,2.5,2.56,REAR FRAME + FLOOR PLATE,REAR FRAME & FLOOR PLATE,5472.944561,5472.97,0.0,PASS,,,
4.9_+_UP_CHILLER_AND_2.5~L8.5~W2.5~H2.56~drd, 4.9 & UP CHILLER AND 2.5 WIDE ,27,CHILLER LARGE,drd,8.5,2.5,2.56,SPRAY PAINTING,SPRAY PAINTING,750.0,750.0,0.0,PASS,,,
4.9_+_UP_CHILLER_AND_2.5~L8.5~W2.5~H2.56~drd, 4.9 & UP CHILLER AND 2.5 WIDE ,27,CHILLER LARGE,drd,8.5,2.5,2.56,REFLEXITE TAPE,REFLEXITE TAPE,353.7,353.7,0.0,PASS,,,
4.9_+_UP_CHILLER_AND_2.5~L8.5~W2.5~H2.56~foam_4g, 4.9 & UP CHILLER AND 2.5 WIDE ,27,CHILLER LARGE,foam_4g,8.5,2.5,2.56,FRONT,FRONT,4566.529064,4566.47,0.001,PASS,,,
4.9_+_UP_CHILLER_AND_2.5~L8.5~W2.5~H2.56~foam_4g, 4.9 & UP CHILLER AND 2.5 WIDE ,27,CHILLER LARGE,foam_4g,8.5,2.5,2.56,SRD,,0.0,,,SKIP,,,
4.9_+_UP_CHILLER_AND_2.5~L8.5~W2.5~H2.56~foam_4g, 4.9 & UP CHILLER AND 2.5 WIDE ,27,CHILLER LARGE,foam_4g,8.5,2.5,2.56,SRD DOOR FITTINGS,,0.0,,,SKIP,,,
4.9_+_UP_CHILLER_AND_2.5~L8.5~W2.5~H2.56~foam_4g, 4.9 & UP CHILLER AND 2.5 WIDE ,27,CHILLER LARGE,foam_4g,8.5,2.5,2.56,DRD,DRD,5715.188449,5715.13,0.001,PASS,,,
4.9_+_UP_CHILLER_AND_2.5~L8.5~W2.5~H2.56~foam_4g, 4.9 & UP CHILLER AND 2.5 WIDE ,27,CHILLER LARGE,foam_4g,8.5,2.5,2.56,DRD DOOR FITTINGS,DRD DOOR FITTINGS,6200.61678,6200.62,0.0,PASS,,,
4.9_+_UP_CHILLER_AND_2.5~L8.5~W2.5~H2.56~foam_4g, 4.9 & UP CHILLER AND 2.5 WIDE ,27,CHILLER LARGE,foam_4g,8.5,2.5,2.56,SIDES,SIDES,31420.500776,31420.08,0.001,PASS,,,
4.9_+_UP_CHILLER_AND_2.5~L8.5~W2.5~H2.56~foam_4g, 4.9 & UP CHILLER AND 2.5 WIDE ,27,CHILLER LARGE,foam_4g,8.5,2.5,2.56,ROOF,ROOF,16250.929799,16250.78,0.001,PASS,,,
4.9_+_UP_CHILLER_AND_2.5~L8.5~W2.5~H2.56~foam_4g, 4.9 & UP CHILLER AND 2.5 WIDE ,27,CHILLER LARGE,foam_4g,8.5,2.5,2.56,FLOOR,FLOOR,27042.992014,27042.99,0.0,PASS,,,
4.9_+_UP_CHILLER_AND_2.5~L8.5~W2.5~H2.56~foam_4g, 4.9 & UP CHILLER AND 2.5 WIDE ,27,CHILLER LARGE,foam_4g,8.5,2.5,2.56,ALUMINIUM,ALUMINIUM,15571.0251,15571.03,0.0,PASS,,,
4.9_+_UP_CHILLER_AND_2.5~L8.5~W2.5~H2.56~foam_4g, 4.9 & UP CHILLER AND 2.5 WIDE ,27,CHILLER LARGE,foam_4g,8.5,2.5,2.56,SUB FRAME + LIGHT BOX ASSY,SUB FRAME + LIGHT BOX ASSY,9749.223068,9749.23,0.0,PASS,,,
4.9_+_UP_CHILLER_AND_2.5~L8.5~W2.5~H2.56~foam_4g, 4.9 & UP CHILLER AND 2.5 WIDE ,27,CHILLER LARGE,foam_4g,8.5,2.5,2.56,REAR FRAME + FLOOR PLATE,REAR FRAME & FLOOR PLATE,5472.944561,5472.97,0.0,PASS,,,
4.9_+_UP_CHILLER_AND_2.5~L8.5~W2.5~H2.56~foam_4g, 4.9 & UP CHILLER AND 2.5 WIDE ,27,CHILLER LARGE,foam_4g,8.5,2.5,2.56,SPRAY PAINTING,SPRAY PAINTING,750.0,750.0,0.0,PASS,,,
4.9_+_UP_CHILLER_AND_2.5~L8.5~W2.5~H2.56~foam_4g, 4.9 & UP CHILLER AND 2.5 WIDE ,27,CHILLER LARGE,foam_4g,8.5,2.5,2.56,REFLEXITE TAPE,REFLEXITE TAPE,353.7,353.7,0.0,PASS,,,
4.9_+_UP_CHILLER_AND_2.5~L8.5~W2.6~H2.56~as_sheet, 4.9 & UP CHILLER AND 2.5 WIDE ,27,CHILLER LARGE,as_sheet,8.5,2.6,2.56,FRONT,FRONT,4747.056155,4747.0,0.001,PASS,,,
4.9_+_UP_CHILLER_AND_2.5~L8.5~W2.6~H2.56~as_sheet, 4.9 & UP CHILLER AND 2.5 WIDE ,27,CHILLER LARGE,as_sheet,8.5,2.6,2.56,SRD,,0.0,,,SKIP,,,
4.9_+_UP_CHILLER_AND_2.5~L8.5~W2.6~H2.56~as_sheet, 4.9 & UP CHILLER AND 2.5 WIDE ,27,CHILLER LARGE,as_sheet,8.5,2.6,2.56,SRD DOOR FITTINGS,,0.0,,,SKIP,,,
4.9_+_UP_CHILLER_AND_2.5~L8.5~W2.6~H2.56~as_sheet, 4.9 & UP CHILLER AND 2.5 WIDE ,27,CHILLER LARGE,as_sheet,8.5,2.6,2.56,DRD,DRD,5907.123728,5907.06,0.001,PASS,,,
4.9_+_UP_CHILLER_AND_2.5~L8.5~W2.6~H2.56~as_sheet, 4.9 & UP CHILLER AND 2.5 WIDE ,27,CHILLER LARGE,as_sheet,8.5,2.6,2.56,DRD DOOR FITTINGS,DRD DOOR FITTINGS,6247.51278,6247.51,0.0,PASS,,,
4.9_+_UP_CHILLER_AND_2.5~L8.5~W2.6~H2.56~as_sheet, 4.9 & UP CHILLER AND 2.5 WIDE ,27,CHILLER LARGE,as_sheet,8.5,2.6,2.56,SIDES,SIDES,31420.500776,31420.08,0.001,PASS,,,
4.9_+_UP_CHILLER_AND_2.5~L8.5~W2.6~H2.56~as_sheet, 4.9 & UP CHILLER AND 2.5 WIDE ,27,CHILLER LARGE,as_sheet,8.5,2.6,2.56,ROOF,ROOF,16858.442221,16858.29,0.001,PASS,,,
4.9_+_UP_CHILLER_AND_2.5~L8.5~W2.6~H2.56~as_sheet, 4.9 & UP CHILLER AND 2.5 WIDE ,27,CHILLER LARGE,as_sheet,8.5,2.6,2.56,FLOOR,FLOOR,27902.337196,27902.34,0.0,PASS,,,
4.9_+_UP_CHILLER_AND_2.5~L8.5~W2.6~H2.56~as_sheet, 4.9 & UP CHILLER AND 2.5 WIDE ,27,CHILLER LARGE,as_sheet,8.5,2.6,2.56,ALUMINIUM,ALUMINIUM,15606.772767,15606.77,0.0,PASS,,,
4.9_+_UP_CHILLER_AND_2.5~L8.5~W2.6~H2.56~as_sheet, 4.9 & UP CHILLER AND 2.5 WIDE ,27,CHILLER LARGE,as_sheet,8.5,2.6,2.56,SUB FRAME + LIGHT BOX ASSY,SUB FRAME + LIGHT BOX ASSY,9749.223068,9749.23,0.0,PASS,,,
4.9_+_UP_CHILLER_AND_2.5~L8.5~W2.6~H2.56~as_sheet, 4.9 & UP CHILLER AND 2.5 WIDE ,27,CHILLER LARGE,as_sheet,8.5,2.6,2.56,REAR FRAME + FLOOR PLATE,REAR FRAME & FLOOR PLATE,5502.400241,5502.42,0.0,PASS,,,
4.9_+_UP_CHILLER_AND_2.5~L8.5~W2.6~H2.56~as_sheet, 4.9 & UP CHILLER AND 2.5 WIDE ,27,CHILLER LARGE,as_sheet,8.5,2.6,2.56,SPRAY PAINTING,SPRAY PAINTING,750.0,750.0,0.0,PASS,,,
4.9_+_UP_CHILLER_AND_2.5~L8.5~W2.6~H2.56~as_sheet, 4.9 & UP CHILLER AND 2.5 WIDE ,27,CHILLER LARGE,as_sheet,8.5,2.6,2.56,REFLEXITE TAPE,REFLEXITE TAPE,355.5,355.5,0.0,PASS,,,
4.9_+_UP_CHILLER_AND_2.5~L8.5~W2.6~H2.56~all_eps, 4.9 & UP CHILLER AND 2.5 WIDE ,27,CHILLER LARGE,all_eps,8.5,2.6,2.56,FRONT,FRONT,4747.056155,4747.0,0.001,PASS,,,
4.9_+_UP_CHILLER_AND_2.5~L8.5~W2.6~H2.56~all_eps, 4.9 & UP CHILLER AND 2.5 WIDE ,27,CHILLER LARGE,all_eps,8.5,2.6,2.56,SRD,,0.0,,,SKIP,,,
4.9_+_UP_CHILLER_AND_2.5~L8.5~W2.6~H2.56~all_eps, 4.9 & UP CHILLER AND 2.5 WIDE ,27,CHILLER LARGE,all_eps,8.5,2.6,2.56,SRD DOOR FITTINGS,,0.0,,,SKIP,,,
4.9_+_UP_CHILLER_AND_2.5~L8.5~W2.6~H2.56~all_eps, 4.9 & UP CHILLER AND 2.5 WIDE ,27,CHILLER LARGE,all_eps,8.5,2.6,2.56,DRD,DRD,5907.123728,5907.06,0.001,PASS,,,
4.9_+_UP_CHILLER_AND_2.5~L8.5~W2.6~H2.56~all_eps, 4.9 & UP CHILLER AND 2.5 WIDE ,27,CHILLER LARGE,all_eps,8.5,2.6,2.56,DRD DOOR FITTINGS,DRD DOOR FITTINGS,6247.51278,6247.51,0.0,PASS,,,
4.9_+_UP_CHILLER_AND_2.5~L8.5~W2.6~H2.56~all_eps, 4.9 & UP CHILLER AND 2.5 WIDE ,27,CHILLER LARGE,all_eps,8.5,2.6,2.56,SIDES,SIDES,31420.500776,31420.08,0.001,PASS,,,
4.9_+_UP_CHILLER_AND_2.5~L8.5~W2.6~H2.56~all_eps, 4.9 & UP CHILLER AND 2.5 WIDE ,27,CHILLER LARGE,all_eps,8.5,2.6,2.56,ROOF,ROOF,16858.442221,16858.29,0.001,PASS,,,
4.9_+_UP_CHILLER_AND_2.5~L8.5~W2.6~H2.56~all_eps, 4.9 & UP CHILLER AND 2.5 WIDE ,27,CHILLER LARGE,all_eps,8.5,2.6,2.56,FLOOR,FLOOR,27902.337196,27902.34,0.0,PASS,,,
4.9_+_UP_CHILLER_AND_2.5~L8.5~W2.6~H2.56~all_eps, 4.9 & UP CHILLER AND 2.5 WIDE ,27,CHILLER LARGE,all_eps,8.5,2.6,2.56,ALUMINIUM,ALUMINIUM,15606.772767,15606.77,0.0,PASS,,,
4.9_+_UP_CHILLER_AND_2.5~L8.5~W2.6~H2.56~all_eps, 4.9 & UP CHILLER AND 2.5 WIDE ,27,CHILLER LARGE,all_eps,8.5,2.6,2.56,SUB FRAME + LIGHT BOX ASSY,SUB FRAME + LIGHT BOX ASSY,9749.223068,9749.23,0.0,PASS,,,
4.9_+_UP_CHILLER_AND_2.5~L8.5~W2.6~H2.56~all_eps, 4.9 & UP CHILLER AND 2.5 WIDE ,27,CHILLER LARGE,all_eps,8.5,2.6,2.56,REAR FRAME + FLOOR PLATE,REAR FRAME & FLOOR PLATE,5502.400241,5502.42,0.0,PASS,,,
4.9_+_UP_CHILLER_AND_2.5~L8.5~W2.6~H2.56~all_eps, 4.9 & UP CHILLER AND 2.5 WIDE ,27,CHILLER LARGE,all_eps,8.5,2.6,2.56,SPRAY PAINTING,SPRAY PAINTING,750.0,750.0,0.0,PASS,,,
4.9_+_UP_CHILLER_AND_2.5~L8.5~W2.6~H2.56~all_eps, 4.9 & UP CHILLER AND 2.5 WIDE ,27,CHILLER LARGE,all_eps,8.5,2.6,2.56,REFLEXITE TAPE,REFLEXITE TAPE,355.5,355.5,0.0,PASS,,,
4.9_+_UP_CHILLER_AND_2.5~L8.5~W2.6~H2.56~all_pu, 4.9 & UP CHILLER AND 2.5 WIDE ,27,CHILLER LARGE,all_pu,8.5,2.6,2.56,FRONT,FRONT,5265.392232,6154.2,16.88,ACCEPTED,,BOTH PU (+888.87),[RULING] PROD prices chiller PU at R334.50/sheet (the September 32D rate) where Burt's chiller sheets hard-code a 2018 rate (3090 -> R185.20/sheet): MES +R890 (front) to +R4k (sides) per PU panel. Prod is likely the current one; Burt's sheets need the [1]PU! link.
4.9_+_UP_CHILLER_AND_2.5~L8.5~W2.6~H2.56~all_pu, 4.9 & UP CHILLER AND 2.5 WIDE ,27,CHILLER LARGE,all_pu,8.5,2.6,2.56,SRD,,0.0,,,SKIP,,,
4.9_+_UP_CHILLER_AND_2.5~L8.5~W2.6~H2.56~all_pu, 4.9 & UP CHILLER AND 2.5 WIDE ,27,CHILLER LARGE,all_pu,8.5,2.6,2.56,SRD DOOR FITTINGS,,0.0,,,SKIP,,,
4.9_+_UP_CHILLER_AND_2.5~L8.5~W2.6~H2.56~all_pu, 4.9 & UP CHILLER AND 2.5 WIDE ,27,CHILLER LARGE,all_pu,8.5,2.6,2.56,DRD,DRD,5913.521182,7733.29,30.773,ACCEPTED,,BOTH PU (+1819.83),[RULING] PROD prices chiller PU at R334.50/sheet (the September 32D rate) where Burt's chiller sheets hard-code a 2018 rate (3090 -> R185.20/sheet): MES +R890 (front) to +R4k (sides) per PU panel. Prod is likely the current one; Burt's sheets need the [1]PU! link.
4.9_+_UP_CHILLER_AND_2.5~L8.5~W2.6~H2.56~all_pu, 4.9 & UP CHILLER AND 2.5 WIDE ,27,CHILLER LARGE,all_pu,8.5,2.6,2.56,DRD DOOR FITTINGS,DRD DOOR FITTINGS,6351.12346,6334.55,0.261,PASS,,,
4.9_+_UP_CHILLER_AND_2.5~L8.5~W2.6~H2.56~all_pu, 4.9 & UP CHILLER AND 2.5 WIDE ,27,CHILLER LARGE,all_pu,8.5,2.6,2.56,SIDES,SIDES,35154.758315,41848.9,19.042,ACCEPTED,,BOTH PU (+6694.58),[RULING] PROD prices chiller PU at R334.50/sheet (the September 32D rate) where Burt's chiller sheets hard-code a 2018 rate (3090 -> R185.20/sheet): MES +R890 (front) to +R4k (sides) per PU panel. Prod is likely the current one; Burt's sheets need the [1]PU! link.
4.9_+_UP_CHILLER_AND_2.5~L8.5~W2.6~H2.56~all_pu, 4.9 & UP CHILLER AND 2.5 WIDE ,27,CHILLER LARGE,all_pu,8.5,2.6,2.56,ROOF,ROOF,17084.968381,18630.32,9.045,ACCEPTED,,BOTH PU (+1545.50),[RULING] PROD prices chiller PU at R334.50/sheet (the September 32D rate) where Burt's chiller sheets hard-code a 2018 rate (3090 -> R185.20/sheet): MES +R890 (front) to +R4k (sides) per PU panel. Prod is likely the current one; Burt's sheets need the [1]PU! link.
4.9_+_UP_CHILLER_AND_2.5~L8.5~W2.6~H2.56~all_pu, 4.9 & UP CHILLER AND 2.5 WIDE ,27,CHILLER LARGE,all_pu,8.5,2.6,2.56,FLOOR,FLOOR,28128.863356,29674.36,5.494,ACCEPTED,,BOTH PU (+1545.50),[RULING] PROD prices chiller PU at R334.50/sheet (the September 32D rate) where Burt's chiller sheets hard-code a 2018 rate (3090 -> R185.20/sheet): MES +R890 (front) to +R4k (sides) per PU panel. Prod is likely the current one; Burt's sheets need the [1]PU! link.
4.9_+_UP_CHILLER_AND_2.5~L8.5~W2.6~H2.56~all_pu, 4.9 & UP CHILLER AND 2.5 WIDE ,27,CHILLER LARGE,all_pu,8.5,2.6,2.56,ALUMINIUM,ALUMINIUM,15606.772767,15606.77,0.0,PASS,,,
4.9_+_UP_CHILLER_AND_2.5~L8.5~W2.6~H2.56~all_pu, 4.9 & UP CHILLER AND 2.5 WIDE ,27,CHILLER LARGE,all_pu,8.5,2.6,2.56,SUB FRAME + LIGHT BOX ASSY,SUB FRAME + LIGHT BOX ASSY,9749.223068,9749.23,0.0,PASS,,,
4.9_+_UP_CHILLER_AND_2.5~L8.5~W2.6~H2.56~all_pu, 4.9 & UP CHILLER AND 2.5 WIDE ,27,CHILLER LARGE,all_pu,8.5,2.6,2.56,REAR FRAME + FLOOR PLATE,REAR FRAME & FLOOR PLATE,5502.400241,5502.42,0.0,PASS,,,
4.9_+_UP_CHILLER_AND_2.5~L8.5~W2.6~H2.56~all_pu, 4.9 & UP CHILLER AND 2.5 WIDE ,27,CHILLER LARGE,all_pu,8.5,2.6,2.56,SPRAY PAINTING,SPRAY PAINTING,750.0,750.0,0.0,PASS,,,
4.9_+_UP_CHILLER_AND_2.5~L8.5~W2.6~H2.56~all_pu, 4.9 & UP CHILLER AND 2.5 WIDE ,27,CHILLER LARGE,all_pu,8.5,2.6,2.56,REFLEXITE TAPE,REFLEXITE TAPE,355.5,355.5,0.0,PASS,,,
4.9_+_UP_CHILLER_AND_2.5~L8.5~W2.6~H2.56~srd, 4.9 & UP CHILLER AND 2.5 WIDE ,27,CHILLER LARGE,srd,8.5,2.6,2.56,FRONT,FRONT,4747.056155,4747.0,0.001,PASS,,,
4.9_+_UP_CHILLER_AND_2.5~L8.5~W2.6~H2.56~srd, 4.9 & UP CHILLER AND 2.5 WIDE ,27,CHILLER LARGE,srd,8.5,2.6,2.56,SRD,SRD,4955.107829,4823.21,2.662,ACCEPTED,,PRICE_DIFF EPS (-131.84),[DATA] PROD SRD EPS line priced differently from Burt on CHILLER 2.3 / CHILLER LARGE (-R127 to -R148).
4.9_+_UP_CHILLER_AND_2.5~L8.5~W2.6~H2.56~srd, 4.9 & UP CHILLER AND 2.5 WIDE ,27,CHILLER LARGE,srd,8.5,2.6,2.56,SRD DOOR FITTINGS,SRD DOOR FITTINGS,6731.60454,7167.23,6.471,ACCEPTED,,MISSING_IN_MES 28780 BIG VERTICAL (-763.29),"[DATA] SRD DOOR FITTINGS on every body: MES CSLB HINGES R293.46 x2 (Excel R146.73 x2 - the pair price applied per hinge) and SILPLUS X WHITE R232.30 (Excel R116.15); per body also 34MM LOCKING POLE, 28782 BIG HORIZ CAPPING, ALU CORNERS, 28780/28778 BIG VERTICAL."
4.9_+_UP_CHILLER_AND_2.5~L8.5~W2.6~H2.56~srd, 4.9 & UP CHILLER AND 2.5 WIDE ,27,CHILLER LARGE,srd,8.5,2.6,2.56,DRD,,0.0,,,SKIP,,,
4.9_+_UP_CHILLER_AND_2.5~L8.5~W2.6~H2.56~srd, 4.9 & UP CHILLER AND 2.5 WIDE ,27,CHILLER LARGE,srd,8.5,2.6,2.56,DRD DOOR FITTINGS,,0.0,,,SKIP,,,
4.9_+_UP_CHILLER_AND_2.5~L8.5~W2.6~H2.56~srd, 4.9 & UP CHILLER AND 2.5 WIDE ,27,CHILLER LARGE,srd,8.5,2.6,2.56,SIDES,SIDES,31420.500776,31420.08,0.001,PASS,,,
4.9_+_UP_CHILLER_AND_2.5~L8.5~W2.6~H2.56~srd, 4.9 & UP CHILLER AND 2.5 WIDE ,27,CHILLER LARGE,srd,8.5,2.6,2.56,ROOF,ROOF,16858.442221,16858.29,0.001,PASS,,,
4.9_+_UP_CHILLER_AND_2.5~L8.5~W2.6~H2.56~srd, 4.9 & UP CHILLER AND 2.5 WIDE ,27,CHILLER LARGE,srd,8.5,2.6,2.56,FLOOR,FLOOR,27902.337196,27902.34,0.0,PASS,,,
4.9_+_UP_CHILLER_AND_2.5~L8.5~W2.6~H2.56~srd, 4.9 & UP CHILLER AND 2.5 WIDE ,27,CHILLER LARGE,srd,8.5,2.6,2.56,ALUMINIUM,ALUMINIUM,15606.772767,15606.77,0.0,PASS,,,
4.9_+_UP_CHILLER_AND_2.5~L8.5~W2.6~H2.56~srd, 4.9 & UP CHILLER AND 2.5 WIDE ,27,CHILLER LARGE,srd,8.5,2.6,2.56,SUB FRAME + LIGHT BOX ASSY,SUB FRAME + LIGHT BOX ASSY,9749.223068,9749.23,0.0,PASS,,,
4.9_+_UP_CHILLER_AND_2.5~L8.5~W2.6~H2.56~srd, 4.9 & UP CHILLER AND 2.5 WIDE ,27,CHILLER LARGE,srd,8.5,2.6,2.56,REAR FRAME + FLOOR PLATE,REAR FRAME & FLOOR PLATE,0.0,5502.42,,ACCEPTED,EXTRA_IN_MES,,"[RULING] Burt gates REAR FRAME + FLOOR PLATE on the DRD flags, so a single-rear-door body carries R0 there; MES always includes the section (R2.4k-R5.5k). Which is right needs Burt/Michael."
4.9_+_UP_CHILLER_AND_2.5~L8.5~W2.6~H2.56~srd, 4.9 & UP CHILLER AND 2.5 WIDE ,27,CHILLER LARGE,srd,8.5,2.6,2.56,SPRAY PAINTING,SPRAY PAINTING,750.0,750.0,0.0,PASS,,,
4.9_+_UP_CHILLER_AND_2.5~L8.5~W2.6~H2.56~srd, 4.9 & UP CHILLER AND 2.5 WIDE ,27,CHILLER LARGE,srd,8.5,2.6,2.56,REFLEXITE TAPE,REFLEXITE TAPE,355.5,355.5,0.0,PASS,,,
4.9_+_UP_CHILLER_AND_2.5~L8.5~W2.6~H2.56~drd, 4.9 & UP CHILLER AND 2.5 WIDE ,27,CHILLER LARGE,drd,8.5,2.6,2.56,FRONT,FRONT,4747.056155,4747.0,0.001,PASS,,,
4.9_+_UP_CHILLER_AND_2.5~L8.5~W2.6~H2.56~drd, 4.9 & UP CHILLER AND 2.5 WIDE ,27,CHILLER LARGE,drd,8.5,2.6,2.56,SRD,,0.0,,,SKIP,,,
4.9_+_UP_CHILLER_AND_2.5~L8.5~W2.6~H2.56~drd, 4.9 & UP CHILLER AND 2.5 WIDE ,27,CHILLER LARGE,drd,8.5,2.6,2.56,SRD DOOR FITTINGS,,0.0,,,SKIP,,,
4.9_+_UP_CHILLER_AND_2.5~L8.5~W2.6~H2.56~drd, 4.9 & UP CHILLER AND 2.5 WIDE ,27,CHILLER LARGE,drd,8.5,2.6,2.56,DRD,DRD,5907.123728,5907.06,0.001,PASS,,,
4.9_+_UP_CHILLER_AND_2.5~L8.5~W2.6~H2.56~drd, 4.9 & UP CHILLER AND 2.5 WIDE ,27,CHILLER LARGE,drd,8.5,2.6,2.56,DRD DOOR FITTINGS,DRD DOOR FITTINGS,6247.51278,6247.51,0.0,PASS,,,
4.9_+_UP_CHILLER_AND_2.5~L8.5~W2.6~H2.56~drd, 4.9 & UP CHILLER AND 2.5 WIDE ,27,CHILLER LARGE,drd,8.5,2.6,2.56,SIDES,SIDES,31420.500776,31420.08,0.001,PASS,,,
4.9_+_UP_CHILLER_AND_2.5~L8.5~W2.6~H2.56~drd, 4.9 & UP CHILLER AND 2.5 WIDE ,27,CHILLER LARGE,drd,8.5,2.6,2.56,ROOF,ROOF,16858.442221,16858.29,0.001,PASS,,,
4.9_+_UP_CHILLER_AND_2.5~L8.5~W2.6~H2.56~drd, 4.9 & UP CHILLER AND 2.5 WIDE ,27,CHILLER LARGE,drd,8.5,2.6,2.56,FLOOR,FLOOR,27902.337196,27902.34,0.0,PASS,,,
4.9_+_UP_CHILLER_AND_2.5~L8.5~W2.6~H2.56~drd, 4.9 & UP CHILLER AND 2.5 WIDE ,27,CHILLER LARGE,drd,8.5,2.6,2.56,ALUMINIUM,ALUMINIUM,15606.772767,15606.77,0.0,PASS,,,
4.9_+_UP_CHILLER_AND_2.5~L8.5~W2.6~H2.56~drd, 4.9 & UP CHILLER AND 2.5 WIDE ,27,CHILLER LARGE,drd,8.5,2.6,2.56,SUB FRAME + LIGHT BOX ASSY,SUB FRAME + LIGHT BOX ASSY,9749.223068,9749.23,0.0,PASS,,,
4.9_+_UP_CHILLER_AND_2.5~L8.5~W2.6~H2.56~drd, 4.9 & UP CHILLER AND 2.5 WIDE ,27,CHILLER LARGE,drd,8.5,2.6,2.56,REAR FRAME + FLOOR PLATE,REAR FRAME & FLOOR PLATE,5502.400241,5502.42,0.0,PASS,,,
4.9_+_UP_CHILLER_AND_2.5~L8.5~W2.6~H2.56~drd, 4.9 & UP CHILLER AND 2.5 WIDE ,27,CHILLER LARGE,drd,8.5,2.6,2.56,SPRAY PAINTING,SPRAY PAINTING,750.0,750.0,0.0,PASS,,,
4.9_+_UP_CHILLER_AND_2.5~L8.5~W2.6~H2.56~drd, 4.9 & UP CHILLER AND 2.5 WIDE ,27,CHILLER LARGE,drd,8.5,2.6,2.56,REFLEXITE TAPE,REFLEXITE TAPE,355.5,355.5,0.0,PASS,,,
4.9_+_UP_CHILLER_AND_2.5~L8.5~W2.6~H2.56~foam_4g, 4.9 & UP CHILLER AND 2.5 WIDE ,27,CHILLER LARGE,foam_4g,8.5,2.6,2.56,FRONT,FRONT,4747.056155,4747.0,0.001,PASS,,,
4.9_+_UP_CHILLER_AND_2.5~L8.5~W2.6~H2.56~foam_4g, 4.9 & UP CHILLER AND 2.5 WIDE ,27,CHILLER LARGE,foam_4g,8.5,2.6,2.56,SRD,,0.0,,,SKIP,,,
4.9_+_UP_CHILLER_AND_2.5~L8.5~W2.6~H2.56~foam_4g, 4.9 & UP CHILLER AND 2.5 WIDE ,27,CHILLER LARGE,foam_4g,8.5,2.6,2.56,SRD DOOR FITTINGS,,0.0,,,SKIP,,,
4.9_+_UP_CHILLER_AND_2.5~L8.5~W2.6~H2.56~foam_4g, 4.9 & UP CHILLER AND 2.5 WIDE ,27,CHILLER LARGE,foam_4g,8.5,2.6,2.56,DRD,DRD,5907.123728,5907.06,0.001,PASS,,,
4.9_+_UP_CHILLER_AND_2.5~L8.5~W2.6~H2.56~foam_4g, 4.9 & UP CHILLER AND 2.5 WIDE ,27,CHILLER LARGE,foam_4g,8.5,2.6,2.56,DRD DOOR FITTINGS,DRD DOOR FITTINGS,6247.51278,6247.51,0.0,PASS,,,
4.9_+_UP_CHILLER_AND_2.5~L8.5~W2.6~H2.56~foam_4g, 4.9 & UP CHILLER AND 2.5 WIDE ,27,CHILLER LARGE,foam_4g,8.5,2.6,2.56,SIDES,SIDES,31420.500776,31420.08,0.001,PASS,,,
4.9_+_UP_CHILLER_AND_2.5~L8.5~W2.6~H2.56~foam_4g, 4.9 & UP CHILLER AND 2.5 WIDE ,27,CHILLER LARGE,foam_4g,8.5,2.6,2.56,ROOF,ROOF,16858.442221,16858.29,0.001,PASS,,,
4.9_+_UP_CHILLER_AND_2.5~L8.5~W2.6~H2.56~foam_4g, 4.9 & UP CHILLER AND 2.5 WIDE ,27,CHILLER LARGE,foam_4g,8.5,2.6,2.56,FLOOR,FLOOR,27902.337196,27902.34,0.0,PASS,,,
4.9_+_UP_CHILLER_AND_2.5~L8.5~W2.6~H2.56~foam_4g, 4.9 & UP CHILLER AND 2.5 WIDE ,27,CHILLER LARGE,foam_4g,8.5,2.6,2.56,ALUMINIUM,ALUMINIUM,15606.772767,15606.77,0.0,PASS,,,
4.9_+_UP_CHILLER_AND_2.5~L8.5~W2.6~H2.56~foam_4g, 4.9 & UP CHILLER AND 2.5 WIDE ,27,CHILLER LARGE,foam_4g,8.5,2.6,2.56,SUB FRAME + LIGHT BOX ASSY,SUB FRAME + LIGHT BOX ASSY,9749.223068,9749.23,0.0,PASS,,,
4.9_+_UP_CHILLER_AND_2.5~L8.5~W2.6~H2.56~foam_4g, 4.9 & UP CHILLER AND 2.5 WIDE ,27,CHILLER LARGE,foam_4g,8.5,2.6,2.56,REAR FRAME + FLOOR PLATE,REAR FRAME & FLOOR PLATE,5502.400241,5502.42,0.0,PASS,,,
4.9_+_UP_CHILLER_AND_2.5~L8.5~W2.6~H2.56~foam_4g, 4.9 & UP CHILLER AND 2.5 WIDE ,27,CHILLER LARGE,foam_4g,8.5,2.6,2.56,SPRAY PAINTING,SPRAY PAINTING,750.0,750.0,0.0,PASS,,,
4.9_+_UP_CHILLER_AND_2.5~L8.5~W2.6~H2.56~foam_4g, 4.9 & UP CHILLER AND 2.5 WIDE ,27,CHILLER LARGE,foam_4g,8.5,2.6,2.56,REFLEXITE TAPE,REFLEXITE TAPE,355.5,355.5,0.0,PASS,,,
