scenario_id,sheet,trailer_id,trailer_name,variant,length,width,height,section_excel,section_mes,excel_total,mes_total,variance_pct,status,reason,likely_cause,accepted_reason
EXPLOSIVE_UP_TO_2.7~L1.8~W1.2~H1.6~as_sheet,EXPLOSIVE UP TO 2.7,34,EXPLOSIVE UP TO 2.7,as_sheet,1.8,1.2,1.6,FRONT,FRONT,3643.15819,3643.14,0.0,PASS,,,
EXPLOSIVE_UP_TO_2.7~L1.8~W1.2~H1.6~as_sheet,EXPLOSIVE UP TO 2.7,34,EXPLOSIVE UP TO 2.7,as_sheet,1.8,1.2,1.6,SRD,,0.0,,,SKIP,,,
EXPLOSIVE_UP_TO_2.7~L1.8~W1.2~H1.6~as_sheet,EXPLOSIVE UP TO 2.7,34,EXPLOSIVE UP TO 2.7,as_sheet,1.8,1.2,1.6,SRD DOOR FITTINGS,,0.0,,,SKIP,,,
EXPLOSIVE_UP_TO_2.7~L1.8~W1.2~H1.6~as_sheet,EXPLOSIVE UP TO 2.7,34,EXPLOSIVE UP TO 2.7,as_sheet,1.8,1.2,1.6,DRD,DRD,5227.411821,5027.45,3.825,ACCEPTED,,GROUP_DIFF 130*62MM TAPPING BLOCKS ~ 2 MES line(s) (-200.00),"[DATA] 130*62MM TAPPING BLOCKS: Excel 2 x R234 per size (R936 a double door) vs MES 6 x R68 per size (R816): R60 per size, 1-3 % of the door section."
EXPLOSIVE_UP_TO_2.7~L1.8~W1.2~H1.6~as_sheet,EXPLOSIVE UP TO 2.7,34,EXPLOSIVE UP TO 2.7,as_sheet,1.8,1.2,1.6,DRD DOOR FITTINGS,DRD DOOR FITTINGS,4076.53113,4076.53,0.0,PASS,,,
EXPLOSIVE_UP_TO_2.7~L1.8~W1.2~H1.6~as_sheet,EXPLOSIVE UP TO 2.7,34,EXPLOSIVE UP TO 2.7,as_sheet,1.8,1.2,1.6,SIDES,SIDES,9675.046154,9675.16,0.001,PASS,,,
EXPLOSIVE_UP_TO_2.7~L1.8~W1.2~H1.6~as_sheet,EXPLOSIVE UP TO 2.7,34,EXPLOSIVE UP TO 2.7,as_sheet,1.8,1.2,1.6,ROOF,ROOF,3148.497037,3148.47,0.001,PASS,,,
EXPLOSIVE_UP_TO_2.7~L1.8~W1.2~H1.6~as_sheet,EXPLOSIVE UP TO 2.7,34,EXPLOSIVE UP TO 2.7,as_sheet,1.8,1.2,1.6,FLOOR,FLOOR,12804.40734,12804.4,0.0,PASS,,,
EXPLOSIVE_UP_TO_2.7~L1.8~W1.2~H1.6~as_sheet,EXPLOSIVE UP TO 2.7,34,EXPLOSIVE UP TO 2.7,as_sheet,1.8,1.2,1.6,ALUMINIUM,ALUMINIUM,3785.508,3810.1,0.65,PASS,,,
EXPLOSIVE_UP_TO_2.7~L1.8~W1.2~H1.6~as_sheet,EXPLOSIVE UP TO 2.7,34,EXPLOSIVE UP TO 2.7,as_sheet,1.8,1.2,1.6,SUB FRAME + LIGHT BOX ASSY,SUB FRAME + LIGHT BOX ASSY,3036.955218,2880.4,5.155,ACCEPTED,,MISSING_IN_MES 1MM GALV PLATE (-156.55),"[DATA] Burt's 1MM GALV PLATE line (R157-R240): missing from the MES BOM on CHILLER 2.3, CHILLER LARGE, FREEZER MEDIUM and the explosive bodies; CHILLER MEDIUM carries 1.2MM GALV PLATE at R449.52 (or, since 26 Sep on dev, a 1MM line at another price)."
EXPLOSIVE_UP_TO_2.7~L1.8~W1.2~H1.6~as_sheet,EXPLOSIVE UP TO 2.7,34,EXPLOSIVE UP TO 2.7,as_sheet,1.8,1.2,1.6,REAR FRAME + FLOOR PLATE,REAR FRAME & FLOOR PLATE,2454.146126,2454.15,0.0,PASS,,,
EXPLOSIVE_UP_TO_2.7~L1.8~W1.2~H1.6~as_sheet,EXPLOSIVE UP TO 2.7,34,EXPLOSIVE UP TO 2.7,as_sheet,1.8,1.2,1.6,SPRAY PAINTING,SPRAY PAINTING,750.0,750.0,0.0,PASS,,,
EXPLOSIVE_UP_TO_2.7~L1.8~W1.2~H1.6~all_eps,EXPLOSIVE UP TO 2.7,34,EXPLOSIVE UP TO 2.7,all_eps,1.8,1.2,1.6,FRONT,FRONT,2606.413105,2643.41,,UNVERIFIABLE,EXCEL_NO_PRICE:EPS,,
EXPLOSIVE_UP_TO_2.7~L1.8~W1.2~H1.6~all_eps,EXPLOSIVE UP TO 2.7,34,EXPLOSIVE UP TO 2.7,all_eps,1.8,1.2,1.6,SRD,,0.0,,,SKIP,,,
EXPLOSIVE_UP_TO_2.7~L1.8~W1.2~H1.6~all_eps,EXPLOSIVE UP TO 2.7,34,EXPLOSIVE UP TO 2.7,all_eps,1.8,1.2,1.6,SRD DOOR FITTINGS,,0.0,,,SKIP,,,
EXPLOSIVE_UP_TO_2.7~L1.8~W1.2~H1.6~all_eps,EXPLOSIVE UP TO 2.7,34,EXPLOSIVE UP TO 2.7,all_eps,1.8,1.2,1.6,DRD,DRD,4201.134155,4428.45,,UNVERIFIABLE,EXCEL_NO_PRICE:EPS,,
EXPLOSIVE_UP_TO_2.7~L1.8~W1.2~H1.6~all_eps,EXPLOSIVE UP TO 2.7,34,EXPLOSIVE UP TO 2.7,all_eps,1.8,1.2,1.6,DRD DOOR FITTINGS,DRD DOOR FITTINGS,4046.63674,4076.53,0.739,PASS,,,
EXPLOSIVE_UP_TO_2.7~L1.8~W1.2~H1.6~all_eps,EXPLOSIVE UP TO 2.7,34,EXPLOSIVE UP TO 2.7,all_eps,1.8,1.2,1.6,SIDES,SIDES,8111.458072,8159.18,,UNVERIFIABLE,EXCEL_NO_PRICE:EPS,,
EXPLOSIVE_UP_TO_2.7~L1.8~W1.2~H1.6~all_eps,EXPLOSIVE UP TO 2.7,34,EXPLOSIVE UP TO 2.7,all_eps,1.8,1.2,1.6,ROOF,ROOF,2390.508459,2390.48,,UNVERIFIABLE,EXCEL_NO_PRICE:EPS,,
EXPLOSIVE_UP_TO_2.7~L1.8~W1.2~H1.6~all_eps,EXPLOSIVE UP TO 2.7,34,EXPLOSIVE UP TO 2.7,all_eps,1.8,1.2,1.6,FLOOR,FLOOR,12804.40734,12804.4,0.0,PASS,,,
EXPLOSIVE_UP_TO_2.7~L1.8~W1.2~H1.6~all_eps,EXPLOSIVE UP TO 2.7,34,EXPLOSIVE UP TO 2.7,all_eps,1.8,1.2,1.6,ALUMINIUM,ALUMINIUM,3785.508,3810.1,0.65,PASS,,,
EXPLOSIVE_UP_TO_2.7~L1.8~W1.2~H1.6~all_eps,EXPLOSIVE UP TO 2.7,34,EXPLOSIVE UP TO 2.7,all_eps,1.8,1.2,1.6,SUB FRAME + LIGHT BOX ASSY,SUB FRAME + LIGHT BOX ASSY,3036.955218,2880.4,5.155,ACCEPTED,,MISSING_IN_MES 1MM GALV PLATE (-156.55),"[DATA] Burt's 1MM GALV PLATE line (R157-R240): missing from the MES BOM on CHILLER 2.3, CHILLER LARGE, FREEZER MEDIUM and the explosive bodies; CHILLER MEDIUM carries 1.2MM GALV PLATE at R449.52 (or, since 26 Sep on dev, a 1MM line at another price)."
EXPLOSIVE_UP_TO_2.7~L1.8~W1.2~H1.6~all_eps,EXPLOSIVE UP TO 2.7,34,EXPLOSIVE UP TO 2.7,all_eps,1.8,1.2,1.6,REAR FRAME + FLOOR PLATE,REAR FRAME & FLOOR PLATE,2434.145236,2454.15,0.822,PASS,,,
EXPLOSIVE_UP_TO_2.7~L1.8~W1.2~H1.6~all_eps,EXPLOSIVE UP TO 2.7,34,EXPLOSIVE UP TO 2.7,all_eps,1.8,1.2,1.6,SPRAY PAINTING,SPRAY PAINTING,750.0,750.0,0.0,PASS,,,
EXPLOSIVE_UP_TO_2.7~L1.8~W1.2~H1.6~all_pu,EXPLOSIVE UP TO 2.7,34,EXPLOSIVE UP TO 2.7,all_pu,1.8,1.2,1.6,FRONT,FRONT,3643.15819,3643.14,0.0,PASS,,,
EXPLOSIVE_UP_TO_2.7~L1.8~W1.2~H1.6~all_pu,EXPLOSIVE UP TO 2.7,34,EXPLOSIVE UP TO 2.7,all_pu,1.8,1.2,1.6,SRD,,0.0,,,SKIP,,,
EXPLOSIVE_UP_TO_2.7~L1.8~W1.2~H1.6~all_pu,EXPLOSIVE UP TO 2.7,34,EXPLOSIVE UP TO 2.7,all_pu,1.8,1.2,1.6,SRD DOOR FITTINGS,,0.0,,,SKIP,,,
EXPLOSIVE_UP_TO_2.7~L1.8~W1.2~H1.6~all_pu,EXPLOSIVE UP TO 2.7,34,EXPLOSIVE UP TO 2.7,all_pu,1.8,1.2,1.6,DRD,DRD,5227.411821,5027.45,3.825,ACCEPTED,,GROUP_DIFF 130*62MM TAPPING BLOCKS ~ 2 MES line(s) (-200.00),"[DATA] 130*62MM TAPPING BLOCKS: Excel 2 x R234 per size (R936 a double door) vs MES 6 x R68 per size (R816): R60 per size, 1-3 % of the door section."
EXPLOSIVE_UP_TO_2.7~L1.8~W1.2~H1.6~all_pu,EXPLOSIVE UP TO 2.7,34,EXPLOSIVE UP TO 2.7,all_pu,1.8,1.2,1.6,DRD DOOR FITTINGS,DRD DOOR FITTINGS,4076.53113,4076.53,0.0,PASS,,,
EXPLOSIVE_UP_TO_2.7~L1.8~W1.2~H1.6~all_pu,EXPLOSIVE UP TO 2.7,34,EXPLOSIVE UP TO 2.7,all_pu,1.8,1.2,1.6,SIDES,SIDES,9675.046154,9675.16,0.001,PASS,,,
EXPLOSIVE_UP_TO_2.7~L1.8~W1.2~H1.6~all_pu,EXPLOSIVE UP TO 2.7,34,EXPLOSIVE UP TO 2.7,all_pu,1.8,1.2,1.6,ROOF,ROOF,3148.497037,3148.47,0.001,PASS,,,
EXPLOSIVE_UP_TO_2.7~L1.8~W1.2~H1.6~all_pu,EXPLOSIVE UP TO 2.7,34,EXPLOSIVE UP TO 2.7,all_pu,1.8,1.2,1.6,FLOOR,FLOOR,12804.40734,12804.4,0.0,PASS,,,
EXPLOSIVE_UP_TO_2.7~L1.8~W1.2~H1.6~all_pu,EXPLOSIVE UP TO 2.7,34,EXPLOSIVE UP TO 2.7,all_pu,1.8,1.2,1.6,ALUMINIUM,ALUMINIUM,3785.508,3810.1,0.65,PASS,,,
EXPLOSIVE_UP_TO_2.7~L1.8~W1.2~H1.6~all_pu,EXPLOSIVE UP TO 2.7,34,EXPLOSIVE UP TO 2.7,all_pu,1.8,1.2,1.6,SUB FRAME + LIGHT BOX ASSY,SUB FRAME + LIGHT BOX ASSY,3036.955218,2880.4,5.155,ACCEPTED,,MISSING_IN_MES 1MM GALV PLATE (-156.55),"[DATA] Burt's 1MM GALV PLATE line (R157-R240): missing from the MES BOM on CHILLER 2.3, CHILLER LARGE, FREEZER MEDIUM and the explosive bodies; CHILLER MEDIUM carries 1.2MM GALV PLATE at R449.52 (or, since 26 Sep on dev, a 1MM line at another price)."
EXPLOSIVE_UP_TO_2.7~L1.8~W1.2~H1.6~all_pu,EXPLOSIVE UP TO 2.7,34,EXPLOSIVE UP TO 2.7,all_pu,1.8,1.2,1.6,REAR FRAME + FLOOR PLATE,REAR FRAME & FLOOR PLATE,2454.146126,2454.15,0.0,PASS,,,
EXPLOSIVE_UP_TO_2.7~L1.8~W1.2~H1.6~all_pu,EXPLOSIVE UP TO 2.7,34,EXPLOSIVE UP TO 2.7,all_pu,1.8,1.2,1.6,SPRAY PAINTING,SPRAY PAINTING,750.0,750.0,0.0,PASS,,,
EXPLOSIVE_UP_TO_2.7~L1.8~W1.2~H1.6~srd,EXPLOSIVE UP TO 2.7,34,EXPLOSIVE UP TO 2.7,srd,1.8,1.2,1.6,FRONT,FRONT,3643.15819,3643.14,0.0,PASS,,,
EXPLOSIVE_UP_TO_2.7~L1.8~W1.2~H1.6~srd,EXPLOSIVE UP TO 2.7,34,EXPLOSIVE UP TO 2.7,srd,1.8,1.2,1.6,SRD,SRD,4886.445605,2998.0,38.647,ACCEPTED,,BOTH PU (-1463.01) [ZERO_FORMULA],"[MES] DEV: the single-rear-door PU line carries a literal x0 quantity formula (2.44*1.22*0*2) on the freezer, icecream and explosive bodies: PU on an SRD prices at R0 (-R1.5k to -R2.2k per quote). Prod has the opposite defect on the same line (R4 100 raw rate, +R23k) - see accepted_differences.prod.yaml."
EXPLOSIVE_UP_TO_2.7~L1.8~W1.2~H1.6~srd,EXPLOSIVE UP TO 2.7,34,EXPLOSIVE UP TO 2.7,srd,1.8,1.2,1.6,SRD DOOR FITTINGS,SRD DOOR FITTINGS,5059.26105,5459.52,7.911,ACCEPTED,,PRICE_DIFF CSLB HINGES (+293.46),"[DATA] SRD DOOR FITTINGS on every body: MES CSLB HINGES R293.46 x2 (Excel R146.73 x2 - the pair price applied per hinge) and SILPLUS X WHITE R232.30 (Excel R116.15); per body also 34MM LOCKING POLE R126 (Excel R42), 28782 BIG HORIZ CAPPING R197.20 (Excel R240.58), ALU CORNERS R45 (Excel R54.90), 28780 BIG VERTICAL renamed 28778; Burt prices 2317 DOOR RUBBER / 28777 DOOR CAPPING at R0 on some sheets."
EXPLOSIVE_UP_TO_2.7~L1.8~W1.2~H1.6~srd,EXPLOSIVE UP TO 2.7,34,EXPLOSIVE UP TO 2.7,srd,1.8,1.2,1.6,DRD,,0.0,,,SKIP,,,
EXPLOSIVE_UP_TO_2.7~L1.8~W1.2~H1.6~srd,EXPLOSIVE UP TO 2.7,34,EXPLOSIVE UP TO 2.7,srd,1.8,1.2,1.6,DRD DOOR FITTINGS,,0.0,,,SKIP,,,
EXPLOSIVE_UP_TO_2.7~L1.8~W1.2~H1.6~srd,EXPLOSIVE UP TO 2.7,34,EXPLOSIVE UP TO 2.7,srd,1.8,1.2,1.6,SIDES,SIDES,9675.046154,9675.16,0.001,PASS,,,
EXPLOSIVE_UP_TO_2.7~L1.8~W1.2~H1.6~srd,EXPLOSIVE UP TO 2.7,34,EXPLOSIVE UP TO 2.7,srd,1.8,1.2,1.6,ROOF,ROOF,3148.497037,3148.47,0.001,PASS,,,
EXPLOSIVE_UP_TO_2.7~L1.8~W1.2~H1.6~srd,EXPLOSIVE UP TO 2.7,34,EXPLOSIVE UP TO 2.7,srd,1.8,1.2,1.6,FLOOR,FLOOR,12804.40734,12804.4,0.0,PASS,,,
EXPLOSIVE_UP_TO_2.7~L1.8~W1.2~H1.6~srd,EXPLOSIVE UP TO 2.7,34,EXPLOSIVE UP TO 2.7,srd,1.8,1.2,1.6,ALUMINIUM,ALUMINIUM,3785.508,3810.1,0.65,PASS,,,
EXPLOSIVE_UP_TO_2.7~L1.8~W1.2~H1.6~srd,EXPLOSIVE UP TO 2.7,34,EXPLOSIVE UP TO 2.7,srd,1.8,1.2,1.6,SUB FRAME + LIGHT BOX ASSY,SUB FRAME + LIGHT BOX ASSY,3036.955218,2880.4,5.155,ACCEPTED,,MISSING_IN_MES 1MM GALV PLATE (-156.55),"[DATA] Burt's 1MM GALV PLATE line (R157-R240): missing from the MES BOM on CHILLER 2.3, CHILLER LARGE, FREEZER MEDIUM and the explosive bodies; CHILLER MEDIUM carries 1.2MM GALV PLATE at R449.52 (or, since 26 Sep on dev, a 1MM line at another price)."
EXPLOSIVE_UP_TO_2.7~L1.8~W1.2~H1.6~srd,EXPLOSIVE UP TO 2.7,34,EXPLOSIVE UP TO 2.7,srd,1.8,1.2,1.6,REAR FRAME + FLOOR PLATE,REAR FRAME & FLOOR PLATE,0.0,2454.15,,ACCEPTED,EXTRA_IN_MES,,"[RULING] Burt gates REAR FRAME + FLOOR PLATE on the DRD flags, so a single-rear-door body carries R0 there; MES always includes the section (R2.4k-R5.5k). Which is right needs Burt/Michael."
EXPLOSIVE_UP_TO_2.7~L1.8~W1.2~H1.6~srd,EXPLOSIVE UP TO 2.7,34,EXPLOSIVE UP TO 2.7,srd,1.8,1.2,1.6,SPRAY PAINTING,SPRAY PAINTING,750.0,750.0,0.0,PASS,,,
EXPLOSIVE_UP_TO_2.7~L1.8~W1.2~H1.6~drd,EXPLOSIVE UP TO 2.7,34,EXPLOSIVE UP TO 2.7,drd,1.8,1.2,1.6,FRONT,FRONT,3643.15819,3643.14,0.0,PASS,,,
EXPLOSIVE_UP_TO_2.7~L1.8~W1.2~H1.6~drd,EXPLOSIVE UP TO 2.7,34,EXPLOSIVE UP TO 2.7,drd,1.8,1.2,1.6,SRD,,0.0,,,SKIP,,,
EXPLOSIVE_UP_TO_2.7~L1.8~W1.2~H1.6~drd,EXPLOSIVE UP TO 2.7,34,EXPLOSIVE UP TO 2.7,drd,1.8,1.2,1.6,SRD DOOR FITTINGS,,0.0,,,SKIP,,,
EXPLOSIVE_UP_TO_2.7~L1.8~W1.2~H1.6~drd,EXPLOSIVE UP TO 2.7,34,EXPLOSIVE UP TO 2.7,drd,1.8,1.2,1.6,DRD,DRD,5227.411821,5027.45,3.825,ACCEPTED,,GROUP_DIFF 130*62MM TAPPING BLOCKS ~ 2 MES line(s) (-200.00),"[DATA] 130*62MM TAPPING BLOCKS: Excel 2 x R234 per size (R936 a double door) vs MES 6 x R68 per size (R816): R60 per size, 1-3 % of the door section."
EXPLOSIVE_UP_TO_2.7~L1.8~W1.2~H1.6~drd,EXPLOSIVE UP TO 2.7,34,EXPLOSIVE UP TO 2.7,drd,1.8,1.2,1.6,DRD DOOR FITTINGS,DRD DOOR FITTINGS,4076.53113,4076.53,0.0,PASS,,,
EXPLOSIVE_UP_TO_2.7~L1.8~W1.2~H1.6~drd,EXPLOSIVE UP TO 2.7,34,EXPLOSIVE UP TO 2.7,drd,1.8,1.2,1.6,SIDES,SIDES,9675.046154,9675.16,0.001,PASS,,,
EXPLOSIVE_UP_TO_2.7~L1.8~W1.2~H1.6~drd,EXPLOSIVE UP TO 2.7,34,EXPLOSIVE UP TO 2.7,drd,1.8,1.2,1.6,ROOF,ROOF,3148.497037,3148.47,0.001,PASS,,,
EXPLOSIVE_UP_TO_2.7~L1.8~W1.2~H1.6~drd,EXPLOSIVE UP TO 2.7,34,EXPLOSIVE UP TO 2.7,drd,1.8,1.2,1.6,FLOOR,FLOOR,12804.40734,12804.4,0.0,PASS,,,
EXPLOSIVE_UP_TO_2.7~L1.8~W1.2~H1.6~drd,EXPLOSIVE UP TO 2.7,34,EXPLOSIVE UP TO 2.7,drd,1.8,1.2,1.6,ALUMINIUM,ALUMINIUM,3785.508,3810.1,0.65,PASS,,,
EXPLOSIVE_UP_TO_2.7~L1.8~W1.2~H1.6~drd,EXPLOSIVE UP TO 2.7,34,EXPLOSIVE UP TO 2.7,drd,1.8,1.2,1.6,SUB FRAME + LIGHT BOX ASSY,SUB FRAME + LIGHT BOX ASSY,3036.955218,2880.4,5.155,ACCEPTED,,MISSING_IN_MES 1MM GALV PLATE (-156.55),"[DATA] Burt's 1MM GALV PLATE line (R157-R240): missing from the MES BOM on CHILLER 2.3, CHILLER LARGE, FREEZER MEDIUM and the explosive bodies; CHILLER MEDIUM carries 1.2MM GALV PLATE at R449.52 (or, since 26 Sep on dev, a 1MM line at another price)."
EXPLOSIVE_UP_TO_2.7~L1.8~W1.2~H1.6~drd,EXPLOSIVE UP TO 2.7,34,EXPLOSIVE UP TO 2.7,drd,1.8,1.2,1.6,REAR FRAME + FLOOR PLATE,REAR FRAME & FLOOR PLATE,2454.146126,2454.15,0.0,PASS,,,
EXPLOSIVE_UP_TO_2.7~L1.8~W1.2~H1.6~drd,EXPLOSIVE UP TO 2.7,34,EXPLOSIVE UP TO 2.7,drd,1.8,1.2,1.6,SPRAY PAINTING,SPRAY PAINTING,750.0,750.0,0.0,PASS,,,
EXPLOSIVE_UP_TO_2.7~L1.8~W1.2~H1.6~foam_4g,EXPLOSIVE UP TO 2.7,34,EXPLOSIVE UP TO 2.7,foam_4g,1.8,1.2,1.6,FRONT,FRONT,3960.144316,3960.13,0.0,PASS,,,
EXPLOSIVE_UP_TO_2.7~L1.8~W1.2~H1.6~foam_4g,EXPLOSIVE UP TO 2.7,34,EXPLOSIVE UP TO 2.7,foam_4g,1.8,1.2,1.6,SRD,,0.0,,,SKIP,,,
EXPLOSIVE_UP_TO_2.7~L1.8~W1.2~H1.6~foam_4g,EXPLOSIVE UP TO 2.7,34,EXPLOSIVE UP TO 2.7,foam_4g,1.8,1.2,1.6,SRD DOOR FITTINGS,,0.0,,,SKIP,,,
EXPLOSIVE_UP_TO_2.7~L1.8~W1.2~H1.6~foam_4g,EXPLOSIVE UP TO 2.7,34,EXPLOSIVE UP TO 2.7,foam_4g,1.8,1.2,1.6,DRD,DRD,5544.397947,5344.44,3.606,ACCEPTED,,GROUP_DIFF 130*62MM TAPPING BLOCKS ~ 2 MES line(s) (-200.00),"[DATA] 130*62MM TAPPING BLOCKS: Excel 2 x R234 per size (R936 a double door) vs MES 6 x R68 per size (R816): R60 per size, 1-3 % of the door section."
EXPLOSIVE_UP_TO_2.7~L1.8~W1.2~H1.6~foam_4g,EXPLOSIVE UP TO 2.7,34,EXPLOSIVE UP TO 2.7,foam_4g,1.8,1.2,1.6,DRD DOOR FITTINGS,DRD DOOR FITTINGS,4076.53113,4076.53,0.0,PASS,,,
EXPLOSIVE_UP_TO_2.7~L1.8~W1.2~H1.6~foam_4g,EXPLOSIVE UP TO 2.7,34,EXPLOSIVE UP TO 2.7,foam_4g,1.8,1.2,1.6,SIDES,SIDES,10155.721837,10155.83,0.001,PASS,,,
EXPLOSIVE_UP_TO_2.7~L1.8~W1.2~H1.6~foam_4g,EXPLOSIVE UP TO 2.7,34,EXPLOSIVE UP TO 2.7,foam_4g,1.8,1.2,1.6,ROOF,ROOF,3388.834878,3388.81,0.001,PASS,,,
EXPLOSIVE_UP_TO_2.7~L1.8~W1.2~H1.6~foam_4g,EXPLOSIVE UP TO 2.7,34,EXPLOSIVE UP TO 2.7,foam_4g,1.8,1.2,1.6,FLOOR,FLOOR,12804.40734,12804.4,0.0,PASS,,,
EXPLOSIVE_UP_TO_2.7~L1.8~W1.2~H1.6~foam_4g,EXPLOSIVE UP TO 2.7,34,EXPLOSIVE UP TO 2.7,foam_4g,1.8,1.2,1.6,ALUMINIUM,ALUMINIUM,3785.508,3810.1,0.65,PASS,,,
EXPLOSIVE_UP_TO_2.7~L1.8~W1.2~H1.6~foam_4g,EXPLOSIVE UP TO 2.7,34,EXPLOSIVE UP TO 2.7,foam_4g,1.8,1.2,1.6,SUB FRAME + LIGHT BOX ASSY,SUB FRAME + LIGHT BOX ASSY,3036.955218,2880.4,5.155,ACCEPTED,,MISSING_IN_MES 1MM GALV PLATE (-156.55),"[DATA] Burt's 1MM GALV PLATE line (R157-R240): missing from the MES BOM on CHILLER 2.3, CHILLER LARGE, FREEZER MEDIUM and the explosive bodies; CHILLER MEDIUM carries 1.2MM GALV PLATE at R449.52 (or, since 26 Sep on dev, a 1MM line at another price)."
EXPLOSIVE_UP_TO_2.7~L1.8~W1.2~H1.6~foam_4g,EXPLOSIVE UP TO 2.7,34,EXPLOSIVE UP TO 2.7,foam_4g,1.8,1.2,1.6,REAR FRAME + FLOOR PLATE,REAR FRAME & FLOOR PLATE,2454.146126,2454.15,0.0,PASS,,,
EXPLOSIVE_UP_TO_2.7~L1.8~W1.2~H1.6~foam_4g,EXPLOSIVE UP TO 2.7,34,EXPLOSIVE UP TO 2.7,foam_4g,1.8,1.2,1.6,SPRAY PAINTING,SPRAY PAINTING,750.0,750.0,0.0,PASS,,,
EXPLOSIVE_UP_TO_2.7~L2.3~W1.2~H1.6~as_sheet,EXPLOSIVE UP TO 2.7,34,EXPLOSIVE UP TO 2.7,as_sheet,2.3,1.2,1.6,FRONT,FRONT,3643.15819,3643.14,0.0,PASS,,,
EXPLOSIVE_UP_TO_2.7~L2.3~W1.2~H1.6~as_sheet,EXPLOSIVE UP TO 2.7,34,EXPLOSIVE UP TO 2.7,as_sheet,2.3,1.2,1.6,SRD,,0.0,,,SKIP,,,
EXPLOSIVE_UP_TO_2.7~L2.3~W1.2~H1.6~as_sheet,EXPLOSIVE UP TO 2.7,34,EXPLOSIVE UP TO 2.7,as_sheet,2.3,1.2,1.6,SRD DOOR FITTINGS,,0.0,,,SKIP,,,
EXPLOSIVE_UP_TO_2.7~L2.3~W1.2~H1.6~as_sheet,EXPLOSIVE UP TO 2.7,34,EXPLOSIVE UP TO 2.7,as_sheet,2.3,1.2,1.6,DRD,DRD,5227.411821,5027.45,3.825,ACCEPTED,,GROUP_DIFF 130*62MM TAPPING BLOCKS ~ 2 MES line(s) (-200.00),"[DATA] 130*62MM TAPPING BLOCKS: Excel 2 x R234 per size (R936 a double door) vs MES 6 x R68 per size (R816): R60 per size, 1-3 % of the door section."
EXPLOSIVE_UP_TO_2.7~L2.3~W1.2~H1.6~as_sheet,EXPLOSIVE UP TO 2.7,34,EXPLOSIVE UP TO 2.7,as_sheet,2.3,1.2,1.6,DRD DOOR FITTINGS,DRD DOOR FITTINGS,4076.53113,4076.53,0.0,PASS,,,
EXPLOSIVE_UP_TO_2.7~L2.3~W1.2~H1.6~as_sheet,EXPLOSIVE UP TO 2.7,34,EXPLOSIVE UP TO 2.7,as_sheet,2.3,1.2,1.6,SIDES,SIDES,12238.321691,12238.47,0.001,PASS,,,
EXPLOSIVE_UP_TO_2.7~L2.3~W1.2~H1.6~as_sheet,EXPLOSIVE UP TO 2.7,34,EXPLOSIVE UP TO 2.7,as_sheet,2.3,1.2,1.6,ROOF,ROOF,3973.641281,3973.61,0.001,PASS,,,
EXPLOSIVE_UP_TO_2.7~L2.3~W1.2~H1.6~as_sheet,EXPLOSIVE UP TO 2.7,34,EXPLOSIVE UP TO 2.7,as_sheet,2.3,1.2,1.6,FLOOR,FLOOR,13675.515674,13675.51,0.0,PASS,,,
EXPLOSIVE_UP_TO_2.7~L2.3~W1.2~H1.6~as_sheet,EXPLOSIVE UP TO 2.7,34,EXPLOSIVE UP TO 2.7,as_sheet,2.3,1.2,1.6,ALUMINIUM,ALUMINIUM,4403.418,4432.65,0.664,PASS,,,
EXPLOSIVE_UP_TO_2.7~L2.3~W1.2~H1.6~as_sheet,EXPLOSIVE UP TO 2.7,34,EXPLOSIVE UP TO 2.7,as_sheet,2.3,1.2,1.6,SUB FRAME + LIGHT BOX ASSY,SUB FRAME + LIGHT BOX ASSY,3290.860218,3134.31,4.757,ACCEPTED,,MISSING_IN_MES 1MM GALV PLATE (-156.55),"[DATA] Burt's 1MM GALV PLATE line (R157-R240): missing from the MES BOM on CHILLER 2.3, CHILLER LARGE, FREEZER MEDIUM and the explosive bodies; CHILLER MEDIUM carries 1.2MM GALV PLATE at R449.52 (or, since 26 Sep on dev, a 1MM line at another price)."
EXPLOSIVE_UP_TO_2.7~L2.3~W1.2~H1.6~as_sheet,EXPLOSIVE UP TO 2.7,34,EXPLOSIVE UP TO 2.7,as_sheet,2.3,1.2,1.6,REAR FRAME + FLOOR PLATE,REAR FRAME & FLOOR PLATE,2454.146126,2454.15,0.0,PASS,,,
EXPLOSIVE_UP_TO_2.7~L2.3~W1.2~H1.6~as_sheet,EXPLOSIVE UP TO 2.7,34,EXPLOSIVE UP TO 2.7,as_sheet,2.3,1.2,1.6,SPRAY PAINTING,SPRAY PAINTING,750.0,750.0,0.0,PASS,,,
EXPLOSIVE_UP_TO_2.7~L2.3~W1.2~H1.6~all_eps,EXPLOSIVE UP TO 2.7,34,EXPLOSIVE UP TO 2.7,all_eps,2.3,1.2,1.6,FRONT,FRONT,2606.413105,2643.41,,UNVERIFIABLE,EXCEL_NO_PRICE:EPS,,
EXPLOSIVE_UP_TO_2.7~L2.3~W1.2~H1.6~all_eps,EXPLOSIVE UP TO 2.7,34,EXPLOSIVE UP TO 2.7,all_eps,2.3,1.2,1.6,SRD,,0.0,,,SKIP,,,
EXPLOSIVE_UP_TO_2.7~L2.3~W1.2~H1.6~all_eps,EXPLOSIVE UP TO 2.7,34,EXPLOSIVE UP TO 2.7,all_eps,2.3,1.2,1.6,SRD DOOR FITTINGS,,0.0,,,SKIP,,,
EXPLOSIVE_UP_TO_2.7~L2.3~W1.2~H1.6~all_eps,EXPLOSIVE UP TO 2.7,34,EXPLOSIVE UP TO 2.7,all_eps,2.3,1.2,1.6,DRD,DRD,4201.134155,4428.45,,UNVERIFIABLE,EXCEL_NO_PRICE:EPS,,
EXPLOSIVE_UP_TO_2.7~L2.3~W1.2~H1.6~all_eps,EXPLOSIVE UP TO 2.7,34,EXPLOSIVE UP TO 2.7,all_eps,2.3,1.2,1.6,DRD DOOR FITTINGS,DRD DOOR FITTINGS,4046.63674,4076.53,0.739,PASS,,,
EXPLOSIVE_UP_TO_2.7~L2.3~W1.2~H1.6~all_eps,EXPLOSIVE UP TO 2.7,34,EXPLOSIVE UP TO 2.7,all_eps,2.3,1.2,1.6,SIDES,SIDES,10252.142235,10312.77,,UNVERIFIABLE,EXCEL_NO_PRICE:EPS,,
EXPLOSIVE_UP_TO_2.7~L2.3~W1.2~H1.6~all_eps,EXPLOSIVE UP TO 2.7,34,EXPLOSIVE UP TO 2.7,all_eps,2.3,1.2,1.6,ROOF,ROOF,3010.790926,3010.76,,UNVERIFIABLE,EXCEL_NO_PRICE:EPS,,
EXPLOSIVE_UP_TO_2.7~L2.3~W1.2~H1.6~all_eps,EXPLOSIVE UP TO 2.7,34,EXPLOSIVE UP TO 2.7,all_eps,2.3,1.2,1.6,FLOOR,FLOOR,13675.515674,13675.51,0.0,PASS,,,
EXPLOSIVE_UP_TO_2.7~L2.3~W1.2~H1.6~all_eps,EXPLOSIVE UP TO 2.7,34,EXPLOSIVE UP TO 2.7,all_eps,2.3,1.2,1.6,ALUMINIUM,ALUMINIUM,4403.418,4432.65,0.664,PASS,,,
EXPLOSIVE_UP_TO_2.7~L2.3~W1.2~H1.6~all_eps,EXPLOSIVE UP TO 2.7,34,EXPLOSIVE UP TO 2.7,all_eps,2.3,1.2,1.6,SUB FRAME + LIGHT BOX ASSY,SUB FRAME + LIGHT BOX ASSY,3290.860218,3134.31,4.757,ACCEPTED,,MISSING_IN_MES 1MM GALV PLATE (-156.55),"[DATA] Burt's 1MM GALV PLATE line (R157-R240): missing from the MES BOM on CHILLER 2.3, CHILLER LARGE, FREEZER MEDIUM and the explosive bodies; CHILLER MEDIUM carries 1.2MM GALV PLATE at R449.52 (or, since 26 Sep on dev, a 1MM line at another price)."
EXPLOSIVE_UP_TO_2.7~L2.3~W1.2~H1.6~all_eps,EXPLOSIVE UP TO 2.7,34,EXPLOSIVE UP TO 2.7,all_eps,2.3,1.2,1.6,REAR FRAME + FLOOR PLATE,REAR FRAME & FLOOR PLATE,2434.145236,2454.15,0.822,PASS,,,
EXPLOSIVE_UP_TO_2.7~L2.3~W1.2~H1.6~all_eps,EXPLOSIVE UP TO 2.7,34,EXPLOSIVE UP TO 2.7,all_eps,2.3,1.2,1.6,SPRAY PAINTING,SPRAY PAINTING,750.0,750.0,0.0,PASS,,,
EXPLOSIVE_UP_TO_2.7~L2.3~W1.2~H1.6~all_pu,EXPLOSIVE UP TO 2.7,34,EXPLOSIVE UP TO 2.7,all_pu,2.3,1.2,1.6,FRONT,FRONT,3643.15819,3643.14,0.0,PASS,,,
EXPLOSIVE_UP_TO_2.7~L2.3~W1.2~H1.6~all_pu,EXPLOSIVE UP TO 2.7,34,EXPLOSIVE UP TO 2.7,all_pu,2.3,1.2,1.6,SRD,,0.0,,,SKIP,,,
EXPLOSIVE_UP_TO_2.7~L2.3~W1.2~H1.6~all_pu,EXPLOSIVE UP TO 2.7,34,EXPLOSIVE UP TO 2.7,all_pu,2.3,1.2,1.6,SRD DOOR FITTINGS,,0.0,,,SKIP,,,
EXPLOSIVE_UP_TO_2.7~L2.3~W1.2~H1.6~all_pu,EXPLOSIVE UP TO 2.7,34,EXPLOSIVE UP TO 2.7,all_pu,2.3,1.2,1.6,DRD,DRD,5227.411821,5027.45,3.825,ACCEPTED,,GROUP_DIFF 130*62MM TAPPING BLOCKS ~ 2 MES line(s) (-200.00),"[DATA] 130*62MM TAPPING BLOCKS: Excel 2 x R234 per size (R936 a double door) vs MES 6 x R68 per size (R816): R60 per size, 1-3 % of the door section."
EXPLOSIVE_UP_TO_2.7~L2.3~W1.2~H1.6~all_pu,EXPLOSIVE UP TO 2.7,34,EXPLOSIVE UP TO 2.7,all_pu,2.3,1.2,1.6,DRD DOOR FITTINGS,DRD DOOR FITTINGS,4076.53113,4076.53,0.0,PASS,,,
EXPLOSIVE_UP_TO_2.7~L2.3~W1.2~H1.6~all_pu,EXPLOSIVE UP TO 2.7,34,EXPLOSIVE UP TO 2.7,all_pu,2.3,1.2,1.6,SIDES,SIDES,12238.321691,12238.47,0.001,PASS,,,
EXPLOSIVE_UP_TO_2.7~L2.3~W1.2~H1.6~all_pu,EXPLOSIVE UP TO 2.7,34,EXPLOSIVE UP TO 2.7,all_pu,2.3,1.2,1.6,ROOF,ROOF,3973.641281,3973.61,0.001,PASS,,,
EXPLOSIVE_UP_TO_2.7~L2.3~W1.2~H1.6~all_pu,EXPLOSIVE UP TO 2.7,34,EXPLOSIVE UP TO 2.7,all_pu,2.3,1.2,1.6,FLOOR,FLOOR,13675.515674,13675.51,0.0,PASS,,,
EXPLOSIVE_UP_TO_2.7~L2.3~W1.2~H1.6~all_pu,EXPLOSIVE UP TO 2.7,34,EXPLOSIVE UP TO 2.7,all_pu,2.3,1.2,1.6,ALUMINIUM,ALUMINIUM,4403.418,4432.65,0.664,PASS,,,
EXPLOSIVE_UP_TO_2.7~L2.3~W1.2~H1.6~all_pu,EXPLOSIVE UP TO 2.7,34,EXPLOSIVE UP TO 2.7,all_pu,2.3,1.2,1.6,SUB FRAME + LIGHT BOX ASSY,SUB FRAME + LIGHT BOX ASSY,3290.860218,3134.31,4.757,ACCEPTED,,MISSING_IN_MES 1MM GALV PLATE (-156.55),"[DATA] Burt's 1MM GALV PLATE line (R157-R240): missing from the MES BOM on CHILLER 2.3, CHILLER LARGE, FREEZER MEDIUM and the explosive bodies; CHILLER MEDIUM carries 1.2MM GALV PLATE at R449.52 (or, since 26 Sep on dev, a 1MM line at another price)."
EXPLOSIVE_UP_TO_2.7~L2.3~W1.2~H1.6~all_pu,EXPLOSIVE UP TO 2.7,34,EXPLOSIVE UP TO 2.7,all_pu,2.3,1.2,1.6,REAR FRAME + FLOOR PLATE,REAR FRAME & FLOOR PLATE,2454.146126,2454.15,0.0,PASS,,,
EXPLOSIVE_UP_TO_2.7~L2.3~W1.2~H1.6~all_pu,EXPLOSIVE UP TO 2.7,34,EXPLOSIVE UP TO 2.7,all_pu,2.3,1.2,1.6,SPRAY PAINTING,SPRAY PAINTING,750.0,750.0,0.0,PASS,,,
EXPLOSIVE_UP_TO_2.7~L2.3~W1.2~H1.6~srd,EXPLOSIVE UP TO 2.7,34,EXPLOSIVE UP TO 2.7,srd,2.3,1.2,1.6,FRONT,FRONT,3643.15819,3643.14,0.0,PASS,,,
EXPLOSIVE_UP_TO_2.7~L2.3~W1.2~H1.6~srd,EXPLOSIVE UP TO 2.7,34,EXPLOSIVE UP TO 2.7,srd,2.3,1.2,1.6,SRD,SRD,4886.445605,2998.0,38.647,ACCEPTED,,BOTH PU (-1463.01) [ZERO_FORMULA],"[MES] DEV: the single-rear-door PU line carries a literal x0 quantity formula (2.44*1.22*0*2) on the freezer, icecream and explosive bodies: PU on an SRD prices at R0 (-R1.5k to -R2.2k per quote). Prod has the opposite defect on the same line (R4 100 raw rate, +R23k) - see accepted_differences.prod.yaml."
EXPLOSIVE_UP_TO_2.7~L2.3~W1.2~H1.6~srd,EXPLOSIVE UP TO 2.7,34,EXPLOSIVE UP TO 2.7,srd,2.3,1.2,1.6,SRD DOOR FITTINGS,SRD DOOR FITTINGS,5059.26105,5459.52,7.911,ACCEPTED,,PRICE_DIFF CSLB HINGES (+293.46),"[DATA] SRD DOOR FITTINGS on every body: MES CSLB HINGES R293.46 x2 (Excel R146.73 x2 - the pair price applied per hinge) and SILPLUS X WHITE R232.30 (Excel R116.15); per body also 34MM LOCKING POLE R126 (Excel R42), 28782 BIG HORIZ CAPPING R197.20 (Excel R240.58), ALU CORNERS R45 (Excel R54.90), 28780 BIG VERTICAL renamed 28778; Burt prices 2317 DOOR RUBBER / 28777 DOOR CAPPING at R0 on some sheets."
EXPLOSIVE_UP_TO_2.7~L2.3~W1.2~H1.6~srd,EXPLOSIVE UP TO 2.7,34,EXPLOSIVE UP TO 2.7,srd,2.3,1.2,1.6,DRD,,0.0,,,SKIP,,,
EXPLOSIVE_UP_TO_2.7~L2.3~W1.2~H1.6~srd,EXPLOSIVE UP TO 2.7,34,EXPLOSIVE UP TO 2.7,srd,2.3,1.2,1.6,DRD DOOR FITTINGS,,0.0,,,SKIP,,,
EXPLOSIVE_UP_TO_2.7~L2.3~W1.2~H1.6~srd,EXPLOSIVE UP TO 2.7,34,EXPLOSIVE UP TO 2.7,srd,2.3,1.2,1.6,SIDES,SIDES,12238.321691,12238.47,0.001,PASS,,,
EXPLOSIVE_UP_TO_2.7~L2.3~W1.2~H1.6~srd,EXPLOSIVE UP TO 2.7,34,EXPLOSIVE UP TO 2.7,srd,2.3,1.2,1.6,ROOF,ROOF,3973.641281,3973.61,0.001,PASS,,,
EXPLOSIVE_UP_TO_2.7~L2.3~W1.2~H1.6~srd,EXPLOSIVE UP TO 2.7,34,EXPLOSIVE UP TO 2.7,srd,2.3,1.2,1.6,FLOOR,FLOOR,13675.515674,13675.51,0.0,PASS,,,
EXPLOSIVE_UP_TO_2.7~L2.3~W1.2~H1.6~srd,EXPLOSIVE UP TO 2.7,34,EXPLOSIVE UP TO 2.7,srd,2.3,1.2,1.6,ALUMINIUM,ALUMINIUM,4403.418,4432.65,0.664,PASS,,,
EXPLOSIVE_UP_TO_2.7~L2.3~W1.2~H1.6~srd,EXPLOSIVE UP TO 2.7,34,EXPLOSIVE UP TO 2.7,srd,2.3,1.2,1.6,SUB FRAME + LIGHT BOX ASSY,SUB FRAME + LIGHT BOX ASSY,3290.860218,3134.31,4.757,ACCEPTED,,MISSING_IN_MES 1MM GALV PLATE (-156.55),"[DATA] Burt's 1MM GALV PLATE line (R157-R240): missing from the MES BOM on CHILLER 2.3, CHILLER LARGE, FREEZER MEDIUM and the explosive bodies; CHILLER MEDIUM carries 1.2MM GALV PLATE at R449.52 (or, since 26 Sep on dev, a 1MM line at another price)."
EXPLOSIVE_UP_TO_2.7~L2.3~W1.2~H1.6~srd,EXPLOSIVE UP TO 2.7,34,EXPLOSIVE UP TO 2.7,srd,2.3,1.2,1.6,REAR FRAME + FLOOR PLATE,REAR FRAME & FLOOR PLATE,0.0,2454.15,,ACCEPTED,EXTRA_IN_MES,,"[RULING] Burt gates REAR FRAME + FLOOR PLATE on the DRD flags, so a single-rear-door body carries R0 there; MES always includes the section (R2.4k-R5.5k). Which is right needs Burt/Michael."
EXPLOSIVE_UP_TO_2.7~L2.3~W1.2~H1.6~srd,EXPLOSIVE UP TO 2.7,34,EXPLOSIVE UP TO 2.7,srd,2.3,1.2,1.6,SPRAY PAINTING,SPRAY PAINTING,750.0,750.0,0.0,PASS,,,
EXPLOSIVE_UP_TO_2.7~L2.3~W1.2~H1.6~drd,EXPLOSIVE UP TO 2.7,34,EXPLOSIVE UP TO 2.7,drd,2.3,1.2,1.6,FRONT,FRONT,3643.15819,3643.14,0.0,PASS,,,
EXPLOSIVE_UP_TO_2.7~L2.3~W1.2~H1.6~drd,EXPLOSIVE UP TO 2.7,34,EXPLOSIVE UP TO 2.7,drd,2.3,1.2,1.6,SRD,,0.0,,,SKIP,,,
EXPLOSIVE_UP_TO_2.7~L2.3~W1.2~H1.6~drd,EXPLOSIVE UP TO 2.7,34,EXPLOSIVE UP TO 2.7,drd,2.3,1.2,1.6,SRD DOOR FITTINGS,,0.0,,,SKIP,,,
EXPLOSIVE_UP_TO_2.7~L2.3~W1.2~H1.6~drd,EXPLOSIVE UP TO 2.7,34,EXPLOSIVE UP TO 2.7,drd,2.3,1.2,1.6,DRD,DRD,5227.411821,5027.45,3.825,ACCEPTED,,GROUP_DIFF 130*62MM TAPPING BLOCKS ~ 2 MES line(s) (-200.00),"[DATA] 130*62MM TAPPING BLOCKS: Excel 2 x R234 per size (R936 a double door) vs MES 6 x R68 per size (R816): R60 per size, 1-3 % of the door section."
EXPLOSIVE_UP_TO_2.7~L2.3~W1.2~H1.6~drd,EXPLOSIVE UP TO 2.7,34,EXPLOSIVE UP TO 2.7,drd,2.3,1.2,1.6,DRD DOOR FITTINGS,DRD DOOR FITTINGS,4076.53113,4076.53,0.0,PASS,,,
EXPLOSIVE_UP_TO_2.7~L2.3~W1.2~H1.6~drd,EXPLOSIVE UP TO 2.7,34,EXPLOSIVE UP TO 2.7,drd,2.3,1.2,1.6,SIDES,SIDES,12238.321691,12238.47,0.001,PASS,,,
EXPLOSIVE_UP_TO_2.7~L2.3~W1.2~H1.6~drd,EXPLOSIVE UP TO 2.7,34,EXPLOSIVE UP TO 2.7,drd,2.3,1.2,1.6,ROOF,ROOF,3973.641281,3973.61,0.001,PASS,,,
EXPLOSIVE_UP_TO_2.7~L2.3~W1.2~H1.6~drd,EXPLOSIVE UP TO 2.7,34,EXPLOSIVE UP TO 2.7,drd,2.3,1.2,1.6,FLOOR,FLOOR,13675.515674,13675.51,0.0,PASS,,,
EXPLOSIVE_UP_TO_2.7~L2.3~W1.2~H1.6~drd,EXPLOSIVE UP TO 2.7,34,EXPLOSIVE UP TO 2.7,drd,2.3,1.2,1.6,ALUMINIUM,ALUMINIUM,4403.418,4432.65,0.664,PASS,,,
EXPLOSIVE_UP_TO_2.7~L2.3~W1.2~H1.6~drd,EXPLOSIVE UP TO 2.7,34,EXPLOSIVE UP TO 2.7,drd,2.3,1.2,1.6,SUB FRAME + LIGHT BOX ASSY,SUB FRAME + LIGHT BOX ASSY,3290.860218,3134.31,4.757,ACCEPTED,,MISSING_IN_MES 1MM GALV PLATE (-156.55),"[DATA] Burt's 1MM GALV PLATE line (R157-R240): missing from the MES BOM on CHILLER 2.3, CHILLER LARGE, FREEZER MEDIUM and the explosive bodies; CHILLER MEDIUM carries 1.2MM GALV PLATE at R449.52 (or, since 26 Sep on dev, a 1MM line at another price)."
EXPLOSIVE_UP_TO_2.7~L2.3~W1.2~H1.6~drd,EXPLOSIVE UP TO 2.7,34,EXPLOSIVE UP TO 2.7,drd,2.3,1.2,1.6,REAR FRAME + FLOOR PLATE,REAR FRAME & FLOOR PLATE,2454.146126,2454.15,0.0,PASS,,,
EXPLOSIVE_UP_TO_2.7~L2.3~W1.2~H1.6~drd,EXPLOSIVE UP TO 2.7,34,EXPLOSIVE UP TO 2.7,drd,2.3,1.2,1.6,SPRAY PAINTING,SPRAY PAINTING,750.0,750.0,0.0,PASS,,,
EXPLOSIVE_UP_TO_2.7~L2.3~W1.2~H1.6~foam_4g,EXPLOSIVE UP TO 2.7,34,EXPLOSIVE UP TO 2.7,foam_4g,2.3,1.2,1.6,FRONT,FRONT,3960.144316,3960.13,0.0,PASS,,,
EXPLOSIVE_UP_TO_2.7~L2.3~W1.2~H1.6~foam_4g,EXPLOSIVE UP TO 2.7,34,EXPLOSIVE UP TO 2.7,foam_4g,2.3,1.2,1.6,SRD,,0.0,,,SKIP,,,
EXPLOSIVE_UP_TO_2.7~L2.3~W1.2~H1.6~foam_4g,EXPLOSIVE UP TO 2.7,34,EXPLOSIVE UP TO 2.7,foam_4g,2.3,1.2,1.6,SRD DOOR FITTINGS,,0.0,,,SKIP,,,
EXPLOSIVE_UP_TO_2.7~L2.3~W1.2~H1.6~foam_4g,EXPLOSIVE UP TO 2.7,34,EXPLOSIVE UP TO 2.7,foam_4g,2.3,1.2,1.6,DRD,DRD,5544.397947,5344.44,3.606,ACCEPTED,,GROUP_DIFF 130*62MM TAPPING BLOCKS ~ 2 MES line(s) (-200.00),"[DATA] 130*62MM TAPPING BLOCKS: Excel 2 x R234 per size (R936 a double door) vs MES 6 x R68 per size (R816): R60 per size, 1-3 % of the door section."
EXPLOSIVE_UP_TO_2.7~L2.3~W1.2~H1.6~foam_4g,EXPLOSIVE UP TO 2.7,34,EXPLOSIVE UP TO 2.7,foam_4g,2.3,1.2,1.6,DRD DOOR FITTINGS,DRD DOOR FITTINGS,4076.53113,4076.53,0.0,PASS,,,
EXPLOSIVE_UP_TO_2.7~L2.3~W1.2~H1.6~foam_4g,EXPLOSIVE UP TO 2.7,34,EXPLOSIVE UP TO 2.7,foam_4g,2.3,1.2,1.6,SIDES,SIDES,12848.909721,12849.05,0.001,PASS,,,
EXPLOSIVE_UP_TO_2.7~L2.3~W1.2~H1.6~foam_4g,EXPLOSIVE UP TO 2.7,34,EXPLOSIVE UP TO 2.7,foam_4g,2.3,1.2,1.6,ROOF,ROOF,4278.935296,4278.9,0.001,PASS,,,
EXPLOSIVE_UP_TO_2.7~L2.3~W1.2~H1.6~foam_4g,EXPLOSIVE UP TO 2.7,34,EXPLOSIVE UP TO 2.7,foam_4g,2.3,1.2,1.6,FLOOR,FLOOR,13675.515674,13675.51,0.0,PASS,,,
EXPLOSIVE_UP_TO_2.7~L2.3~W1.2~H1.6~foam_4g,EXPLOSIVE UP TO 2.7,34,EXPLOSIVE UP TO 2.7,foam_4g,2.3,1.2,1.6,ALUMINIUM,ALUMINIUM,4403.418,4432.65,0.664,PASS,,,
EXPLOSIVE_UP_TO_2.7~L2.3~W1.2~H1.6~foam_4g,EXPLOSIVE UP TO 2.7,34,EXPLOSIVE UP TO 2.7,foam_4g,2.3,1.2,1.6,SUB FRAME + LIGHT BOX ASSY,SUB FRAME + LIGHT BOX ASSY,3290.860218,3134.31,4.757,ACCEPTED,,MISSING_IN_MES 1MM GALV PLATE (-156.55),"[DATA] Burt's 1MM GALV PLATE line (R157-R240): missing from the MES BOM on CHILLER 2.3, CHILLER LARGE, FREEZER MEDIUM and the explosive bodies; CHILLER MEDIUM carries 1.2MM GALV PLATE at R449.52 (or, since 26 Sep on dev, a 1MM line at another price)."
EXPLOSIVE_UP_TO_2.7~L2.3~W1.2~H1.6~foam_4g,EXPLOSIVE UP TO 2.7,34,EXPLOSIVE UP TO 2.7,foam_4g,2.3,1.2,1.6,REAR FRAME + FLOOR PLATE,REAR FRAME & FLOOR PLATE,2454.146126,2454.15,0.0,PASS,,,
EXPLOSIVE_UP_TO_2.7~L2.3~W1.2~H1.6~foam_4g,EXPLOSIVE UP TO 2.7,34,EXPLOSIVE UP TO 2.7,foam_4g,2.3,1.2,1.6,SPRAY PAINTING,SPRAY PAINTING,750.0,750.0,0.0,PASS,,,
EXPLOSIVE_UP_TO_2.7~L2.7~W1.2~H1.6~as_sheet,EXPLOSIVE UP TO 2.7,34,EXPLOSIVE UP TO 2.7,as_sheet,2.7,1.2,1.6,FRONT,FRONT,3643.15819,3643.14,0.0,PASS,,,
EXPLOSIVE_UP_TO_2.7~L2.7~W1.2~H1.6~as_sheet,EXPLOSIVE UP TO 2.7,34,EXPLOSIVE UP TO 2.7,as_sheet,2.7,1.2,1.6,SRD,,0.0,,,SKIP,,,
EXPLOSIVE_UP_TO_2.7~L2.7~W1.2~H1.6~as_sheet,EXPLOSIVE UP TO 2.7,34,EXPLOSIVE UP TO 2.7,as_sheet,2.7,1.2,1.6,SRD DOOR FITTINGS,,0.0,,,SKIP,,,
EXPLOSIVE_UP_TO_2.7~L2.7~W1.2~H1.6~as_sheet,EXPLOSIVE UP TO 2.7,34,EXPLOSIVE UP TO 2.7,as_sheet,2.7,1.2,1.6,DRD,DRD,5227.411821,5027.45,3.825,ACCEPTED,,GROUP_DIFF 130*62MM TAPPING BLOCKS ~ 2 MES line(s) (-200.00),"[DATA] 130*62MM TAPPING BLOCKS: Excel 2 x R234 per size (R936 a double door) vs MES 6 x R68 per size (R816): R60 per size, 1-3 % of the door section."
EXPLOSIVE_UP_TO_2.7~L2.7~W1.2~H1.6~as_sheet,EXPLOSIVE UP TO 2.7,34,EXPLOSIVE UP TO 2.7,as_sheet,2.7,1.2,1.6,DRD DOOR FITTINGS,DRD DOOR FITTINGS,4076.53113,4076.53,0.0,PASS,,,
EXPLOSIVE_UP_TO_2.7~L2.7~W1.2~H1.6~as_sheet,EXPLOSIVE UP TO 2.7,34,EXPLOSIVE UP TO 2.7,as_sheet,2.7,1.2,1.6,SIDES,SIDES,14288.94212,14289.11,0.001,PASS,,,
EXPLOSIVE_UP_TO_2.7~L2.7~W1.2~H1.6~as_sheet,EXPLOSIVE UP TO 2.7,34,EXPLOSIVE UP TO 2.7,as_sheet,2.7,1.2,1.6,ROOF,ROOF,4633.756676,4633.72,0.001,PASS,,,
EXPLOSIVE_UP_TO_2.7~L2.7~W1.2~H1.6~as_sheet,EXPLOSIVE UP TO 2.7,34,EXPLOSIVE UP TO 2.7,as_sheet,2.7,1.2,1.6,FLOOR,FLOOR,14372.40234,14372.4,0.0,PASS,,,
EXPLOSIVE_UP_TO_2.7~L2.7~W1.2~H1.6~as_sheet,EXPLOSIVE UP TO 2.7,34,EXPLOSIVE UP TO 2.7,as_sheet,2.7,1.2,1.6,ALUMINIUM,ALUMINIUM,4897.746,4930.69,0.673,PASS,,,
EXPLOSIVE_UP_TO_2.7~L2.7~W1.2~H1.6~as_sheet,EXPLOSIVE UP TO 2.7,34,EXPLOSIVE UP TO 2.7,as_sheet,2.7,1.2,1.6,SUB FRAME + LIGHT BOX ASSY,SUB FRAME + LIGHT BOX ASSY,3493.984218,3337.43,4.481,ACCEPTED,,MISSING_IN_MES 1MM GALV PLATE (-156.55),"[DATA] Burt's 1MM GALV PLATE line (R157-R240): missing from the MES BOM on CHILLER 2.3, CHILLER LARGE, FREEZER MEDIUM and the explosive bodies; CHILLER MEDIUM carries 1.2MM GALV PLATE at R449.52 (or, since 26 Sep on dev, a 1MM line at another price)."
EXPLOSIVE_UP_TO_2.7~L2.7~W1.2~H1.6~as_sheet,EXPLOSIVE UP TO 2.7,34,EXPLOSIVE UP TO 2.7,as_sheet,2.7,1.2,1.6,REAR FRAME + FLOOR PLATE,REAR FRAME & FLOOR PLATE,2454.146126,2454.15,0.0,PASS,,,
EXPLOSIVE_UP_TO_2.7~L2.7~W1.2~H1.6~as_sheet,EXPLOSIVE UP TO 2.7,34,EXPLOSIVE UP TO 2.7,as_sheet,2.7,1.2,1.6,SPRAY PAINTING,SPRAY PAINTING,750.0,750.0,0.0,PASS,,,
EXPLOSIVE_UP_TO_2.7~L2.7~W1.2~H1.6~all_eps,EXPLOSIVE UP TO 2.7,34,EXPLOSIVE UP TO 2.7,all_eps,2.7,1.2,1.6,FRONT,FRONT,2606.413105,2643.41,,UNVERIFIABLE,EXCEL_NO_PRICE:EPS,,
EXPLOSIVE_UP_TO_2.7~L2.7~W1.2~H1.6~all_eps,EXPLOSIVE UP TO 2.7,34,EXPLOSIVE UP TO 2.7,all_eps,2.7,1.2,1.6,SRD,,0.0,,,SKIP,,,
EXPLOSIVE_UP_TO_2.7~L2.7~W1.2~H1.6~all_eps,EXPLOSIVE UP TO 2.7,34,EXPLOSIVE UP TO 2.7,all_eps,2.7,1.2,1.6,SRD DOOR FITTINGS,,0.0,,,SKIP,,,
EXPLOSIVE_UP_TO_2.7~L2.7~W1.2~H1.6~all_eps,EXPLOSIVE UP TO 2.7,34,EXPLOSIVE UP TO 2.7,all_eps,2.7,1.2,1.6,DRD,DRD,4201.134155,4428.45,,UNVERIFIABLE,EXCEL_NO_PRICE:EPS,,
EXPLOSIVE_UP_TO_2.7~L2.7~W1.2~H1.6~all_eps,EXPLOSIVE UP TO 2.7,34,EXPLOSIVE UP TO 2.7,all_eps,2.7,1.2,1.6,DRD DOOR FITTINGS,DRD DOOR FITTINGS,4046.63674,4076.53,0.739,PASS,,,
EXPLOSIVE_UP_TO_2.7~L2.7~W1.2~H1.6~all_eps,EXPLOSIVE UP TO 2.7,34,EXPLOSIVE UP TO 2.7,all_eps,2.7,1.2,1.6,SIDES,SIDES,11964.689566,12035.63,,UNVERIFIABLE,EXCEL_NO_PRICE:EPS,,
EXPLOSIVE_UP_TO_2.7~L2.7~W1.2~H1.6~all_eps,EXPLOSIVE UP TO 2.7,34,EXPLOSIVE UP TO 2.7,all_eps,2.7,1.2,1.6,ROOF,ROOF,3507.016899,3506.98,,UNVERIFIABLE,EXCEL_NO_PRICE:EPS,,
EXPLOSIVE_UP_TO_2.7~L2.7~W1.2~H1.6~all_eps,EXPLOSIVE UP TO 2.7,34,EXPLOSIVE UP TO 2.7,all_eps,2.7,1.2,1.6,FLOOR,FLOOR,14372.40234,14372.4,0.0,PASS,,,
EXPLOSIVE_UP_TO_2.7~L2.7~W1.2~H1.6~all_eps,EXPLOSIVE UP TO 2.7,34,EXPLOSIVE UP TO 2.7,all_eps,2.7,1.2,1.6,ALUMINIUM,ALUMINIUM,4897.746,4930.69,0.673,PASS,,,
EXPLOSIVE_UP_TO_2.7~L2.7~W1.2~H1.6~all_eps,EXPLOSIVE UP TO 2.7,34,EXPLOSIVE UP TO 2.7,all_eps,2.7,1.2,1.6,SUB FRAME + LIGHT BOX ASSY,SUB FRAME + LIGHT BOX ASSY,3493.984218,3337.43,4.481,ACCEPTED,,MISSING_IN_MES 1MM GALV PLATE (-156.55),"[DATA] Burt's 1MM GALV PLATE line (R157-R240): missing from the MES BOM on CHILLER 2.3, CHILLER LARGE, FREEZER MEDIUM and the explosive bodies; CHILLER MEDIUM carries 1.2MM GALV PLATE at R449.52 (or, since 26 Sep on dev, a 1MM line at another price)."
EXPLOSIVE_UP_TO_2.7~L2.7~W1.2~H1.6~all_eps,EXPLOSIVE UP TO 2.7,34,EXPLOSIVE UP TO 2.7,all_eps,2.7,1.2,1.6,REAR FRAME + FLOOR PLATE,REAR FRAME & FLOOR PLATE,2434.145236,2454.15,0.822,PASS,,,
EXPLOSIVE_UP_TO_2.7~L2.7~W1.2~H1.6~all_eps,EXPLOSIVE UP TO 2.7,34,EXPLOSIVE UP TO 2.7,all_eps,2.7,1.2,1.6,SPRAY PAINTING,SPRAY PAINTING,750.0,750.0,0.0,PASS,,,
EXPLOSIVE_UP_TO_2.7~L2.7~W1.2~H1.6~all_pu,EXPLOSIVE UP TO 2.7,34,EXPLOSIVE UP TO 2.7,all_pu,2.7,1.2,1.6,FRONT,FRONT,3643.15819,3643.14,0.0,PASS,,,
EXPLOSIVE_UP_TO_2.7~L2.7~W1.2~H1.6~all_pu,EXPLOSIVE UP TO 2.7,34,EXPLOSIVE UP TO 2.7,all_pu,2.7,1.2,1.6,SRD,,0.0,,,SKIP,,,
EXPLOSIVE_UP_TO_2.7~L2.7~W1.2~H1.6~all_pu,EXPLOSIVE UP TO 2.7,34,EXPLOSIVE UP TO 2.7,all_pu,2.7,1.2,1.6,SRD DOOR FITTINGS,,0.0,,,SKIP,,,
EXPLOSIVE_UP_TO_2.7~L2.7~W1.2~H1.6~all_pu,EXPLOSIVE UP TO 2.7,34,EXPLOSIVE UP TO 2.7,all_pu,2.7,1.2,1.6,DRD,DRD,5227.411821,5027.45,3.825,ACCEPTED,,GROUP_DIFF 130*62MM TAPPING BLOCKS ~ 2 MES line(s) (-200.00),"[DATA] 130*62MM TAPPING BLOCKS: Excel 2 x R234 per size (R936 a double door) vs MES 6 x R68 per size (R816): R60 per size, 1-3 % of the door section."
EXPLOSIVE_UP_TO_2.7~L2.7~W1.2~H1.6~all_pu,EXPLOSIVE UP TO 2.7,34,EXPLOSIVE UP TO 2.7,all_pu,2.7,1.2,1.6,DRD DOOR FITTINGS,DRD DOOR FITTINGS,4076.53113,4076.53,0.0,PASS,,,
EXPLOSIVE_UP_TO_2.7~L2.7~W1.2~H1.6~all_pu,EXPLOSIVE UP TO 2.7,34,EXPLOSIVE UP TO 2.7,all_pu,2.7,1.2,1.6,SIDES,SIDES,14288.94212,14289.11,0.001,PASS,,,
EXPLOSIVE_UP_TO_2.7~L2.7~W1.2~H1.6~all_pu,EXPLOSIVE UP TO 2.7,34,EXPLOSIVE UP TO 2.7,all_pu,2.7,1.2,1.6,ROOF,ROOF,4633.756676,4633.72,0.001,PASS,,,
EXPLOSIVE_UP_TO_2.7~L2.7~W1.2~H1.6~all_pu,EXPLOSIVE UP TO 2.7,34,EXPLOSIVE UP TO 2.7,all_pu,2.7,1.2,1.6,FLOOR,FLOOR,14372.40234,14372.4,0.0,PASS,,,
EXPLOSIVE_UP_TO_2.7~L2.7~W1.2~H1.6~all_pu,EXPLOSIVE UP TO 2.7,34,EXPLOSIVE UP TO 2.7,all_pu,2.7,1.2,1.6,ALUMINIUM,ALUMINIUM,4897.746,4930.69,0.673,PASS,,,
EXPLOSIVE_UP_TO_2.7~L2.7~W1.2~H1.6~all_pu,EXPLOSIVE UP TO 2.7,34,EXPLOSIVE UP TO 2.7,all_pu,2.7,1.2,1.6,SUB FRAME + LIGHT BOX ASSY,SUB FRAME + LIGHT BOX ASSY,3493.984218,3337.43,4.481,ACCEPTED,,MISSING_IN_MES 1MM GALV PLATE (-156.55),"[DATA] Burt's 1MM GALV PLATE line (R157-R240): missing from the MES BOM on CHILLER 2.3, CHILLER LARGE, FREEZER MEDIUM and the explosive bodies; CHILLER MEDIUM carries 1.2MM GALV PLATE at R449.52 (or, since 26 Sep on dev, a 1MM line at another price)."
EXPLOSIVE_UP_TO_2.7~L2.7~W1.2~H1.6~all_pu,EXPLOSIVE UP TO 2.7,34,EXPLOSIVE UP TO 2.7,all_pu,2.7,1.2,1.6,REAR FRAME + FLOOR PLATE,REAR FRAME & FLOOR PLATE,2454.146126,2454.15,0.0,PASS,,,
EXPLOSIVE_UP_TO_2.7~L2.7~W1.2~H1.6~all_pu,EXPLOSIVE UP TO 2.7,34,EXPLOSIVE UP TO 2.7,all_pu,2.7,1.2,1.6,SPRAY PAINTING,SPRAY PAINTING,750.0,750.0,0.0,PASS,,,
EXPLOSIVE_UP_TO_2.7~L2.7~W1.2~H1.6~srd,EXPLOSIVE UP TO 2.7,34,EXPLOSIVE UP TO 2.7,srd,2.7,1.2,1.6,FRONT,FRONT,3643.15819,3643.14,0.0,PASS,,,
EXPLOSIVE_UP_TO_2.7~L2.7~W1.2~H1.6~srd,EXPLOSIVE UP TO 2.7,34,EXPLOSIVE UP TO 2.7,srd,2.7,1.2,1.6,SRD,SRD,4886.445605,2998.0,38.647,ACCEPTED,,BOTH PU (-1463.01) [ZERO_FORMULA],"[MES] DEV: the single-rear-door PU line carries a literal x0 quantity formula (2.44*1.22*0*2) on the freezer, icecream and explosive bodies: PU on an SRD prices at R0 (-R1.5k to -R2.2k per quote). Prod has the opposite defect on the same line (R4 100 raw rate, +R23k) - see accepted_differences.prod.yaml."
EXPLOSIVE_UP_TO_2.7~L2.7~W1.2~H1.6~srd,EXPLOSIVE UP TO 2.7,34,EXPLOSIVE UP TO 2.7,srd,2.7,1.2,1.6,SRD DOOR FITTINGS,SRD DOOR FITTINGS,5059.26105,5459.52,7.911,ACCEPTED,,PRICE_DIFF CSLB HINGES (+293.46),"[DATA] SRD DOOR FITTINGS on every body: MES CSLB HINGES R293.46 x2 (Excel R146.73 x2 - the pair price applied per hinge) and SILPLUS X WHITE R232.30 (Excel R116.15); per body also 34MM LOCKING POLE R126 (Excel R42), 28782 BIG HORIZ CAPPING R197.20 (Excel R240.58), ALU CORNERS R45 (Excel R54.90), 28780 BIG VERTICAL renamed 28778; Burt prices 2317 DOOR RUBBER / 28777 DOOR CAPPING at R0 on some sheets."
EXPLOSIVE_UP_TO_2.7~L2.7~W1.2~H1.6~srd,EXPLOSIVE UP TO 2.7,34,EXPLOSIVE UP TO 2.7,srd,2.7,1.2,1.6,DRD,,0.0,,,SKIP,,,
EXPLOSIVE_UP_TO_2.7~L2.7~W1.2~H1.6~srd,EXPLOSIVE UP TO 2.7,34,EXPLOSIVE UP TO 2.7,srd,2.7,1.2,1.6,DRD DOOR FITTINGS,,0.0,,,SKIP,,,
EXPLOSIVE_UP_TO_2.7~L2.7~W1.2~H1.6~srd,EXPLOSIVE UP TO 2.7,34,EXPLOSIVE UP TO 2.7,srd,2.7,1.2,1.6,SIDES,SIDES,14288.94212,14289.11,0.001,PASS,,,
EXPLOSIVE_UP_TO_2.7~L2.7~W1.2~H1.6~srd,EXPLOSIVE UP TO 2.7,34,EXPLOSIVE UP TO 2.7,srd,2.7,1.2,1.6,ROOF,ROOF,4633.756676,4633.72,0.001,PASS,,,
EXPLOSIVE_UP_TO_2.7~L2.7~W1.2~H1.6~srd,EXPLOSIVE UP TO 2.7,34,EXPLOSIVE UP TO 2.7,srd,2.7,1.2,1.6,FLOOR,FLOOR,14372.40234,14372.4,0.0,PASS,,,
EXPLOSIVE_UP_TO_2.7~L2.7~W1.2~H1.6~srd,EXPLOSIVE UP TO 2.7,34,EXPLOSIVE UP TO 2.7,srd,2.7,1.2,1.6,ALUMINIUM,ALUMINIUM,4897.746,4930.69,0.673,PASS,,,
EXPLOSIVE_UP_TO_2.7~L2.7~W1.2~H1.6~srd,EXPLOSIVE UP TO 2.7,34,EXPLOSIVE UP TO 2.7,srd,2.7,1.2,1.6,SUB FRAME + LIGHT BOX ASSY,SUB FRAME + LIGHT BOX ASSY,3493.984218,3337.43,4.481,ACCEPTED,,MISSING_IN_MES 1MM GALV PLATE (-156.55),"[DATA] Burt's 1MM GALV PLATE line (R157-R240): missing from the MES BOM on CHILLER 2.3, CHILLER LARGE, FREEZER MEDIUM and the explosive bodies; CHILLER MEDIUM carries 1.2MM GALV PLATE at R449.52 (or, since 26 Sep on dev, a 1MM line at another price)."
EXPLOSIVE_UP_TO_2.7~L2.7~W1.2~H1.6~srd,EXPLOSIVE UP TO 2.7,34,EXPLOSIVE UP TO 2.7,srd,2.7,1.2,1.6,REAR FRAME + FLOOR PLATE,REAR FRAME & FLOOR PLATE,0.0,2454.15,,ACCEPTED,EXTRA_IN_MES,,"[RULING] Burt gates REAR FRAME + FLOOR PLATE on the DRD flags, so a single-rear-door body carries R0 there; MES always includes the section (R2.4k-R5.5k). Which is right needs Burt/Michael."
EXPLOSIVE_UP_TO_2.7~L2.7~W1.2~H1.6~srd,EXPLOSIVE UP TO 2.7,34,EXPLOSIVE UP TO 2.7,srd,2.7,1.2,1.6,SPRAY PAINTING,SPRAY PAINTING,750.0,750.0,0.0,PASS,,,
EXPLOSIVE_UP_TO_2.7~L2.7~W1.2~H1.6~drd,EXPLOSIVE UP TO 2.7,34,EXPLOSIVE UP TO 2.7,drd,2.7,1.2,1.6,FRONT,FRONT,3643.15819,3643.14,0.0,PASS,,,
EXPLOSIVE_UP_TO_2.7~L2.7~W1.2~H1.6~drd,EXPLOSIVE UP TO 2.7,34,EXPLOSIVE UP TO 2.7,drd,2.7,1.2,1.6,SRD,,0.0,,,SKIP,,,
EXPLOSIVE_UP_TO_2.7~L2.7~W1.2~H1.6~drd,EXPLOSIVE UP TO 2.7,34,EXPLOSIVE UP TO 2.7,drd,2.7,1.2,1.6,SRD DOOR FITTINGS,,0.0,,,SKIP,,,
EXPLOSIVE_UP_TO_2.7~L2.7~W1.2~H1.6~drd,EXPLOSIVE UP TO 2.7,34,EXPLOSIVE UP TO 2.7,drd,2.7,1.2,1.6,DRD,DRD,5227.411821,5027.45,3.825,ACCEPTED,,GROUP_DIFF 130*62MM TAPPING BLOCKS ~ 2 MES line(s) (-200.00),"[DATA] 130*62MM TAPPING BLOCKS: Excel 2 x R234 per size (R936 a double door) vs MES 6 x R68 per size (R816): R60 per size, 1-3 % of the door section."
EXPLOSIVE_UP_TO_2.7~L2.7~W1.2~H1.6~drd,EXPLOSIVE UP TO 2.7,34,EXPLOSIVE UP TO 2.7,drd,2.7,1.2,1.6,DRD DOOR FITTINGS,DRD DOOR FITTINGS,4076.53113,4076.53,0.0,PASS,,,
EXPLOSIVE_UP_TO_2.7~L2.7~W1.2~H1.6~drd,EXPLOSIVE UP TO 2.7,34,EXPLOSIVE UP TO 2.7,drd,2.7,1.2,1.6,SIDES,SIDES,14288.94212,14289.11,0.001,PASS,,,
EXPLOSIVE_UP_TO_2.7~L2.7~W1.2~H1.6~drd,EXPLOSIVE UP TO 2.7,34,EXPLOSIVE UP TO 2.7,drd,2.7,1.2,1.6,ROOF,ROOF,4633.756676,4633.72,0.001,PASS,,,
EXPLOSIVE_UP_TO_2.7~L2.7~W1.2~H1.6~drd,EXPLOSIVE UP TO 2.7,34,EXPLOSIVE UP TO 2.7,drd,2.7,1.2,1.6,FLOOR,FLOOR,14372.40234,14372.4,0.0,PASS,,,
EXPLOSIVE_UP_TO_2.7~L2.7~W1.2~H1.6~drd,EXPLOSIVE UP TO 2.7,34,EXPLOSIVE UP TO 2.7,drd,2.7,1.2,1.6,ALUMINIUM,ALUMINIUM,4897.746,4930.69,0.673,PASS,,,
EXPLOSIVE_UP_TO_2.7~L2.7~W1.2~H1.6~drd,EXPLOSIVE UP TO 2.7,34,EXPLOSIVE UP TO 2.7,drd,2.7,1.2,1.6,SUB FRAME + LIGHT BOX ASSY,SUB FRAME + LIGHT BOX ASSY,3493.984218,3337.43,4.481,ACCEPTED,,MISSING_IN_MES 1MM GALV PLATE (-156.55),"[DATA] Burt's 1MM GALV PLATE line (R157-R240): missing from the MES BOM on CHILLER 2.3, CHILLER LARGE, FREEZER MEDIUM and the explosive bodies; CHILLER MEDIUM carries 1.2MM GALV PLATE at R449.52 (or, since 26 Sep on dev, a 1MM line at another price)."
EXPLOSIVE_UP_TO_2.7~L2.7~W1.2~H1.6~drd,EXPLOSIVE UP TO 2.7,34,EXPLOSIVE UP TO 2.7,drd,2.7,1.2,1.6,REAR FRAME + FLOOR PLATE,REAR FRAME & FLOOR PLATE,2454.146126,2454.15,0.0,PASS,,,
EXPLOSIVE_UP_TO_2.7~L2.7~W1.2~H1.6~drd,EXPLOSIVE UP TO 2.7,34,EXPLOSIVE UP TO 2.7,drd,2.7,1.2,1.6,SPRAY PAINTING,SPRAY PAINTING,750.0,750.0,0.0,PASS,,,
EXPLOSIVE_UP_TO_2.7~L2.7~W1.2~H1.6~foam_4g,EXPLOSIVE UP TO 2.7,34,EXPLOSIVE UP TO 2.7,foam_4g,2.7,1.2,1.6,FRONT,FRONT,3960.144316,3960.13,0.0,PASS,,,
EXPLOSIVE_UP_TO_2.7~L2.7~W1.2~H1.6~foam_4g,EXPLOSIVE UP TO 2.7,34,EXPLOSIVE UP TO 2.7,foam_4g,2.7,1.2,1.6,SRD,,0.0,,,SKIP,,,
EXPLOSIVE_UP_TO_2.7~L2.7~W1.2~H1.6~foam_4g,EXPLOSIVE UP TO 2.7,34,EXPLOSIVE UP TO 2.7,foam_4g,2.7,1.2,1.6,SRD DOOR FITTINGS,,0.0,,,SKIP,,,
EXPLOSIVE_UP_TO_2.7~L2.7~W1.2~H1.6~foam_4g,EXPLOSIVE UP TO 2.7,34,EXPLOSIVE UP TO 2.7,foam_4g,2.7,1.2,1.6,DRD,DRD,5544.397947,5344.44,3.606,ACCEPTED,,GROUP_DIFF 130*62MM TAPPING BLOCKS ~ 2 MES line(s) (-200.00),"[DATA] 130*62MM TAPPING BLOCKS: Excel 2 x R234 per size (R936 a double door) vs MES 6 x R68 per size (R816): R60 per size, 1-3 % of the door section."
EXPLOSIVE_UP_TO_2.7~L2.7~W1.2~H1.6~foam_4g,EXPLOSIVE UP TO 2.7,34,EXPLOSIVE UP TO 2.7,foam_4g,2.7,1.2,1.6,DRD DOOR FITTINGS,DRD DOOR FITTINGS,4076.53113,4076.53,0.0,PASS,,,
EXPLOSIVE_UP_TO_2.7~L2.7~W1.2~H1.6~foam_4g,EXPLOSIVE UP TO 2.7,34,EXPLOSIVE UP TO 2.7,foam_4g,2.7,1.2,1.6,SIDES,SIDES,15003.460028,15003.63,0.001,PASS,,,
EXPLOSIVE_UP_TO_2.7~L2.7~W1.2~H1.6~foam_4g,EXPLOSIVE UP TO 2.7,34,EXPLOSIVE UP TO 2.7,foam_4g,2.7,1.2,1.6,ROOF,ROOF,4991.01563,4990.98,0.001,PASS,,,
EXPLOSIVE_UP_TO_2.7~L2.7~W1.2~H1.6~foam_4g,EXPLOSIVE UP TO 2.7,34,EXPLOSIVE UP TO 2.7,foam_4g,2.7,1.2,1.6,FLOOR,FLOOR,14372.40234,14372.4,0.0,PASS,,,
EXPLOSIVE_UP_TO_2.7~L2.7~W1.2~H1.6~foam_4g,EXPLOSIVE UP TO 2.7,34,EXPLOSIVE UP TO 2.7,foam_4g,2.7,1.2,1.6,ALUMINIUM,ALUMINIUM,4897.746,4930.69,0.673,PASS,,,
EXPLOSIVE_UP_TO_2.7~L2.7~W1.2~H1.6~foam_4g,EXPLOSIVE UP TO 2.7,34,EXPLOSIVE UP TO 2.7,foam_4g,2.7,1.2,1.6,SUB FRAME + LIGHT BOX ASSY,SUB FRAME + LIGHT BOX ASSY,3493.984218,3337.43,4.481,ACCEPTED,,MISSING_IN_MES 1MM GALV PLATE (-156.55),"[DATA] Burt's 1MM GALV PLATE line (R157-R240): missing from the MES BOM on CHILLER 2.3, CHILLER LARGE, FREEZER MEDIUM and the explosive bodies; CHILLER MEDIUM carries 1.2MM GALV PLATE at R449.52 (or, since 26 Sep on dev, a 1MM line at another price)."
EXPLOSIVE_UP_TO_2.7~L2.7~W1.2~H1.6~foam_4g,EXPLOSIVE UP TO 2.7,34,EXPLOSIVE UP TO 2.7,foam_4g,2.7,1.2,1.6,REAR FRAME + FLOOR PLATE,REAR FRAME & FLOOR PLATE,2454.146126,2454.15,0.0,PASS,,,
EXPLOSIVE_UP_TO_2.7~L2.7~W1.2~H1.6~foam_4g,EXPLOSIVE UP TO 2.7,34,EXPLOSIVE UP TO 2.7,foam_4g,2.7,1.2,1.6,SPRAY PAINTING,SPRAY PAINTING,750.0,750.0,0.0,PASS,,,
EXPLOSIVE_2.7_TO_4.8~L2.7~W2.3~H2.2~as_sheet,EXPLOSIVE 2.7 TO 4.8,37,EXPLOSIVE 2.7 TO 4.8,as_sheet,2.7,2.3,2.2,FRONT,FRONT,4727.070378,4727.02,0.001,PASS,,,
EXPLOSIVE_2.7_TO_4.8~L2.7~W2.3~H2.2~as_sheet,EXPLOSIVE 2.7 TO 4.8,37,EXPLOSIVE 2.7 TO 4.8,as_sheet,2.7,2.3,2.2,SRD,,0.0,,,SKIP,,,
EXPLOSIVE_2.7_TO_4.8~L2.7~W2.3~H2.2~as_sheet,EXPLOSIVE 2.7 TO 4.8,37,EXPLOSIVE 2.7 TO 4.8,as_sheet,2.7,2.3,2.2,SRD DOOR FITTINGS,,0.0,,,SKIP,,,
EXPLOSIVE_2.7_TO_4.8~L2.7~W2.3~H2.2~as_sheet,EXPLOSIVE 2.7 TO 4.8,37,EXPLOSIVE 2.7 TO 4.8,as_sheet,2.7,2.3,2.2,DRD,DRD,6321.979038,6122.08,3.162,ACCEPTED,,GROUP_DIFF 130*62MM TAPPING BLOCKS ~ 2 MES line(s) (-200.00),"[DATA] 130*62MM TAPPING BLOCKS: Excel 2 x R234 per size (R936 a double door) vs MES 6 x R68 per size (R816): R60 per size, 1-3 % of the door section."
EXPLOSIVE_2.7_TO_4.8~L2.7~W2.3~H2.2~as_sheet,EXPLOSIVE 2.7 TO 4.8,37,EXPLOSIVE 2.7 TO 4.8,as_sheet,2.7,2.3,2.2,DRD DOOR FITTINGS,DRD DOOR FITTINGS,4434.47931,4434.48,0.0,PASS,,,
EXPLOSIVE_2.7_TO_4.8~L2.7~W2.3~H2.2~as_sheet,EXPLOSIVE 2.7 TO 4.8,37,EXPLOSIVE 2.7 TO 4.8,as_sheet,2.7,2.3,2.2,SIDES,SIDES,10641.775255,10642.02,0.002,PASS,,,
EXPLOSIVE_2.7_TO_4.8~L2.7~W2.3~H2.2~as_sheet,EXPLOSIVE 2.7 TO 4.8,37,EXPLOSIVE 2.7 TO 4.8,as_sheet,2.7,2.3,2.2,ROOF,ROOF,5502.882561,5502.82,0.001,PASS,,,
EXPLOSIVE_2.7_TO_4.8~L2.7~W2.3~H2.2~as_sheet,EXPLOSIVE 2.7 TO 4.8,37,EXPLOSIVE 2.7 TO 4.8,as_sheet,2.7,2.3,2.2,FLOOR,FLOOR,18606.278241,19286.77,3.657,ACCEPTED,,EXTRA_IN_MES PU (+523.94),[MES] EXPLOSIVE 2.7 TO 4.8 FLOOR carries a PU line (+R680) on dev that Burt's sheet does not have (the explosive sheets carry no FLOOR EPS/PU rows); prod does not carry it.
EXPLOSIVE_2.7_TO_4.8~L2.7~W2.3~H2.2~as_sheet,EXPLOSIVE 2.7 TO 4.8,37,EXPLOSIVE 2.7 TO 4.8,as_sheet,2.7,2.3,2.2,ALUMINIUM,ALUMINIUM,5517.863,5517.86,0.0,PASS,,,
EXPLOSIVE_2.7_TO_4.8~L2.7~W2.3~H2.2~as_sheet,EXPLOSIVE 2.7 TO 4.8,37,EXPLOSIVE 2.7 TO 4.8,as_sheet,2.7,2.3,2.2,SUB FRAME + LIGHT BOX ASSY,SUB FRAME + LIGHT BOX ASSY,5972.656924,5732.94,4.014,ACCEPTED,,MISSING_IN_MES MOUNTING CLEATS (-818.36),[DATA] Burt's MOUNTING CLEATS line has no MES line on EXPLOSIVE 2.7 TO 4.8 (-R240).
EXPLOSIVE_2.7_TO_4.8~L2.7~W2.3~H2.2~as_sheet,EXPLOSIVE 2.7 TO 4.8,37,EXPLOSIVE 2.7 TO 4.8,as_sheet,2.7,2.3,2.2,REAR FRAME + FLOOR PLATE,REAR FRAME & FLOOR PLATE,3616.051456,3616.05,0.0,PASS,,,
EXPLOSIVE_2.7_TO_4.8~L2.7~W2.3~H2.2~as_sheet,EXPLOSIVE 2.7 TO 4.8,37,EXPLOSIVE 2.7 TO 4.8,as_sheet,2.7,2.3,2.2,SPRAY PAINTING,SPRAY PAINTING,750.0,750.0,0.0,PASS,,,
EXPLOSIVE_2.7_TO_4.8~L2.7~W2.3~H2.2~as_sheet,EXPLOSIVE 2.7 TO 4.8,37,EXPLOSIVE 2.7 TO 4.8,as_sheet,2.7,2.3,2.2,REFLEXITE TAPE,REFLEXITE TAPE,138.6,138.6,0.0,PASS,,,
EXPLOSIVE_2.7_TO_4.8~L2.7~W2.3~H2.2~all_eps,EXPLOSIVE 2.7 TO 4.8,37,EXPLOSIVE 2.7 TO 4.8,all_eps,2.7,2.3,2.2,FRONT,FRONT,3664.907163,3727.29,,UNVERIFIABLE,EXCEL_NO_PRICE:EPS,,
EXPLOSIVE_2.7_TO_4.8~L2.7~W2.3~H2.2~all_eps,EXPLOSIVE 2.7 TO 4.8,37,EXPLOSIVE 2.7 TO 4.8,all_eps,2.7,2.3,2.2,SRD,,0.0,,,SKIP,,,
EXPLOSIVE_2.7_TO_4.8~L2.7~W2.3~H2.2~all_eps,EXPLOSIVE 2.7 TO 4.8,37,EXPLOSIVE 2.7 TO 4.8,all_eps,2.7,2.3,2.2,SRD DOOR FITTINGS,,0.0,,,SKIP,,,
EXPLOSIVE_2.7_TO_4.8~L2.7~W2.3~H2.2~all_eps,EXPLOSIVE 2.7 TO 4.8,37,EXPLOSIVE 2.7 TO 4.8,all_eps,2.7,2.3,2.2,DRD,DRD,5275.183589,5122.36,,UNVERIFIABLE,EXCEL_NO_PRICE:EPS,,
EXPLOSIVE_2.7_TO_4.8~L2.7~W2.3~H2.2~all_eps,EXPLOSIVE 2.7 TO 4.8,37,EXPLOSIVE 2.7 TO 4.8,all_eps,2.7,2.3,2.2,DRD DOOR FITTINGS,DRD DOOR FITTINGS,4412.77422,4434.48,0.492,PASS,,,
EXPLOSIVE_2.7_TO_4.8~L2.7~W2.3~H2.2~all_eps,EXPLOSIVE 2.7 TO 4.8,37,EXPLOSIVE 2.7 TO 4.8,all_eps,2.7,2.3,2.2,SIDES,SIDES,8314.099042,8388.54,,UNVERIFIABLE,EXCEL_NO_PRICE:EPS,,
EXPLOSIVE_2.7_TO_4.8~L2.7~W2.3~H2.2~all_eps,EXPLOSIVE 2.7 TO 4.8,37,EXPLOSIVE 2.7 TO 4.8,all_eps,2.7,2.3,2.2,ROOF,ROOF,4376.142784,4376.08,,UNVERIFIABLE,EXCEL_NO_PRICE:EPS,,
EXPLOSIVE_2.7_TO_4.8~L2.7~W2.3~H2.2~all_eps,EXPLOSIVE 2.7 TO 4.8,37,EXPLOSIVE 2.7 TO 4.8,all_eps,2.7,2.3,2.2,FLOOR,FLOOR,18606.278241,19286.77,3.657,ACCEPTED,,EXTRA_IN_MES PU (+523.94),[MES] EXPLOSIVE 2.7 TO 4.8 FLOOR carries a PU line (+R680) on dev that Burt's sheet does not have (the explosive sheets carry no FLOOR EPS/PU rows); prod does not carry it.
EXPLOSIVE_2.7_TO_4.8~L2.7~W2.3~H2.2~all_eps,EXPLOSIVE 2.7 TO 4.8,37,EXPLOSIVE 2.7 TO 4.8,all_eps,2.7,2.3,2.2,ALUMINIUM,ALUMINIUM,5517.863,5517.86,0.0,PASS,,,
EXPLOSIVE_2.7_TO_4.8~L2.7~W2.3~H2.2~all_eps,EXPLOSIVE 2.7 TO 4.8,37,EXPLOSIVE 2.7 TO 4.8,all_eps,2.7,2.3,2.2,SUB FRAME + LIGHT BOX ASSY,SUB FRAME + LIGHT BOX ASSY,5972.656924,5732.94,4.014,ACCEPTED,,MISSING_IN_MES MOUNTING CLEATS (-818.36),[DATA] Burt's MOUNTING CLEATS line has no MES line on EXPLOSIVE 2.7 TO 4.8 (-R240).
EXPLOSIVE_2.7_TO_4.8~L2.7~W2.3~H2.2~all_eps,EXPLOSIVE 2.7 TO 4.8,37,EXPLOSIVE 2.7 TO 4.8,all_eps,2.7,2.3,2.2,REAR FRAME + FLOOR PLATE,REAR FRAME & FLOOR PLATE,3616.051456,3616.05,0.0,PASS,,,
EXPLOSIVE_2.7_TO_4.8~L2.7~W2.3~H2.2~all_eps,EXPLOSIVE 2.7 TO 4.8,37,EXPLOSIVE 2.7 TO 4.8,all_eps,2.7,2.3,2.2,SPRAY PAINTING,SPRAY PAINTING,750.0,750.0,0.0,PASS,,,
EXPLOSIVE_2.7_TO_4.8~L2.7~W2.3~H2.2~all_eps,EXPLOSIVE 2.7 TO 4.8,37,EXPLOSIVE 2.7 TO 4.8,all_eps,2.7,2.3,2.2,REFLEXITE TAPE,REFLEXITE TAPE,138.6,138.6,0.0,PASS,,,
EXPLOSIVE_2.7_TO_4.8~L2.7~W2.3~H2.2~all_pu,EXPLOSIVE 2.7 TO 4.8,37,EXPLOSIVE 2.7 TO 4.8,all_pu,2.7,2.3,2.2,FRONT,FRONT,4727.070378,4727.02,0.001,PASS,,,
EXPLOSIVE_2.7_TO_4.8~L2.7~W2.3~H2.2~all_pu,EXPLOSIVE 2.7 TO 4.8,37,EXPLOSIVE 2.7 TO 4.8,all_pu,2.7,2.3,2.2,SRD,,0.0,,,SKIP,,,
EXPLOSIVE_2.7_TO_4.8~L2.7~W2.3~H2.2~all_pu,EXPLOSIVE 2.7 TO 4.8,37,EXPLOSIVE 2.7 TO 4.8,all_pu,2.7,2.3,2.2,SRD DOOR FITTINGS,,0.0,,,SKIP,,,
EXPLOSIVE_2.7_TO_4.8~L2.7~W2.3~H2.2~all_pu,EXPLOSIVE 2.7 TO 4.8,37,EXPLOSIVE 2.7 TO 4.8,all_pu,2.7,2.3,2.2,DRD,DRD,6321.979038,6122.08,3.162,ACCEPTED,,GROUP_DIFF 130*62MM TAPPING BLOCKS ~ 2 MES line(s) (-200.00),"[DATA] 130*62MM TAPPING BLOCKS: Excel 2 x R234 per size (R936 a double door) vs MES 6 x R68 per size (R816): R60 per size, 1-3 % of the door section."
EXPLOSIVE_2.7_TO_4.8~L2.7~W2.3~H2.2~all_pu,EXPLOSIVE 2.7 TO 4.8,37,EXPLOSIVE 2.7 TO 4.8,all_pu,2.7,2.3,2.2,DRD DOOR FITTINGS,DRD DOOR FITTINGS,4434.47931,4434.48,0.0,PASS,,,
EXPLOSIVE_2.7_TO_4.8~L2.7~W2.3~H2.2~all_pu,EXPLOSIVE 2.7 TO 4.8,37,EXPLOSIVE 2.7 TO 4.8,all_pu,2.7,2.3,2.2,SIDES,SIDES,10641.775255,10642.02,0.002,PASS,,,
EXPLOSIVE_2.7_TO_4.8~L2.7~W2.3~H2.2~all_pu,EXPLOSIVE 2.7 TO 4.8,37,EXPLOSIVE 2.7 TO 4.8,all_pu,2.7,2.3,2.2,ROOF,ROOF,5502.882561,5502.82,0.001,PASS,,,
EXPLOSIVE_2.7_TO_4.8~L2.7~W2.3~H2.2~all_pu,EXPLOSIVE 2.7 TO 4.8,37,EXPLOSIVE 2.7 TO 4.8,all_pu,2.7,2.3,2.2,FLOOR,FLOOR,18606.278241,19286.77,3.657,ACCEPTED,,EXTRA_IN_MES PU (+523.94),[MES] EXPLOSIVE 2.7 TO 4.8 FLOOR carries a PU line (+R680) on dev that Burt's sheet does not have (the explosive sheets carry no FLOOR EPS/PU rows); prod does not carry it.
EXPLOSIVE_2.7_TO_4.8~L2.7~W2.3~H2.2~all_pu,EXPLOSIVE 2.7 TO 4.8,37,EXPLOSIVE 2.7 TO 4.8,all_pu,2.7,2.3,2.2,ALUMINIUM,ALUMINIUM,5517.863,5517.86,0.0,PASS,,,
EXPLOSIVE_2.7_TO_4.8~L2.7~W2.3~H2.2~all_pu,EXPLOSIVE 2.7 TO 4.8,37,EXPLOSIVE 2.7 TO 4.8,all_pu,2.7,2.3,2.2,SUB FRAME + LIGHT BOX ASSY,SUB FRAME + LIGHT BOX ASSY,5972.656924,5732.94,4.014,ACCEPTED,,MISSING_IN_MES MOUNTING CLEATS (-818.36),[DATA] Burt's MOUNTING CLEATS line has no MES line on EXPLOSIVE 2.7 TO 4.8 (-R240).
EXPLOSIVE_2.7_TO_4.8~L2.7~W2.3~H2.2~all_pu,EXPLOSIVE 2.7 TO 4.8,37,EXPLOSIVE 2.7 TO 4.8,all_pu,2.7,2.3,2.2,REAR FRAME + FLOOR PLATE,REAR FRAME & FLOOR PLATE,3616.051456,3616.05,0.0,PASS,,,
EXPLOSIVE_2.7_TO_4.8~L2.7~W2.3~H2.2~all_pu,EXPLOSIVE 2.7 TO 4.8,37,EXPLOSIVE 2.7 TO 4.8,all_pu,2.7,2.3,2.2,SPRAY PAINTING,SPRAY PAINTING,750.0,750.0,0.0,PASS,,,
EXPLOSIVE_2.7_TO_4.8~L2.7~W2.3~H2.2~all_pu,EXPLOSIVE 2.7 TO 4.8,37,EXPLOSIVE 2.7 TO 4.8,all_pu,2.7,2.3,2.2,REFLEXITE TAPE,REFLEXITE TAPE,138.6,138.6,0.0,PASS,,,
EXPLOSIVE_2.7_TO_4.8~L2.7~W2.3~H2.2~srd,EXPLOSIVE 2.7 TO 4.8,37,EXPLOSIVE 2.7 TO 4.8,srd,2.7,2.3,2.2,FRONT,FRONT,4727.070378,4727.02,0.001,PASS,,,
EXPLOSIVE_2.7_TO_4.8~L2.7~W2.3~H2.2~srd,EXPLOSIVE 2.7 TO 4.8,37,EXPLOSIVE 2.7 TO 4.8,srd,2.7,2.3,2.2,SRD,SRD,5970.357794,3727.29,37.57,ACCEPTED,,BOTH PU (-1463.01) [ZERO_FORMULA],"[MES] DEV: the single-rear-door PU line carries a literal x0 quantity formula (2.44*1.22*0*2) on the freezer, icecream and explosive bodies: PU on an SRD prices at R0 (-R1.5k to -R2.2k per quote). Prod has the opposite defect on the same line (R4 100 raw rate, +R23k) - see accepted_differences.prod.yaml."
EXPLOSIVE_2.7_TO_4.8~L2.7~W2.3~H2.2~srd,EXPLOSIVE 2.7 TO 4.8,37,EXPLOSIVE 2.7 TO 4.8,srd,2.7,2.3,2.2,SRD DOOR FITTINGS,SRD DOOR FITTINGS,6824.69172,7652.44,12.129,ACCEPTED,,PRICE_DIFF SILPLUS X WHITE SILICONE (+534.29),"[DATA] SRD DOOR FITTINGS on every body: MES CSLB HINGES R293.46 x2 (Excel R146.73 x2 - the pair price applied per hinge) and SILPLUS X WHITE R232.30 (Excel R116.15); per body also 34MM LOCKING POLE R126 (Excel R42), 28782 BIG HORIZ CAPPING R197.20 (Excel R240.58), ALU CORNERS R45 (Excel R54.90), 28780 BIG VERTICAL renamed 28778; Burt prices 2317 DOOR RUBBER / 28777 DOOR CAPPING at R0 on some sheets."
EXPLOSIVE_2.7_TO_4.8~L2.7~W2.3~H2.2~srd,EXPLOSIVE 2.7 TO 4.8,37,EXPLOSIVE 2.7 TO 4.8,srd,2.7,2.3,2.2,DRD,,0.0,,,SKIP,,,
EXPLOSIVE_2.7_TO_4.8~L2.7~W2.3~H2.2~srd,EXPLOSIVE 2.7 TO 4.8,37,EXPLOSIVE 2.7 TO 4.8,srd,2.7,2.3,2.2,DRD DOOR FITTINGS,,0.0,,,SKIP,,,
EXPLOSIVE_2.7_TO_4.8~L2.7~W2.3~H2.2~srd,EXPLOSIVE 2.7 TO 4.8,37,EXPLOSIVE 2.7 TO 4.8,srd,2.7,2.3,2.2,SIDES,SIDES,10641.775255,10642.02,0.002,PASS,,,
EXPLOSIVE_2.7_TO_4.8~L2.7~W2.3~H2.2~srd,EXPLOSIVE 2.7 TO 4.8,37,EXPLOSIVE 2.7 TO 4.8,srd,2.7,2.3,2.2,ROOF,ROOF,5502.882561,5502.82,0.001,PASS,,,
EXPLOSIVE_2.7_TO_4.8~L2.7~W2.3~H2.2~srd,EXPLOSIVE 2.7 TO 4.8,37,EXPLOSIVE 2.7 TO 4.8,srd,2.7,2.3,2.2,FLOOR,FLOOR,18606.278241,19286.77,3.657,ACCEPTED,,EXTRA_IN_MES PU (+523.94),[MES] EXPLOSIVE 2.7 TO 4.8 FLOOR carries a PU line (+R680) on dev that Burt's sheet does not have (the explosive sheets carry no FLOOR EPS/PU rows); prod does not carry it.
EXPLOSIVE_2.7_TO_4.8~L2.7~W2.3~H2.2~srd,EXPLOSIVE 2.7 TO 4.8,37,EXPLOSIVE 2.7 TO 4.8,srd,2.7,2.3,2.2,ALUMINIUM,ALUMINIUM,5517.863,5517.86,0.0,PASS,,,
EXPLOSIVE_2.7_TO_4.8~L2.7~W2.3~H2.2~srd,EXPLOSIVE 2.7 TO 4.8,37,EXPLOSIVE 2.7 TO 4.8,srd,2.7,2.3,2.2,SUB FRAME + LIGHT BOX ASSY,SUB FRAME + LIGHT BOX ASSY,5972.656924,5732.94,4.014,ACCEPTED,,MISSING_IN_MES MOUNTING CLEATS (-818.36),[DATA] Burt's MOUNTING CLEATS line has no MES line on EXPLOSIVE 2.7 TO 4.8 (-R240).
EXPLOSIVE_2.7_TO_4.8~L2.7~W2.3~H2.2~srd,EXPLOSIVE 2.7 TO 4.8,37,EXPLOSIVE 2.7 TO 4.8,srd,2.7,2.3,2.2,REAR FRAME + FLOOR PLATE,REAR FRAME & FLOOR PLATE,0.0,3616.05,,ACCEPTED,EXTRA_IN_MES,,"[RULING] Burt gates REAR FRAME + FLOOR PLATE on the DRD flags, so a single-rear-door body carries R0 there; MES always includes the section (R2.4k-R5.5k). Which is right needs Burt/Michael."
EXPLOSIVE_2.7_TO_4.8~L2.7~W2.3~H2.2~srd,EXPLOSIVE 2.7 TO 4.8,37,EXPLOSIVE 2.7 TO 4.8,srd,2.7,2.3,2.2,SPRAY PAINTING,SPRAY PAINTING,750.0,750.0,0.0,PASS,,,
EXPLOSIVE_2.7_TO_4.8~L2.7~W2.3~H2.2~srd,EXPLOSIVE 2.7 TO 4.8,37,EXPLOSIVE 2.7 TO 4.8,srd,2.7,2.3,2.2,REFLEXITE TAPE,REFLEXITE TAPE,138.6,138.6,0.0,PASS,,,
EXPLOSIVE_2.7_TO_4.8~L2.7~W2.3~H2.2~drd,EXPLOSIVE 2.7 TO 4.8,37,EXPLOSIVE 2.7 TO 4.8,drd,2.7,2.3,2.2,FRONT,FRONT,4727.070378,4727.02,0.001,PASS,,,
EXPLOSIVE_2.7_TO_4.8~L2.7~W2.3~H2.2~drd,EXPLOSIVE 2.7 TO 4.8,37,EXPLOSIVE 2.7 TO 4.8,drd,2.7,2.3,2.2,SRD,,0.0,,,SKIP,,,
EXPLOSIVE_2.7_TO_4.8~L2.7~W2.3~H2.2~drd,EXPLOSIVE 2.7 TO 4.8,37,EXPLOSIVE 2.7 TO 4.8,drd,2.7,2.3,2.2,SRD DOOR FITTINGS,,0.0,,,SKIP,,,
EXPLOSIVE_2.7_TO_4.8~L2.7~W2.3~H2.2~drd,EXPLOSIVE 2.7 TO 4.8,37,EXPLOSIVE 2.7 TO 4.8,drd,2.7,2.3,2.2,DRD,DRD,6321.979038,6122.08,3.162,ACCEPTED,,GROUP_DIFF 130*62MM TAPPING BLOCKS ~ 2 MES line(s) (-200.00),"[DATA] 130*62MM TAPPING BLOCKS: Excel 2 x R234 per size (R936 a double door) vs MES 6 x R68 per size (R816): R60 per size, 1-3 % of the door section."
EXPLOSIVE_2.7_TO_4.8~L2.7~W2.3~H2.2~drd,EXPLOSIVE 2.7 TO 4.8,37,EXPLOSIVE 2.7 TO 4.8,drd,2.7,2.3,2.2,DRD DOOR FITTINGS,DRD DOOR FITTINGS,4434.47931,4434.48,0.0,PASS,,,
EXPLOSIVE_2.7_TO_4.8~L2.7~W2.3~H2.2~drd,EXPLOSIVE 2.7 TO 4.8,37,EXPLOSIVE 2.7 TO 4.8,drd,2.7,2.3,2.2,SIDES,SIDES,10641.775255,10642.02,0.002,PASS,,,
EXPLOSIVE_2.7_TO_4.8~L2.7~W2.3~H2.2~drd,EXPLOSIVE 2.7 TO 4.8,37,EXPLOSIVE 2.7 TO 4.8,drd,2.7,2.3,2.2,ROOF,ROOF,5502.882561,5502.82,0.001,PASS,,,
EXPLOSIVE_2.7_TO_4.8~L2.7~W2.3~H2.2~drd,EXPLOSIVE 2.7 TO 4.8,37,EXPLOSIVE 2.7 TO 4.8,drd,2.7,2.3,2.2,FLOOR,FLOOR,18606.278241,19286.77,3.657,ACCEPTED,,EXTRA_IN_MES PU (+523.94),[MES] EXPLOSIVE 2.7 TO 4.8 FLOOR carries a PU line (+R680) on dev that Burt's sheet does not have (the explosive sheets carry no FLOOR EPS/PU rows); prod does not carry it.
EXPLOSIVE_2.7_TO_4.8~L2.7~W2.3~H2.2~drd,EXPLOSIVE 2.7 TO 4.8,37,EXPLOSIVE 2.7 TO 4.8,drd,2.7,2.3,2.2,ALUMINIUM,ALUMINIUM,5517.863,5517.86,0.0,PASS,,,
EXPLOSIVE_2.7_TO_4.8~L2.7~W2.3~H2.2~drd,EXPLOSIVE 2.7 TO 4.8,37,EXPLOSIVE 2.7 TO 4.8,drd,2.7,2.3,2.2,SUB FRAME + LIGHT BOX ASSY,SUB FRAME + LIGHT BOX ASSY,5972.656924,5732.94,4.014,ACCEPTED,,MISSING_IN_MES MOUNTING CLEATS (-818.36),[DATA] Burt's MOUNTING CLEATS line has no MES line on EXPLOSIVE 2.7 TO 4.8 (-R240).
EXPLOSIVE_2.7_TO_4.8~L2.7~W2.3~H2.2~drd,EXPLOSIVE 2.7 TO 4.8,37,EXPLOSIVE 2.7 TO 4.8,drd,2.7,2.3,2.2,REAR FRAME + FLOOR PLATE,REAR FRAME & FLOOR PLATE,3616.051456,3616.05,0.0,PASS,,,
EXPLOSIVE_2.7_TO_4.8~L2.7~W2.3~H2.2~drd,EXPLOSIVE 2.7 TO 4.8,37,EXPLOSIVE 2.7 TO 4.8,drd,2.7,2.3,2.2,SPRAY PAINTING,SPRAY PAINTING,750.0,750.0,0.0,PASS,,,
EXPLOSIVE_2.7_TO_4.8~L2.7~W2.3~H2.2~drd,EXPLOSIVE 2.7 TO 4.8,37,EXPLOSIVE 2.7 TO 4.8,drd,2.7,2.3,2.2,REFLEXITE TAPE,REFLEXITE TAPE,138.6,138.6,0.0,PASS,,,
EXPLOSIVE_2.7_TO_4.8~L2.7~W2.3~H2.2~foam_4g,EXPLOSIVE 2.7 TO 4.8,37,EXPLOSIVE 2.7 TO 4.8,foam_4g,2.7,2.3,2.2,FRONT,FRONT,5044.056505,5044.01,0.001,PASS,,,
EXPLOSIVE_2.7_TO_4.8~L2.7~W2.3~H2.2~foam_4g,EXPLOSIVE 2.7 TO 4.8,37,EXPLOSIVE 2.7 TO 4.8,foam_4g,2.7,2.3,2.2,SRD,,0.0,,,SKIP,,,
EXPLOSIVE_2.7_TO_4.8~L2.7~W2.3~H2.2~foam_4g,EXPLOSIVE 2.7 TO 4.8,37,EXPLOSIVE 2.7 TO 4.8,foam_4g,2.7,2.3,2.2,SRD DOOR FITTINGS,,0.0,,,SKIP,,,
EXPLOSIVE_2.7_TO_4.8~L2.7~W2.3~H2.2~foam_4g,EXPLOSIVE 2.7 TO 4.8,37,EXPLOSIVE 2.7 TO 4.8,foam_4g,2.7,2.3,2.2,DRD,DRD,6638.965165,6439.07,3.011,ACCEPTED,,GROUP_DIFF 130*62MM TAPPING BLOCKS ~ 2 MES line(s) (-200.00),"[DATA] 130*62MM TAPPING BLOCKS: Excel 2 x R234 per size (R936 a double door) vs MES 6 x R68 per size (R816): R60 per size, 1-3 % of the door section."
EXPLOSIVE_2.7_TO_4.8~L2.7~W2.3~H2.2~foam_4g,EXPLOSIVE 2.7 TO 4.8,37,EXPLOSIVE 2.7 TO 4.8,foam_4g,2.7,2.3,2.2,DRD DOOR FITTINGS,DRD DOOR FITTINGS,4434.47931,4434.48,0.0,PASS,,,
EXPLOSIVE_2.7_TO_4.8~L2.7~W2.3~H2.2~foam_4g,EXPLOSIVE 2.7 TO 4.8,37,EXPLOSIVE 2.7 TO 4.8,foam_4g,2.7,2.3,2.2,SIDES,SIDES,11356.293162,11356.54,0.002,PASS,,,
EXPLOSIVE_2.7_TO_4.8~L2.7~W2.3~H2.2~foam_4g,EXPLOSIVE 2.7 TO 4.8,37,EXPLOSIVE 2.7 TO 4.8,foam_4g,2.7,2.3,2.2,ROOF,ROOF,5860.141515,5860.08,0.001,PASS,,,
EXPLOSIVE_2.7_TO_4.8~L2.7~W2.3~H2.2~foam_4g,EXPLOSIVE 2.7 TO 4.8,37,EXPLOSIVE 2.7 TO 4.8,foam_4g,2.7,2.3,2.2,FLOOR,FLOOR,18606.278241,19452.89,4.55,ACCEPTED,,EXTRA_IN_MES PU (+690.06),[MES] EXPLOSIVE 2.7 TO 4.8 FLOOR carries a PU line (+R680) on dev that Burt's sheet does not have (the explosive sheets carry no FLOOR EPS/PU rows); prod does not carry it.
EXPLOSIVE_2.7_TO_4.8~L2.7~W2.3~H2.2~foam_4g,EXPLOSIVE 2.7 TO 4.8,37,EXPLOSIVE 2.7 TO 4.8,foam_4g,2.7,2.3,2.2,ALUMINIUM,ALUMINIUM,5517.863,5517.86,0.0,PASS,,,
EXPLOSIVE_2.7_TO_4.8~L2.7~W2.3~H2.2~foam_4g,EXPLOSIVE 2.7 TO 4.8,37,EXPLOSIVE 2.7 TO 4.8,foam_4g,2.7,2.3,2.2,SUB FRAME + LIGHT BOX ASSY,SUB FRAME + LIGHT BOX ASSY,5972.656924,5732.94,4.014,ACCEPTED,,MISSING_IN_MES MOUNTING CLEATS (-818.36),[DATA] Burt's MOUNTING CLEATS line has no MES line on EXPLOSIVE 2.7 TO 4.8 (-R240).
EXPLOSIVE_2.7_TO_4.8~L2.7~W2.3~H2.2~foam_4g,EXPLOSIVE 2.7 TO 4.8,37,EXPLOSIVE 2.7 TO 4.8,foam_4g,2.7,2.3,2.2,REAR FRAME + FLOOR PLATE,REAR FRAME & FLOOR PLATE,3616.051456,3616.05,0.0,PASS,,,
EXPLOSIVE_2.7_TO_4.8~L2.7~W2.3~H2.2~foam_4g,EXPLOSIVE 2.7 TO 4.8,37,EXPLOSIVE 2.7 TO 4.8,foam_4g,2.7,2.3,2.2,SPRAY PAINTING,SPRAY PAINTING,750.0,750.0,0.0,PASS,,,
EXPLOSIVE_2.7_TO_4.8~L2.7~W2.3~H2.2~foam_4g,EXPLOSIVE 2.7 TO 4.8,37,EXPLOSIVE 2.7 TO 4.8,foam_4g,2.7,2.3,2.2,REFLEXITE TAPE,REFLEXITE TAPE,138.6,138.6,0.0,PASS,,,
EXPLOSIVE_2.7_TO_4.8~L4.2~W2.3~H2.2~as_sheet,EXPLOSIVE 2.7 TO 4.8,37,EXPLOSIVE 2.7 TO 4.8,as_sheet,4.2,2.3,2.2,FRONT,FRONT,4727.070378,4727.02,0.001,PASS,,,
EXPLOSIVE_2.7_TO_4.8~L4.2~W2.3~H2.2~as_sheet,EXPLOSIVE 2.7 TO 4.8,37,EXPLOSIVE 2.7 TO 4.8,as_sheet,4.2,2.3,2.2,SRD,,0.0,,,SKIP,,,
EXPLOSIVE_2.7_TO_4.8~L4.2~W2.3~H2.2~as_sheet,EXPLOSIVE 2.7 TO 4.8,37,EXPLOSIVE 2.7 TO 4.8,as_sheet,4.2,2.3,2.2,SRD DOOR FITTINGS,,0.0,,,SKIP,,,
EXPLOSIVE_2.7_TO_4.8~L4.2~W2.3~H2.2~as_sheet,EXPLOSIVE 2.7 TO 4.8,37,EXPLOSIVE 2.7 TO 4.8,as_sheet,4.2,2.3,2.2,DRD,DRD,6321.979038,6122.08,3.162,ACCEPTED,,GROUP_DIFF 130*62MM TAPPING BLOCKS ~ 2 MES line(s) (-200.00),"[DATA] 130*62MM TAPPING BLOCKS: Excel 2 x R234 per size (R936 a double door) vs MES 6 x R68 per size (R816): R60 per size, 1-3 % of the door section."
EXPLOSIVE_2.7_TO_4.8~L4.2~W2.3~H2.2~as_sheet,EXPLOSIVE 2.7 TO 4.8,37,EXPLOSIVE 2.7 TO 4.8,as_sheet,4.2,2.3,2.2,DRD DOOR FITTINGS,DRD DOOR FITTINGS,4434.47931,4434.48,0.0,PASS,,,
EXPLOSIVE_2.7_TO_4.8~L4.2~W2.3~H2.2~as_sheet,EXPLOSIVE 2.7 TO 4.8,37,EXPLOSIVE 2.7 TO 4.8,as_sheet,4.2,2.3,2.2,SIDES,SIDES,16377.738121,16378.11,0.002,PASS,,,
EXPLOSIVE_2.7_TO_4.8~L4.2~W2.3~H2.2~as_sheet,EXPLOSIVE 2.7 TO 4.8,37,EXPLOSIVE 2.7 TO 4.8,as_sheet,4.2,2.3,2.2,ROOF,ROOF,8452.383958,8452.28,0.001,PASS,,,
EXPLOSIVE_2.7_TO_4.8~L4.2~W2.3~H2.2~as_sheet,EXPLOSIVE 2.7 TO 4.8,37,EXPLOSIVE 2.7 TO 4.8,as_sheet,4.2,2.3,2.2,FLOOR,FLOOR,27402.293645,28082.78,2.483,ACCEPTED,,EXTRA_IN_MES PU (+523.94),[MES] EXPLOSIVE 2.7 TO 4.8 FLOOR carries a PU line (+R680) on dev that Burt's sheet does not have (the explosive sheets carry no FLOOR EPS/PU rows); prod does not carry it.
EXPLOSIVE_2.7_TO_4.8~L4.2~W2.3~H2.2~as_sheet,EXPLOSIVE 2.7 TO 4.8,37,EXPLOSIVE 2.7 TO 4.8,as_sheet,4.2,2.3,2.2,ALUMINIUM,ALUMINIUM,7340.693,7340.69,0.0,PASS,,,
EXPLOSIVE_2.7_TO_4.8~L4.2~W2.3~H2.2~as_sheet,EXPLOSIVE 2.7 TO 4.8,37,EXPLOSIVE 2.7 TO 4.8,as_sheet,4.2,2.3,2.2,SUB FRAME + LIGHT BOX ASSY,SUB FRAME + LIGHT BOX ASSY,7082.290531,6842.57,3.385,ACCEPTED,,MISSING_IN_MES MOUNTING CLEATS (-818.36),[DATA] Burt's MOUNTING CLEATS line has no MES line on EXPLOSIVE 2.7 TO 4.8 (-R240).
EXPLOSIVE_2.7_TO_4.8~L4.2~W2.3~H2.2~as_sheet,EXPLOSIVE 2.7 TO 4.8,37,EXPLOSIVE 2.7 TO 4.8,as_sheet,4.2,2.3,2.2,REAR FRAME + FLOOR PLATE,REAR FRAME & FLOOR PLATE,3616.051456,3616.05,0.0,PASS,,,
EXPLOSIVE_2.7_TO_4.8~L4.2~W2.3~H2.2~as_sheet,EXPLOSIVE 2.7 TO 4.8,37,EXPLOSIVE 2.7 TO 4.8,as_sheet,4.2,2.3,2.2,SPRAY PAINTING,SPRAY PAINTING,750.0,750.0,0.0,PASS,,,
EXPLOSIVE_2.7_TO_4.8~L4.2~W2.3~H2.2~as_sheet,EXPLOSIVE 2.7 TO 4.8,37,EXPLOSIVE 2.7 TO 4.8,as_sheet,4.2,2.3,2.2,REFLEXITE TAPE,REFLEXITE TAPE,192.6,192.6,0.0,PASS,,,
EXPLOSIVE_2.7_TO_4.8~L4.2~W2.3~H2.2~all_eps,EXPLOSIVE 2.7 TO 4.8,37,EXPLOSIVE 2.7 TO 4.8,all_eps,4.2,2.3,2.2,FRONT,FRONT,3664.907163,3727.29,,UNVERIFIABLE,EXCEL_NO_PRICE:EPS,,
EXPLOSIVE_2.7_TO_4.8~L4.2~W2.3~H2.2~all_eps,EXPLOSIVE 2.7 TO 4.8,37,EXPLOSIVE 2.7 TO 4.8,all_eps,4.2,2.3,2.2,SRD,,0.0,,,SKIP,,,
EXPLOSIVE_2.7_TO_4.8~L4.2~W2.3~H2.2~all_eps,EXPLOSIVE 2.7 TO 4.8,37,EXPLOSIVE 2.7 TO 4.8,all_eps,4.2,2.3,2.2,SRD DOOR FITTINGS,,0.0,,,SKIP,,,
EXPLOSIVE_2.7_TO_4.8~L4.2~W2.3~H2.2~all_eps,EXPLOSIVE 2.7 TO 4.8,37,EXPLOSIVE 2.7 TO 4.8,all_eps,4.2,2.3,2.2,DRD,DRD,5275.183589,5122.36,,UNVERIFIABLE,EXCEL_NO_PRICE:EPS,,
EXPLOSIVE_2.7_TO_4.8~L4.2~W2.3~H2.2~all_eps,EXPLOSIVE 2.7 TO 4.8,37,EXPLOSIVE 2.7 TO 4.8,all_eps,4.2,2.3,2.2,DRD DOOR FITTINGS,DRD DOOR FITTINGS,4412.77422,4434.48,0.492,PASS,,,
EXPLOSIVE_2.7_TO_4.8~L4.2~W2.3~H2.2~all_eps,EXPLOSIVE 2.7 TO 4.8,37,EXPLOSIVE 2.7 TO 4.8,all_eps,4.2,2.3,2.2,SIDES,SIDES,12780.420338,12895.46,,UNVERIFIABLE,EXCEL_NO_PRICE:EPS,,
EXPLOSIVE_2.7_TO_4.8~L4.2~W2.3~H2.2~all_eps,EXPLOSIVE 2.7 TO 4.8,37,EXPLOSIVE 2.7 TO 4.8,all_eps,4.2,2.3,2.2,ROOF,ROOF,6711.058847,6710.96,,UNVERIFIABLE,EXCEL_NO_PRICE:EPS,,
EXPLOSIVE_2.7_TO_4.8~L4.2~W2.3~H2.2~all_eps,EXPLOSIVE 2.7 TO 4.8,37,EXPLOSIVE 2.7 TO 4.8,all_eps,4.2,2.3,2.2,FLOOR,FLOOR,27402.293645,28082.78,2.483,ACCEPTED,,EXTRA_IN_MES PU (+523.94),[MES] EXPLOSIVE 2.7 TO 4.8 FLOOR carries a PU line (+R680) on dev that Burt's sheet does not have (the explosive sheets carry no FLOOR EPS/PU rows); prod does not carry it.
EXPLOSIVE_2.7_TO_4.8~L4.2~W2.3~H2.2~all_eps,EXPLOSIVE 2.7 TO 4.8,37,EXPLOSIVE 2.7 TO 4.8,all_eps,4.2,2.3,2.2,ALUMINIUM,ALUMINIUM,7340.693,7340.69,0.0,PASS,,,
EXPLOSIVE_2.7_TO_4.8~L4.2~W2.3~H2.2~all_eps,EXPLOSIVE 2.7 TO 4.8,37,EXPLOSIVE 2.7 TO 4.8,all_eps,4.2,2.3,2.2,SUB FRAME + LIGHT BOX ASSY,SUB FRAME + LIGHT BOX ASSY,7082.290531,6842.57,3.385,ACCEPTED,,MISSING_IN_MES MOUNTING CLEATS (-818.36),[DATA] Burt's MOUNTING CLEATS line has no MES line on EXPLOSIVE 2.7 TO 4.8 (-R240).
EXPLOSIVE_2.7_TO_4.8~L4.2~W2.3~H2.2~all_eps,EXPLOSIVE 2.7 TO 4.8,37,EXPLOSIVE 2.7 TO 4.8,all_eps,4.2,2.3,2.2,REAR FRAME + FLOOR PLATE,REAR FRAME & FLOOR PLATE,3616.051456,3616.05,0.0,PASS,,,
EXPLOSIVE_2.7_TO_4.8~L4.2~W2.3~H2.2~all_eps,EXPLOSIVE 2.7 TO 4.8,37,EXPLOSIVE 2.7 TO 4.8,all_eps,4.2,2.3,2.2,SPRAY PAINTING,SPRAY PAINTING,750.0,750.0,0.0,PASS,,,
EXPLOSIVE_2.7_TO_4.8~L4.2~W2.3~H2.2~all_eps,EXPLOSIVE 2.7 TO 4.8,37,EXPLOSIVE 2.7 TO 4.8,all_eps,4.2,2.3,2.2,REFLEXITE TAPE,REFLEXITE TAPE,192.6,192.6,0.0,PASS,,,
EXPLOSIVE_2.7_TO_4.8~L4.2~W2.3~H2.2~all_pu,EXPLOSIVE 2.7 TO 4.8,37,EXPLOSIVE 2.7 TO 4.8,all_pu,4.2,2.3,2.2,FRONT,FRONT,4727.070378,4727.02,0.001,PASS,,,
EXPLOSIVE_2.7_TO_4.8~L4.2~W2.3~H2.2~all_pu,EXPLOSIVE 2.7 TO 4.8,37,EXPLOSIVE 2.7 TO 4.8,all_pu,4.2,2.3,2.2,SRD,,0.0,,,SKIP,,,
EXPLOSIVE_2.7_TO_4.8~L4.2~W2.3~H2.2~all_pu,EXPLOSIVE 2.7 TO 4.8,37,EXPLOSIVE 2.7 TO 4.8,all_pu,4.2,2.3,2.2,SRD DOOR FITTINGS,,0.0,,,SKIP,,,
EXPLOSIVE_2.7_TO_4.8~L4.2~W2.3~H2.2~all_pu,EXPLOSIVE 2.7 TO 4.8,37,EXPLOSIVE 2.7 TO 4.8,all_pu,4.2,2.3,2.2,DRD,DRD,6321.979038,6122.08,3.162,ACCEPTED,,GROUP_DIFF 130*62MM TAPPING BLOCKS ~ 2 MES line(s) (-200.00),"[DATA] 130*62MM TAPPING BLOCKS: Excel 2 x R234 per size (R936 a double door) vs MES 6 x R68 per size (R816): R60 per size, 1-3 % of the door section."
EXPLOSIVE_2.7_TO_4.8~L4.2~W2.3~H2.2~all_pu,EXPLOSIVE 2.7 TO 4.8,37,EXPLOSIVE 2.7 TO 4.8,all_pu,4.2,2.3,2.2,DRD DOOR FITTINGS,DRD DOOR FITTINGS,4434.47931,4434.48,0.0,PASS,,,
EXPLOSIVE_2.7_TO_4.8~L4.2~W2.3~H2.2~all_pu,EXPLOSIVE 2.7 TO 4.8,37,EXPLOSIVE 2.7 TO 4.8,all_pu,4.2,2.3,2.2,SIDES,SIDES,16377.738121,16378.11,0.002,PASS,,,
EXPLOSIVE_2.7_TO_4.8~L4.2~W2.3~H2.2~all_pu,EXPLOSIVE 2.7 TO 4.8,37,EXPLOSIVE 2.7 TO 4.8,all_pu,4.2,2.3,2.2,ROOF,ROOF,8452.383958,8452.28,0.001,PASS,,,
EXPLOSIVE_2.7_TO_4.8~L4.2~W2.3~H2.2~all_pu,EXPLOSIVE 2.7 TO 4.8,37,EXPLOSIVE 2.7 TO 4.8,all_pu,4.2,2.3,2.2,FLOOR,FLOOR,27402.293645,28082.78,2.483,ACCEPTED,,EXTRA_IN_MES PU (+523.94),[MES] EXPLOSIVE 2.7 TO 4.8 FLOOR carries a PU line (+R680) on dev that Burt's sheet does not have (the explosive sheets carry no FLOOR EPS/PU rows); prod does not carry it.
EXPLOSIVE_2.7_TO_4.8~L4.2~W2.3~H2.2~all_pu,EXPLOSIVE 2.7 TO 4.8,37,EXPLOSIVE 2.7 TO 4.8,all_pu,4.2,2.3,2.2,ALUMINIUM,ALUMINIUM,7340.693,7340.69,0.0,PASS,,,
EXPLOSIVE_2.7_TO_4.8~L4.2~W2.3~H2.2~all_pu,EXPLOSIVE 2.7 TO 4.8,37,EXPLOSIVE 2.7 TO 4.8,all_pu,4.2,2.3,2.2,SUB FRAME + LIGHT BOX ASSY,SUB FRAME + LIGHT BOX ASSY,7082.290531,6842.57,3.385,ACCEPTED,,MISSING_IN_MES MOUNTING CLEATS (-818.36),[DATA] Burt's MOUNTING CLEATS line has no MES line on EXPLOSIVE 2.7 TO 4.8 (-R240).
EXPLOSIVE_2.7_TO_4.8~L4.2~W2.3~H2.2~all_pu,EXPLOSIVE 2.7 TO 4.8,37,EXPLOSIVE 2.7 TO 4.8,all_pu,4.2,2.3,2.2,REAR FRAME + FLOOR PLATE,REAR FRAME & FLOOR PLATE,3616.051456,3616.05,0.0,PASS,,,
EXPLOSIVE_2.7_TO_4.8~L4.2~W2.3~H2.2~all_pu,EXPLOSIVE 2.7 TO 4.8,37,EXPLOSIVE 2.7 TO 4.8,all_pu,4.2,2.3,2.2,SPRAY PAINTING,SPRAY PAINTING,750.0,750.0,0.0,PASS,,,
EXPLOSIVE_2.7_TO_4.8~L4.2~W2.3~H2.2~all_pu,EXPLOSIVE 2.7 TO 4.8,37,EXPLOSIVE 2.7 TO 4.8,all_pu,4.2,2.3,2.2,REFLEXITE TAPE,REFLEXITE TAPE,192.6,192.6,0.0,PASS,,,
EXPLOSIVE_2.7_TO_4.8~L4.2~W2.3~H2.2~srd,EXPLOSIVE 2.7 TO 4.8,37,EXPLOSIVE 2.7 TO 4.8,srd,4.2,2.3,2.2,FRONT,FRONT,4727.070378,4727.02,0.001,PASS,,,
EXPLOSIVE_2.7_TO_4.8~L4.2~W2.3~H2.2~srd,EXPLOSIVE 2.7 TO 4.8,37,EXPLOSIVE 2.7 TO 4.8,srd,4.2,2.3,2.2,SRD,SRD,5970.357794,3727.29,37.57,ACCEPTED,,BOTH PU (-1463.01) [ZERO_FORMULA],"[MES] DEV: the single-rear-door PU line carries a literal x0 quantity formula (2.44*1.22*0*2) on the freezer, icecream and explosive bodies: PU on an SRD prices at R0 (-R1.5k to -R2.2k per quote). Prod has the opposite defect on the same line (R4 100 raw rate, +R23k) - see accepted_differences.prod.yaml."
EXPLOSIVE_2.7_TO_4.8~L4.2~W2.3~H2.2~srd,EXPLOSIVE 2.7 TO 4.8,37,EXPLOSIVE 2.7 TO 4.8,srd,4.2,2.3,2.2,SRD DOOR FITTINGS,SRD DOOR FITTINGS,6824.69172,7652.44,12.129,ACCEPTED,,PRICE_DIFF SILPLUS X WHITE SILICONE (+534.29),"[DATA] SRD DOOR FITTINGS on every body: MES CSLB HINGES R293.46 x2 (Excel R146.73 x2 - the pair price applied per hinge) and SILPLUS X WHITE R232.30 (Excel R116.15); per body also 34MM LOCKING POLE R126 (Excel R42), 28782 BIG HORIZ CAPPING R197.20 (Excel R240.58), ALU CORNERS R45 (Excel R54.90), 28780 BIG VERTICAL renamed 28778; Burt prices 2317 DOOR RUBBER / 28777 DOOR CAPPING at R0 on some sheets."
EXPLOSIVE_2.7_TO_4.8~L4.2~W2.3~H2.2~srd,EXPLOSIVE 2.7 TO 4.8,37,EXPLOSIVE 2.7 TO 4.8,srd,4.2,2.3,2.2,DRD,,0.0,,,SKIP,,,
EXPLOSIVE_2.7_TO_4.8~L4.2~W2.3~H2.2~srd,EXPLOSIVE 2.7 TO 4.8,37,EXPLOSIVE 2.7 TO 4.8,srd,4.2,2.3,2.2,DRD DOOR FITTINGS,,0.0,,,SKIP,,,
EXPLOSIVE_2.7_TO_4.8~L4.2~W2.3~H2.2~srd,EXPLOSIVE 2.7 TO 4.8,37,EXPLOSIVE 2.7 TO 4.8,srd,4.2,2.3,2.2,SIDES,SIDES,16377.738121,16378.11,0.002,PASS,,,
EXPLOSIVE_2.7_TO_4.8~L4.2~W2.3~H2.2~srd,EXPLOSIVE 2.7 TO 4.8,37,EXPLOSIVE 2.7 TO 4.8,srd,4.2,2.3,2.2,ROOF,ROOF,8452.383958,8452.28,0.001,PASS,,,
EXPLOSIVE_2.7_TO_4.8~L4.2~W2.3~H2.2~srd,EXPLOSIVE 2.7 TO 4.8,37,EXPLOSIVE 2.7 TO 4.8,srd,4.2,2.3,2.2,FLOOR,FLOOR,27402.293645,28082.78,2.483,ACCEPTED,,EXTRA_IN_MES PU (+523.94),[MES] EXPLOSIVE 2.7 TO 4.8 FLOOR carries a PU line (+R680) on dev that Burt's sheet does not have (the explosive sheets carry no FLOOR EPS/PU rows); prod does not carry it.
EXPLOSIVE_2.7_TO_4.8~L4.2~W2.3~H2.2~srd,EXPLOSIVE 2.7 TO 4.8,37,EXPLOSIVE 2.7 TO 4.8,srd,4.2,2.3,2.2,ALUMINIUM,ALUMINIUM,7340.693,7340.69,0.0,PASS,,,
EXPLOSIVE_2.7_TO_4.8~L4.2~W2.3~H2.2~srd,EXPLOSIVE 2.7 TO 4.8,37,EXPLOSIVE 2.7 TO 4.8,srd,4.2,2.3,2.2,SUB FRAME + LIGHT BOX ASSY,SUB FRAME + LIGHT BOX ASSY,7082.290531,6842.57,3.385,ACCEPTED,,MISSING_IN_MES MOUNTING CLEATS (-818.36),[DATA] Burt's MOUNTING CLEATS line has no MES line on EXPLOSIVE 2.7 TO 4.8 (-R240).
EXPLOSIVE_2.7_TO_4.8~L4.2~W2.3~H2.2~srd,EXPLOSIVE 2.7 TO 4.8,37,EXPLOSIVE 2.7 TO 4.8,srd,4.2,2.3,2.2,REAR FRAME + FLOOR PLATE,REAR FRAME & FLOOR PLATE,0.0,3616.05,,ACCEPTED,EXTRA_IN_MES,,"[RULING] Burt gates REAR FRAME + FLOOR PLATE on the DRD flags, so a single-rear-door body carries R0 there; MES always includes the section (R2.4k-R5.5k). Which is right needs Burt/Michael."
EXPLOSIVE_2.7_TO_4.8~L4.2~W2.3~H2.2~srd,EXPLOSIVE 2.7 TO 4.8,37,EXPLOSIVE 2.7 TO 4.8,srd,4.2,2.3,2.2,SPRAY PAINTING,SPRAY PAINTING,750.0,750.0,0.0,PASS,,,
EXPLOSIVE_2.7_TO_4.8~L4.2~W2.3~H2.2~srd,EXPLOSIVE 2.7 TO 4.8,37,EXPLOSIVE 2.7 TO 4.8,srd,4.2,2.3,2.2,REFLEXITE TAPE,REFLEXITE TAPE,192.6,192.6,0.0,PASS,,,
EXPLOSIVE_2.7_TO_4.8~L4.2~W2.3~H2.2~drd,EXPLOSIVE 2.7 TO 4.8,37,EXPLOSIVE 2.7 TO 4.8,drd,4.2,2.3,2.2,FRONT,FRONT,4727.070378,4727.02,0.001,PASS,,,
EXPLOSIVE_2.7_TO_4.8~L4.2~W2.3~H2.2~drd,EXPLOSIVE 2.7 TO 4.8,37,EXPLOSIVE 2.7 TO 4.8,drd,4.2,2.3,2.2,SRD,,0.0,,,SKIP,,,
EXPLOSIVE_2.7_TO_4.8~L4.2~W2.3~H2.2~drd,EXPLOSIVE 2.7 TO 4.8,37,EXPLOSIVE 2.7 TO 4.8,drd,4.2,2.3,2.2,SRD DOOR FITTINGS,,0.0,,,SKIP,,,
EXPLOSIVE_2.7_TO_4.8~L4.2~W2.3~H2.2~drd,EXPLOSIVE 2.7 TO 4.8,37,EXPLOSIVE 2.7 TO 4.8,drd,4.2,2.3,2.2,DRD,DRD,6321.979038,6122.08,3.162,ACCEPTED,,GROUP_DIFF 130*62MM TAPPING BLOCKS ~ 2 MES line(s) (-200.00),"[DATA] 130*62MM TAPPING BLOCKS: Excel 2 x R234 per size (R936 a double door) vs MES 6 x R68 per size (R816): R60 per size, 1-3 % of the door section."
EXPLOSIVE_2.7_TO_4.8~L4.2~W2.3~H2.2~drd,EXPLOSIVE 2.7 TO 4.8,37,EXPLOSIVE 2.7 TO 4.8,drd,4.2,2.3,2.2,DRD DOOR FITTINGS,DRD DOOR FITTINGS,4434.47931,4434.48,0.0,PASS,,,
EXPLOSIVE_2.7_TO_4.8~L4.2~W2.3~H2.2~drd,EXPLOSIVE 2.7 TO 4.8,37,EXPLOSIVE 2.7 TO 4.8,drd,4.2,2.3,2.2,SIDES,SIDES,16377.738121,16378.11,0.002,PASS,,,
EXPLOSIVE_2.7_TO_4.8~L4.2~W2.3~H2.2~drd,EXPLOSIVE 2.7 TO 4.8,37,EXPLOSIVE 2.7 TO 4.8,drd,4.2,2.3,2.2,ROOF,ROOF,8452.383958,8452.28,0.001,PASS,,,
EXPLOSIVE_2.7_TO_4.8~L4.2~W2.3~H2.2~drd,EXPLOSIVE 2.7 TO 4.8,37,EXPLOSIVE 2.7 TO 4.8,drd,4.2,2.3,2.2,FLOOR,FLOOR,27402.293645,28082.78,2.483,ACCEPTED,,EXTRA_IN_MES PU (+523.94),[MES] EXPLOSIVE 2.7 TO 4.8 FLOOR carries a PU line (+R680) on dev that Burt's sheet does not have (the explosive sheets carry no FLOOR EPS/PU rows); prod does not carry it.
EXPLOSIVE_2.7_TO_4.8~L4.2~W2.3~H2.2~drd,EXPLOSIVE 2.7 TO 4.8,37,EXPLOSIVE 2.7 TO 4.8,drd,4.2,2.3,2.2,ALUMINIUM,ALUMINIUM,7340.693,7340.69,0.0,PASS,,,
EXPLOSIVE_2.7_TO_4.8~L4.2~W2.3~H2.2~drd,EXPLOSIVE 2.7 TO 4.8,37,EXPLOSIVE 2.7 TO 4.8,drd,4.2,2.3,2.2,SUB FRAME + LIGHT BOX ASSY,SUB FRAME + LIGHT BOX ASSY,7082.290531,6842.57,3.385,ACCEPTED,,MISSING_IN_MES MOUNTING CLEATS (-818.36),[DATA] Burt's MOUNTING CLEATS line has no MES line on EXPLOSIVE 2.7 TO 4.8 (-R240).
EXPLOSIVE_2.7_TO_4.8~L4.2~W2.3~H2.2~drd,EXPLOSIVE 2.7 TO 4.8,37,EXPLOSIVE 2.7 TO 4.8,drd,4.2,2.3,2.2,REAR FRAME + FLOOR PLATE,REAR FRAME & FLOOR PLATE,3616.051456,3616.05,0.0,PASS,,,
EXPLOSIVE_2.7_TO_4.8~L4.2~W2.3~H2.2~drd,EXPLOSIVE 2.7 TO 4.8,37,EXPLOSIVE 2.7 TO 4.8,drd,4.2,2.3,2.2,SPRAY PAINTING,SPRAY PAINTING,750.0,750.0,0.0,PASS,,,
EXPLOSIVE_2.7_TO_4.8~L4.2~W2.3~H2.2~drd,EXPLOSIVE 2.7 TO 4.8,37,EXPLOSIVE 2.7 TO 4.8,drd,4.2,2.3,2.2,REFLEXITE TAPE,REFLEXITE TAPE,192.6,192.6,0.0,PASS,,,
EXPLOSIVE_2.7_TO_4.8~L4.2~W2.3~H2.2~foam_4g,EXPLOSIVE 2.7 TO 4.8,37,EXPLOSIVE 2.7 TO 4.8,foam_4g,4.2,2.3,2.2,FRONT,FRONT,5044.056505,5044.01,0.001,PASS,,,
EXPLOSIVE_2.7_TO_4.8~L4.2~W2.3~H2.2~foam_4g,EXPLOSIVE 2.7 TO 4.8,37,EXPLOSIVE 2.7 TO 4.8,foam_4g,4.2,2.3,2.2,SRD,,0.0,,,SKIP,,,
EXPLOSIVE_2.7_TO_4.8~L4.2~W2.3~H2.2~foam_4g,EXPLOSIVE 2.7 TO 4.8,37,EXPLOSIVE 2.7 TO 4.8,foam_4g,4.2,2.3,2.2,SRD DOOR FITTINGS,,0.0,,,SKIP,,,
EXPLOSIVE_2.7_TO_4.8~L4.2~W2.3~H2.2~foam_4g,EXPLOSIVE 2.7 TO 4.8,37,EXPLOSIVE 2.7 TO 4.8,foam_4g,4.2,2.3,2.2,DRD,DRD,6638.965165,6439.07,3.011,ACCEPTED,,GROUP_DIFF 130*62MM TAPPING BLOCKS ~ 2 MES line(s) (-200.00),"[DATA] 130*62MM TAPPING BLOCKS: Excel 2 x R234 per size (R936 a double door) vs MES 6 x R68 per size (R816): R60 per size, 1-3 % of the door section."
EXPLOSIVE_2.7_TO_4.8~L4.2~W2.3~H2.2~foam_4g,EXPLOSIVE 2.7 TO 4.8,37,EXPLOSIVE 2.7 TO 4.8,foam_4g,4.2,2.3,2.2,DRD DOOR FITTINGS,DRD DOOR FITTINGS,4434.47931,4434.48,0.0,PASS,,,
EXPLOSIVE_2.7_TO_4.8~L4.2~W2.3~H2.2~foam_4g,EXPLOSIVE 2.7 TO 4.8,37,EXPLOSIVE 2.7 TO 4.8,foam_4g,4.2,2.3,2.2,SIDES,SIDES,17481.993069,17482.37,0.002,PASS,,,
EXPLOSIVE_2.7_TO_4.8~L4.2~W2.3~H2.2~foam_4g,EXPLOSIVE 2.7 TO 4.8,37,EXPLOSIVE 2.7 TO 4.8,foam_4g,4.2,2.3,2.2,ROOF,ROOF,9004.511432,9004.41,0.001,PASS,,,
EXPLOSIVE_2.7_TO_4.8~L4.2~W2.3~H2.2~foam_4g,EXPLOSIVE 2.7 TO 4.8,37,EXPLOSIVE 2.7 TO 4.8,foam_4g,4.2,2.3,2.2,FLOOR,FLOOR,27402.293645,28248.91,3.09,ACCEPTED,,EXTRA_IN_MES PU (+690.06),[MES] EXPLOSIVE 2.7 TO 4.8 FLOOR carries a PU line (+R680) on dev that Burt's sheet does not have (the explosive sheets carry no FLOOR EPS/PU rows); prod does not carry it.
EXPLOSIVE_2.7_TO_4.8~L4.2~W2.3~H2.2~foam_4g,EXPLOSIVE 2.7 TO 4.8,37,EXPLOSIVE 2.7 TO 4.8,foam_4g,4.2,2.3,2.2,ALUMINIUM,ALUMINIUM,7340.693,7340.69,0.0,PASS,,,
EXPLOSIVE_2.7_TO_4.8~L4.2~W2.3~H2.2~foam_4g,EXPLOSIVE 2.7 TO 4.8,37,EXPLOSIVE 2.7 TO 4.8,foam_4g,4.2,2.3,2.2,SUB FRAME + LIGHT BOX ASSY,SUB FRAME + LIGHT BOX ASSY,7082.290531,6842.57,3.385,ACCEPTED,,MISSING_IN_MES MOUNTING CLEATS (-818.36),[DATA] Burt's MOUNTING CLEATS line has no MES line on EXPLOSIVE 2.7 TO 4.8 (-R240).
EXPLOSIVE_2.7_TO_4.8~L4.2~W2.3~H2.2~foam_4g,EXPLOSIVE 2.7 TO 4.8,37,EXPLOSIVE 2.7 TO 4.8,foam_4g,4.2,2.3,2.2,REAR FRAME + FLOOR PLATE,REAR FRAME & FLOOR PLATE,3616.051456,3616.05,0.0,PASS,,,
EXPLOSIVE_2.7_TO_4.8~L4.2~W2.3~H2.2~foam_4g,EXPLOSIVE 2.7 TO 4.8,37,EXPLOSIVE 2.7 TO 4.8,foam_4g,4.2,2.3,2.2,SPRAY PAINTING,SPRAY PAINTING,750.0,750.0,0.0,PASS,,,
EXPLOSIVE_2.7_TO_4.8~L4.2~W2.3~H2.2~foam_4g,EXPLOSIVE 2.7 TO 4.8,37,EXPLOSIVE 2.7 TO 4.8,foam_4g,4.2,2.3,2.2,REFLEXITE TAPE,REFLEXITE TAPE,192.6,192.6,0.0,PASS,,,
EXPLOSIVE_2.7_TO_4.8~L4.8~W2.3~H2.2~as_sheet,EXPLOSIVE 2.7 TO 4.8,37,EXPLOSIVE 2.7 TO 4.8,as_sheet,4.8,2.3,2.2,FRONT,FRONT,4727.070378,4727.02,0.001,PASS,,,
EXPLOSIVE_2.7_TO_4.8~L4.8~W2.3~H2.2~as_sheet,EXPLOSIVE 2.7 TO 4.8,37,EXPLOSIVE 2.7 TO 4.8,as_sheet,4.8,2.3,2.2,SRD,,0.0,,,SKIP,,,
EXPLOSIVE_2.7_TO_4.8~L4.8~W2.3~H2.2~as_sheet,EXPLOSIVE 2.7 TO 4.8,37,EXPLOSIVE 2.7 TO 4.8,as_sheet,4.8,2.3,2.2,SRD DOOR FITTINGS,,0.0,,,SKIP,,,
EXPLOSIVE_2.7_TO_4.8~L4.8~W2.3~H2.2~as_sheet,EXPLOSIVE 2.7 TO 4.8,37,EXPLOSIVE 2.7 TO 4.8,as_sheet,4.8,2.3,2.2,DRD,DRD,6321.979038,6122.08,3.162,ACCEPTED,,GROUP_DIFF 130*62MM TAPPING BLOCKS ~ 2 MES line(s) (-200.00),"[DATA] 130*62MM TAPPING BLOCKS: Excel 2 x R234 per size (R936 a double door) vs MES 6 x R68 per size (R816): R60 per size, 1-3 % of the door section."
EXPLOSIVE_2.7_TO_4.8~L4.8~W2.3~H2.2~as_sheet,EXPLOSIVE 2.7 TO 4.8,37,EXPLOSIVE 2.7 TO 4.8,as_sheet,4.8,2.3,2.2,DRD DOOR FITTINGS,DRD DOOR FITTINGS,4434.47931,4434.48,0.0,PASS,,,
EXPLOSIVE_2.7_TO_4.8~L4.8~W2.3~H2.2~as_sheet,EXPLOSIVE 2.7 TO 4.8,37,EXPLOSIVE 2.7 TO 4.8,as_sheet,4.8,2.3,2.2,SIDES,SIDES,18672.123267,18672.55,0.002,PASS,,,
EXPLOSIVE_2.7_TO_4.8~L4.8~W2.3~H2.2~as_sheet,EXPLOSIVE 2.7 TO 4.8,37,EXPLOSIVE 2.7 TO 4.8,as_sheet,4.8,2.3,2.2,ROOF,ROOF,9632.184517,9632.07,0.001,PASS,,,
EXPLOSIVE_2.7_TO_4.8~L4.8~W2.3~H2.2~as_sheet,EXPLOSIVE 2.7 TO 4.8,37,EXPLOSIVE 2.7 TO 4.8,as_sheet,4.8,2.3,2.2,FLOOR,FLOOR,30920.699807,31601.18,2.201,ACCEPTED,,EXTRA_IN_MES PU (+523.94),[MES] EXPLOSIVE 2.7 TO 4.8 FLOOR carries a PU line (+R680) on dev that Burt's sheet does not have (the explosive sheets carry no FLOOR EPS/PU rows); prod does not carry it.
EXPLOSIVE_2.7_TO_4.8~L4.8~W2.3~H2.2~as_sheet,EXPLOSIVE 2.7 TO 4.8,37,EXPLOSIVE 2.7 TO 4.8,as_sheet,4.8,2.3,2.2,ALUMINIUM,ALUMINIUM,8069.825,8069.82,0.0,PASS,,,
EXPLOSIVE_2.7_TO_4.8~L4.8~W2.3~H2.2~as_sheet,EXPLOSIVE 2.7 TO 4.8,37,EXPLOSIVE 2.7 TO 4.8,as_sheet,4.8,2.3,2.2,SUB FRAME + LIGHT BOX ASSY,SUB FRAME + LIGHT BOX ASSY,7526.143973,7286.42,3.185,ACCEPTED,,MISSING_IN_MES MOUNTING CLEATS (-818.36),[DATA] Burt's MOUNTING CLEATS line has no MES line on EXPLOSIVE 2.7 TO 4.8 (-R240).
EXPLOSIVE_2.7_TO_4.8~L4.8~W2.3~H2.2~as_sheet,EXPLOSIVE 2.7 TO 4.8,37,EXPLOSIVE 2.7 TO 4.8,as_sheet,4.8,2.3,2.2,REAR FRAME + FLOOR PLATE,REAR FRAME & FLOOR PLATE,3616.051456,3616.05,0.0,PASS,,,
EXPLOSIVE_2.7_TO_4.8~L4.8~W2.3~H2.2~as_sheet,EXPLOSIVE 2.7 TO 4.8,37,EXPLOSIVE 2.7 TO 4.8,as_sheet,4.8,2.3,2.2,SPRAY PAINTING,SPRAY PAINTING,750.0,750.0,0.0,PASS,,,
EXPLOSIVE_2.7_TO_4.8~L4.8~W2.3~H2.2~as_sheet,EXPLOSIVE 2.7 TO 4.8,37,EXPLOSIVE 2.7 TO 4.8,as_sheet,4.8,2.3,2.2,REFLEXITE TAPE,REFLEXITE TAPE,214.2,214.2,0.0,PASS,,,
EXPLOSIVE_2.7_TO_4.8~L4.8~W2.3~H2.2~all_eps,EXPLOSIVE 2.7 TO 4.8,37,EXPLOSIVE 2.7 TO 4.8,all_eps,4.8,2.3,2.2,FRONT,FRONT,3664.907163,3727.29,,UNVERIFIABLE,EXCEL_NO_PRICE:EPS,,
EXPLOSIVE_2.7_TO_4.8~L4.8~W2.3~H2.2~all_eps,EXPLOSIVE 2.7 TO 4.8,37,EXPLOSIVE 2.7 TO 4.8,all_eps,4.8,2.3,2.2,SRD,,0.0,,,SKIP,,,
EXPLOSIVE_2.7_TO_4.8~L4.8~W2.3~H2.2~all_eps,EXPLOSIVE 2.7 TO 4.8,37,EXPLOSIVE 2.7 TO 4.8,all_eps,4.8,2.3,2.2,SRD DOOR FITTINGS,,0.0,,,SKIP,,,
EXPLOSIVE_2.7_TO_4.8~L4.8~W2.3~H2.2~all_eps,EXPLOSIVE 2.7 TO 4.8,37,EXPLOSIVE 2.7 TO 4.8,all_eps,4.8,2.3,2.2,DRD,DRD,5275.183589,5122.36,,UNVERIFIABLE,EXCEL_NO_PRICE:EPS,,
EXPLOSIVE_2.7_TO_4.8~L4.8~W2.3~H2.2~all_eps,EXPLOSIVE 2.7 TO 4.8,37,EXPLOSIVE 2.7 TO 4.8,all_eps,4.8,2.3,2.2,DRD DOOR FITTINGS,DRD DOOR FITTINGS,4412.77422,4434.48,0.492,PASS,,,
EXPLOSIVE_2.7_TO_4.8~L4.8~W2.3~H2.2~all_eps,EXPLOSIVE 2.7 TO 4.8,37,EXPLOSIVE 2.7 TO 4.8,all_eps,4.8,2.3,2.2,SIDES,SIDES,14566.948857,14698.23,,UNVERIFIABLE,EXCEL_NO_PRICE:EPS,,
EXPLOSIVE_2.7_TO_4.8~L4.8~W2.3~H2.2~all_eps,EXPLOSIVE 2.7 TO 4.8,37,EXPLOSIVE 2.7 TO 4.8,all_eps,4.8,2.3,2.2,ROOF,ROOF,7645.025273,7644.91,,UNVERIFIABLE,EXCEL_NO_PRICE:EPS,,
EXPLOSIVE_2.7_TO_4.8~L4.8~W2.3~H2.2~all_eps,EXPLOSIVE 2.7 TO 4.8,37,EXPLOSIVE 2.7 TO 4.8,all_eps,4.8,2.3,2.2,FLOOR,FLOOR,30920.699807,31601.18,2.201,ACCEPTED,,EXTRA_IN_MES PU (+523.94),[MES] EXPLOSIVE 2.7 TO 4.8 FLOOR carries a PU line (+R680) on dev that Burt's sheet does not have (the explosive sheets carry no FLOOR EPS/PU rows); prod does not carry it.
EXPLOSIVE_2.7_TO_4.8~L4.8~W2.3~H2.2~all_eps,EXPLOSIVE 2.7 TO 4.8,37,EXPLOSIVE 2.7 TO 4.8,all_eps,4.8,2.3,2.2,ALUMINIUM,ALUMINIUM,8069.825,8069.82,0.0,PASS,,,
EXPLOSIVE_2.7_TO_4.8~L4.8~W2.3~H2.2~all_eps,EXPLOSIVE 2.7 TO 4.8,37,EXPLOSIVE 2.7 TO 4.8,all_eps,4.8,2.3,2.2,SUB FRAME + LIGHT BOX ASSY,SUB FRAME + LIGHT BOX ASSY,7526.143973,7286.42,3.185,ACCEPTED,,MISSING_IN_MES MOUNTING CLEATS (-818.36),[DATA] Burt's MOUNTING CLEATS line has no MES line on EXPLOSIVE 2.7 TO 4.8 (-R240).
EXPLOSIVE_2.7_TO_4.8~L4.8~W2.3~H2.2~all_eps,EXPLOSIVE 2.7 TO 4.8,37,EXPLOSIVE 2.7 TO 4.8,all_eps,4.8,2.3,2.2,REAR FRAME + FLOOR PLATE,REAR FRAME & FLOOR PLATE,3616.051456,3616.05,0.0,PASS,,,
EXPLOSIVE_2.7_TO_4.8~L4.8~W2.3~H2.2~all_eps,EXPLOSIVE 2.7 TO 4.8,37,EXPLOSIVE 2.7 TO 4.8,all_eps,4.8,2.3,2.2,SPRAY PAINTING,SPRAY PAINTING,750.0,750.0,0.0,PASS,,,
EXPLOSIVE_2.7_TO_4.8~L4.8~W2.3~H2.2~all_eps,EXPLOSIVE 2.7 TO 4.8,37,EXPLOSIVE 2.7 TO 4.8,all_eps,4.8,2.3,2.2,REFLEXITE TAPE,REFLEXITE TAPE,214.2,214.2,0.0,PASS,,,
EXPLOSIVE_2.7_TO_4.8~L4.8~W2.3~H2.2~all_pu,EXPLOSIVE 2.7 TO 4.8,37,EXPLOSIVE 2.7 TO 4.8,all_pu,4.8,2.3,2.2,FRONT,FRONT,4727.070378,4727.02,0.001,PASS,,,
EXPLOSIVE_2.7_TO_4.8~L4.8~W2.3~H2.2~all_pu,EXPLOSIVE 2.7 TO 4.8,37,EXPLOSIVE 2.7 TO 4.8,all_pu,4.8,2.3,2.2,SRD,,0.0,,,SKIP,,,
EXPLOSIVE_2.7_TO_4.8~L4.8~W2.3~H2.2~all_pu,EXPLOSIVE 2.7 TO 4.8,37,EXPLOSIVE 2.7 TO 4.8,all_pu,4.8,2.3,2.2,SRD DOOR FITTINGS,,0.0,,,SKIP,,,
EXPLOSIVE_2.7_TO_4.8~L4.8~W2.3~H2.2~all_pu,EXPLOSIVE 2.7 TO 4.8,37,EXPLOSIVE 2.7 TO 4.8,all_pu,4.8,2.3,2.2,DRD,DRD,6321.979038,6122.08,3.162,ACCEPTED,,GROUP_DIFF 130*62MM TAPPING BLOCKS ~ 2 MES line(s) (-200.00),"[DATA] 130*62MM TAPPING BLOCKS: Excel 2 x R234 per size (R936 a double door) vs MES 6 x R68 per size (R816): R60 per size, 1-3 % of the door section."
EXPLOSIVE_2.7_TO_4.8~L4.8~W2.3~H2.2~all_pu,EXPLOSIVE 2.7 TO 4.8,37,EXPLOSIVE 2.7 TO 4.8,all_pu,4.8,2.3,2.2,DRD DOOR FITTINGS,DRD DOOR FITTINGS,4434.47931,4434.48,0.0,PASS,,,
EXPLOSIVE_2.7_TO_4.8~L4.8~W2.3~H2.2~all_pu,EXPLOSIVE 2.7 TO 4.8,37,EXPLOSIVE 2.7 TO 4.8,all_pu,4.8,2.3,2.2,SIDES,SIDES,18672.123267,18672.55,0.002,PASS,,,
EXPLOSIVE_2.7_TO_4.8~L4.8~W2.3~H2.2~all_pu,EXPLOSIVE 2.7 TO 4.8,37,EXPLOSIVE 2.7 TO 4.8,all_pu,4.8,2.3,2.2,ROOF,ROOF,9632.184517,9632.07,0.001,PASS,,,
EXPLOSIVE_2.7_TO_4.8~L4.8~W2.3~H2.2~all_pu,EXPLOSIVE 2.7 TO 4.8,37,EXPLOSIVE 2.7 TO 4.8,all_pu,4.8,2.3,2.2,FLOOR,FLOOR,30920.699807,31601.18,2.201,ACCEPTED,,EXTRA_IN_MES PU (+523.94),[MES] EXPLOSIVE 2.7 TO 4.8 FLOOR carries a PU line (+R680) on dev that Burt's sheet does not have (the explosive sheets carry no FLOOR EPS/PU rows); prod does not carry it.
EXPLOSIVE_2.7_TO_4.8~L4.8~W2.3~H2.2~all_pu,EXPLOSIVE 2.7 TO 4.8,37,EXPLOSIVE 2.7 TO 4.8,all_pu,4.8,2.3,2.2,ALUMINIUM,ALUMINIUM,8069.825,8069.82,0.0,PASS,,,
EXPLOSIVE_2.7_TO_4.8~L4.8~W2.3~H2.2~all_pu,EXPLOSIVE 2.7 TO 4.8,37,EXPLOSIVE 2.7 TO 4.8,all_pu,4.8,2.3,2.2,SUB FRAME + LIGHT BOX ASSY,SUB FRAME + LIGHT BOX ASSY,7526.143973,7286.42,3.185,ACCEPTED,,MISSING_IN_MES MOUNTING CLEATS (-818.36),[DATA] Burt's MOUNTING CLEATS line has no MES line on EXPLOSIVE 2.7 TO 4.8 (-R240).
EXPLOSIVE_2.7_TO_4.8~L4.8~W2.3~H2.2~all_pu,EXPLOSIVE 2.7 TO 4.8,37,EXPLOSIVE 2.7 TO 4.8,all_pu,4.8,2.3,2.2,REAR FRAME + FLOOR PLATE,REAR FRAME & FLOOR PLATE,3616.051456,3616.05,0.0,PASS,,,
EXPLOSIVE_2.7_TO_4.8~L4.8~W2.3~H2.2~all_pu,EXPLOSIVE 2.7 TO 4.8,37,EXPLOSIVE 2.7 TO 4.8,all_pu,4.8,2.3,2.2,SPRAY PAINTING,SPRAY PAINTING,750.0,750.0,0.0,PASS,,,
EXPLOSIVE_2.7_TO_4.8~L4.8~W2.3~H2.2~all_pu,EXPLOSIVE 2.7 TO 4.8,37,EXPLOSIVE 2.7 TO 4.8,all_pu,4.8,2.3,2.2,REFLEXITE TAPE,REFLEXITE TAPE,214.2,214.2,0.0,PASS,,,
EXPLOSIVE_2.7_TO_4.8~L4.8~W2.3~H2.2~srd,EXPLOSIVE 2.7 TO 4.8,37,EXPLOSIVE 2.7 TO 4.8,srd,4.8,2.3,2.2,FRONT,FRONT,4727.070378,4727.02,0.001,PASS,,,
EXPLOSIVE_2.7_TO_4.8~L4.8~W2.3~H2.2~srd,EXPLOSIVE 2.7 TO 4.8,37,EXPLOSIVE 2.7 TO 4.8,srd,4.8,2.3,2.2,SRD,SRD,5970.357794,3727.29,37.57,ACCEPTED,,BOTH PU (-1463.01) [ZERO_FORMULA],"[MES] DEV: the single-rear-door PU line carries a literal x0 quantity formula (2.44*1.22*0*2) on the freezer, icecream and explosive bodies: PU on an SRD prices at R0 (-R1.5k to -R2.2k per quote). Prod has the opposite defect on the same line (R4 100 raw rate, +R23k) - see accepted_differences.prod.yaml."
EXPLOSIVE_2.7_TO_4.8~L4.8~W2.3~H2.2~srd,EXPLOSIVE 2.7 TO 4.8,37,EXPLOSIVE 2.7 TO 4.8,srd,4.8,2.3,2.2,SRD DOOR FITTINGS,SRD DOOR FITTINGS,6824.69172,7652.44,12.129,ACCEPTED,,PRICE_DIFF SILPLUS X WHITE SILICONE (+534.29),"[DATA] SRD DOOR FITTINGS on every body: MES CSLB HINGES R293.46 x2 (Excel R146.73 x2 - the pair price applied per hinge) and SILPLUS X WHITE R232.30 (Excel R116.15); per body also 34MM LOCKING POLE R126 (Excel R42), 28782 BIG HORIZ CAPPING R197.20 (Excel R240.58), ALU CORNERS R45 (Excel R54.90), 28780 BIG VERTICAL renamed 28778; Burt prices 2317 DOOR RUBBER / 28777 DOOR CAPPING at R0 on some sheets."
EXPLOSIVE_2.7_TO_4.8~L4.8~W2.3~H2.2~srd,EXPLOSIVE 2.7 TO 4.8,37,EXPLOSIVE 2.7 TO 4.8,srd,4.8,2.3,2.2,DRD,,0.0,,,SKIP,,,
EXPLOSIVE_2.7_TO_4.8~L4.8~W2.3~H2.2~srd,EXPLOSIVE 2.7 TO 4.8,37,EXPLOSIVE 2.7 TO 4.8,srd,4.8,2.3,2.2,DRD DOOR FITTINGS,,0.0,,,SKIP,,,
EXPLOSIVE_2.7_TO_4.8~L4.8~W2.3~H2.2~srd,EXPLOSIVE 2.7 TO 4.8,37,EXPLOSIVE 2.7 TO 4.8,srd,4.8,2.3,2.2,SIDES,SIDES,18672.123267,18672.55,0.002,PASS,,,
EXPLOSIVE_2.7_TO_4.8~L4.8~W2.3~H2.2~srd,EXPLOSIVE 2.7 TO 4.8,37,EXPLOSIVE 2.7 TO 4.8,srd,4.8,2.3,2.2,ROOF,ROOF,9632.184517,9632.07,0.001,PASS,,,
EXPLOSIVE_2.7_TO_4.8~L4.8~W2.3~H2.2~srd,EXPLOSIVE 2.7 TO 4.8,37,EXPLOSIVE 2.7 TO 4.8,srd,4.8,2.3,2.2,FLOOR,FLOOR,30920.699807,31601.18,2.201,ACCEPTED,,EXTRA_IN_MES PU (+523.94),[MES] EXPLOSIVE 2.7 TO 4.8 FLOOR carries a PU line (+R680) on dev that Burt's sheet does not have (the explosive sheets carry no FLOOR EPS/PU rows); prod does not carry it.
EXPLOSIVE_2.7_TO_4.8~L4.8~W2.3~H2.2~srd,EXPLOSIVE 2.7 TO 4.8,37,EXPLOSIVE 2.7 TO 4.8,srd,4.8,2.3,2.2,ALUMINIUM,ALUMINIUM,8069.825,8069.82,0.0,PASS,,,
EXPLOSIVE_2.7_TO_4.8~L4.8~W2.3~H2.2~srd,EXPLOSIVE 2.7 TO 4.8,37,EXPLOSIVE 2.7 TO 4.8,srd,4.8,2.3,2.2,SUB FRAME + LIGHT BOX ASSY,SUB FRAME + LIGHT BOX ASSY,7526.143973,7286.42,3.185,ACCEPTED,,MISSING_IN_MES MOUNTING CLEATS (-818.36),[DATA] Burt's MOUNTING CLEATS line has no MES line on EXPLOSIVE 2.7 TO 4.8 (-R240).
EXPLOSIVE_2.7_TO_4.8~L4.8~W2.3~H2.2~srd,EXPLOSIVE 2.7 TO 4.8,37,EXPLOSIVE 2.7 TO 4.8,srd,4.8,2.3,2.2,REAR FRAME + FLOOR PLATE,REAR FRAME & FLOOR PLATE,0.0,3616.05,,ACCEPTED,EXTRA_IN_MES,,"[RULING] Burt gates REAR FRAME + FLOOR PLATE on the DRD flags, so a single-rear-door body carries R0 there; MES always includes the section (R2.4k-R5.5k). Which is right needs Burt/Michael."
EXPLOSIVE_2.7_TO_4.8~L4.8~W2.3~H2.2~srd,EXPLOSIVE 2.7 TO 4.8,37,EXPLOSIVE 2.7 TO 4.8,srd,4.8,2.3,2.2,SPRAY PAINTING,SPRAY PAINTING,750.0,750.0,0.0,PASS,,,
EXPLOSIVE_2.7_TO_4.8~L4.8~W2.3~H2.2~srd,EXPLOSIVE 2.7 TO 4.8,37,EXPLOSIVE 2.7 TO 4.8,srd,4.8,2.3,2.2,REFLEXITE TAPE,REFLEXITE TAPE,214.2,214.2,0.0,PASS,,,
EXPLOSIVE_2.7_TO_4.8~L4.8~W2.3~H2.2~drd,EXPLOSIVE 2.7 TO 4.8,37,EXPLOSIVE 2.7 TO 4.8,drd,4.8,2.3,2.2,FRONT,FRONT,4727.070378,4727.02,0.001,PASS,,,
EXPLOSIVE_2.7_TO_4.8~L4.8~W2.3~H2.2~drd,EXPLOSIVE 2.7 TO 4.8,37,EXPLOSIVE 2.7 TO 4.8,drd,4.8,2.3,2.2,SRD,,0.0,,,SKIP,,,
EXPLOSIVE_2.7_TO_4.8~L4.8~W2.3~H2.2~drd,EXPLOSIVE 2.7 TO 4.8,37,EXPLOSIVE 2.7 TO 4.8,drd,4.8,2.3,2.2,SRD DOOR FITTINGS,,0.0,,,SKIP,,,
EXPLOSIVE_2.7_TO_4.8~L4.8~W2.3~H2.2~drd,EXPLOSIVE 2.7 TO 4.8,37,EXPLOSIVE 2.7 TO 4.8,drd,4.8,2.3,2.2,DRD,DRD,6321.979038,6122.08,3.162,ACCEPTED,,GROUP_DIFF 130*62MM TAPPING BLOCKS ~ 2 MES line(s) (-200.00),"[DATA] 130*62MM TAPPING BLOCKS: Excel 2 x R234 per size (R936 a double door) vs MES 6 x R68 per size (R816): R60 per size, 1-3 % of the door section."
EXPLOSIVE_2.7_TO_4.8~L4.8~W2.3~H2.2~drd,EXPLOSIVE 2.7 TO 4.8,37,EXPLOSIVE 2.7 TO 4.8,drd,4.8,2.3,2.2,DRD DOOR FITTINGS,DRD DOOR FITTINGS,4434.47931,4434.48,0.0,PASS,,,
EXPLOSIVE_2.7_TO_4.8~L4.8~W2.3~H2.2~drd,EXPLOSIVE 2.7 TO 4.8,37,EXPLOSIVE 2.7 TO 4.8,drd,4.8,2.3,2.2,SIDES,SIDES,18672.123267,18672.55,0.002,PASS,,,
EXPLOSIVE_2.7_TO_4.8~L4.8~W2.3~H2.2~drd,EXPLOSIVE 2.7 TO 4.8,37,EXPLOSIVE 2.7 TO 4.8,drd,4.8,2.3,2.2,ROOF,ROOF,9632.184517,9632.07,0.001,PASS,,,
EXPLOSIVE_2.7_TO_4.8~L4.8~W2.3~H2.2~drd,EXPLOSIVE 2.7 TO 4.8,37,EXPLOSIVE 2.7 TO 4.8,drd,4.8,2.3,2.2,FLOOR,FLOOR,30920.699807,31601.18,2.201,ACCEPTED,,EXTRA_IN_MES PU (+523.94),[MES] EXPLOSIVE 2.7 TO 4.8 FLOOR carries a PU line (+R680) on dev that Burt's sheet does not have (the explosive sheets carry no FLOOR EPS/PU rows); prod does not carry it.
EXPLOSIVE_2.7_TO_4.8~L4.8~W2.3~H2.2~drd,EXPLOSIVE 2.7 TO 4.8,37,EXPLOSIVE 2.7 TO 4.8,drd,4.8,2.3,2.2,ALUMINIUM,ALUMINIUM,8069.825,8069.82,0.0,PASS,,,
EXPLOSIVE_2.7_TO_4.8~L4.8~W2.3~H2.2~drd,EXPLOSIVE 2.7 TO 4.8,37,EXPLOSIVE 2.7 TO 4.8,drd,4.8,2.3,2.2,SUB FRAME + LIGHT BOX ASSY,SUB FRAME + LIGHT BOX ASSY,7526.143973,7286.42,3.185,ACCEPTED,,MISSING_IN_MES MOUNTING CLEATS (-818.36),[DATA] Burt's MOUNTING CLEATS line has no MES line on EXPLOSIVE 2.7 TO 4.8 (-R240).
EXPLOSIVE_2.7_TO_4.8~L4.8~W2.3~H2.2~drd,EXPLOSIVE 2.7 TO 4.8,37,EXPLOSIVE 2.7 TO 4.8,drd,4.8,2.3,2.2,REAR FRAME + FLOOR PLATE,REAR FRAME & FLOOR PLATE,3616.051456,3616.05,0.0,PASS,,,
EXPLOSIVE_2.7_TO_4.8~L4.8~W2.3~H2.2~drd,EXPLOSIVE 2.7 TO 4.8,37,EXPLOSIVE 2.7 TO 4.8,drd,4.8,2.3,2.2,SPRAY PAINTING,SPRAY PAINTING,750.0,750.0,0.0,PASS,,,
EXPLOSIVE_2.7_TO_4.8~L4.8~W2.3~H2.2~drd,EXPLOSIVE 2.7 TO 4.8,37,EXPLOSIVE 2.7 TO 4.8,drd,4.8,2.3,2.2,REFLEXITE TAPE,REFLEXITE TAPE,214.2,214.2,0.0,PASS,,,
EXPLOSIVE_2.7_TO_4.8~L4.8~W2.3~H2.2~foam_4g,EXPLOSIVE 2.7 TO 4.8,37,EXPLOSIVE 2.7 TO 4.8,foam_4g,4.8,2.3,2.2,FRONT,FRONT,5044.056505,5044.01,0.001,PASS,,,
EXPLOSIVE_2.7_TO_4.8~L4.8~W2.3~H2.2~foam_4g,EXPLOSIVE 2.7 TO 4.8,37,EXPLOSIVE 2.7 TO 4.8,foam_4g,4.8,2.3,2.2,SRD,,0.0,,,SKIP,,,
EXPLOSIVE_2.7_TO_4.8~L4.8~W2.3~H2.2~foam_4g,EXPLOSIVE 2.7 TO 4.8,37,EXPLOSIVE 2.7 TO 4.8,foam_4g,4.8,2.3,2.2,SRD DOOR FITTINGS,,0.0,,,SKIP,,,
EXPLOSIVE_2.7_TO_4.8~L4.8~W2.3~H2.2~foam_4g,EXPLOSIVE 2.7 TO 4.8,37,EXPLOSIVE 2.7 TO 4.8,foam_4g,4.8,2.3,2.2,DRD,DRD,6638.965165,6439.07,3.011,ACCEPTED,,GROUP_DIFF 130*62MM TAPPING BLOCKS ~ 2 MES line(s) (-200.00),"[DATA] 130*62MM TAPPING BLOCKS: Excel 2 x R234 per size (R936 a double door) vs MES 6 x R68 per size (R816): R60 per size, 1-3 % of the door section."
EXPLOSIVE_2.7_TO_4.8~L4.8~W2.3~H2.2~foam_4g,EXPLOSIVE 2.7 TO 4.8,37,EXPLOSIVE 2.7 TO 4.8,foam_4g,4.8,2.3,2.2,DRD DOOR FITTINGS,DRD DOOR FITTINGS,4434.47931,4434.48,0.0,PASS,,,
EXPLOSIVE_2.7_TO_4.8~L4.8~W2.3~H2.2~foam_4g,EXPLOSIVE 2.7 TO 4.8,37,EXPLOSIVE 2.7 TO 4.8,foam_4g,4.8,2.3,2.2,SIDES,SIDES,19932.273032,19932.7,0.002,PASS,,,
EXPLOSIVE_2.7_TO_4.8~L4.8~W2.3~H2.2~foam_4g,EXPLOSIVE 2.7 TO 4.8,37,EXPLOSIVE 2.7 TO 4.8,foam_4g,4.8,2.3,2.2,ROOF,ROOF,10262.259399,10262.15,0.001,PASS,,,
EXPLOSIVE_2.7_TO_4.8~L4.8~W2.3~H2.2~foam_4g,EXPLOSIVE 2.7 TO 4.8,37,EXPLOSIVE 2.7 TO 4.8,foam_4g,4.8,2.3,2.2,FLOOR,FLOOR,30920.699807,31767.31,2.738,ACCEPTED,,EXTRA_IN_MES PU (+690.06),[MES] EXPLOSIVE 2.7 TO 4.8 FLOOR carries a PU line (+R680) on dev that Burt's sheet does not have (the explosive sheets carry no FLOOR EPS/PU rows); prod does not carry it.
EXPLOSIVE_2.7_TO_4.8~L4.8~W2.3~H2.2~foam_4g,EXPLOSIVE 2.7 TO 4.8,37,EXPLOSIVE 2.7 TO 4.8,foam_4g,4.8,2.3,2.2,ALUMINIUM,ALUMINIUM,8069.825,8069.82,0.0,PASS,,,
EXPLOSIVE_2.7_TO_4.8~L4.8~W2.3~H2.2~foam_4g,EXPLOSIVE 2.7 TO 4.8,37,EXPLOSIVE 2.7 TO 4.8,foam_4g,4.8,2.3,2.2,SUB FRAME + LIGHT BOX ASSY,SUB FRAME + LIGHT BOX ASSY,7526.143973,7286.42,3.185,ACCEPTED,,MISSING_IN_MES MOUNTING CLEATS (-818.36),[DATA] Burt's MOUNTING CLEATS line has no MES line on EXPLOSIVE 2.7 TO 4.8 (-R240).
EXPLOSIVE_2.7_TO_4.8~L4.8~W2.3~H2.2~foam_4g,EXPLOSIVE 2.7 TO 4.8,37,EXPLOSIVE 2.7 TO 4.8,foam_4g,4.8,2.3,2.2,REAR FRAME + FLOOR PLATE,REAR FRAME & FLOOR PLATE,3616.051456,3616.05,0.0,PASS,,,
EXPLOSIVE_2.7_TO_4.8~L4.8~W2.3~H2.2~foam_4g,EXPLOSIVE 2.7 TO 4.8,37,EXPLOSIVE 2.7 TO 4.8,foam_4g,4.8,2.3,2.2,SPRAY PAINTING,SPRAY PAINTING,750.0,750.0,0.0,PASS,,,
EXPLOSIVE_2.7_TO_4.8~L4.8~W2.3~H2.2~foam_4g,EXPLOSIVE 2.7 TO 4.8,37,EXPLOSIVE 2.7 TO 4.8,foam_4g,4.8,2.3,2.2,REFLEXITE TAPE,REFLEXITE TAPE,214.2,214.2,0.0,PASS,,,
EXPLOSIVE_4.9_AND_UP~L4.9~W2.6~H2.1~as_sheet,EXPLOSIVE 4.9 AND UP,24,EXPLOSIVE 4.9 AND UP,as_sheet,4.9,2.6,2.1,FRONT,FRONT,4798.79966,4798.75,0.001,PASS,,,
EXPLOSIVE_4.9_AND_UP~L4.9~W2.6~H2.1~as_sheet,EXPLOSIVE 4.9 AND UP,24,EXPLOSIVE 4.9 AND UP,as_sheet,4.9,2.6,2.1,SRD,,0.0,,,SKIP,,,
EXPLOSIVE_4.9_AND_UP~L4.9~W2.6~H2.1~as_sheet,EXPLOSIVE 4.9 AND UP,24,EXPLOSIVE 4.9 AND UP,as_sheet,4.9,2.6,2.1,SRD DOOR FITTINGS,,0.0,,,SKIP,,,
EXPLOSIVE_4.9_AND_UP~L4.9~W2.6~H2.1~as_sheet,EXPLOSIVE 4.9 AND UP,24,EXPLOSIVE 4.9 AND UP,as_sheet,4.9,2.6,2.1,DRD,DRD,6420.583372,6220.69,3.113,ACCEPTED,,GROUP_DIFF 130*62MM TAPPING BLOCKS ~ 1 MES line(s) (-200.00),"[DATA] 130*62MM TAPPING BLOCKS: Excel 2 x R234 per size (R936 a double door) vs MES 6 x R68 per size (R816): R60 per size, 1-3 % of the door section."
EXPLOSIVE_4.9_AND_UP~L4.9~W2.6~H2.1~as_sheet,EXPLOSIVE 4.9 AND UP,24,EXPLOSIVE 4.9 AND UP,as_sheet,4.9,2.6,2.1,DRD DOOR FITTINGS,DRD DOOR FITTINGS,5831.01018,5831.01,0.0,PASS,,,
EXPLOSIVE_4.9_AND_UP~L4.9~W2.6~H2.1~as_sheet,EXPLOSIVE 4.9 AND UP,24,EXPLOSIVE 4.9 AND UP,as_sheet,4.9,2.6,2.1,SIDES,SIDES,18909.426816,18909.84,0.002,PASS,,,
EXPLOSIVE_4.9_AND_UP~L4.9~W2.6~H2.1~as_sheet,EXPLOSIVE 4.9 AND UP,24,EXPLOSIVE 4.9 AND UP,as_sheet,4.9,2.6,2.1,ROOF,ROOF,11326.940782,11326.81,0.001,PASS,,,
EXPLOSIVE_4.9_AND_UP~L4.9~W2.6~H2.1~as_sheet,EXPLOSIVE 4.9 AND UP,24,EXPLOSIVE 4.9 AND UP,as_sheet,4.9,2.6,2.1,FLOOR,FLOOR,32302.165559,32302.15,0.0,PASS,,,
EXPLOSIVE_4.9_AND_UP~L4.9~W2.6~H2.1~as_sheet,EXPLOSIVE 4.9 AND UP,24,EXPLOSIVE 4.9 AND UP,as_sheet,4.9,2.6,2.1,ALUMINIUM,ALUMINIUM,8254.359,8254.36,0.0,PASS,,,
EXPLOSIVE_4.9_AND_UP~L4.9~W2.6~H2.1~as_sheet,EXPLOSIVE 4.9 AND UP,24,EXPLOSIVE 4.9 AND UP,as_sheet,4.9,2.6,2.1,SUB FRAME + LIGHT BOX ASSY,SUB FRAME + LIGHT BOX ASSY,8747.061871,8507.34,2.741,ACCEPTED,,MISSING_IN_MES 1MM GALV PLATE (-239.72),"[DATA] Burt's 1MM GALV PLATE line (R157-R240): missing from the MES BOM on CHILLER 2.3, CHILLER LARGE, FREEZER MEDIUM and the explosive bodies; CHILLER MEDIUM carries 1.2MM GALV PLATE at R449.52 (or, since 26 Sep on dev, a 1MM line at another price)."
EXPLOSIVE_4.9_AND_UP~L4.9~W2.6~H2.1~as_sheet,EXPLOSIVE 4.9 AND UP,24,EXPLOSIVE 4.9 AND UP,as_sheet,4.9,2.6,2.1,REAR FRAME + FLOOR PLATE,REAR FRAME & FLOOR PLATE,10501.597443,10501.6,0.0,PASS,,,
EXPLOSIVE_4.9_AND_UP~L4.9~W2.6~H2.1~as_sheet,EXPLOSIVE 4.9 AND UP,24,EXPLOSIVE 4.9 AND UP,as_sheet,4.9,2.6,2.1,SPRAY PAINTING,SPRAY PAINTING,750.0,750.0,0.0,PASS,,,
EXPLOSIVE_4.9_AND_UP~L4.9~W2.6~H2.1~as_sheet,EXPLOSIVE 4.9 AND UP,24,EXPLOSIVE 4.9 AND UP,as_sheet,4.9,2.6,2.1,REFLEXITE TAPE,REFLEXITE TAPE,225.9,225.9,0.0,PASS,,,
EXPLOSIVE_4.9_AND_UP~L4.9~W2.6~H2.1~all_eps,EXPLOSIVE 4.9 AND UP,24,EXPLOSIVE 4.9 AND UP,all_eps,4.9,2.6,2.1,FRONT,FRONT,3661.705214,3661.65,,UNVERIFIABLE,EXCEL_NO_PRICE:EPS,,
EXPLOSIVE_4.9_AND_UP~L4.9~W2.6~H2.1~all_eps,EXPLOSIVE 4.9 AND UP,24,EXPLOSIVE 4.9 AND UP,all_eps,4.9,2.6,2.1,SRD,,0.0,,,SKIP,,,
EXPLOSIVE_4.9_AND_UP~L4.9~W2.6~H2.1~all_eps,EXPLOSIVE 4.9 AND UP,24,EXPLOSIVE 4.9 AND UP,all_eps,4.9,2.6,2.1,SRD DOOR FITTINGS,,0.0,,,SKIP,,,
EXPLOSIVE_4.9_AND_UP~L4.9~W2.6~H2.1~all_eps,EXPLOSIVE 4.9 AND UP,24,EXPLOSIVE 4.9 AND UP,all_eps,4.9,2.6,2.1,DRD,DRD,5308.544073,5196.58,,UNVERIFIABLE,EXCEL_NO_PRICE:EPS,,
EXPLOSIVE_4.9_AND_UP~L4.9~W2.6~H2.1~all_eps,EXPLOSIVE 4.9 AND UP,24,EXPLOSIVE 4.9 AND UP,all_eps,4.9,2.6,2.1,DRD DOOR FITTINGS,DRD DOOR FITTINGS,5831.01018,5831.01,0.0,PASS,,,
EXPLOSIVE_4.9_AND_UP~L4.9~W2.6~H2.1~all_eps,EXPLOSIVE 4.9 AND UP,24,EXPLOSIVE 4.9 AND UP,all_eps,4.9,2.6,2.1,SIDES,SIDES,14519.338374,14754.65,,UNVERIFIABLE,EXCEL_NO_PRICE:EPS,,
EXPLOSIVE_4.9_AND_UP~L4.9~W2.6~H2.1~all_eps,EXPLOSIVE 4.9 AND UP,24,EXPLOSIVE 4.9 AND UP,all_eps,4.9,2.6,2.1,ROOF,ROOF,9249.342558,9249.21,,UNVERIFIABLE,EXCEL_NO_PRICE:EPS,,
EXPLOSIVE_4.9_AND_UP~L4.9~W2.6~H2.1~all_eps,EXPLOSIVE 4.9 AND UP,24,EXPLOSIVE 4.9 AND UP,all_eps,4.9,2.6,2.1,FLOOR,FLOOR,32302.165559,32302.15,0.0,PASS,,,
EXPLOSIVE_4.9_AND_UP~L4.9~W2.6~H2.1~all_eps,EXPLOSIVE 4.9 AND UP,24,EXPLOSIVE 4.9 AND UP,all_eps,4.9,2.6,2.1,ALUMINIUM,ALUMINIUM,8254.359,8254.36,0.0,PASS,,,
EXPLOSIVE_4.9_AND_UP~L4.9~W2.6~H2.1~all_eps,EXPLOSIVE 4.9 AND UP,24,EXPLOSIVE 4.9 AND UP,all_eps,4.9,2.6,2.1,SUB FRAME + LIGHT BOX ASSY,SUB FRAME + LIGHT BOX ASSY,8747.061871,8507.34,2.741,ACCEPTED,,MISSING_IN_MES 1MM GALV PLATE (-239.72),"[DATA] Burt's 1MM GALV PLATE line (R157-R240): missing from the MES BOM on CHILLER 2.3, CHILLER LARGE, FREEZER MEDIUM and the explosive bodies; CHILLER MEDIUM carries 1.2MM GALV PLATE at R449.52 (or, since 26 Sep on dev, a 1MM line at another price)."
EXPLOSIVE_4.9_AND_UP~L4.9~W2.6~H2.1~all_eps,EXPLOSIVE 4.9 AND UP,24,EXPLOSIVE 4.9 AND UP,all_eps,4.9,2.6,2.1,REAR FRAME + FLOOR PLATE,REAR FRAME & FLOOR PLATE,10409.990864,10501.6,0.88,PASS,,,
EXPLOSIVE_4.9_AND_UP~L4.9~W2.6~H2.1~all_eps,EXPLOSIVE 4.9 AND UP,24,EXPLOSIVE 4.9 AND UP,all_eps,4.9,2.6,2.1,SPRAY PAINTING,SPRAY PAINTING,750.0,750.0,0.0,PASS,,,
EXPLOSIVE_4.9_AND_UP~L4.9~W2.6~H2.1~all_eps,EXPLOSIVE 4.9 AND UP,24,EXPLOSIVE 4.9 AND UP,all_eps,4.9,2.6,2.1,REFLEXITE TAPE,REFLEXITE TAPE,225.9,225.9,0.0,PASS,,,
EXPLOSIVE_4.9_AND_UP~L4.9~W2.6~H2.1~all_pu,EXPLOSIVE 4.9 AND UP,24,EXPLOSIVE 4.9 AND UP,all_pu,4.9,2.6,2.1,FRONT,FRONT,4798.79966,4798.75,0.001,PASS,,,
EXPLOSIVE_4.9_AND_UP~L4.9~W2.6~H2.1~all_pu,EXPLOSIVE 4.9 AND UP,24,EXPLOSIVE 4.9 AND UP,all_pu,4.9,2.6,2.1,SRD,,0.0,,,SKIP,,,
EXPLOSIVE_4.9_AND_UP~L4.9~W2.6~H2.1~all_pu,EXPLOSIVE 4.9 AND UP,24,EXPLOSIVE 4.9 AND UP,all_pu,4.9,2.6,2.1,SRD DOOR FITTINGS,,0.0,,,SKIP,,,
EXPLOSIVE_4.9_AND_UP~L4.9~W2.6~H2.1~all_pu,EXPLOSIVE 4.9 AND UP,24,EXPLOSIVE 4.9 AND UP,all_pu,4.9,2.6,2.1,DRD,DRD,6420.583372,6220.69,3.113,ACCEPTED,,GROUP_DIFF 130*62MM TAPPING BLOCKS ~ 1 MES line(s) (-200.00),"[DATA] 130*62MM TAPPING BLOCKS: Excel 2 x R234 per size (R936 a double door) vs MES 6 x R68 per size (R816): R60 per size, 1-3 % of the door section."
EXPLOSIVE_4.9_AND_UP~L4.9~W2.6~H2.1~all_pu,EXPLOSIVE 4.9 AND UP,24,EXPLOSIVE 4.9 AND UP,all_pu,4.9,2.6,2.1,DRD DOOR FITTINGS,DRD DOOR FITTINGS,5831.01018,5831.01,0.0,PASS,,,
EXPLOSIVE_4.9_AND_UP~L4.9~W2.6~H2.1~all_pu,EXPLOSIVE 4.9 AND UP,24,EXPLOSIVE 4.9 AND UP,all_pu,4.9,2.6,2.1,SIDES,SIDES,18909.426816,18909.84,0.002,PASS,,,
EXPLOSIVE_4.9_AND_UP~L4.9~W2.6~H2.1~all_pu,EXPLOSIVE 4.9 AND UP,24,EXPLOSIVE 4.9 AND UP,all_pu,4.9,2.6,2.1,ROOF,ROOF,11326.940782,11326.81,0.001,PASS,,,
EXPLOSIVE_4.9_AND_UP~L4.9~W2.6~H2.1~all_pu,EXPLOSIVE 4.9 AND UP,24,EXPLOSIVE 4.9 AND UP,all_pu,4.9,2.6,2.1,FLOOR,FLOOR,32302.165559,32302.15,0.0,PASS,,,
EXPLOSIVE_4.9_AND_UP~L4.9~W2.6~H2.1~all_pu,EXPLOSIVE 4.9 AND UP,24,EXPLOSIVE 4.9 AND UP,all_pu,4.9,2.6,2.1,ALUMINIUM,ALUMINIUM,8254.359,8254.36,0.0,PASS,,,
EXPLOSIVE_4.9_AND_UP~L4.9~W2.6~H2.1~all_pu,EXPLOSIVE 4.9 AND UP,24,EXPLOSIVE 4.9 AND UP,all_pu,4.9,2.6,2.1,SUB FRAME + LIGHT BOX ASSY,SUB FRAME + LIGHT BOX ASSY,8747.061871,8507.34,2.741,ACCEPTED,,MISSING_IN_MES 1MM GALV PLATE (-239.72),"[DATA] Burt's 1MM GALV PLATE line (R157-R240): missing from the MES BOM on CHILLER 2.3, CHILLER LARGE, FREEZER MEDIUM and the explosive bodies; CHILLER MEDIUM carries 1.2MM GALV PLATE at R449.52 (or, since 26 Sep on dev, a 1MM line at another price)."
EXPLOSIVE_4.9_AND_UP~L4.9~W2.6~H2.1~all_pu,EXPLOSIVE 4.9 AND UP,24,EXPLOSIVE 4.9 AND UP,all_pu,4.9,2.6,2.1,REAR FRAME + FLOOR PLATE,REAR FRAME & FLOOR PLATE,10501.597443,10501.6,0.0,PASS,,,
EXPLOSIVE_4.9_AND_UP~L4.9~W2.6~H2.1~all_pu,EXPLOSIVE 4.9 AND UP,24,EXPLOSIVE 4.9 AND UP,all_pu,4.9,2.6,2.1,SPRAY PAINTING,SPRAY PAINTING,750.0,750.0,0.0,PASS,,,
EXPLOSIVE_4.9_AND_UP~L4.9~W2.6~H2.1~all_pu,EXPLOSIVE 4.9 AND UP,24,EXPLOSIVE 4.9 AND UP,all_pu,4.9,2.6,2.1,REFLEXITE TAPE,REFLEXITE TAPE,225.9,225.9,0.0,PASS,,,
EXPLOSIVE_4.9_AND_UP~L4.9~W2.6~H2.1~srd,EXPLOSIVE 4.9 AND UP,24,EXPLOSIVE 4.9 AND UP,srd,4.9,2.6,2.1,FRONT,FRONT,4798.79966,4798.75,0.001,PASS,,,
EXPLOSIVE_4.9_AND_UP~L4.9~W2.6~H2.1~srd,EXPLOSIVE 4.9 AND UP,24,EXPLOSIVE 4.9 AND UP,srd,4.9,2.6,2.1,SRD,SRD,6017.703527,4454.64,25.974,ACCEPTED,,BOTH PU (-1463.01) [ZERO_FORMULA],"[MES] DEV: the single-rear-door PU line carries a literal x0 quantity formula (2.44*1.22*0*2) on the freezer, icecream and explosive bodies: PU on an SRD prices at R0 (-R1.5k to -R2.2k per quote). Prod has the opposite defect on the same line (R4 100 raw rate, +R23k) - see accepted_differences.prod.yaml."
EXPLOSIVE_4.9_AND_UP~L4.9~W2.6~H2.1~srd,EXPLOSIVE 4.9 AND UP,24,EXPLOSIVE 4.9 AND UP,srd,4.9,2.6,2.1,SRD DOOR FITTINGS,SRD DOOR FITTINGS,5840.59824,6250.21,7.013,ACCEPTED,,PRICE_DIFF CSLB HINGES (+293.46),"[DATA] SRD DOOR FITTINGS on every body: MES CSLB HINGES R293.46 x2 (Excel R146.73 x2 - the pair price applied per hinge) and SILPLUS X WHITE R232.30 (Excel R116.15); per body also 34MM LOCKING POLE R126 (Excel R42), 28782 BIG HORIZ CAPPING R197.20 (Excel R240.58), ALU CORNERS R45 (Excel R54.90), 28780 BIG VERTICAL renamed 28778; Burt prices 2317 DOOR RUBBER / 28777 DOOR CAPPING at R0 on some sheets."
EXPLOSIVE_4.9_AND_UP~L4.9~W2.6~H2.1~srd,EXPLOSIVE 4.9 AND UP,24,EXPLOSIVE 4.9 AND UP,srd,4.9,2.6,2.1,DRD,,0.0,,,SKIP,,,
EXPLOSIVE_4.9_AND_UP~L4.9~W2.6~H2.1~srd,EXPLOSIVE 4.9 AND UP,24,EXPLOSIVE 4.9 AND UP,srd,4.9,2.6,2.1,DRD DOOR FITTINGS,,0.0,,,SKIP,,,
EXPLOSIVE_4.9_AND_UP~L4.9~W2.6~H2.1~srd,EXPLOSIVE 4.9 AND UP,24,EXPLOSIVE 4.9 AND UP,srd,4.9,2.6,2.1,SIDES,SIDES,18909.426816,18909.84,0.002,PASS,,,
EXPLOSIVE_4.9_AND_UP~L4.9~W2.6~H2.1~srd,EXPLOSIVE 4.9 AND UP,24,EXPLOSIVE 4.9 AND UP,srd,4.9,2.6,2.1,ROOF,ROOF,11326.940782,11326.81,0.001,PASS,,,
EXPLOSIVE_4.9_AND_UP~L4.9~W2.6~H2.1~srd,EXPLOSIVE 4.9 AND UP,24,EXPLOSIVE 4.9 AND UP,srd,4.9,2.6,2.1,FLOOR,FLOOR,32302.165559,32302.15,0.0,PASS,,,
EXPLOSIVE_4.9_AND_UP~L4.9~W2.6~H2.1~srd,EXPLOSIVE 4.9 AND UP,24,EXPLOSIVE 4.9 AND UP,srd,4.9,2.6,2.1,ALUMINIUM,ALUMINIUM,8254.359,8254.36,0.0,PASS,,,
EXPLOSIVE_4.9_AND_UP~L4.9~W2.6~H2.1~srd,EXPLOSIVE 4.9 AND UP,24,EXPLOSIVE 4.9 AND UP,srd,4.9,2.6,2.1,SUB FRAME + LIGHT BOX ASSY,SUB FRAME + LIGHT BOX ASSY,8747.061871,8507.34,2.741,ACCEPTED,,MISSING_IN_MES 1MM GALV PLATE (-239.72),"[DATA] Burt's 1MM GALV PLATE line (R157-R240): missing from the MES BOM on CHILLER 2.3, CHILLER LARGE, FREEZER MEDIUM and the explosive bodies; CHILLER MEDIUM carries 1.2MM GALV PLATE at R449.52 (or, since 26 Sep on dev, a 1MM line at another price)."
EXPLOSIVE_4.9_AND_UP~L4.9~W2.6~H2.1~srd,EXPLOSIVE 4.9 AND UP,24,EXPLOSIVE 4.9 AND UP,srd,4.9,2.6,2.1,REAR FRAME + FLOOR PLATE,REAR FRAME & FLOOR PLATE,0.0,10501.6,,ACCEPTED,EXTRA_IN_MES,,"[RULING] Burt gates REAR FRAME + FLOOR PLATE on the DRD flags, so a single-rear-door body carries R0 there; MES always includes the section (R2.4k-R5.5k). Which is right needs Burt/Michael."
EXPLOSIVE_4.9_AND_UP~L4.9~W2.6~H2.1~srd,EXPLOSIVE 4.9 AND UP,24,EXPLOSIVE 4.9 AND UP,srd,4.9,2.6,2.1,SPRAY PAINTING,SPRAY PAINTING,750.0,750.0,0.0,PASS,,,
EXPLOSIVE_4.9_AND_UP~L4.9~W2.6~H2.1~srd,EXPLOSIVE 4.9 AND UP,24,EXPLOSIVE 4.9 AND UP,srd,4.9,2.6,2.1,REFLEXITE TAPE,REFLEXITE TAPE,225.9,225.9,0.0,PASS,,,
EXPLOSIVE_4.9_AND_UP~L4.9~W2.6~H2.1~drd,EXPLOSIVE 4.9 AND UP,24,EXPLOSIVE 4.9 AND UP,drd,4.9,2.6,2.1,FRONT,FRONT,4798.79966,4798.75,0.001,PASS,,,
EXPLOSIVE_4.9_AND_UP~L4.9~W2.6~H2.1~drd,EXPLOSIVE 4.9 AND UP,24,EXPLOSIVE 4.9 AND UP,drd,4.9,2.6,2.1,SRD,,0.0,,,SKIP,,,
EXPLOSIVE_4.9_AND_UP~L4.9~W2.6~H2.1~drd,EXPLOSIVE 4.9 AND UP,24,EXPLOSIVE 4.9 AND UP,drd,4.9,2.6,2.1,SRD DOOR FITTINGS,,0.0,,,SKIP,,,
EXPLOSIVE_4.9_AND_UP~L4.9~W2.6~H2.1~drd,EXPLOSIVE 4.9 AND UP,24,EXPLOSIVE 4.9 AND UP,drd,4.9,2.6,2.1,DRD,DRD,6420.583372,6220.69,3.113,ACCEPTED,,GROUP_DIFF 130*62MM TAPPING BLOCKS ~ 1 MES line(s) (-200.00),"[DATA] 130*62MM TAPPING BLOCKS: Excel 2 x R234 per size (R936 a double door) vs MES 6 x R68 per size (R816): R60 per size, 1-3 % of the door section."
EXPLOSIVE_4.9_AND_UP~L4.9~W2.6~H2.1~drd,EXPLOSIVE 4.9 AND UP,24,EXPLOSIVE 4.9 AND UP,drd,4.9,2.6,2.1,DRD DOOR FITTINGS,DRD DOOR FITTINGS,5831.01018,5831.01,0.0,PASS,,,
EXPLOSIVE_4.9_AND_UP~L4.9~W2.6~H2.1~drd,EXPLOSIVE 4.9 AND UP,24,EXPLOSIVE 4.9 AND UP,drd,4.9,2.6,2.1,SIDES,SIDES,18909.426816,18909.84,0.002,PASS,,,
EXPLOSIVE_4.9_AND_UP~L4.9~W2.6~H2.1~drd,EXPLOSIVE 4.9 AND UP,24,EXPLOSIVE 4.9 AND UP,drd,4.9,2.6,2.1,ROOF,ROOF,11326.940782,11326.81,0.001,PASS,,,
EXPLOSIVE_4.9_AND_UP~L4.9~W2.6~H2.1~drd,EXPLOSIVE 4.9 AND UP,24,EXPLOSIVE 4.9 AND UP,drd,4.9,2.6,2.1,FLOOR,FLOOR,32302.165559,32302.15,0.0,PASS,,,
EXPLOSIVE_4.9_AND_UP~L4.9~W2.6~H2.1~drd,EXPLOSIVE 4.9 AND UP,24,EXPLOSIVE 4.9 AND UP,drd,4.9,2.6,2.1,ALUMINIUM,ALUMINIUM,8254.359,8254.36,0.0,PASS,,,
EXPLOSIVE_4.9_AND_UP~L4.9~W2.6~H2.1~drd,EXPLOSIVE 4.9 AND UP,24,EXPLOSIVE 4.9 AND UP,drd,4.9,2.6,2.1,SUB FRAME + LIGHT BOX ASSY,SUB FRAME + LIGHT BOX ASSY,8747.061871,8507.34,2.741,ACCEPTED,,MISSING_IN_MES 1MM GALV PLATE (-239.72),"[DATA] Burt's 1MM GALV PLATE line (R157-R240): missing from the MES BOM on CHILLER 2.3, CHILLER LARGE, FREEZER MEDIUM and the explosive bodies; CHILLER MEDIUM carries 1.2MM GALV PLATE at R449.52 (or, since 26 Sep on dev, a 1MM line at another price)."
EXPLOSIVE_4.9_AND_UP~L4.9~W2.6~H2.1~drd,EXPLOSIVE 4.9 AND UP,24,EXPLOSIVE 4.9 AND UP,drd,4.9,2.6,2.1,REAR FRAME + FLOOR PLATE,REAR FRAME & FLOOR PLATE,10501.597443,10501.6,0.0,PASS,,,
EXPLOSIVE_4.9_AND_UP~L4.9~W2.6~H2.1~drd,EXPLOSIVE 4.9 AND UP,24,EXPLOSIVE 4.9 AND UP,drd,4.9,2.6,2.1,SPRAY PAINTING,SPRAY PAINTING,750.0,750.0,0.0,PASS,,,
EXPLOSIVE_4.9_AND_UP~L4.9~W2.6~H2.1~drd,EXPLOSIVE 4.9 AND UP,24,EXPLOSIVE 4.9 AND UP,drd,4.9,2.6,2.1,REFLEXITE TAPE,REFLEXITE TAPE,225.9,225.9,0.0,PASS,,,
EXPLOSIVE_4.9_AND_UP~L4.9~W2.6~H2.1~foam_4g,EXPLOSIVE 4.9 AND UP,24,EXPLOSIVE 4.9 AND UP,foam_4g,4.9,2.6,2.1,FRONT,FRONT,5123.517155,5123.46,0.001,PASS,,,
EXPLOSIVE_4.9_AND_UP~L4.9~W2.6~H2.1~foam_4g,EXPLOSIVE 4.9 AND UP,24,EXPLOSIVE 4.9 AND UP,foam_4g,4.9,2.6,2.1,SRD,,0.0,,,SKIP,,,
EXPLOSIVE_4.9_AND_UP~L4.9~W2.6~H2.1~foam_4g,EXPLOSIVE 4.9 AND UP,24,EXPLOSIVE 4.9 AND UP,foam_4g,4.9,2.6,2.1,SRD DOOR FITTINGS,,0.0,,,SKIP,,,
EXPLOSIVE_4.9_AND_UP~L4.9~W2.6~H2.1~foam_4g,EXPLOSIVE 4.9 AND UP,24,EXPLOSIVE 4.9 AND UP,foam_4g,4.9,2.6,2.1,DRD,DRD,6745.300868,6545.41,2.963,ACCEPTED,,GROUP_DIFF 130*62MM TAPPING BLOCKS ~ 1 MES line(s) (-200.00),"[DATA] 130*62MM TAPPING BLOCKS: Excel 2 x R234 per size (R936 a double door) vs MES 6 x R68 per size (R816): R60 per size, 1-3 % of the door section."
EXPLOSIVE_4.9_AND_UP~L4.9~W2.6~H2.1~foam_4g,EXPLOSIVE 4.9 AND UP,24,EXPLOSIVE 4.9 AND UP,foam_4g,4.9,2.6,2.1,DRD DOOR FITTINGS,DRD DOOR FITTINGS,5831.01018,5831.01,0.0,PASS,,,
EXPLOSIVE_4.9_AND_UP~L4.9~W2.6~H2.1~foam_4g,EXPLOSIVE 4.9 AND UP,24,EXPLOSIVE 4.9 AND UP,foam_4g,4.9,2.6,2.1,SIDES,SIDES,20226.928129,20227.35,0.002,PASS,,,
EXPLOSIVE_4.9_AND_UP~L4.9~W2.6~H2.1~foam_4g,EXPLOSIVE 4.9 AND UP,24,EXPLOSIVE 4.9 AND UP,foam_4g,4.9,2.6,2.1,ROOF,ROOF,11985.691438,11985.56,0.001,PASS,,,
EXPLOSIVE_4.9_AND_UP~L4.9~W2.6~H2.1~foam_4g,EXPLOSIVE 4.9 AND UP,24,EXPLOSIVE 4.9 AND UP,foam_4g,4.9,2.6,2.1,FLOOR,FLOOR,32302.165559,32302.15,0.0,PASS,,,
EXPLOSIVE_4.9_AND_UP~L4.9~W2.6~H2.1~foam_4g,EXPLOSIVE 4.9 AND UP,24,EXPLOSIVE 4.9 AND UP,foam_4g,4.9,2.6,2.1,ALUMINIUM,ALUMINIUM,8254.359,8254.36,0.0,PASS,,,
EXPLOSIVE_4.9_AND_UP~L4.9~W2.6~H2.1~foam_4g,EXPLOSIVE 4.9 AND UP,24,EXPLOSIVE 4.9 AND UP,foam_4g,4.9,2.6,2.1,SUB FRAME + LIGHT BOX ASSY,SUB FRAME + LIGHT BOX ASSY,8747.061871,8507.34,2.741,ACCEPTED,,MISSING_IN_MES 1MM GALV PLATE (-239.72),"[DATA] Burt's 1MM GALV PLATE line (R157-R240): missing from the MES BOM on CHILLER 2.3, CHILLER LARGE, FREEZER MEDIUM and the explosive bodies; CHILLER MEDIUM carries 1.2MM GALV PLATE at R449.52 (or, since 26 Sep on dev, a 1MM line at another price)."
EXPLOSIVE_4.9_AND_UP~L4.9~W2.6~H2.1~foam_4g,EXPLOSIVE 4.9 AND UP,24,EXPLOSIVE 4.9 AND UP,foam_4g,4.9,2.6,2.1,REAR FRAME + FLOOR PLATE,REAR FRAME & FLOOR PLATE,10501.597443,10501.6,0.0,PASS,,,
EXPLOSIVE_4.9_AND_UP~L4.9~W2.6~H2.1~foam_4g,EXPLOSIVE 4.9 AND UP,24,EXPLOSIVE 4.9 AND UP,foam_4g,4.9,2.6,2.1,SPRAY PAINTING,SPRAY PAINTING,750.0,750.0,0.0,PASS,,,
EXPLOSIVE_4.9_AND_UP~L4.9~W2.6~H2.1~foam_4g,EXPLOSIVE 4.9 AND UP,24,EXPLOSIVE 4.9 AND UP,foam_4g,4.9,2.6,2.1,REFLEXITE TAPE,REFLEXITE TAPE,225.9,225.9,0.0,PASS,,,
EXPLOSIVE_4.9_AND_UP~L8~W2.6~H2.1~as_sheet,EXPLOSIVE 4.9 AND UP,24,EXPLOSIVE 4.9 AND UP,as_sheet,8.0,2.6,2.1,FRONT,FRONT,4798.79966,4798.75,0.001,PASS,,,
EXPLOSIVE_4.9_AND_UP~L8~W2.6~H2.1~as_sheet,EXPLOSIVE 4.9 AND UP,24,EXPLOSIVE 4.9 AND UP,as_sheet,8.0,2.6,2.1,SRD,,0.0,,,SKIP,,,
EXPLOSIVE_4.9_AND_UP~L8~W2.6~H2.1~as_sheet,EXPLOSIVE 4.9 AND UP,24,EXPLOSIVE 4.9 AND UP,as_sheet,8.0,2.6,2.1,SRD DOOR FITTINGS,,0.0,,,SKIP,,,
EXPLOSIVE_4.9_AND_UP~L8~W2.6~H2.1~as_sheet,EXPLOSIVE 4.9 AND UP,24,EXPLOSIVE 4.9 AND UP,as_sheet,8.0,2.6,2.1,DRD,DRD,6420.583372,6220.69,3.113,ACCEPTED,,GROUP_DIFF 130*62MM TAPPING BLOCKS ~ 1 MES line(s) (-200.00),"[DATA] 130*62MM TAPPING BLOCKS: Excel 2 x R234 per size (R936 a double door) vs MES 6 x R68 per size (R816): R60 per size, 1-3 % of the door section."
EXPLOSIVE_4.9_AND_UP~L8~W2.6~H2.1~as_sheet,EXPLOSIVE 4.9 AND UP,24,EXPLOSIVE 4.9 AND UP,as_sheet,8.0,2.6,2.1,DRD DOOR FITTINGS,DRD DOOR FITTINGS,5831.01018,5831.01,0.0,PASS,,,
EXPLOSIVE_4.9_AND_UP~L8~W2.6~H2.1~as_sheet,EXPLOSIVE 4.9 AND UP,24,EXPLOSIVE 4.9 AND UP,as_sheet,8.0,2.6,2.1,SIDES,SIDES,30632.12388,30632.8,0.002,PASS,,,
EXPLOSIVE_4.9_AND_UP~L8~W2.6~H2.1~as_sheet,EXPLOSIVE 4.9 AND UP,24,EXPLOSIVE 4.9 AND UP,as_sheet,8.0,2.6,2.1,ROOF,ROOF,18360.795345,18360.58,0.001,PASS,,,
EXPLOSIVE_4.9_AND_UP~L8~W2.6~H2.1~as_sheet,EXPLOSIVE 4.9 AND UP,24,EXPLOSIVE 4.9 AND UP,as_sheet,8.0,2.6,2.1,FLOOR,FLOOR,50885.319444,50885.3,0.0,PASS,,,
EXPLOSIVE_4.9_AND_UP~L8~W2.6~H2.1~as_sheet,EXPLOSIVE 4.9 AND UP,24,EXPLOSIVE 4.9 AND UP,as_sheet,8.0,2.6,2.1,ALUMINIUM,ALUMINIUM,12021.541,12021.54,0.0,PASS,,,
EXPLOSIVE_4.9_AND_UP~L8~W2.6~H2.1~as_sheet,EXPLOSIVE 4.9 AND UP,24,EXPLOSIVE 4.9 AND UP,as_sheet,8.0,2.6,2.1,SUB FRAME + LIGHT BOX ASSY,SUB FRAME + LIGHT BOX ASSY,11523.495406,11283.77,2.08,ACCEPTED,,MISSING_IN_MES 1MM GALV PLATE (-239.72),"[DATA] Burt's 1MM GALV PLATE line (R157-R240): missing from the MES BOM on CHILLER 2.3, CHILLER LARGE, FREEZER MEDIUM and the explosive bodies; CHILLER MEDIUM carries 1.2MM GALV PLATE at R449.52 (or, since 26 Sep on dev, a 1MM line at another price)."
EXPLOSIVE_4.9_AND_UP~L8~W2.6~H2.1~as_sheet,EXPLOSIVE 4.9 AND UP,24,EXPLOSIVE 4.9 AND UP,as_sheet,8.0,2.6,2.1,REAR FRAME + FLOOR PLATE,REAR FRAME & FLOOR PLATE,10501.597443,10501.6,0.0,PASS,,,
EXPLOSIVE_4.9_AND_UP~L8~W2.6~H2.1~as_sheet,EXPLOSIVE 4.9 AND UP,24,EXPLOSIVE 4.9 AND UP,as_sheet,8.0,2.6,2.1,SPRAY PAINTING,SPRAY PAINTING,750.0,750.0,0.0,PASS,,,
EXPLOSIVE_4.9_AND_UP~L8~W2.6~H2.1~as_sheet,EXPLOSIVE 4.9 AND UP,24,EXPLOSIVE 4.9 AND UP,as_sheet,8.0,2.6,2.1,REFLEXITE TAPE,REFLEXITE TAPE,337.5,337.5,0.0,PASS,,,
EXPLOSIVE_4.9_AND_UP~L8~W2.6~H2.1~all_eps,EXPLOSIVE 4.9 AND UP,24,EXPLOSIVE 4.9 AND UP,all_eps,8.0,2.6,2.1,FRONT,FRONT,3661.705214,3661.65,,UNVERIFIABLE,EXCEL_NO_PRICE:EPS,,
EXPLOSIVE_4.9_AND_UP~L8~W2.6~H2.1~all_eps,EXPLOSIVE 4.9 AND UP,24,EXPLOSIVE 4.9 AND UP,all_eps,8.0,2.6,2.1,SRD,,0.0,,,SKIP,,,
EXPLOSIVE_4.9_AND_UP~L8~W2.6~H2.1~all_eps,EXPLOSIVE 4.9 AND UP,24,EXPLOSIVE 4.9 AND UP,all_eps,8.0,2.6,2.1,SRD DOOR FITTINGS,,0.0,,,SKIP,,,
EXPLOSIVE_4.9_AND_UP~L8~W2.6~H2.1~all_eps,EXPLOSIVE 4.9 AND UP,24,EXPLOSIVE 4.9 AND UP,all_eps,8.0,2.6,2.1,DRD,DRD,5308.544073,5196.58,,UNVERIFIABLE,EXCEL_NO_PRICE:EPS,,
EXPLOSIVE_4.9_AND_UP~L8~W2.6~H2.1~all_eps,EXPLOSIVE 4.9 AND UP,24,EXPLOSIVE 4.9 AND UP,all_eps,8.0,2.6,2.1,DRD DOOR FITTINGS,DRD DOOR FITTINGS,5831.01018,5831.01,0.0,PASS,,,
EXPLOSIVE_4.9_AND_UP~L8~W2.6~H2.1~all_eps,EXPLOSIVE 4.9 AND UP,24,EXPLOSIVE 4.9 AND UP,all_eps,8.0,2.6,2.1,SIDES,SIDES,23492.687119,23875.36,,UNVERIFIABLE,EXCEL_NO_PRICE:EPS,,
EXPLOSIVE_4.9_AND_UP~L8~W2.6~H2.1~all_eps,EXPLOSIVE 4.9 AND UP,24,EXPLOSIVE 4.9 AND UP,all_eps,8.0,2.6,2.1,ROOF,ROOF,14982.075001,14981.86,,UNVERIFIABLE,EXCEL_NO_PRICE:EPS,,
EXPLOSIVE_4.9_AND_UP~L8~W2.6~H2.1~all_eps,EXPLOSIVE 4.9 AND UP,24,EXPLOSIVE 4.9 AND UP,all_eps,8.0,2.6,2.1,FLOOR,FLOOR,50885.319444,50885.3,0.0,PASS,,,
EXPLOSIVE_4.9_AND_UP~L8~W2.6~H2.1~all_eps,EXPLOSIVE 4.9 AND UP,24,EXPLOSIVE 4.9 AND UP,all_eps,8.0,2.6,2.1,ALUMINIUM,ALUMINIUM,12021.541,12021.54,0.0,PASS,,,
EXPLOSIVE_4.9_AND_UP~L8~W2.6~H2.1~all_eps,EXPLOSIVE 4.9 AND UP,24,EXPLOSIVE 4.9 AND UP,all_eps,8.0,2.6,2.1,SUB FRAME + LIGHT BOX ASSY,SUB FRAME + LIGHT BOX ASSY,11523.495406,11283.77,2.08,ACCEPTED,,MISSING_IN_MES 1MM GALV PLATE (-239.72),"[DATA] Burt's 1MM GALV PLATE line (R157-R240): missing from the MES BOM on CHILLER 2.3, CHILLER LARGE, FREEZER MEDIUM and the explosive bodies; CHILLER MEDIUM carries 1.2MM GALV PLATE at R449.52 (or, since 26 Sep on dev, a 1MM line at another price)."
EXPLOSIVE_4.9_AND_UP~L8~W2.6~H2.1~all_eps,EXPLOSIVE 4.9 AND UP,24,EXPLOSIVE 4.9 AND UP,all_eps,8.0,2.6,2.1,REAR FRAME + FLOOR PLATE,REAR FRAME & FLOOR PLATE,10409.990864,10501.6,0.88,PASS,,,
EXPLOSIVE_4.9_AND_UP~L8~W2.6~H2.1~all_eps,EXPLOSIVE 4.9 AND UP,24,EXPLOSIVE 4.9 AND UP,all_eps,8.0,2.6,2.1,SPRAY PAINTING,SPRAY PAINTING,750.0,750.0,0.0,PASS,,,
EXPLOSIVE_4.9_AND_UP~L8~W2.6~H2.1~all_eps,EXPLOSIVE 4.9 AND UP,24,EXPLOSIVE 4.9 AND UP,all_eps,8.0,2.6,2.1,REFLEXITE TAPE,REFLEXITE TAPE,337.5,337.5,0.0,PASS,,,
EXPLOSIVE_4.9_AND_UP~L8~W2.6~H2.1~all_pu,EXPLOSIVE 4.9 AND UP,24,EXPLOSIVE 4.9 AND UP,all_pu,8.0,2.6,2.1,FRONT,FRONT,4798.79966,4798.75,0.001,PASS,,,
EXPLOSIVE_4.9_AND_UP~L8~W2.6~H2.1~all_pu,EXPLOSIVE 4.9 AND UP,24,EXPLOSIVE 4.9 AND UP,all_pu,8.0,2.6,2.1,SRD,,0.0,,,SKIP,,,
EXPLOSIVE_4.9_AND_UP~L8~W2.6~H2.1~all_pu,EXPLOSIVE 4.9 AND UP,24,EXPLOSIVE 4.9 AND UP,all_pu,8.0,2.6,2.1,SRD DOOR FITTINGS,,0.0,,,SKIP,,,
EXPLOSIVE_4.9_AND_UP~L8~W2.6~H2.1~all_pu,EXPLOSIVE 4.9 AND UP,24,EXPLOSIVE 4.9 AND UP,all_pu,8.0,2.6,2.1,DRD,DRD,6420.583372,6220.69,3.113,ACCEPTED,,GROUP_DIFF 130*62MM TAPPING BLOCKS ~ 1 MES line(s) (-200.00),"[DATA] 130*62MM TAPPING BLOCKS: Excel 2 x R234 per size (R936 a double door) vs MES 6 x R68 per size (R816): R60 per size, 1-3 % of the door section."
EXPLOSIVE_4.9_AND_UP~L8~W2.6~H2.1~all_pu,EXPLOSIVE 4.9 AND UP,24,EXPLOSIVE 4.9 AND UP,all_pu,8.0,2.6,2.1,DRD DOOR FITTINGS,DRD DOOR FITTINGS,5831.01018,5831.01,0.0,PASS,,,
EXPLOSIVE_4.9_AND_UP~L8~W2.6~H2.1~all_pu,EXPLOSIVE 4.9 AND UP,24,EXPLOSIVE 4.9 AND UP,all_pu,8.0,2.6,2.1,SIDES,SIDES,30632.12388,30632.8,0.002,PASS,,,
EXPLOSIVE_4.9_AND_UP~L8~W2.6~H2.1~all_pu,EXPLOSIVE 4.9 AND UP,24,EXPLOSIVE 4.9 AND UP,all_pu,8.0,2.6,2.1,ROOF,ROOF,18360.795345,18360.58,0.001,PASS,,,
EXPLOSIVE_4.9_AND_UP~L8~W2.6~H2.1~all_pu,EXPLOSIVE 4.9 AND UP,24,EXPLOSIVE 4.9 AND UP,all_pu,8.0,2.6,2.1,FLOOR,FLOOR,50885.319444,50885.3,0.0,PASS,,,
EXPLOSIVE_4.9_AND_UP~L8~W2.6~H2.1~all_pu,EXPLOSIVE 4.9 AND UP,24,EXPLOSIVE 4.9 AND UP,all_pu,8.0,2.6,2.1,ALUMINIUM,ALUMINIUM,12021.541,12021.54,0.0,PASS,,,
EXPLOSIVE_4.9_AND_UP~L8~W2.6~H2.1~all_pu,EXPLOSIVE 4.9 AND UP,24,EXPLOSIVE 4.9 AND UP,all_pu,8.0,2.6,2.1,SUB FRAME + LIGHT BOX ASSY,SUB FRAME + LIGHT BOX ASSY,11523.495406,11283.77,2.08,ACCEPTED,,MISSING_IN_MES 1MM GALV PLATE (-239.72),"[DATA] Burt's 1MM GALV PLATE line (R157-R240): missing from the MES BOM on CHILLER 2.3, CHILLER LARGE, FREEZER MEDIUM and the explosive bodies; CHILLER MEDIUM carries 1.2MM GALV PLATE at R449.52 (or, since 26 Sep on dev, a 1MM line at another price)."
EXPLOSIVE_4.9_AND_UP~L8~W2.6~H2.1~all_pu,EXPLOSIVE 4.9 AND UP,24,EXPLOSIVE 4.9 AND UP,all_pu,8.0,2.6,2.1,REAR FRAME + FLOOR PLATE,REAR FRAME & FLOOR PLATE,10501.597443,10501.6,0.0,PASS,,,
EXPLOSIVE_4.9_AND_UP~L8~W2.6~H2.1~all_pu,EXPLOSIVE 4.9 AND UP,24,EXPLOSIVE 4.9 AND UP,all_pu,8.0,2.6,2.1,SPRAY PAINTING,SPRAY PAINTING,750.0,750.0,0.0,PASS,,,
EXPLOSIVE_4.9_AND_UP~L8~W2.6~H2.1~all_pu,EXPLOSIVE 4.9 AND UP,24,EXPLOSIVE 4.9 AND UP,all_pu,8.0,2.6,2.1,REFLEXITE TAPE,REFLEXITE TAPE,337.5,337.5,0.0,PASS,,,
EXPLOSIVE_4.9_AND_UP~L8~W2.6~H2.1~srd,EXPLOSIVE 4.9 AND UP,24,EXPLOSIVE 4.9 AND UP,srd,8.0,2.6,2.1,FRONT,FRONT,4798.79966,4798.75,0.001,PASS,,,
EXPLOSIVE_4.9_AND_UP~L8~W2.6~H2.1~srd,EXPLOSIVE 4.9 AND UP,24,EXPLOSIVE 4.9 AND UP,srd,8.0,2.6,2.1,SRD,SRD,6017.703527,4454.64,25.974,ACCEPTED,,BOTH PU (-1463.01) [ZERO_FORMULA],"[MES] DEV: the single-rear-door PU line carries a literal x0 quantity formula (2.44*1.22*0*2) on the freezer, icecream and explosive bodies: PU on an SRD prices at R0 (-R1.5k to -R2.2k per quote). Prod has the opposite defect on the same line (R4 100 raw rate, +R23k) - see accepted_differences.prod.yaml."
EXPLOSIVE_4.9_AND_UP~L8~W2.6~H2.1~srd,EXPLOSIVE 4.9 AND UP,24,EXPLOSIVE 4.9 AND UP,srd,8.0,2.6,2.1,SRD DOOR FITTINGS,SRD DOOR FITTINGS,5840.59824,6250.21,7.013,ACCEPTED,,PRICE_DIFF CSLB HINGES (+293.46),"[DATA] SRD DOOR FITTINGS on every body: MES CSLB HINGES R293.46 x2 (Excel R146.73 x2 - the pair price applied per hinge) and SILPLUS X WHITE R232.30 (Excel R116.15); per body also 34MM LOCKING POLE R126 (Excel R42), 28782 BIG HORIZ CAPPING R197.20 (Excel R240.58), ALU CORNERS R45 (Excel R54.90), 28780 BIG VERTICAL renamed 28778; Burt prices 2317 DOOR RUBBER / 28777 DOOR CAPPING at R0 on some sheets."
EXPLOSIVE_4.9_AND_UP~L8~W2.6~H2.1~srd,EXPLOSIVE 4.9 AND UP,24,EXPLOSIVE 4.9 AND UP,srd,8.0,2.6,2.1,DRD,,0.0,,,SKIP,,,
EXPLOSIVE_4.9_AND_UP~L8~W2.6~H2.1~srd,EXPLOSIVE 4.9 AND UP,24,EXPLOSIVE 4.9 AND UP,srd,8.0,2.6,2.1,DRD DOOR FITTINGS,,0.0,,,SKIP,,,
EXPLOSIVE_4.9_AND_UP~L8~W2.6~H2.1~srd,EXPLOSIVE 4.9 AND UP,24,EXPLOSIVE 4.9 AND UP,srd,8.0,2.6,2.1,SIDES,SIDES,30632.12388,30632.8,0.002,PASS,,,
EXPLOSIVE_4.9_AND_UP~L8~W2.6~H2.1~srd,EXPLOSIVE 4.9 AND UP,24,EXPLOSIVE 4.9 AND UP,srd,8.0,2.6,2.1,ROOF,ROOF,18360.795345,18360.58,0.001,PASS,,,
EXPLOSIVE_4.9_AND_UP~L8~W2.6~H2.1~srd,EXPLOSIVE 4.9 AND UP,24,EXPLOSIVE 4.9 AND UP,srd,8.0,2.6,2.1,FLOOR,FLOOR,50885.319444,50885.3,0.0,PASS,,,
EXPLOSIVE_4.9_AND_UP~L8~W2.6~H2.1~srd,EXPLOSIVE 4.9 AND UP,24,EXPLOSIVE 4.9 AND UP,srd,8.0,2.6,2.1,ALUMINIUM,ALUMINIUM,12021.541,12021.54,0.0,PASS,,,
EXPLOSIVE_4.9_AND_UP~L8~W2.6~H2.1~srd,EXPLOSIVE 4.9 AND UP,24,EXPLOSIVE 4.9 AND UP,srd,8.0,2.6,2.1,SUB FRAME + LIGHT BOX ASSY,SUB FRAME + LIGHT BOX ASSY,11523.495406,11283.77,2.08,ACCEPTED,,MISSING_IN_MES 1MM GALV PLATE (-239.72),"[DATA] Burt's 1MM GALV PLATE line (R157-R240): missing from the MES BOM on CHILLER 2.3, CHILLER LARGE, FREEZER MEDIUM and the explosive bodies; CHILLER MEDIUM carries 1.2MM GALV PLATE at R449.52 (or, since 26 Sep on dev, a 1MM line at another price)."
EXPLOSIVE_4.9_AND_UP~L8~W2.6~H2.1~srd,EXPLOSIVE 4.9 AND UP,24,EXPLOSIVE 4.9 AND UP,srd,8.0,2.6,2.1,REAR FRAME + FLOOR PLATE,REAR FRAME & FLOOR PLATE,0.0,10501.6,,ACCEPTED,EXTRA_IN_MES,,"[RULING] Burt gates REAR FRAME + FLOOR PLATE on the DRD flags, so a single-rear-door body carries R0 there; MES always includes the section (R2.4k-R5.5k). Which is right needs Burt/Michael."
EXPLOSIVE_4.9_AND_UP~L8~W2.6~H2.1~srd,EXPLOSIVE 4.9 AND UP,24,EXPLOSIVE 4.9 AND UP,srd,8.0,2.6,2.1,SPRAY PAINTING,SPRAY PAINTING,750.0,750.0,0.0,PASS,,,
EXPLOSIVE_4.9_AND_UP~L8~W2.6~H2.1~srd,EXPLOSIVE 4.9 AND UP,24,EXPLOSIVE 4.9 AND UP,srd,8.0,2.6,2.1,REFLEXITE TAPE,REFLEXITE TAPE,337.5,337.5,0.0,PASS,,,
EXPLOSIVE_4.9_AND_UP~L8~W2.6~H2.1~drd,EXPLOSIVE 4.9 AND UP,24,EXPLOSIVE 4.9 AND UP,drd,8.0,2.6,2.1,FRONT,FRONT,4798.79966,4798.75,0.001,PASS,,,
EXPLOSIVE_4.9_AND_UP~L8~W2.6~H2.1~drd,EXPLOSIVE 4.9 AND UP,24,EXPLOSIVE 4.9 AND UP,drd,8.0,2.6,2.1,SRD,,0.0,,,SKIP,,,
EXPLOSIVE_4.9_AND_UP~L8~W2.6~H2.1~drd,EXPLOSIVE 4.9 AND UP,24,EXPLOSIVE 4.9 AND UP,drd,8.0,2.6,2.1,SRD DOOR FITTINGS,,0.0,,,SKIP,,,
EXPLOSIVE_4.9_AND_UP~L8~W2.6~H2.1~drd,EXPLOSIVE 4.9 AND UP,24,EXPLOSIVE 4.9 AND UP,drd,8.0,2.6,2.1,DRD,DRD,6420.583372,6220.69,3.113,ACCEPTED,,GROUP_DIFF 130*62MM TAPPING BLOCKS ~ 1 MES line(s) (-200.00),"[DATA] 130*62MM TAPPING BLOCKS: Excel 2 x R234 per size (R936 a double door) vs MES 6 x R68 per size (R816): R60 per size, 1-3 % of the door section."
EXPLOSIVE_4.9_AND_UP~L8~W2.6~H2.1~drd,EXPLOSIVE 4.9 AND UP,24,EXPLOSIVE 4.9 AND UP,drd,8.0,2.6,2.1,DRD DOOR FITTINGS,DRD DOOR FITTINGS,5831.01018,5831.01,0.0,PASS,,,
EXPLOSIVE_4.9_AND_UP~L8~W2.6~H2.1~drd,EXPLOSIVE 4.9 AND UP,24,EXPLOSIVE 4.9 AND UP,drd,8.0,2.6,2.1,SIDES,SIDES,30632.12388,30632.8,0.002,PASS,,,
EXPLOSIVE_4.9_AND_UP~L8~W2.6~H2.1~drd,EXPLOSIVE 4.9 AND UP,24,EXPLOSIVE 4.9 AND UP,drd,8.0,2.6,2.1,ROOF,ROOF,18360.795345,18360.58,0.001,PASS,,,
EXPLOSIVE_4.9_AND_UP~L8~W2.6~H2.1~drd,EXPLOSIVE 4.9 AND UP,24,EXPLOSIVE 4.9 AND UP,drd,8.0,2.6,2.1,FLOOR,FLOOR,50885.319444,50885.3,0.0,PASS,,,
EXPLOSIVE_4.9_AND_UP~L8~W2.6~H2.1~drd,EXPLOSIVE 4.9 AND UP,24,EXPLOSIVE 4.9 AND UP,drd,8.0,2.6,2.1,ALUMINIUM,ALUMINIUM,12021.541,12021.54,0.0,PASS,,,
EXPLOSIVE_4.9_AND_UP~L8~W2.6~H2.1~drd,EXPLOSIVE 4.9 AND UP,24,EXPLOSIVE 4.9 AND UP,drd,8.0,2.6,2.1,SUB FRAME + LIGHT BOX ASSY,SUB FRAME + LIGHT BOX ASSY,11523.495406,11283.77,2.08,ACCEPTED,,MISSING_IN_MES 1MM GALV PLATE (-239.72),"[DATA] Burt's 1MM GALV PLATE line (R157-R240): missing from the MES BOM on CHILLER 2.3, CHILLER LARGE, FREEZER MEDIUM and the explosive bodies; CHILLER MEDIUM carries 1.2MM GALV PLATE at R449.52 (or, since 26 Sep on dev, a 1MM line at another price)."
EXPLOSIVE_4.9_AND_UP~L8~W2.6~H2.1~drd,EXPLOSIVE 4.9 AND UP,24,EXPLOSIVE 4.9 AND UP,drd,8.0,2.6,2.1,REAR FRAME + FLOOR PLATE,REAR FRAME & FLOOR PLATE,10501.597443,10501.6,0.0,PASS,,,
EXPLOSIVE_4.9_AND_UP~L8~W2.6~H2.1~drd,EXPLOSIVE 4.9 AND UP,24,EXPLOSIVE 4.9 AND UP,drd,8.0,2.6,2.1,SPRAY PAINTING,SPRAY PAINTING,750.0,750.0,0.0,PASS,,,
EXPLOSIVE_4.9_AND_UP~L8~W2.6~H2.1~drd,EXPLOSIVE 4.9 AND UP,24,EXPLOSIVE 4.9 AND UP,drd,8.0,2.6,2.1,REFLEXITE TAPE,REFLEXITE TAPE,337.5,337.5,0.0,PASS,,,
EXPLOSIVE_4.9_AND_UP~L8~W2.6~H2.1~foam_4g,EXPLOSIVE 4.9 AND UP,24,EXPLOSIVE 4.9 AND UP,foam_4g,8.0,2.6,2.1,FRONT,FRONT,5123.517155,5123.46,0.001,PASS,,,
EXPLOSIVE_4.9_AND_UP~L8~W2.6~H2.1~foam_4g,EXPLOSIVE 4.9 AND UP,24,EXPLOSIVE 4.9 AND UP,foam_4g,8.0,2.6,2.1,SRD,,0.0,,,SKIP,,,
EXPLOSIVE_4.9_AND_UP~L8~W2.6~H2.1~foam_4g,EXPLOSIVE 4.9 AND UP,24,EXPLOSIVE 4.9 AND UP,foam_4g,8.0,2.6,2.1,SRD DOOR FITTINGS,,0.0,,,SKIP,,,
EXPLOSIVE_4.9_AND_UP~L8~W2.6~H2.1~foam_4g,EXPLOSIVE 4.9 AND UP,24,EXPLOSIVE 4.9 AND UP,foam_4g,8.0,2.6,2.1,DRD,DRD,6745.300868,6545.41,2.963,ACCEPTED,,GROUP_DIFF 130*62MM TAPPING BLOCKS ~ 1 MES line(s) (-200.00),"[DATA] 130*62MM TAPPING BLOCKS: Excel 2 x R234 per size (R936 a double door) vs MES 6 x R68 per size (R816): R60 per size, 1-3 % of the door section."
EXPLOSIVE_4.9_AND_UP~L8~W2.6~H2.1~foam_4g,EXPLOSIVE 4.9 AND UP,24,EXPLOSIVE 4.9 AND UP,foam_4g,8.0,2.6,2.1,DRD DOOR FITTINGS,DRD DOOR FITTINGS,5831.01018,5831.01,0.0,PASS,,,
EXPLOSIVE_4.9_AND_UP~L8~W2.6~H2.1~foam_4g,EXPLOSIVE 4.9 AND UP,24,EXPLOSIVE 4.9 AND UP,foam_4g,8.0,2.6,2.1,SIDES,SIDES,32774.727025,32775.41,0.002,PASS,,,
EXPLOSIVE_4.9_AND_UP~L8~W2.6~H2.1~foam_4g,EXPLOSIVE 4.9 AND UP,24,EXPLOSIVE 4.9 AND UP,foam_4g,8.0,2.6,2.1,ROOF,ROOF,19432.096918,19431.88,0.001,PASS,,,
EXPLOSIVE_4.9_AND_UP~L8~W2.6~H2.1~foam_4g,EXPLOSIVE 4.9 AND UP,24,EXPLOSIVE 4.9 AND UP,foam_4g,8.0,2.6,2.1,FLOOR,FLOOR,50885.319444,50885.3,0.0,PASS,,,
EXPLOSIVE_4.9_AND_UP~L8~W2.6~H2.1~foam_4g,EXPLOSIVE 4.9 AND UP,24,EXPLOSIVE 4.9 AND UP,foam_4g,8.0,2.6,2.1,ALUMINIUM,ALUMINIUM,12021.541,12021.54,0.0,PASS,,,
EXPLOSIVE_4.9_AND_UP~L8~W2.6~H2.1~foam_4g,EXPLOSIVE 4.9 AND UP,24,EXPLOSIVE 4.9 AND UP,foam_4g,8.0,2.6,2.1,SUB FRAME + LIGHT BOX ASSY,SUB FRAME + LIGHT BOX ASSY,11523.495406,11283.77,2.08,ACCEPTED,,MISSING_IN_MES 1MM GALV PLATE (-239.72),"[DATA] Burt's 1MM GALV PLATE line (R157-R240): missing from the MES BOM on CHILLER 2.3, CHILLER LARGE, FREEZER MEDIUM and the explosive bodies; CHILLER MEDIUM carries 1.2MM GALV PLATE at R449.52 (or, since 26 Sep on dev, a 1MM line at another price)."
EXPLOSIVE_4.9_AND_UP~L8~W2.6~H2.1~foam_4g,EXPLOSIVE 4.9 AND UP,24,EXPLOSIVE 4.9 AND UP,foam_4g,8.0,2.6,2.1,REAR FRAME + FLOOR PLATE,REAR FRAME & FLOOR PLATE,10501.597443,10501.6,0.0,PASS,,,
EXPLOSIVE_4.9_AND_UP~L8~W2.6~H2.1~foam_4g,EXPLOSIVE 4.9 AND UP,24,EXPLOSIVE 4.9 AND UP,foam_4g,8.0,2.6,2.1,SPRAY PAINTING,SPRAY PAINTING,750.0,750.0,0.0,PASS,,,
EXPLOSIVE_4.9_AND_UP~L8~W2.6~H2.1~foam_4g,EXPLOSIVE 4.9 AND UP,24,EXPLOSIVE 4.9 AND UP,foam_4g,8.0,2.6,2.1,REFLEXITE TAPE,REFLEXITE TAPE,337.5,337.5,0.0,PASS,,,
EXPLOSIVE_4.9_AND_UP~L14.7~W2.6~H2.1~as_sheet,EXPLOSIVE 4.9 AND UP,24,EXPLOSIVE 4.9 AND UP,as_sheet,14.7,2.6,2.1,FRONT,FRONT,4798.79966,4798.75,0.001,PASS,,,
EXPLOSIVE_4.9_AND_UP~L14.7~W2.6~H2.1~as_sheet,EXPLOSIVE 4.9 AND UP,24,EXPLOSIVE 4.9 AND UP,as_sheet,14.7,2.6,2.1,SRD,,0.0,,,SKIP,,,
EXPLOSIVE_4.9_AND_UP~L14.7~W2.6~H2.1~as_sheet,EXPLOSIVE 4.9 AND UP,24,EXPLOSIVE 4.9 AND UP,as_sheet,14.7,2.6,2.1,SRD DOOR FITTINGS,,0.0,,,SKIP,,,
EXPLOSIVE_4.9_AND_UP~L14.7~W2.6~H2.1~as_sheet,EXPLOSIVE 4.9 AND UP,24,EXPLOSIVE 4.9 AND UP,as_sheet,14.7,2.6,2.1,DRD,DRD,6420.583372,6220.69,3.113,ACCEPTED,,GROUP_DIFF 130*62MM TAPPING BLOCKS ~ 1 MES line(s) (-200.00),"[DATA] 130*62MM TAPPING BLOCKS: Excel 2 x R234 per size (R936 a double door) vs MES 6 x R68 per size (R816): R60 per size, 1-3 % of the door section."
EXPLOSIVE_4.9_AND_UP~L14.7~W2.6~H2.1~as_sheet,EXPLOSIVE 4.9 AND UP,24,EXPLOSIVE 4.9 AND UP,as_sheet,14.7,2.6,2.1,DRD DOOR FITTINGS,DRD DOOR FITTINGS,5831.01018,5831.01,0.0,PASS,,,
EXPLOSIVE_4.9_AND_UP~L14.7~W2.6~H2.1~as_sheet,EXPLOSIVE 4.9 AND UP,24,EXPLOSIVE 4.9 AND UP,as_sheet,14.7,2.6,2.1,SIDES,SIDES,55968.275597,55969.52,0.002,PASS,,,
EXPLOSIVE_4.9_AND_UP~L14.7~W2.6~H2.1~as_sheet,EXPLOSIVE 4.9 AND UP,24,EXPLOSIVE 4.9 AND UP,as_sheet,14.7,2.6,2.1,ROOF,ROOF,33562.997144,33562.61,0.001,PASS,,,
EXPLOSIVE_4.9_AND_UP~L14.7~W2.6~H2.1~as_sheet,EXPLOSIVE 4.9 AND UP,24,EXPLOSIVE 4.9 AND UP,as_sheet,14.7,2.6,2.1,FLOOR,FLOOR,91048.910099,91048.87,0.0,PASS,,,
EXPLOSIVE_4.9_AND_UP~L14.7~W2.6~H2.1~as_sheet,EXPLOSIVE 4.9 AND UP,24,EXPLOSIVE 4.9 AND UP,as_sheet,14.7,2.6,2.1,ALUMINIUM,ALUMINIUM,20163.515,20163.51,0.0,PASS,,,
EXPLOSIVE_4.9_AND_UP~L14.7~W2.6~H2.1~as_sheet,EXPLOSIVE 4.9 AND UP,24,EXPLOSIVE 4.9 AND UP,as_sheet,14.7,2.6,2.1,SUB FRAME + LIGHT BOX ASSY,SUB FRAME + LIGHT BOX ASSY,17524.174337,17284.45,1.368,ACCEPTED,,MISSING_IN_MES 1MM GALV PLATE (-239.72),"[DATA] Burt's 1MM GALV PLATE line (R157-R240): missing from the MES BOM on CHILLER 2.3, CHILLER LARGE, FREEZER MEDIUM and the explosive bodies; CHILLER MEDIUM carries 1.2MM GALV PLATE at R449.52 (or, since 26 Sep on dev, a 1MM line at another price)."
EXPLOSIVE_4.9_AND_UP~L14.7~W2.6~H2.1~as_sheet,EXPLOSIVE 4.9 AND UP,24,EXPLOSIVE 4.9 AND UP,as_sheet,14.7,2.6,2.1,REAR FRAME + FLOOR PLATE,REAR FRAME & FLOOR PLATE,10501.597443,10501.6,0.0,PASS,,,
EXPLOSIVE_4.9_AND_UP~L14.7~W2.6~H2.1~as_sheet,EXPLOSIVE 4.9 AND UP,24,EXPLOSIVE 4.9 AND UP,as_sheet,14.7,2.6,2.1,SPRAY PAINTING,SPRAY PAINTING,750.0,750.0,0.0,PASS,,,
EXPLOSIVE_4.9_AND_UP~L14.7~W2.6~H2.1~as_sheet,EXPLOSIVE 4.9 AND UP,24,EXPLOSIVE 4.9 AND UP,as_sheet,14.7,2.6,2.1,REFLEXITE TAPE,REFLEXITE TAPE,578.7,578.7,0.0,PASS,,,
EXPLOSIVE_4.9_AND_UP~L14.7~W2.6~H2.1~all_eps,EXPLOSIVE 4.9 AND UP,24,EXPLOSIVE 4.9 AND UP,all_eps,14.7,2.6,2.1,FRONT,FRONT,3661.705214,3661.65,,UNVERIFIABLE,EXCEL_NO_PRICE:EPS,,
EXPLOSIVE_4.9_AND_UP~L14.7~W2.6~H2.1~all_eps,EXPLOSIVE 4.9 AND UP,24,EXPLOSIVE 4.9 AND UP,all_eps,14.7,2.6,2.1,SRD,,0.0,,,SKIP,,,
EXPLOSIVE_4.9_AND_UP~L14.7~W2.6~H2.1~all_eps,EXPLOSIVE 4.9 AND UP,24,EXPLOSIVE 4.9 AND UP,all_eps,14.7,2.6,2.1,SRD DOOR FITTINGS,,0.0,,,SKIP,,,
EXPLOSIVE_4.9_AND_UP~L14.7~W2.6~H2.1~all_eps,EXPLOSIVE 4.9 AND UP,24,EXPLOSIVE 4.9 AND UP,all_eps,14.7,2.6,2.1,DRD,DRD,5308.544073,5196.58,,UNVERIFIABLE,EXCEL_NO_PRICE:EPS,,
EXPLOSIVE_4.9_AND_UP~L14.7~W2.6~H2.1~all_eps,EXPLOSIVE 4.9 AND UP,24,EXPLOSIVE 4.9 AND UP,all_eps,14.7,2.6,2.1,DRD DOOR FITTINGS,DRD DOOR FITTINGS,5831.01018,5831.01,0.0,PASS,,,
EXPLOSIVE_4.9_AND_UP~L14.7~W2.6~H2.1~all_eps,EXPLOSIVE 4.9 AND UP,24,EXPLOSIVE 4.9 AND UP,all_eps,14.7,2.6,2.1,SIDES,SIDES,42886.698925,43587.87,,UNVERIFIABLE,EXCEL_NO_PRICE:EPS,,
EXPLOSIVE_4.9_AND_UP~L14.7~W2.6~H2.1~all_eps,EXPLOSIVE 4.9 AND UP,24,EXPLOSIVE 4.9 AND UP,all_eps,14.7,2.6,2.1,ROOF,ROOF,27372.174154,27371.78,,UNVERIFIABLE,EXCEL_NO_PRICE:EPS,,
EXPLOSIVE_4.9_AND_UP~L14.7~W2.6~H2.1~all_eps,EXPLOSIVE 4.9 AND UP,24,EXPLOSIVE 4.9 AND UP,all_eps,14.7,2.6,2.1,FLOOR,FLOOR,91048.910099,91048.87,0.0,PASS,,,
EXPLOSIVE_4.9_AND_UP~L14.7~W2.6~H2.1~all_eps,EXPLOSIVE 4.9 AND UP,24,EXPLOSIVE 4.9 AND UP,all_eps,14.7,2.6,2.1,ALUMINIUM,ALUMINIUM,20163.515,20163.51,0.0,PASS,,,
EXPLOSIVE_4.9_AND_UP~L14.7~W2.6~H2.1~all_eps,EXPLOSIVE 4.9 AND UP,24,EXPLOSIVE 4.9 AND UP,all_eps,14.7,2.6,2.1,SUB FRAME + LIGHT BOX ASSY,SUB FRAME + LIGHT BOX ASSY,17524.174337,17284.45,1.368,ACCEPTED,,MISSING_IN_MES 1MM GALV PLATE (-239.72),"[DATA] Burt's 1MM GALV PLATE line (R157-R240): missing from the MES BOM on CHILLER 2.3, CHILLER LARGE, FREEZER MEDIUM and the explosive bodies; CHILLER MEDIUM carries 1.2MM GALV PLATE at R449.52 (or, since 26 Sep on dev, a 1MM line at another price)."
EXPLOSIVE_4.9_AND_UP~L14.7~W2.6~H2.1~all_eps,EXPLOSIVE 4.9 AND UP,24,EXPLOSIVE 4.9 AND UP,all_eps,14.7,2.6,2.1,REAR FRAME + FLOOR PLATE,REAR FRAME & FLOOR PLATE,10409.990864,10501.6,0.88,PASS,,,
EXPLOSIVE_4.9_AND_UP~L14.7~W2.6~H2.1~all_eps,EXPLOSIVE 4.9 AND UP,24,EXPLOSIVE 4.9 AND UP,all_eps,14.7,2.6,2.1,SPRAY PAINTING,SPRAY PAINTING,750.0,750.0,0.0,PASS,,,
EXPLOSIVE_4.9_AND_UP~L14.7~W2.6~H2.1~all_eps,EXPLOSIVE 4.9 AND UP,24,EXPLOSIVE 4.9 AND UP,all_eps,14.7,2.6,2.1,REFLEXITE TAPE,REFLEXITE TAPE,578.7,578.7,0.0,PASS,,,
EXPLOSIVE_4.9_AND_UP~L14.7~W2.6~H2.1~all_pu,EXPLOSIVE 4.9 AND UP,24,EXPLOSIVE 4.9 AND UP,all_pu,14.7,2.6,2.1,FRONT,FRONT,4798.79966,4798.75,0.001,PASS,,,
EXPLOSIVE_4.9_AND_UP~L14.7~W2.6~H2.1~all_pu,EXPLOSIVE 4.9 AND UP,24,EXPLOSIVE 4.9 AND UP,all_pu,14.7,2.6,2.1,SRD,,0.0,,,SKIP,,,
EXPLOSIVE_4.9_AND_UP~L14.7~W2.6~H2.1~all_pu,EXPLOSIVE 4.9 AND UP,24,EXPLOSIVE 4.9 AND UP,all_pu,14.7,2.6,2.1,SRD DOOR FITTINGS,,0.0,,,SKIP,,,
EXPLOSIVE_4.9_AND_UP~L14.7~W2.6~H2.1~all_pu,EXPLOSIVE 4.9 AND UP,24,EXPLOSIVE 4.9 AND UP,all_pu,14.7,2.6,2.1,DRD,DRD,6420.583372,6220.69,3.113,ACCEPTED,,GROUP_DIFF 130*62MM TAPPING BLOCKS ~ 1 MES line(s) (-200.00),"[DATA] 130*62MM TAPPING BLOCKS: Excel 2 x R234 per size (R936 a double door) vs MES 6 x R68 per size (R816): R60 per size, 1-3 % of the door section."
EXPLOSIVE_4.9_AND_UP~L14.7~W2.6~H2.1~all_pu,EXPLOSIVE 4.9 AND UP,24,EXPLOSIVE 4.9 AND UP,all_pu,14.7,2.6,2.1,DRD DOOR FITTINGS,DRD DOOR FITTINGS,5831.01018,5831.01,0.0,PASS,,,
EXPLOSIVE_4.9_AND_UP~L14.7~W2.6~H2.1~all_pu,EXPLOSIVE 4.9 AND UP,24,EXPLOSIVE 4.9 AND UP,all_pu,14.7,2.6,2.1,SIDES,SIDES,55968.275597,55969.52,0.002,PASS,,,
EXPLOSIVE_4.9_AND_UP~L14.7~W2.6~H2.1~all_pu,EXPLOSIVE 4.9 AND UP,24,EXPLOSIVE 4.9 AND UP,all_pu,14.7,2.6,2.1,ROOF,ROOF,33562.997144,33562.61,0.001,PASS,,,
EXPLOSIVE_4.9_AND_UP~L14.7~W2.6~H2.1~all_pu,EXPLOSIVE 4.9 AND UP,24,EXPLOSIVE 4.9 AND UP,all_pu,14.7,2.6,2.1,FLOOR,FLOOR,91048.910099,91048.87,0.0,PASS,,,
EXPLOSIVE_4.9_AND_UP~L14.7~W2.6~H2.1~all_pu,EXPLOSIVE 4.9 AND UP,24,EXPLOSIVE 4.9 AND UP,all_pu,14.7,2.6,2.1,ALUMINIUM,ALUMINIUM,20163.515,20163.51,0.0,PASS,,,
EXPLOSIVE_4.9_AND_UP~L14.7~W2.6~H2.1~all_pu,EXPLOSIVE 4.9 AND UP,24,EXPLOSIVE 4.9 AND UP,all_pu,14.7,2.6,2.1,SUB FRAME + LIGHT BOX ASSY,SUB FRAME + LIGHT BOX ASSY,17524.174337,17284.45,1.368,ACCEPTED,,MISSING_IN_MES 1MM GALV PLATE (-239.72),"[DATA] Burt's 1MM GALV PLATE line (R157-R240): missing from the MES BOM on CHILLER 2.3, CHILLER LARGE, FREEZER MEDIUM and the explosive bodies; CHILLER MEDIUM carries 1.2MM GALV PLATE at R449.52 (or, since 26 Sep on dev, a 1MM line at another price)."
EXPLOSIVE_4.9_AND_UP~L14.7~W2.6~H2.1~all_pu,EXPLOSIVE 4.9 AND UP,24,EXPLOSIVE 4.9 AND UP,all_pu,14.7,2.6,2.1,REAR FRAME + FLOOR PLATE,REAR FRAME & FLOOR PLATE,10501.597443,10501.6,0.0,PASS,,,
EXPLOSIVE_4.9_AND_UP~L14.7~W2.6~H2.1~all_pu,EXPLOSIVE 4.9 AND UP,24,EXPLOSIVE 4.9 AND UP,all_pu,14.7,2.6,2.1,SPRAY PAINTING,SPRAY PAINTING,750.0,750.0,0.0,PASS,,,
EXPLOSIVE_4.9_AND_UP~L14.7~W2.6~H2.1~all_pu,EXPLOSIVE 4.9 AND UP,24,EXPLOSIVE 4.9 AND UP,all_pu,14.7,2.6,2.1,REFLEXITE TAPE,REFLEXITE TAPE,578.7,578.7,0.0,PASS,,,
EXPLOSIVE_4.9_AND_UP~L14.7~W2.6~H2.1~srd,EXPLOSIVE 4.9 AND UP,24,EXPLOSIVE 4.9 AND UP,srd,14.7,2.6,2.1,FRONT,FRONT,4798.79966,4798.75,0.001,PASS,,,
EXPLOSIVE_4.9_AND_UP~L14.7~W2.6~H2.1~srd,EXPLOSIVE 4.9 AND UP,24,EXPLOSIVE 4.9 AND UP,srd,14.7,2.6,2.1,SRD,SRD,6017.703527,4454.64,25.974,ACCEPTED,,BOTH PU (-1463.01) [ZERO_FORMULA],"[MES] DEV: the single-rear-door PU line carries a literal x0 quantity formula (2.44*1.22*0*2) on the freezer, icecream and explosive bodies: PU on an SRD prices at R0 (-R1.5k to -R2.2k per quote). Prod has the opposite defect on the same line (R4 100 raw rate, +R23k) - see accepted_differences.prod.yaml."
EXPLOSIVE_4.9_AND_UP~L14.7~W2.6~H2.1~srd,EXPLOSIVE 4.9 AND UP,24,EXPLOSIVE 4.9 AND UP,srd,14.7,2.6,2.1,SRD DOOR FITTINGS,SRD DOOR FITTINGS,5840.59824,6250.21,7.013,ACCEPTED,,PRICE_DIFF CSLB HINGES (+293.46),"[DATA] SRD DOOR FITTINGS on every body: MES CSLB HINGES R293.46 x2 (Excel R146.73 x2 - the pair price applied per hinge) and SILPLUS X WHITE R232.30 (Excel R116.15); per body also 34MM LOCKING POLE R126 (Excel R42), 28782 BIG HORIZ CAPPING R197.20 (Excel R240.58), ALU CORNERS R45 (Excel R54.90), 28780 BIG VERTICAL renamed 28778; Burt prices 2317 DOOR RUBBER / 28777 DOOR CAPPING at R0 on some sheets."
EXPLOSIVE_4.9_AND_UP~L14.7~W2.6~H2.1~srd,EXPLOSIVE 4.9 AND UP,24,EXPLOSIVE 4.9 AND UP,srd,14.7,2.6,2.1,DRD,,0.0,,,SKIP,,,
EXPLOSIVE_4.9_AND_UP~L14.7~W2.6~H2.1~srd,EXPLOSIVE 4.9 AND UP,24,EXPLOSIVE 4.9 AND UP,srd,14.7,2.6,2.1,DRD DOOR FITTINGS,,0.0,,,SKIP,,,
EXPLOSIVE_4.9_AND_UP~L14.7~W2.6~H2.1~srd,EXPLOSIVE 4.9 AND UP,24,EXPLOSIVE 4.9 AND UP,srd,14.7,2.6,2.1,SIDES,SIDES,55968.275597,55969.52,0.002,PASS,,,
EXPLOSIVE_4.9_AND_UP~L14.7~W2.6~H2.1~srd,EXPLOSIVE 4.9 AND UP,24,EXPLOSIVE 4.9 AND UP,srd,14.7,2.6,2.1,ROOF,ROOF,33562.997144,33562.61,0.001,PASS,,,
EXPLOSIVE_4.9_AND_UP~L14.7~W2.6~H2.1~srd,EXPLOSIVE 4.9 AND UP,24,EXPLOSIVE 4.9 AND UP,srd,14.7,2.6,2.1,FLOOR,FLOOR,91048.910099,91048.87,0.0,PASS,,,
EXPLOSIVE_4.9_AND_UP~L14.7~W2.6~H2.1~srd,EXPLOSIVE 4.9 AND UP,24,EXPLOSIVE 4.9 AND UP,srd,14.7,2.6,2.1,ALUMINIUM,ALUMINIUM,20163.515,20163.51,0.0,PASS,,,
EXPLOSIVE_4.9_AND_UP~L14.7~W2.6~H2.1~srd,EXPLOSIVE 4.9 AND UP,24,EXPLOSIVE 4.9 AND UP,srd,14.7,2.6,2.1,SUB FRAME + LIGHT BOX ASSY,SUB FRAME + LIGHT BOX ASSY,17524.174337,17284.45,1.368,ACCEPTED,,MISSING_IN_MES 1MM GALV PLATE (-239.72),"[DATA] Burt's 1MM GALV PLATE line (R157-R240): missing from the MES BOM on CHILLER 2.3, CHILLER LARGE, FREEZER MEDIUM and the explosive bodies; CHILLER MEDIUM carries 1.2MM GALV PLATE at R449.52 (or, since 26 Sep on dev, a 1MM line at another price)."
EXPLOSIVE_4.9_AND_UP~L14.7~W2.6~H2.1~srd,EXPLOSIVE 4.9 AND UP,24,EXPLOSIVE 4.9 AND UP,srd,14.7,2.6,2.1,REAR FRAME + FLOOR PLATE,REAR FRAME & FLOOR PLATE,0.0,10501.6,,ACCEPTED,EXTRA_IN_MES,,"[RULING] Burt gates REAR FRAME + FLOOR PLATE on the DRD flags, so a single-rear-door body carries R0 there; MES always includes the section (R2.4k-R5.5k). Which is right needs Burt/Michael."
EXPLOSIVE_4.9_AND_UP~L14.7~W2.6~H2.1~srd,EXPLOSIVE 4.9 AND UP,24,EXPLOSIVE 4.9 AND UP,srd,14.7,2.6,2.1,SPRAY PAINTING,SPRAY PAINTING,750.0,750.0,0.0,PASS,,,
EXPLOSIVE_4.9_AND_UP~L14.7~W2.6~H2.1~srd,EXPLOSIVE 4.9 AND UP,24,EXPLOSIVE 4.9 AND UP,srd,14.7,2.6,2.1,REFLEXITE TAPE,REFLEXITE TAPE,578.7,578.7,0.0,PASS,,,
EXPLOSIVE_4.9_AND_UP~L14.7~W2.6~H2.1~drd,EXPLOSIVE 4.9 AND UP,24,EXPLOSIVE 4.9 AND UP,drd,14.7,2.6,2.1,FRONT,FRONT,4798.79966,4798.75,0.001,PASS,,,
EXPLOSIVE_4.9_AND_UP~L14.7~W2.6~H2.1~drd,EXPLOSIVE 4.9 AND UP,24,EXPLOSIVE 4.9 AND UP,drd,14.7,2.6,2.1,SRD,,0.0,,,SKIP,,,
EXPLOSIVE_4.9_AND_UP~L14.7~W2.6~H2.1~drd,EXPLOSIVE 4.9 AND UP,24,EXPLOSIVE 4.9 AND UP,drd,14.7,2.6,2.1,SRD DOOR FITTINGS,,0.0,,,SKIP,,,
EXPLOSIVE_4.9_AND_UP~L14.7~W2.6~H2.1~drd,EXPLOSIVE 4.9 AND UP,24,EXPLOSIVE 4.9 AND UP,drd,14.7,2.6,2.1,DRD,DRD,6420.583372,6220.69,3.113,ACCEPTED,,GROUP_DIFF 130*62MM TAPPING BLOCKS ~ 1 MES line(s) (-200.00),"[DATA] 130*62MM TAPPING BLOCKS: Excel 2 x R234 per size (R936 a double door) vs MES 6 x R68 per size (R816): R60 per size, 1-3 % of the door section."
EXPLOSIVE_4.9_AND_UP~L14.7~W2.6~H2.1~drd,EXPLOSIVE 4.9 AND UP,24,EXPLOSIVE 4.9 AND UP,drd,14.7,2.6,2.1,DRD DOOR FITTINGS,DRD DOOR FITTINGS,5831.01018,5831.01,0.0,PASS,,,
EXPLOSIVE_4.9_AND_UP~L14.7~W2.6~H2.1~drd,EXPLOSIVE 4.9 AND UP,24,EXPLOSIVE 4.9 AND UP,drd,14.7,2.6,2.1,SIDES,SIDES,55968.275597,55969.52,0.002,PASS,,,
EXPLOSIVE_4.9_AND_UP~L14.7~W2.6~H2.1~drd,EXPLOSIVE 4.9 AND UP,24,EXPLOSIVE 4.9 AND UP,drd,14.7,2.6,2.1,ROOF,ROOF,33562.997144,33562.61,0.001,PASS,,,
EXPLOSIVE_4.9_AND_UP~L14.7~W2.6~H2.1~drd,EXPLOSIVE 4.9 AND UP,24,EXPLOSIVE 4.9 AND UP,drd,14.7,2.6,2.1,FLOOR,FLOOR,91048.910099,91048.87,0.0,PASS,,,
EXPLOSIVE_4.9_AND_UP~L14.7~W2.6~H2.1~drd,EXPLOSIVE 4.9 AND UP,24,EXPLOSIVE 4.9 AND UP,drd,14.7,2.6,2.1,ALUMINIUM,ALUMINIUM,20163.515,20163.51,0.0,PASS,,,
EXPLOSIVE_4.9_AND_UP~L14.7~W2.6~H2.1~drd,EXPLOSIVE 4.9 AND UP,24,EXPLOSIVE 4.9 AND UP,drd,14.7,2.6,2.1,SUB FRAME + LIGHT BOX ASSY,SUB FRAME + LIGHT BOX ASSY,17524.174337,17284.45,1.368,ACCEPTED,,MISSING_IN_MES 1MM GALV PLATE (-239.72),"[DATA] Burt's 1MM GALV PLATE line (R157-R240): missing from the MES BOM on CHILLER 2.3, CHILLER LARGE, FREEZER MEDIUM and the explosive bodies; CHILLER MEDIUM carries 1.2MM GALV PLATE at R449.52 (or, since 26 Sep on dev, a 1MM line at another price)."
EXPLOSIVE_4.9_AND_UP~L14.7~W2.6~H2.1~drd,EXPLOSIVE 4.9 AND UP,24,EXPLOSIVE 4.9 AND UP,drd,14.7,2.6,2.1,REAR FRAME + FLOOR PLATE,REAR FRAME & FLOOR PLATE,10501.597443,10501.6,0.0,PASS,,,
EXPLOSIVE_4.9_AND_UP~L14.7~W2.6~H2.1~drd,EXPLOSIVE 4.9 AND UP,24,EXPLOSIVE 4.9 AND UP,drd,14.7,2.6,2.1,SPRAY PAINTING,SPRAY PAINTING,750.0,750.0,0.0,PASS,,,
EXPLOSIVE_4.9_AND_UP~L14.7~W2.6~H2.1~drd,EXPLOSIVE 4.9 AND UP,24,EXPLOSIVE 4.9 AND UP,drd,14.7,2.6,2.1,REFLEXITE TAPE,REFLEXITE TAPE,578.7,578.7,0.0,PASS,,,
EXPLOSIVE_4.9_AND_UP~L14.7~W2.6~H2.1~foam_4g,EXPLOSIVE 4.9 AND UP,24,EXPLOSIVE 4.9 AND UP,foam_4g,14.7,2.6,2.1,FRONT,FRONT,5123.517155,5123.46,0.001,PASS,,,
EXPLOSIVE_4.9_AND_UP~L14.7~W2.6~H2.1~foam_4g,EXPLOSIVE 4.9 AND UP,24,EXPLOSIVE 4.9 AND UP,foam_4g,14.7,2.6,2.1,SRD,,0.0,,,SKIP,,,
EXPLOSIVE_4.9_AND_UP~L14.7~W2.6~H2.1~foam_4g,EXPLOSIVE 4.9 AND UP,24,EXPLOSIVE 4.9 AND UP,foam_4g,14.7,2.6,2.1,SRD DOOR FITTINGS,,0.0,,,SKIP,,,
EXPLOSIVE_4.9_AND_UP~L14.7~W2.6~H2.1~foam_4g,EXPLOSIVE 4.9 AND UP,24,EXPLOSIVE 4.9 AND UP,foam_4g,14.7,2.6,2.1,DRD,DRD,6745.300868,6545.41,2.963,ACCEPTED,,GROUP_DIFF 130*62MM TAPPING BLOCKS ~ 1 MES line(s) (-200.00),"[DATA] 130*62MM TAPPING BLOCKS: Excel 2 x R234 per size (R936 a double door) vs MES 6 x R68 per size (R816): R60 per size, 1-3 % of the door section."
EXPLOSIVE_4.9_AND_UP~L14.7~W2.6~H2.1~foam_4g,EXPLOSIVE 4.9 AND UP,24,EXPLOSIVE 4.9 AND UP,foam_4g,14.7,2.6,2.1,DRD DOOR FITTINGS,DRD DOOR FITTINGS,5831.01018,5831.01,0.0,PASS,,,
EXPLOSIVE_4.9_AND_UP~L14.7~W2.6~H2.1~foam_4g,EXPLOSIVE 4.9 AND UP,24,EXPLOSIVE 4.9 AND UP,foam_4g,14.7,2.6,2.1,SIDES,SIDES,59894.163347,59895.41,0.002,PASS,,,
EXPLOSIVE_4.9_AND_UP~L14.7~W2.6~H2.1~foam_4g,EXPLOSIVE 4.9 AND UP,24,EXPLOSIVE 4.9 AND UP,foam_4g,14.7,2.6,2.1,ROOF,ROOF,35525.941019,35525.55,0.001,PASS,,,
EXPLOSIVE_4.9_AND_UP~L14.7~W2.6~H2.1~foam_4g,EXPLOSIVE 4.9 AND UP,24,EXPLOSIVE 4.9 AND UP,foam_4g,14.7,2.6,2.1,FLOOR,FLOOR,91048.910099,91048.87,0.0,PASS,,,
EXPLOSIVE_4.9_AND_UP~L14.7~W2.6~H2.1~foam_4g,EXPLOSIVE 4.9 AND UP,24,EXPLOSIVE 4.9 AND UP,foam_4g,14.7,2.6,2.1,ALUMINIUM,ALUMINIUM,20163.515,20163.51,0.0,PASS,,,
EXPLOSIVE_4.9_AND_UP~L14.7~W2.6~H2.1~foam_4g,EXPLOSIVE 4.9 AND UP,24,EXPLOSIVE 4.9 AND UP,foam_4g,14.7,2.6,2.1,SUB FRAME + LIGHT BOX ASSY,SUB FRAME + LIGHT BOX ASSY,17524.174337,17284.45,1.368,ACCEPTED,,MISSING_IN_MES 1MM GALV PLATE (-239.72),"[DATA] Burt's 1MM GALV PLATE line (R157-R240): missing from the MES BOM on CHILLER 2.3, CHILLER LARGE, FREEZER MEDIUM and the explosive bodies; CHILLER MEDIUM carries 1.2MM GALV PLATE at R449.52 (or, since 26 Sep on dev, a 1MM line at another price)."
EXPLOSIVE_4.9_AND_UP~L14.7~W2.6~H2.1~foam_4g,EXPLOSIVE 4.9 AND UP,24,EXPLOSIVE 4.9 AND UP,foam_4g,14.7,2.6,2.1,REAR FRAME + FLOOR PLATE,REAR FRAME & FLOOR PLATE,10501.597443,10501.6,0.0,PASS,,,
EXPLOSIVE_4.9_AND_UP~L14.7~W2.6~H2.1~foam_4g,EXPLOSIVE 4.9 AND UP,24,EXPLOSIVE 4.9 AND UP,foam_4g,14.7,2.6,2.1,SPRAY PAINTING,SPRAY PAINTING,750.0,750.0,0.0,PASS,,,
EXPLOSIVE_4.9_AND_UP~L14.7~W2.6~H2.1~foam_4g,EXPLOSIVE 4.9 AND UP,24,EXPLOSIVE 4.9 AND UP,foam_4g,14.7,2.6,2.1,REFLEXITE TAPE,REFLEXITE TAPE,578.7,578.7,0.0,PASS,,,
