scenario_id,sheet,trailer_id,trailer_name,variant,length,width,height,section_excel,section_mes,excel_total,mes_total,variance_pct,status,reason,likely_cause,accepted_reason
"ICECREAM_UP_TO_3,2~L2.4~W2.1~H2~as_sheet","icecream up to 3,2",16,"ICECREAM UP TO 3,2",as_sheet,2.4,2.1,2.0,FRONT,FRONT,4313.126743,4313.1,0.001,PASS,,,
"ICECREAM_UP_TO_3,2~L2.4~W2.1~H2~as_sheet","icecream up to 3,2",16,"ICECREAM UP TO 3,2",as_sheet,2.4,2.1,2.0,SRD,,0.0,,,SKIP,,,
"ICECREAM_UP_TO_3,2~L2.4~W2.1~H2~as_sheet","icecream up to 3,2",16,"ICECREAM UP TO 3,2",as_sheet,2.4,2.1,2.0,SRD DOOR FITTINGS,,0.0,,,SKIP,,,
"ICECREAM_UP_TO_3,2~L2.4~W2.1~H2~as_sheet","icecream up to 3,2",16,"ICECREAM UP TO 3,2",as_sheet,2.4,2.1,2.0,DRD,DRD,5448.993893,5361.32,1.609,ACCEPTED,,GROUP_DIFF 130*62MM TAPPING BLOCKS ~ 2 MES line(s) (-87.72),"[DATA] 130*62MM TAPPING BLOCKS: Excel 2 x R234 per size (R936 a double door) vs MES 6 x R68 per size (R816): R60 per size, 1-3 % of the door section."
"ICECREAM_UP_TO_3,2~L2.4~W2.1~H2~as_sheet","icecream up to 3,2",16,"ICECREAM UP TO 3,2",as_sheet,2.4,2.1,2.0,DRD DOOR FITTINGS,DRD DOOR FITTINGS,5301.60678,5301.61,0.0,PASS,,,
"ICECREAM_UP_TO_3,2~L2.4~W2.1~H2~as_sheet","icecream up to 3,2",16,"ICECREAM UP TO 3,2",as_sheet,2.4,2.1,2.0,SIDES,SIDES,9907.506064,9907.64,0.001,PASS,,,
"ICECREAM_UP_TO_3,2~L2.4~W2.1~H2~as_sheet","icecream up to 3,2",16,"ICECREAM UP TO 3,2",as_sheet,2.4,2.1,2.0,ROOF,ROOF,5128.06818,5128.03,0.001,PASS,,,
"ICECREAM_UP_TO_3,2~L2.4~W2.1~H2~as_sheet","icecream up to 3,2",16,"ICECREAM UP TO 3,2",as_sheet,2.4,2.1,2.0,FLOOR,FLOOR,9021.659641,22683.72,151.436,ACCEPTED,,EXTRA_IN_MES ALU EXTRUTION FLOOR (+13662.06),"[MES] master ALU EXTRUTION FLOOR defaults ON for ICECREAM UP TO 3,2 and UP TO 4.8 and adds R13k-R27k (13 x length m at R428.95); Burt's sheets have no such line or flag."
"ICECREAM_UP_TO_3,2~L2.4~W2.1~H2~as_sheet","icecream up to 3,2",16,"ICECREAM UP TO 3,2",as_sheet,2.4,2.1,2.0,ALUMINIUM,ALUMINIUM,5165.769,5197.83,0.621,PASS,,,
"ICECREAM_UP_TO_3,2~L2.4~W2.1~H2~as_sheet","icecream up to 3,2",16,"ICECREAM UP TO 3,2",as_sheet,2.4,2.1,2.0,SUB FRAME + LIGHT BOX ASSY,SUB FRAME + LIGHT BOX ASSY,3035.374104,3035.37,0.0,PASS,,,
"ICECREAM_UP_TO_3,2~L2.4~W2.1~H2~as_sheet","icecream up to 3,2",16,"ICECREAM UP TO 3,2",as_sheet,2.4,2.1,2.0,REAR FRAME + FLOOR PLATE,REAR FRAME & FLOOR PLATE,2834.109344,2892.91,2.075,ACCEPTED,,PRICE_DIFF 3MM 3CR12 FLOOR PLATE (+58.80),"[DATA] 3MM 3CR12 FLOOR PLATE priced R1 040.16 in MES vs R965.76 on Burt's sheet (+R59-R63, 2-3 % of the section)."
"ICECREAM_UP_TO_3,2~L2.4~W2.1~H2~as_sheet","icecream up to 3,2",16,"ICECREAM UP TO 3,2",as_sheet,2.4,2.1,2.0,SPRAY PAINTING,SPRAY PAINTING,750.0,750.0,0.0,PASS,,,
"ICECREAM_UP_TO_3,2~L2.4~W2.1~H2~all_eps","icecream up to 3,2",16,"ICECREAM UP TO 3,2",all_eps,2.4,2.1,2.0,FRONT,FRONT,1899.640694,2391.71,,UNVERIFIABLE,EXCEL_NO_PRICE:EPS,,
"ICECREAM_UP_TO_3,2~L2.4~W2.1~H2~all_eps","icecream up to 3,2",16,"ICECREAM UP TO 3,2",all_eps,2.4,2.1,2.0,SRD,,0.0,,,SKIP,,,
"ICECREAM_UP_TO_3,2~L2.4~W2.1~H2~all_eps","icecream up to 3,2",16,"ICECREAM UP TO 3,2",all_eps,2.4,2.1,2.0,SRD DOOR FITTINGS,,0.0,,,SKIP,,,
"ICECREAM_UP_TO_3,2~L2.4~W2.1~H2~all_eps","icecream up to 3,2",16,"ICECREAM UP TO 3,2",all_eps,2.4,2.1,2.0,DRD,DRD,2995.51271,3731.33,,UNVERIFIABLE,EXCEL_NO_PRICE:EPS,,
"ICECREAM_UP_TO_3,2~L2.4~W2.1~H2~all_eps","icecream up to 3,2",16,"ICECREAM UP TO 3,2",all_eps,2.4,2.1,2.0,DRD DOOR FITTINGS,DRD DOOR FITTINGS,5276.95354,5301.61,0.467,PASS,,,
"ICECREAM_UP_TO_3,2~L2.4~W2.1~H2~all_eps","icecream up to 3,2",16,"ICECREAM UP TO 3,2",all_eps,2.4,2.1,2.0,SIDES,SIDES,4877.188316,5010.94,,UNVERIFIABLE,EXCEL_NO_PRICE:EPS,,
"ICECREAM_UP_TO_3,2~L2.4~W2.1~H2~all_eps","icecream up to 3,2",16,"ICECREAM UP TO 3,2",all_eps,2.4,2.1,2.0,ROOF,ROOF,2679.720105,2679.69,,UNVERIFIABLE,EXCEL_NO_PRICE:EPS,,
"ICECREAM_UP_TO_3,2~L2.4~W2.1~H2~all_eps","icecream up to 3,2",16,"ICECREAM UP TO 3,2",all_eps,2.4,2.1,2.0,FLOOR,FLOOR,6573.311566,20235.37,,UNVERIFIABLE,EXCEL_NO_PRICE:EPS,,
"ICECREAM_UP_TO_3,2~L2.4~W2.1~H2~all_eps","icecream up to 3,2",16,"ICECREAM UP TO 3,2",all_eps,2.4,2.1,2.0,ALUMINIUM,ALUMINIUM,5165.769,5197.83,0.621,PASS,,,
"ICECREAM_UP_TO_3,2~L2.4~W2.1~H2~all_eps","icecream up to 3,2",16,"ICECREAM UP TO 3,2",all_eps,2.4,2.1,2.0,SUB FRAME + LIGHT BOX ASSY,SUB FRAME + LIGHT BOX ASSY,3035.374104,3035.37,0.0,PASS,,,
"ICECREAM_UP_TO_3,2~L2.4~W2.1~H2~all_eps","icecream up to 3,2",16,"ICECREAM UP TO 3,2",all_eps,2.4,2.1,2.0,REAR FRAME + FLOOR PLATE,REAR FRAME & FLOOR PLATE,2866.249837,2892.91,0.93,PASS,,,
"ICECREAM_UP_TO_3,2~L2.4~W2.1~H2~all_eps","icecream up to 3,2",16,"ICECREAM UP TO 3,2",all_eps,2.4,2.1,2.0,SPRAY PAINTING,SPRAY PAINTING,750.0,750.0,0.0,PASS,,,
"ICECREAM_UP_TO_3,2~L2.4~W2.1~H2~all_pu","icecream up to 3,2",16,"ICECREAM UP TO 3,2",all_pu,2.4,2.1,2.0,FRONT,FRONT,4313.126743,4313.1,0.001,PASS,,,
"ICECREAM_UP_TO_3,2~L2.4~W2.1~H2~all_pu","icecream up to 3,2",16,"ICECREAM UP TO 3,2",all_pu,2.4,2.1,2.0,SRD,,0.0,,,SKIP,,,
"ICECREAM_UP_TO_3,2~L2.4~W2.1~H2~all_pu","icecream up to 3,2",16,"ICECREAM UP TO 3,2",all_pu,2.4,2.1,2.0,SRD DOOR FITTINGS,,0.0,,,SKIP,,,
"ICECREAM_UP_TO_3,2~L2.4~W2.1~H2~all_pu","icecream up to 3,2",16,"ICECREAM UP TO 3,2",all_pu,2.4,2.1,2.0,DRD,DRD,5448.993893,5361.32,1.609,ACCEPTED,,GROUP_DIFF 130*62MM TAPPING BLOCKS ~ 2 MES line(s) (-87.72),"[DATA] 130*62MM TAPPING BLOCKS: Excel 2 x R234 per size (R936 a double door) vs MES 6 x R68 per size (R816): R60 per size, 1-3 % of the door section."
"ICECREAM_UP_TO_3,2~L2.4~W2.1~H2~all_pu","icecream up to 3,2",16,"ICECREAM UP TO 3,2",all_pu,2.4,2.1,2.0,DRD DOOR FITTINGS,DRD DOOR FITTINGS,5301.60678,5301.61,0.0,PASS,,,
"ICECREAM_UP_TO_3,2~L2.4~W2.1~H2~all_pu","icecream up to 3,2",16,"ICECREAM UP TO 3,2",all_pu,2.4,2.1,2.0,SIDES,SIDES,9907.506064,9907.64,0.001,PASS,,,
"ICECREAM_UP_TO_3,2~L2.4~W2.1~H2~all_pu","icecream up to 3,2",16,"ICECREAM UP TO 3,2",all_pu,2.4,2.1,2.0,ROOF,ROOF,5128.06818,5128.03,0.001,PASS,,,
"ICECREAM_UP_TO_3,2~L2.4~W2.1~H2~all_pu","icecream up to 3,2",16,"ICECREAM UP TO 3,2",all_pu,2.4,2.1,2.0,FLOOR,FLOOR,9021.659641,22683.72,151.436,ACCEPTED,,EXTRA_IN_MES ALU EXTRUTION FLOOR (+13662.06),"[MES] master ALU EXTRUTION FLOOR defaults ON for ICECREAM UP TO 3,2 and UP TO 4.8 and adds R13k-R27k (13 x length m at R428.95); Burt's sheets have no such line or flag."
"ICECREAM_UP_TO_3,2~L2.4~W2.1~H2~all_pu","icecream up to 3,2",16,"ICECREAM UP TO 3,2",all_pu,2.4,2.1,2.0,ALUMINIUM,ALUMINIUM,5165.769,5197.83,0.621,PASS,,,
"ICECREAM_UP_TO_3,2~L2.4~W2.1~H2~all_pu","icecream up to 3,2",16,"ICECREAM UP TO 3,2",all_pu,2.4,2.1,2.0,SUB FRAME + LIGHT BOX ASSY,SUB FRAME + LIGHT BOX ASSY,3035.374104,3035.37,0.0,PASS,,,
"ICECREAM_UP_TO_3,2~L2.4~W2.1~H2~all_pu","icecream up to 3,2",16,"ICECREAM UP TO 3,2",all_pu,2.4,2.1,2.0,REAR FRAME + FLOOR PLATE,REAR FRAME & FLOOR PLATE,2834.109344,2892.91,2.075,ACCEPTED,,PRICE_DIFF 3MM 3CR12 FLOOR PLATE (+58.80),"[DATA] 3MM 3CR12 FLOOR PLATE priced R1 040.16 in MES vs R965.76 on Burt's sheet (+R59-R63, 2-3 % of the section)."
"ICECREAM_UP_TO_3,2~L2.4~W2.1~H2~all_pu","icecream up to 3,2",16,"ICECREAM UP TO 3,2",all_pu,2.4,2.1,2.0,SPRAY PAINTING,SPRAY PAINTING,750.0,750.0,0.0,PASS,,,
"ICECREAM_UP_TO_3,2~L2.4~W2.1~H2~srd","icecream up to 3,2",16,"ICECREAM UP TO 3,2",srd,2.4,2.1,2.0,FRONT,FRONT,4313.126743,4313.1,0.001,PASS,,,
"ICECREAM_UP_TO_3,2~L2.4~W2.1~H2~srd","icecream up to 3,2",16,"ICECREAM UP TO 3,2",srd,2.4,2.1,2.0,SRD,SRD,4377.509816,2826.75,35.426,ACCEPTED,,BOTH PU (-1463.01) [ZERO_FORMULA],"[MES] DEV: the single-rear-door PU line carries a literal x0 quantity formula (2.44*1.22*0*2) on the freezer, icecream and explosive bodies: PU on an SRD prices at R0 (-R1.5k to -R2.2k per quote). Prod has the opposite defect on the same line (R4 100 raw rate, +R23k) - see accepted_differences.prod.yaml."
"ICECREAM_UP_TO_3,2~L2.4~W2.1~H2~srd","icecream up to 3,2",16,"ICECREAM UP TO 3,2",srd,2.4,2.1,2.0,SRD DOOR FITTINGS,SRD DOOR FITTINGS,6586.92674,7368.22,11.861,ACCEPTED,,PRICE_DIFF SILPLUS X WHITE SILICONE (+487.83),"[DATA] SRD DOOR FITTINGS on every body: MES CSLB HINGES R293.46 x2 (Excel R146.73 x2 - the pair price applied per hinge) and SILPLUS X WHITE R232.30 (Excel R116.15); per body also 34MM LOCKING POLE R126 (Excel R42), 28782 BIG HORIZ CAPPING R197.20 (Excel R240.58), ALU CORNERS R45 (Excel R54.90), 28780 BIG VERTICAL renamed 28778; Burt prices 2317 DOOR RUBBER / 28777 DOOR CAPPING at R0 on some sheets."
"ICECREAM_UP_TO_3,2~L2.4~W2.1~H2~srd","icecream up to 3,2",16,"ICECREAM UP TO 3,2",srd,2.4,2.1,2.0,DRD,,0.0,,,SKIP,,,
"ICECREAM_UP_TO_3,2~L2.4~W2.1~H2~srd","icecream up to 3,2",16,"ICECREAM UP TO 3,2",srd,2.4,2.1,2.0,DRD DOOR FITTINGS,,0.0,,,SKIP,,,
"ICECREAM_UP_TO_3,2~L2.4~W2.1~H2~srd","icecream up to 3,2",16,"ICECREAM UP TO 3,2",srd,2.4,2.1,2.0,SIDES,SIDES,9907.506064,9907.64,0.001,PASS,,,
"ICECREAM_UP_TO_3,2~L2.4~W2.1~H2~srd","icecream up to 3,2",16,"ICECREAM UP TO 3,2",srd,2.4,2.1,2.0,ROOF,ROOF,5128.06818,5128.03,0.001,PASS,,,
"ICECREAM_UP_TO_3,2~L2.4~W2.1~H2~srd","icecream up to 3,2",16,"ICECREAM UP TO 3,2",srd,2.4,2.1,2.0,FLOOR,FLOOR,9021.659641,22683.72,151.436,ACCEPTED,,EXTRA_IN_MES ALU EXTRUTION FLOOR (+13662.06),"[MES] master ALU EXTRUTION FLOOR defaults ON for ICECREAM UP TO 3,2 and UP TO 4.8 and adds R13k-R27k (13 x length m at R428.95); Burt's sheets have no such line or flag."
"ICECREAM_UP_TO_3,2~L2.4~W2.1~H2~srd","icecream up to 3,2",16,"ICECREAM UP TO 3,2",srd,2.4,2.1,2.0,ALUMINIUM,ALUMINIUM,5165.769,5197.83,0.621,PASS,,,
"ICECREAM_UP_TO_3,2~L2.4~W2.1~H2~srd","icecream up to 3,2",16,"ICECREAM UP TO 3,2",srd,2.4,2.1,2.0,SUB FRAME + LIGHT BOX ASSY,SUB FRAME + LIGHT BOX ASSY,3035.374104,3035.37,0.0,PASS,,,
"ICECREAM_UP_TO_3,2~L2.4~W2.1~H2~srd","icecream up to 3,2",16,"ICECREAM UP TO 3,2",srd,2.4,2.1,2.0,REAR FRAME + FLOOR PLATE,REAR FRAME & FLOOR PLATE,0.0,2892.91,,ACCEPTED,EXTRA_IN_MES,PRICE_DIFF 3MM 3CR12 FLOOR PLATE (+58.80),"[RULING] Burt gates REAR FRAME + FLOOR PLATE on the DRD flags, so a single-rear-door body carries R0 there; MES always includes the section (R2.4k-R5.5k). Which is right needs Burt/Michael."
"ICECREAM_UP_TO_3,2~L2.4~W2.1~H2~srd","icecream up to 3,2",16,"ICECREAM UP TO 3,2",srd,2.4,2.1,2.0,SPRAY PAINTING,SPRAY PAINTING,750.0,750.0,0.0,PASS,,,
"ICECREAM_UP_TO_3,2~L2.4~W2.1~H2~drd","icecream up to 3,2",16,"ICECREAM UP TO 3,2",drd,2.4,2.1,2.0,FRONT,FRONT,4313.126743,4313.1,0.001,PASS,,,
"ICECREAM_UP_TO_3,2~L2.4~W2.1~H2~drd","icecream up to 3,2",16,"ICECREAM UP TO 3,2",drd,2.4,2.1,2.0,SRD,,0.0,,,SKIP,,,
"ICECREAM_UP_TO_3,2~L2.4~W2.1~H2~drd","icecream up to 3,2",16,"ICECREAM UP TO 3,2",drd,2.4,2.1,2.0,SRD DOOR FITTINGS,,0.0,,,SKIP,,,
"ICECREAM_UP_TO_3,2~L2.4~W2.1~H2~drd","icecream up to 3,2",16,"ICECREAM UP TO 3,2",drd,2.4,2.1,2.0,DRD,DRD,5448.993893,5361.32,1.609,ACCEPTED,,GROUP_DIFF 130*62MM TAPPING BLOCKS ~ 2 MES line(s) (-87.72),"[DATA] 130*62MM TAPPING BLOCKS: Excel 2 x R234 per size (R936 a double door) vs MES 6 x R68 per size (R816): R60 per size, 1-3 % of the door section."
"ICECREAM_UP_TO_3,2~L2.4~W2.1~H2~drd","icecream up to 3,2",16,"ICECREAM UP TO 3,2",drd,2.4,2.1,2.0,DRD DOOR FITTINGS,DRD DOOR FITTINGS,5301.60678,5301.61,0.0,PASS,,,
"ICECREAM_UP_TO_3,2~L2.4~W2.1~H2~drd","icecream up to 3,2",16,"ICECREAM UP TO 3,2",drd,2.4,2.1,2.0,SIDES,SIDES,9907.506064,9907.64,0.001,PASS,,,
"ICECREAM_UP_TO_3,2~L2.4~W2.1~H2~drd","icecream up to 3,2",16,"ICECREAM UP TO 3,2",drd,2.4,2.1,2.0,ROOF,ROOF,5128.06818,5128.03,0.001,PASS,,,
"ICECREAM_UP_TO_3,2~L2.4~W2.1~H2~drd","icecream up to 3,2",16,"ICECREAM UP TO 3,2",drd,2.4,2.1,2.0,FLOOR,FLOOR,9021.659641,22683.72,151.436,ACCEPTED,,EXTRA_IN_MES ALU EXTRUTION FLOOR (+13662.06),"[MES] master ALU EXTRUTION FLOOR defaults ON for ICECREAM UP TO 3,2 and UP TO 4.8 and adds R13k-R27k (13 x length m at R428.95); Burt's sheets have no such line or flag."
"ICECREAM_UP_TO_3,2~L2.4~W2.1~H2~drd","icecream up to 3,2",16,"ICECREAM UP TO 3,2",drd,2.4,2.1,2.0,ALUMINIUM,ALUMINIUM,5165.769,5197.83,0.621,PASS,,,
"ICECREAM_UP_TO_3,2~L2.4~W2.1~H2~drd","icecream up to 3,2",16,"ICECREAM UP TO 3,2",drd,2.4,2.1,2.0,SUB FRAME + LIGHT BOX ASSY,SUB FRAME + LIGHT BOX ASSY,3035.374104,3035.37,0.0,PASS,,,
"ICECREAM_UP_TO_3,2~L2.4~W2.1~H2~drd","icecream up to 3,2",16,"ICECREAM UP TO 3,2",drd,2.4,2.1,2.0,REAR FRAME + FLOOR PLATE,REAR FRAME & FLOOR PLATE,2834.109344,2892.91,2.075,ACCEPTED,,PRICE_DIFF 3MM 3CR12 FLOOR PLATE (+58.80),"[DATA] 3MM 3CR12 FLOOR PLATE priced R1 040.16 in MES vs R965.76 on Burt's sheet (+R59-R63, 2-3 % of the section)."
"ICECREAM_UP_TO_3,2~L2.4~W2.1~H2~drd","icecream up to 3,2",16,"ICECREAM UP TO 3,2",drd,2.4,2.1,2.0,SPRAY PAINTING,SPRAY PAINTING,750.0,750.0,0.0,PASS,,,
"ICECREAM_UP_TO_3,2~L2.4~W2.1~H2~foam_4g","icecream up to 3,2",16,"ICECREAM UP TO 3,2",foam_4g,2.4,2.1,2.0,FRONT,FRONT,5086.263636,5086.24,0.0,PASS,,,
"ICECREAM_UP_TO_3,2~L2.4~W2.1~H2~foam_4g","icecream up to 3,2",16,"ICECREAM UP TO 3,2",foam_4g,2.4,2.1,2.0,SRD,,0.0,,,SKIP,,,
"ICECREAM_UP_TO_3,2~L2.4~W2.1~H2~foam_4g","icecream up to 3,2",16,"ICECREAM UP TO 3,2",foam_4g,2.4,2.1,2.0,SRD DOOR FITTINGS,,0.0,,,SKIP,,,
"ICECREAM_UP_TO_3,2~L2.4~W2.1~H2~foam_4g","icecream up to 3,2",16,"ICECREAM UP TO 3,2",foam_4g,2.4,2.1,2.0,DRD,DRD,6222.130786,6134.46,1.409,ACCEPTED,,GROUP_DIFF 130*62MM TAPPING BLOCKS ~ 2 MES line(s) (-87.72),"[DATA] 130*62MM TAPPING BLOCKS: Excel 2 x R234 per size (R936 a double door) vs MES 6 x R68 per size (R816): R60 per size, 1-3 % of the door section."
"ICECREAM_UP_TO_3,2~L2.4~W2.1~H2~foam_4g","icecream up to 3,2",16,"ICECREAM UP TO 3,2",foam_4g,2.4,2.1,2.0,DRD DOOR FITTINGS,DRD DOOR FITTINGS,5301.60678,5301.61,0.0,PASS,,,
"ICECREAM_UP_TO_3,2~L2.4~W2.1~H2~foam_4g","icecream up to 3,2",16,"ICECREAM UP TO 3,2",foam_4g,2.4,2.1,2.0,SIDES,SIDES,11460.117039,11460.25,0.001,PASS,,,
"ICECREAM_UP_TO_3,2~L2.4~W2.1~H2~foam_4g","icecream up to 3,2",16,"ICECREAM UP TO 3,2",foam_4g,2.4,2.1,2.0,ROOF,ROOF,5904.373667,5904.34,0.001,PASS,,,
"ICECREAM_UP_TO_3,2~L2.4~W2.1~H2~foam_4g","icecream up to 3,2",16,"ICECREAM UP TO 3,2",foam_4g,2.4,2.1,2.0,FLOOR,FLOOR,9797.965128,23460.02,139.438,ACCEPTED,,EXTRA_IN_MES ALU EXTRUTION FLOOR (+13662.06),"[MES] master ALU EXTRUTION FLOOR defaults ON for ICECREAM UP TO 3,2 and UP TO 4.8 and adds R13k-R27k (13 x length m at R428.95); Burt's sheets have no such line or flag."
"ICECREAM_UP_TO_3,2~L2.4~W2.1~H2~foam_4g","icecream up to 3,2",16,"ICECREAM UP TO 3,2",foam_4g,2.4,2.1,2.0,ALUMINIUM,ALUMINIUM,5165.769,5197.83,0.621,PASS,,,
"ICECREAM_UP_TO_3,2~L2.4~W2.1~H2~foam_4g","icecream up to 3,2",16,"ICECREAM UP TO 3,2",foam_4g,2.4,2.1,2.0,SUB FRAME + LIGHT BOX ASSY,SUB FRAME + LIGHT BOX ASSY,3035.374104,3035.37,0.0,PASS,,,
"ICECREAM_UP_TO_3,2~L2.4~W2.1~H2~foam_4g","icecream up to 3,2",16,"ICECREAM UP TO 3,2",foam_4g,2.4,2.1,2.0,REAR FRAME + FLOOR PLATE,REAR FRAME & FLOOR PLATE,2834.109344,2892.91,2.075,ACCEPTED,,PRICE_DIFF 3MM 3CR12 FLOOR PLATE (+58.80),"[DATA] 3MM 3CR12 FLOOR PLATE priced R1 040.16 in MES vs R965.76 on Burt's sheet (+R59-R63, 2-3 % of the section)."
"ICECREAM_UP_TO_3,2~L2.4~W2.1~H2~foam_4g","icecream up to 3,2",16,"ICECREAM UP TO 3,2",foam_4g,2.4,2.1,2.0,SPRAY PAINTING,SPRAY PAINTING,750.0,750.0,0.0,PASS,,,
"ICECREAM_UP_TO_3,2~L3.2~W2.1~H2~as_sheet","icecream up to 3,2",16,"ICECREAM UP TO 3,2",as_sheet,3.2,2.1,2.0,FRONT,FRONT,4313.126743,4313.1,0.001,PASS,,,
"ICECREAM_UP_TO_3,2~L3.2~W2.1~H2~as_sheet","icecream up to 3,2",16,"ICECREAM UP TO 3,2",as_sheet,3.2,2.1,2.0,SRD,,0.0,,,SKIP,,,
"ICECREAM_UP_TO_3,2~L3.2~W2.1~H2~as_sheet","icecream up to 3,2",16,"ICECREAM UP TO 3,2",as_sheet,3.2,2.1,2.0,SRD DOOR FITTINGS,,0.0,,,SKIP,,,
"ICECREAM_UP_TO_3,2~L3.2~W2.1~H2~as_sheet","icecream up to 3,2",16,"ICECREAM UP TO 3,2",as_sheet,3.2,2.1,2.0,DRD,DRD,5448.993893,5361.32,1.609,ACCEPTED,,GROUP_DIFF 130*62MM TAPPING BLOCKS ~ 2 MES line(s) (-87.72),"[DATA] 130*62MM TAPPING BLOCKS: Excel 2 x R234 per size (R936 a double door) vs MES 6 x R68 per size (R816): R60 per size, 1-3 % of the door section."
"ICECREAM_UP_TO_3,2~L3.2~W2.1~H2~as_sheet","icecream up to 3,2",16,"ICECREAM UP TO 3,2",as_sheet,3.2,2.1,2.0,DRD DOOR FITTINGS,DRD DOOR FITTINGS,5301.60678,5301.61,0.0,PASS,,,
"ICECREAM_UP_TO_3,2~L3.2~W2.1~H2~as_sheet","icecream up to 3,2",16,"ICECREAM UP TO 3,2",as_sheet,3.2,2.1,2.0,SIDES,SIDES,13044.701656,13044.87,0.001,PASS,,,
"ICECREAM_UP_TO_3,2~L3.2~W2.1~H2~as_sheet","icecream up to 3,2",16,"ICECREAM UP TO 3,2",as_sheet,3.2,2.1,2.0,ROOF,ROOF,6775.551843,6775.51,0.001,PASS,,,
"ICECREAM_UP_TO_3,2~L3.2~W2.1~H2~as_sheet","icecream up to 3,2",16,"ICECREAM UP TO 3,2",as_sheet,3.2,2.1,2.0,FLOOR,FLOOR,11635.464871,29758.6,155.758,ACCEPTED,,EXTRA_IN_MES ALU EXTRUTION FLOOR (+18123.14),"[MES] master ALU EXTRUTION FLOOR defaults ON for ICECREAM UP TO 3,2 and UP TO 4.8 and adds R13k-R27k (13 x length m at R428.95); Burt's sheets have no such line or flag."
"ICECREAM_UP_TO_3,2~L3.2~W2.1~H2~as_sheet","icecream up to 3,2",16,"ICECREAM UP TO 3,2",as_sheet,3.2,2.1,2.0,ALUMINIUM,ALUMINIUM,6154.425,6193.91,0.642,PASS,,,
"ICECREAM_UP_TO_3,2~L3.2~W2.1~H2~as_sheet","icecream up to 3,2",16,"ICECREAM UP TO 3,2",as_sheet,3.2,2.1,2.0,SUB FRAME + LIGHT BOX ASSY,SUB FRAME + LIGHT BOX ASSY,3198.210463,3198.21,0.0,PASS,,,
"ICECREAM_UP_TO_3,2~L3.2~W2.1~H2~as_sheet","icecream up to 3,2",16,"ICECREAM UP TO 3,2",as_sheet,3.2,2.1,2.0,REAR FRAME + FLOOR PLATE,REAR FRAME & FLOOR PLATE,2834.109344,2892.91,2.075,ACCEPTED,,PRICE_DIFF 3MM 3CR12 FLOOR PLATE (+58.80),"[DATA] 3MM 3CR12 FLOOR PLATE priced R1 040.16 in MES vs R965.76 on Burt's sheet (+R59-R63, 2-3 % of the section)."
"ICECREAM_UP_TO_3,2~L3.2~W2.1~H2~as_sheet","icecream up to 3,2",16,"ICECREAM UP TO 3,2",as_sheet,3.2,2.1,2.0,SPRAY PAINTING,SPRAY PAINTING,750.0,750.0,0.0,PASS,,,
"ICECREAM_UP_TO_3,2~L3.2~W2.1~H2~all_eps","icecream up to 3,2",16,"ICECREAM UP TO 3,2",all_eps,3.2,2.1,2.0,FRONT,FRONT,1899.640694,2391.71,,UNVERIFIABLE,EXCEL_NO_PRICE:EPS,,
"ICECREAM_UP_TO_3,2~L3.2~W2.1~H2~all_eps","icecream up to 3,2",16,"ICECREAM UP TO 3,2",all_eps,3.2,2.1,2.0,SRD,,0.0,,,SKIP,,,
"ICECREAM_UP_TO_3,2~L3.2~W2.1~H2~all_eps","icecream up to 3,2",16,"ICECREAM UP TO 3,2",all_eps,3.2,2.1,2.0,SRD DOOR FITTINGS,,0.0,,,SKIP,,,
"ICECREAM_UP_TO_3,2~L3.2~W2.1~H2~all_eps","icecream up to 3,2",16,"ICECREAM UP TO 3,2",all_eps,3.2,2.1,2.0,DRD,DRD,2995.51271,3731.33,,UNVERIFIABLE,EXCEL_NO_PRICE:EPS,,
"ICECREAM_UP_TO_3,2~L3.2~W2.1~H2~all_eps","icecream up to 3,2",16,"ICECREAM UP TO 3,2",all_eps,3.2,2.1,2.0,DRD DOOR FITTINGS,DRD DOOR FITTINGS,5276.95354,5301.61,0.467,PASS,,,
"ICECREAM_UP_TO_3,2~L3.2~W2.1~H2~all_eps","icecream up to 3,2",16,"ICECREAM UP TO 3,2",all_eps,3.2,2.1,2.0,SIDES,SIDES,6374.442065,6549.26,,UNVERIFIABLE,EXCEL_NO_PRICE:EPS,,
"ICECREAM_UP_TO_3,2~L3.2~W2.1~H2~all_eps","icecream up to 3,2",16,"ICECREAM UP TO 3,2",all_eps,3.2,2.1,2.0,ROOF,ROOF,3527.743171,3527.7,,UNVERIFIABLE,EXCEL_NO_PRICE:EPS,,
"ICECREAM_UP_TO_3,2~L3.2~W2.1~H2~all_eps","icecream up to 3,2",16,"ICECREAM UP TO 3,2",all_eps,3.2,2.1,2.0,FLOOR,FLOOR,8387.6562,26510.79,,UNVERIFIABLE,EXCEL_NO_PRICE:EPS,,
"ICECREAM_UP_TO_3,2~L3.2~W2.1~H2~all_eps","icecream up to 3,2",16,"ICECREAM UP TO 3,2",all_eps,3.2,2.1,2.0,ALUMINIUM,ALUMINIUM,6154.425,6193.91,0.642,PASS,,,
"ICECREAM_UP_TO_3,2~L3.2~W2.1~H2~all_eps","icecream up to 3,2",16,"ICECREAM UP TO 3,2",all_eps,3.2,2.1,2.0,SUB FRAME + LIGHT BOX ASSY,SUB FRAME + LIGHT BOX ASSY,3198.210463,3198.21,0.0,PASS,,,
"ICECREAM_UP_TO_3,2~L3.2~W2.1~H2~all_eps","icecream up to 3,2",16,"ICECREAM UP TO 3,2",all_eps,3.2,2.1,2.0,REAR FRAME + FLOOR PLATE,REAR FRAME & FLOOR PLATE,2866.249837,2892.91,0.93,PASS,,,
"ICECREAM_UP_TO_3,2~L3.2~W2.1~H2~all_eps","icecream up to 3,2",16,"ICECREAM UP TO 3,2",all_eps,3.2,2.1,2.0,SPRAY PAINTING,SPRAY PAINTING,750.0,750.0,0.0,PASS,,,
"ICECREAM_UP_TO_3,2~L3.2~W2.1~H2~all_pu","icecream up to 3,2",16,"ICECREAM UP TO 3,2",all_pu,3.2,2.1,2.0,FRONT,FRONT,4313.126743,4313.1,0.001,PASS,,,
"ICECREAM_UP_TO_3,2~L3.2~W2.1~H2~all_pu","icecream up to 3,2",16,"ICECREAM UP TO 3,2",all_pu,3.2,2.1,2.0,SRD,,0.0,,,SKIP,,,
"ICECREAM_UP_TO_3,2~L3.2~W2.1~H2~all_pu","icecream up to 3,2",16,"ICECREAM UP TO 3,2",all_pu,3.2,2.1,2.0,SRD DOOR FITTINGS,,0.0,,,SKIP,,,
"ICECREAM_UP_TO_3,2~L3.2~W2.1~H2~all_pu","icecream up to 3,2",16,"ICECREAM UP TO 3,2",all_pu,3.2,2.1,2.0,DRD,DRD,5448.993893,5361.32,1.609,ACCEPTED,,GROUP_DIFF 130*62MM TAPPING BLOCKS ~ 2 MES line(s) (-87.72),"[DATA] 130*62MM TAPPING BLOCKS: Excel 2 x R234 per size (R936 a double door) vs MES 6 x R68 per size (R816): R60 per size, 1-3 % of the door section."
"ICECREAM_UP_TO_3,2~L3.2~W2.1~H2~all_pu","icecream up to 3,2",16,"ICECREAM UP TO 3,2",all_pu,3.2,2.1,2.0,DRD DOOR FITTINGS,DRD DOOR FITTINGS,5301.60678,5301.61,0.0,PASS,,,
"ICECREAM_UP_TO_3,2~L3.2~W2.1~H2~all_pu","icecream up to 3,2",16,"ICECREAM UP TO 3,2",all_pu,3.2,2.1,2.0,SIDES,SIDES,13044.701656,13044.87,0.001,PASS,,,
"ICECREAM_UP_TO_3,2~L3.2~W2.1~H2~all_pu","icecream up to 3,2",16,"ICECREAM UP TO 3,2",all_pu,3.2,2.1,2.0,ROOF,ROOF,6775.551843,6775.51,0.001,PASS,,,
"ICECREAM_UP_TO_3,2~L3.2~W2.1~H2~all_pu","icecream up to 3,2",16,"ICECREAM UP TO 3,2",all_pu,3.2,2.1,2.0,FLOOR,FLOOR,11635.464871,29758.6,155.758,ACCEPTED,,EXTRA_IN_MES ALU EXTRUTION FLOOR (+18123.14),"[MES] master ALU EXTRUTION FLOOR defaults ON for ICECREAM UP TO 3,2 and UP TO 4.8 and adds R13k-R27k (13 x length m at R428.95); Burt's sheets have no such line or flag."
"ICECREAM_UP_TO_3,2~L3.2~W2.1~H2~all_pu","icecream up to 3,2",16,"ICECREAM UP TO 3,2",all_pu,3.2,2.1,2.0,ALUMINIUM,ALUMINIUM,6154.425,6193.91,0.642,PASS,,,
"ICECREAM_UP_TO_3,2~L3.2~W2.1~H2~all_pu","icecream up to 3,2",16,"ICECREAM UP TO 3,2",all_pu,3.2,2.1,2.0,SUB FRAME + LIGHT BOX ASSY,SUB FRAME + LIGHT BOX ASSY,3198.210463,3198.21,0.0,PASS,,,
"ICECREAM_UP_TO_3,2~L3.2~W2.1~H2~all_pu","icecream up to 3,2",16,"ICECREAM UP TO 3,2",all_pu,3.2,2.1,2.0,REAR FRAME + FLOOR PLATE,REAR FRAME & FLOOR PLATE,2834.109344,2892.91,2.075,ACCEPTED,,PRICE_DIFF 3MM 3CR12 FLOOR PLATE (+58.80),"[DATA] 3MM 3CR12 FLOOR PLATE priced R1 040.16 in MES vs R965.76 on Burt's sheet (+R59-R63, 2-3 % of the section)."
"ICECREAM_UP_TO_3,2~L3.2~W2.1~H2~all_pu","icecream up to 3,2",16,"ICECREAM UP TO 3,2",all_pu,3.2,2.1,2.0,SPRAY PAINTING,SPRAY PAINTING,750.0,750.0,0.0,PASS,,,
"ICECREAM_UP_TO_3,2~L3.2~W2.1~H2~srd","icecream up to 3,2",16,"ICECREAM UP TO 3,2",srd,3.2,2.1,2.0,FRONT,FRONT,4313.126743,4313.1,0.001,PASS,,,
"ICECREAM_UP_TO_3,2~L3.2~W2.1~H2~srd","icecream up to 3,2",16,"ICECREAM UP TO 3,2",srd,3.2,2.1,2.0,SRD,SRD,4377.509816,2826.75,35.426,ACCEPTED,,BOTH PU (-1463.01) [ZERO_FORMULA],"[MES] DEV: the single-rear-door PU line carries a literal x0 quantity formula (2.44*1.22*0*2) on the freezer, icecream and explosive bodies: PU on an SRD prices at R0 (-R1.5k to -R2.2k per quote). Prod has the opposite defect on the same line (R4 100 raw rate, +R23k) - see accepted_differences.prod.yaml."
"ICECREAM_UP_TO_3,2~L3.2~W2.1~H2~srd","icecream up to 3,2",16,"ICECREAM UP TO 3,2",srd,3.2,2.1,2.0,SRD DOOR FITTINGS,SRD DOOR FITTINGS,6586.92674,7368.22,11.861,ACCEPTED,,PRICE_DIFF SILPLUS X WHITE SILICONE (+487.83),"[DATA] SRD DOOR FITTINGS on every body: MES CSLB HINGES R293.46 x2 (Excel R146.73 x2 - the pair price applied per hinge) and SILPLUS X WHITE R232.30 (Excel R116.15); per body also 34MM LOCKING POLE R126 (Excel R42), 28782 BIG HORIZ CAPPING R197.20 (Excel R240.58), ALU CORNERS R45 (Excel R54.90), 28780 BIG VERTICAL renamed 28778; Burt prices 2317 DOOR RUBBER / 28777 DOOR CAPPING at R0 on some sheets."
"ICECREAM_UP_TO_3,2~L3.2~W2.1~H2~srd","icecream up to 3,2",16,"ICECREAM UP TO 3,2",srd,3.2,2.1,2.0,DRD,,0.0,,,SKIP,,,
"ICECREAM_UP_TO_3,2~L3.2~W2.1~H2~srd","icecream up to 3,2",16,"ICECREAM UP TO 3,2",srd,3.2,2.1,2.0,DRD DOOR FITTINGS,,0.0,,,SKIP,,,
"ICECREAM_UP_TO_3,2~L3.2~W2.1~H2~srd","icecream up to 3,2",16,"ICECREAM UP TO 3,2",srd,3.2,2.1,2.0,SIDES,SIDES,13044.701656,13044.87,0.001,PASS,,,
"ICECREAM_UP_TO_3,2~L3.2~W2.1~H2~srd","icecream up to 3,2",16,"ICECREAM UP TO 3,2",srd,3.2,2.1,2.0,ROOF,ROOF,6775.551843,6775.51,0.001,PASS,,,
"ICECREAM_UP_TO_3,2~L3.2~W2.1~H2~srd","icecream up to 3,2",16,"ICECREAM UP TO 3,2",srd,3.2,2.1,2.0,FLOOR,FLOOR,11635.464871,29758.6,155.758,ACCEPTED,,EXTRA_IN_MES ALU EXTRUTION FLOOR (+18123.14),"[MES] master ALU EXTRUTION FLOOR defaults ON for ICECREAM UP TO 3,2 and UP TO 4.8 and adds R13k-R27k (13 x length m at R428.95); Burt's sheets have no such line or flag."
"ICECREAM_UP_TO_3,2~L3.2~W2.1~H2~srd","icecream up to 3,2",16,"ICECREAM UP TO 3,2",srd,3.2,2.1,2.0,ALUMINIUM,ALUMINIUM,6154.425,6193.91,0.642,PASS,,,
"ICECREAM_UP_TO_3,2~L3.2~W2.1~H2~srd","icecream up to 3,2",16,"ICECREAM UP TO 3,2",srd,3.2,2.1,2.0,SUB FRAME + LIGHT BOX ASSY,SUB FRAME + LIGHT BOX ASSY,3198.210463,3198.21,0.0,PASS,,,
"ICECREAM_UP_TO_3,2~L3.2~W2.1~H2~srd","icecream up to 3,2",16,"ICECREAM UP TO 3,2",srd,3.2,2.1,2.0,REAR FRAME + FLOOR PLATE,REAR FRAME & FLOOR PLATE,0.0,2892.91,,ACCEPTED,EXTRA_IN_MES,PRICE_DIFF 3MM 3CR12 FLOOR PLATE (+58.80),"[RULING] Burt gates REAR FRAME + FLOOR PLATE on the DRD flags, so a single-rear-door body carries R0 there; MES always includes the section (R2.4k-R5.5k). Which is right needs Burt/Michael."
"ICECREAM_UP_TO_3,2~L3.2~W2.1~H2~srd","icecream up to 3,2",16,"ICECREAM UP TO 3,2",srd,3.2,2.1,2.0,SPRAY PAINTING,SPRAY PAINTING,750.0,750.0,0.0,PASS,,,
"ICECREAM_UP_TO_3,2~L3.2~W2.1~H2~drd","icecream up to 3,2",16,"ICECREAM UP TO 3,2",drd,3.2,2.1,2.0,FRONT,FRONT,4313.126743,4313.1,0.001,PASS,,,
"ICECREAM_UP_TO_3,2~L3.2~W2.1~H2~drd","icecream up to 3,2",16,"ICECREAM UP TO 3,2",drd,3.2,2.1,2.0,SRD,,0.0,,,SKIP,,,
"ICECREAM_UP_TO_3,2~L3.2~W2.1~H2~drd","icecream up to 3,2",16,"ICECREAM UP TO 3,2",drd,3.2,2.1,2.0,SRD DOOR FITTINGS,,0.0,,,SKIP,,,
"ICECREAM_UP_TO_3,2~L3.2~W2.1~H2~drd","icecream up to 3,2",16,"ICECREAM UP TO 3,2",drd,3.2,2.1,2.0,DRD,DRD,5448.993893,5361.32,1.609,ACCEPTED,,GROUP_DIFF 130*62MM TAPPING BLOCKS ~ 2 MES line(s) (-87.72),"[DATA] 130*62MM TAPPING BLOCKS: Excel 2 x R234 per size (R936 a double door) vs MES 6 x R68 per size (R816): R60 per size, 1-3 % of the door section."
"ICECREAM_UP_TO_3,2~L3.2~W2.1~H2~drd","icecream up to 3,2",16,"ICECREAM UP TO 3,2",drd,3.2,2.1,2.0,DRD DOOR FITTINGS,DRD DOOR FITTINGS,5301.60678,5301.61,0.0,PASS,,,
"ICECREAM_UP_TO_3,2~L3.2~W2.1~H2~drd","icecream up to 3,2",16,"ICECREAM UP TO 3,2",drd,3.2,2.1,2.0,SIDES,SIDES,13044.701656,13044.87,0.001,PASS,,,
"ICECREAM_UP_TO_3,2~L3.2~W2.1~H2~drd","icecream up to 3,2",16,"ICECREAM UP TO 3,2",drd,3.2,2.1,2.0,ROOF,ROOF,6775.551843,6775.51,0.001,PASS,,,
"ICECREAM_UP_TO_3,2~L3.2~W2.1~H2~drd","icecream up to 3,2",16,"ICECREAM UP TO 3,2",drd,3.2,2.1,2.0,FLOOR,FLOOR,11635.464871,29758.6,155.758,ACCEPTED,,EXTRA_IN_MES ALU EXTRUTION FLOOR (+18123.14),"[MES] master ALU EXTRUTION FLOOR defaults ON for ICECREAM UP TO 3,2 and UP TO 4.8 and adds R13k-R27k (13 x length m at R428.95); Burt's sheets have no such line or flag."
"ICECREAM_UP_TO_3,2~L3.2~W2.1~H2~drd","icecream up to 3,2",16,"ICECREAM UP TO 3,2",drd,3.2,2.1,2.0,ALUMINIUM,ALUMINIUM,6154.425,6193.91,0.642,PASS,,,
"ICECREAM_UP_TO_3,2~L3.2~W2.1~H2~drd","icecream up to 3,2",16,"ICECREAM UP TO 3,2",drd,3.2,2.1,2.0,SUB FRAME + LIGHT BOX ASSY,SUB FRAME + LIGHT BOX ASSY,3198.210463,3198.21,0.0,PASS,,,
"ICECREAM_UP_TO_3,2~L3.2~W2.1~H2~drd","icecream up to 3,2",16,"ICECREAM UP TO 3,2",drd,3.2,2.1,2.0,REAR FRAME + FLOOR PLATE,REAR FRAME & FLOOR PLATE,2834.109344,2892.91,2.075,ACCEPTED,,PRICE_DIFF 3MM 3CR12 FLOOR PLATE (+58.80),"[DATA] 3MM 3CR12 FLOOR PLATE priced R1 040.16 in MES vs R965.76 on Burt's sheet (+R59-R63, 2-3 % of the section)."
"ICECREAM_UP_TO_3,2~L3.2~W2.1~H2~drd","icecream up to 3,2",16,"ICECREAM UP TO 3,2",drd,3.2,2.1,2.0,SPRAY PAINTING,SPRAY PAINTING,750.0,750.0,0.0,PASS,,,
"ICECREAM_UP_TO_3,2~L3.2~W2.1~H2~foam_4g","icecream up to 3,2",16,"ICECREAM UP TO 3,2",foam_4g,3.2,2.1,2.0,FRONT,FRONT,5086.263636,5086.24,0.0,PASS,,,
"ICECREAM_UP_TO_3,2~L3.2~W2.1~H2~foam_4g","icecream up to 3,2",16,"ICECREAM UP TO 3,2",foam_4g,3.2,2.1,2.0,SRD,,0.0,,,SKIP,,,
"ICECREAM_UP_TO_3,2~L3.2~W2.1~H2~foam_4g","icecream up to 3,2",16,"ICECREAM UP TO 3,2",foam_4g,3.2,2.1,2.0,SRD DOOR FITTINGS,,0.0,,,SKIP,,,
"ICECREAM_UP_TO_3,2~L3.2~W2.1~H2~foam_4g","icecream up to 3,2",16,"ICECREAM UP TO 3,2",foam_4g,3.2,2.1,2.0,DRD,DRD,6222.130786,6134.46,1.409,ACCEPTED,,GROUP_DIFF 130*62MM TAPPING BLOCKS ~ 2 MES line(s) (-87.72),"[DATA] 130*62MM TAPPING BLOCKS: Excel 2 x R234 per size (R936 a double door) vs MES 6 x R68 per size (R816): R60 per size, 1-3 % of the door section."
"ICECREAM_UP_TO_3,2~L3.2~W2.1~H2~foam_4g","icecream up to 3,2",16,"ICECREAM UP TO 3,2",foam_4g,3.2,2.1,2.0,DRD DOOR FITTINGS,DRD DOOR FITTINGS,5301.60678,5301.61,0.0,PASS,,,
"ICECREAM_UP_TO_3,2~L3.2~W2.1~H2~foam_4g","icecream up to 3,2",16,"ICECREAM UP TO 3,2",foam_4g,3.2,2.1,2.0,SIDES,SIDES,15104.287643,15104.46,0.001,PASS,,,
"ICECREAM_UP_TO_3,2~L3.2~W2.1~H2~foam_4g","icecream up to 3,2",16,"ICECREAM UP TO 3,2",foam_4g,3.2,2.1,2.0,ROOF,ROOF,7805.344836,7805.3,0.001,PASS,,,
"ICECREAM_UP_TO_3,2~L3.2~W2.1~H2~foam_4g","icecream up to 3,2",16,"ICECREAM UP TO 3,2",foam_4g,3.2,2.1,2.0,FLOOR,FLOOR,12665.257864,30788.39,143.093,ACCEPTED,,EXTRA_IN_MES ALU EXTRUTION FLOOR (+18123.14),"[MES] master ALU EXTRUTION FLOOR defaults ON for ICECREAM UP TO 3,2 and UP TO 4.8 and adds R13k-R27k (13 x length m at R428.95); Burt's sheets have no such line or flag."
"ICECREAM_UP_TO_3,2~L3.2~W2.1~H2~foam_4g","icecream up to 3,2",16,"ICECREAM UP TO 3,2",foam_4g,3.2,2.1,2.0,ALUMINIUM,ALUMINIUM,6154.425,6193.91,0.642,PASS,,,
"ICECREAM_UP_TO_3,2~L3.2~W2.1~H2~foam_4g","icecream up to 3,2",16,"ICECREAM UP TO 3,2",foam_4g,3.2,2.1,2.0,SUB FRAME + LIGHT BOX ASSY,SUB FRAME + LIGHT BOX ASSY,3198.210463,3198.21,0.0,PASS,,,
"ICECREAM_UP_TO_3,2~L3.2~W2.1~H2~foam_4g","icecream up to 3,2",16,"ICECREAM UP TO 3,2",foam_4g,3.2,2.1,2.0,REAR FRAME + FLOOR PLATE,REAR FRAME & FLOOR PLATE,2834.109344,2892.91,2.075,ACCEPTED,,PRICE_DIFF 3MM 3CR12 FLOOR PLATE (+58.80),"[DATA] 3MM 3CR12 FLOOR PLATE priced R1 040.16 in MES vs R965.76 on Burt's sheet (+R59-R63, 2-3 % of the section)."
"ICECREAM_UP_TO_3,2~L3.2~W2.1~H2~foam_4g","icecream up to 3,2",16,"ICECREAM UP TO 3,2",foam_4g,3.2,2.1,2.0,SPRAY PAINTING,SPRAY PAINTING,750.0,750.0,0.0,PASS,,,
ICECREAM_UP_TO_4.8~L3.6~W2.3~H2.26~as_sheet,icecream up to 4.8,17,ICECREAM UP TO 4.8,as_sheet,3.6,2.3,2.26,FRONT,FRONT,5308.864184,5308.82,0.001,PASS,,,
ICECREAM_UP_TO_4.8~L3.6~W2.3~H2.26~as_sheet,icecream up to 4.8,17,ICECREAM UP TO 4.8,as_sheet,3.6,2.3,2.26,SRD,,0.0,,,SKIP,,,
ICECREAM_UP_TO_4.8~L3.6~W2.3~H2.26~as_sheet,icecream up to 4.8,17,ICECREAM UP TO 4.8,as_sheet,3.6,2.3,2.26,SRD DOOR FITTINGS,,0.0,,,SKIP,,,
ICECREAM_UP_TO_4.8~L3.6~W2.3~H2.26~as_sheet,icecream up to 4.8,17,ICECREAM UP TO 4.8,as_sheet,3.6,2.3,2.26,DRD,DRD,6484.10606,6636.38,2.348,ACCEPTED,,QTY_DIFF 4MM PF PLYWOOD (+320.06),"[DATA] icecream 4.8 door lines: 4MM PF PLYWOOD quantity, 28779 DOOR CAPPING (-R324), 3MM 3CR12 FLOOR PLATE (+R77.50) differ from Burt's sheet (2-6 % of the section) - see the triage."
ICECREAM_UP_TO_4.8~L3.6~W2.3~H2.26~as_sheet,icecream up to 4.8,17,ICECREAM UP TO 4.8,as_sheet,3.6,2.3,2.26,DRD DOOR FITTINGS,DRD DOOR FITTINGS,5576.39503,5232.22,6.172,ACCEPTED,,BOTH 28779 DOOR CAPPING (-323.80),"[DATA] icecream 4.8 door lines: 4MM PF PLYWOOD quantity, 28779 DOOR CAPPING (-R324), 3MM 3CR12 FLOOR PLATE (+R77.50) differ from Burt's sheet (2-6 % of the section) - see the triage."
ICECREAM_UP_TO_4.8~L3.6~W2.3~H2.26~as_sheet,icecream up to 4.8,17,ICECREAM UP TO 4.8,as_sheet,3.6,2.3,2.26,SIDES,SIDES,17330.941165,17331.26,0.002,PASS,,,
ICECREAM_UP_TO_4.8~L3.6~W2.3~H2.26~as_sheet,icecream up to 4.8,17,ICECREAM UP TO 4.8,as_sheet,3.6,2.3,2.26,ROOF,ROOF,9853.46484,9853.38,0.001,PASS,,,
ICECREAM_UP_TO_4.8~L3.6~W2.3~H2.26~as_sheet,icecream up to 4.8,17,ICECREAM UP TO 4.8,as_sheet,3.6,2.3,2.26,FLOOR,FLOOR,14967.607172,34609.25,131.228,ACCEPTED,,EXTRA_IN_MES ALU EXTRUTION FLOOR (+20353.68),"[MES] master ALU EXTRUTION FLOOR defaults ON for ICECREAM UP TO 3,2 and UP TO 4.8 and adds R13k-R27k (13 x length m at R428.95); Burt's sheets have no such line or flag."
ICECREAM_UP_TO_4.8~L3.6~W2.3~H2.26~as_sheet,icecream up to 4.8,17,ICECREAM UP TO 4.8,as_sheet,3.6,2.3,2.26,ALUMINIUM,ALUMINIUM,6864.6306,6864.63,0.0,PASS,,,
ICECREAM_UP_TO_4.8~L3.6~W2.3~H2.26~as_sheet,icecream up to 4.8,17,ICECREAM UP TO 4.8,as_sheet,3.6,2.3,2.26,SUB FRAME + LIGHT BOX ASSY,SUB FRAME + LIGHT BOX ASSY,7794.451206,7794.46,0.0,PASS,,,
ICECREAM_UP_TO_4.8~L3.6~W2.3~H2.26~as_sheet,icecream up to 4.8,17,ICECREAM UP TO 4.8,as_sheet,3.6,2.3,2.26,REAR FRAME + FLOOR PLATE,REAR FRAME & FLOOR PLATE,3514.937744,3592.43,2.205,ACCEPTED,,BOTH 3MM 3CR12 FLOOR PLATE (+77.50),"[DATA] icecream 4.8 door lines: 4MM PF PLYWOOD quantity, 28779 DOOR CAPPING (-R324), 3MM 3CR12 FLOOR PLATE (+R77.50) differ from Burt's sheet (2-6 % of the section) - see the triage."
ICECREAM_UP_TO_4.8~L3.6~W2.3~H2.26~as_sheet,icecream up to 4.8,17,ICECREAM UP TO 4.8,as_sheet,3.6,2.3,2.26,SPRAY PAINTING,SPRAY PAINTING,750.0,750.0,0.0,PASS,,,
ICECREAM_UP_TO_4.8~L3.6~W2.3~H2.26~as_sheet,icecream up to 4.8,17,ICECREAM UP TO 4.8,as_sheet,3.6,2.3,2.26,REFLEXITE TAPE,REFLEXITE TAPE,171.0,171.0,0.0,PASS,,,
ICECREAM_UP_TO_4.8~L3.6~W2.3~H2.26~all_eps,icecream up to 4.8,17,ICECREAM UP TO 4.8,all_eps,3.6,2.3,2.26,FRONT,FRONT,2510.212791,2434.83,,UNVERIFIABLE,EXCEL_NO_PRICE:EPS,,
ICECREAM_UP_TO_4.8~L3.6~W2.3~H2.26~all_eps,icecream up to 4.8,17,ICECREAM UP TO 4.8,all_eps,3.6,2.3,2.26,SRD,,0.0,,,SKIP,,,
ICECREAM_UP_TO_4.8~L3.6~W2.3~H2.26~all_eps,icecream up to 4.8,17,ICECREAM UP TO 4.8,all_eps,3.6,2.3,2.26,SRD DOOR FITTINGS,,0.0,,,SKIP,,,
ICECREAM_UP_TO_4.8~L3.6~W2.3~H2.26~all_eps,icecream up to 4.8,17,ICECREAM UP TO 4.8,all_eps,3.6,2.3,2.26,DRD,DRD,3617.477148,3734.62,,UNVERIFIABLE,EXCEL_NO_PRICE:EPS,,
ICECREAM_UP_TO_4.8~L3.6~W2.3~H2.26~all_eps,icecream up to 4.8,17,ICECREAM UP TO 4.8,all_eps,3.6,2.3,2.26,DRD DOOR FITTINGS,DRD DOOR FITTINGS,5598.04614,5232.22,6.535,ACCEPTED,,BOTH 28779 DOOR CAPPING (-338.56),"[DATA] icecream 4.8 door lines: 4MM PF PLYWOOD quantity, 28779 DOOR CAPPING (-R324), 3MM 3CR12 FLOOR PLATE (+R77.50) differ from Burt's sheet (2-6 % of the section) - see the triage."
ICECREAM_UP_TO_4.8~L3.6~W2.3~H2.26~all_eps,icecream up to 4.8,17,ICECREAM UP TO 4.8,all_eps,3.6,2.3,2.26,SIDES,SIDES,8549.116492,8577.17,,UNVERIFIABLE,EXCEL_NO_PRICE:EPS,,
ICECREAM_UP_TO_4.8~L3.6~W2.3~H2.26~all_eps,icecream up to 4.8,17,ICECREAM UP TO 4.8,all_eps,3.6,2.3,2.26,ROOF,ROOF,4564.533335,4564.45,,UNVERIFIABLE,EXCEL_NO_PRICE:EPS,,
ICECREAM_UP_TO_4.8~L3.6~W2.3~H2.26~all_eps,icecream up to 4.8,17,ICECREAM UP TO 4.8,all_eps,3.6,2.3,2.26,FLOOR,FLOOR,9678.675667,29320.32,,UNVERIFIABLE,EXCEL_NO_PRICE:EPS,,
ICECREAM_UP_TO_4.8~L3.6~W2.3~H2.26~all_eps,icecream up to 4.8,17,ICECREAM UP TO 4.8,all_eps,3.6,2.3,2.26,ALUMINIUM,ALUMINIUM,6864.6306,6864.63,0.0,PASS,,,
ICECREAM_UP_TO_4.8~L3.6~W2.3~H2.26~all_eps,icecream up to 4.8,17,ICECREAM UP TO 4.8,all_eps,3.6,2.3,2.26,SUB FRAME + LIGHT BOX ASSY,SUB FRAME + LIGHT BOX ASSY,7794.451206,7794.46,0.0,PASS,,,
ICECREAM_UP_TO_4.8~L3.6~W2.3~H2.26~all_eps,icecream up to 4.8,17,ICECREAM UP TO 4.8,all_eps,3.6,2.3,2.26,REAR FRAME + FLOOR PLATE,REAR FRAME & FLOOR PLATE,3514.937744,3592.43,2.205,ACCEPTED,,BOTH 3MM 3CR12 FLOOR PLATE (+77.50),"[DATA] icecream 4.8 door lines: 4MM PF PLYWOOD quantity, 28779 DOOR CAPPING (-R324), 3MM 3CR12 FLOOR PLATE (+R77.50) differ from Burt's sheet (2-6 % of the section) - see the triage."
ICECREAM_UP_TO_4.8~L3.6~W2.3~H2.26~all_eps,icecream up to 4.8,17,ICECREAM UP TO 4.8,all_eps,3.6,2.3,2.26,SPRAY PAINTING,SPRAY PAINTING,750.0,750.0,0.0,PASS,,,
ICECREAM_UP_TO_4.8~L3.6~W2.3~H2.26~all_eps,icecream up to 4.8,17,ICECREAM UP TO 4.8,all_eps,3.6,2.3,2.26,REFLEXITE TAPE,REFLEXITE TAPE,171.0,171.0,0.0,PASS,,,
ICECREAM_UP_TO_4.8~L3.6~W2.3~H2.26~all_pu,icecream up to 4.8,17,ICECREAM UP TO 4.8,all_pu,3.6,2.3,2.26,FRONT,FRONT,5308.864184,5308.82,0.001,PASS,,,
ICECREAM_UP_TO_4.8~L3.6~W2.3~H2.26~all_pu,icecream up to 4.8,17,ICECREAM UP TO 4.8,all_pu,3.6,2.3,2.26,SRD,,0.0,,,SKIP,,,
ICECREAM_UP_TO_4.8~L3.6~W2.3~H2.26~all_pu,icecream up to 4.8,17,ICECREAM UP TO 4.8,all_pu,3.6,2.3,2.26,SRD DOOR FITTINGS,,0.0,,,SKIP,,,
ICECREAM_UP_TO_4.8~L3.6~W2.3~H2.26~all_pu,icecream up to 4.8,17,ICECREAM UP TO 4.8,all_pu,3.6,2.3,2.26,DRD,DRD,6484.10606,6636.38,2.348,ACCEPTED,,QTY_DIFF 4MM PF PLYWOOD (+320.06),"[DATA] icecream 4.8 door lines: 4MM PF PLYWOOD quantity, 28779 DOOR CAPPING (-R324), 3MM 3CR12 FLOOR PLATE (+R77.50) differ from Burt's sheet (2-6 % of the section) - see the triage."
ICECREAM_UP_TO_4.8~L3.6~W2.3~H2.26~all_pu,icecream up to 4.8,17,ICECREAM UP TO 4.8,all_pu,3.6,2.3,2.26,DRD DOOR FITTINGS,DRD DOOR FITTINGS,5576.39503,5232.22,6.172,ACCEPTED,,BOTH 28779 DOOR CAPPING (-323.80),"[DATA] icecream 4.8 door lines: 4MM PF PLYWOOD quantity, 28779 DOOR CAPPING (-R324), 3MM 3CR12 FLOOR PLATE (+R77.50) differ from Burt's sheet (2-6 % of the section) - see the triage."
ICECREAM_UP_TO_4.8~L3.6~W2.3~H2.26~all_pu,icecream up to 4.8,17,ICECREAM UP TO 4.8,all_pu,3.6,2.3,2.26,SIDES,SIDES,17330.941165,17331.26,0.002,PASS,,,
ICECREAM_UP_TO_4.8~L3.6~W2.3~H2.26~all_pu,icecream up to 4.8,17,ICECREAM UP TO 4.8,all_pu,3.6,2.3,2.26,ROOF,ROOF,9853.46484,9853.38,0.001,PASS,,,
ICECREAM_UP_TO_4.8~L3.6~W2.3~H2.26~all_pu,icecream up to 4.8,17,ICECREAM UP TO 4.8,all_pu,3.6,2.3,2.26,FLOOR,FLOOR,14967.607172,34609.25,131.228,ACCEPTED,,EXTRA_IN_MES ALU EXTRUTION FLOOR (+20353.68),"[MES] master ALU EXTRUTION FLOOR defaults ON for ICECREAM UP TO 3,2 and UP TO 4.8 and adds R13k-R27k (13 x length m at R428.95); Burt's sheets have no such line or flag."
ICECREAM_UP_TO_4.8~L3.6~W2.3~H2.26~all_pu,icecream up to 4.8,17,ICECREAM UP TO 4.8,all_pu,3.6,2.3,2.26,ALUMINIUM,ALUMINIUM,6864.6306,6864.63,0.0,PASS,,,
ICECREAM_UP_TO_4.8~L3.6~W2.3~H2.26~all_pu,icecream up to 4.8,17,ICECREAM UP TO 4.8,all_pu,3.6,2.3,2.26,SUB FRAME + LIGHT BOX ASSY,SUB FRAME + LIGHT BOX ASSY,7794.451206,7794.46,0.0,PASS,,,
ICECREAM_UP_TO_4.8~L3.6~W2.3~H2.26~all_pu,icecream up to 4.8,17,ICECREAM UP TO 4.8,all_pu,3.6,2.3,2.26,REAR FRAME + FLOOR PLATE,REAR FRAME & FLOOR PLATE,3514.937744,3592.43,2.205,ACCEPTED,,BOTH 3MM 3CR12 FLOOR PLATE (+77.50),"[DATA] icecream 4.8 door lines: 4MM PF PLYWOOD quantity, 28779 DOOR CAPPING (-R324), 3MM 3CR12 FLOOR PLATE (+R77.50) differ from Burt's sheet (2-6 % of the section) - see the triage."
ICECREAM_UP_TO_4.8~L3.6~W2.3~H2.26~all_pu,icecream up to 4.8,17,ICECREAM UP TO 4.8,all_pu,3.6,2.3,2.26,SPRAY PAINTING,SPRAY PAINTING,750.0,750.0,0.0,PASS,,,
ICECREAM_UP_TO_4.8~L3.6~W2.3~H2.26~all_pu,icecream up to 4.8,17,ICECREAM UP TO 4.8,all_pu,3.6,2.3,2.26,REFLEXITE TAPE,REFLEXITE TAPE,171.0,171.0,0.0,PASS,,,
ICECREAM_UP_TO_4.8~L3.6~W2.3~H2.26~srd,icecream up to 4.8,17,ICECREAM UP TO 4.8,srd,3.6,2.3,2.26,FRONT,FRONT,5308.864184,5308.82,0.001,PASS,,,
ICECREAM_UP_TO_4.8~L3.6~W2.3~H2.26~srd,icecream up to 4.8,17,ICECREAM UP TO 4.8,srd,3.6,2.3,2.26,SRD,SRD,4885.576294,4797.81,1.796,ACCEPTED,,GROUP_DIFF 130*62MM TAPPING BLOCKS ~ 2 MES line(s) (-87.72),"[DATA] 130*62MM TAPPING BLOCKS: Excel 2 x R234 per size (R936 a double door) vs MES 6 x R68 per size (R816): R60 per size, 1-3 % of the door section."
ICECREAM_UP_TO_4.8~L3.6~W2.3~H2.26~srd,icecream up to 4.8,17,ICECREAM UP TO 4.8,srd,3.6,2.3,2.26,SRD DOOR FITTINGS,SRD DOOR FITTINGS,7003.49804,7003.5,0.0,PASS,,,
ICECREAM_UP_TO_4.8~L3.6~W2.3~H2.26~srd,icecream up to 4.8,17,ICECREAM UP TO 4.8,srd,3.6,2.3,2.26,DRD,,0.0,,,SKIP,,,
ICECREAM_UP_TO_4.8~L3.6~W2.3~H2.26~srd,icecream up to 4.8,17,ICECREAM UP TO 4.8,srd,3.6,2.3,2.26,DRD DOOR FITTINGS,,0.0,,,SKIP,,,
ICECREAM_UP_TO_4.8~L3.6~W2.3~H2.26~srd,icecream up to 4.8,17,ICECREAM UP TO 4.8,srd,3.6,2.3,2.26,SIDES,SIDES,17330.941165,17331.26,0.002,PASS,,,
ICECREAM_UP_TO_4.8~L3.6~W2.3~H2.26~srd,icecream up to 4.8,17,ICECREAM UP TO 4.8,srd,3.6,2.3,2.26,ROOF,ROOF,9853.46484,9853.38,0.001,PASS,,,
ICECREAM_UP_TO_4.8~L3.6~W2.3~H2.26~srd,icecream up to 4.8,17,ICECREAM UP TO 4.8,srd,3.6,2.3,2.26,FLOOR,FLOOR,14967.607172,34609.25,131.228,ACCEPTED,,EXTRA_IN_MES ALU EXTRUTION FLOOR (+20353.68),"[MES] master ALU EXTRUTION FLOOR defaults ON for ICECREAM UP TO 3,2 and UP TO 4.8 and adds R13k-R27k (13 x length m at R428.95); Burt's sheets have no such line or flag."
ICECREAM_UP_TO_4.8~L3.6~W2.3~H2.26~srd,icecream up to 4.8,17,ICECREAM UP TO 4.8,srd,3.6,2.3,2.26,ALUMINIUM,ALUMINIUM,6864.6306,6864.63,0.0,PASS,,,
ICECREAM_UP_TO_4.8~L3.6~W2.3~H2.26~srd,icecream up to 4.8,17,ICECREAM UP TO 4.8,srd,3.6,2.3,2.26,SUB FRAME + LIGHT BOX ASSY,SUB FRAME + LIGHT BOX ASSY,7794.451206,7794.46,0.0,PASS,,,
ICECREAM_UP_TO_4.8~L3.6~W2.3~H2.26~srd,icecream up to 4.8,17,ICECREAM UP TO 4.8,srd,3.6,2.3,2.26,REAR FRAME + FLOOR PLATE,REAR FRAME & FLOOR PLATE,0.0,3592.43,,ACCEPTED,EXTRA_IN_MES,BOTH 3MM 3CR12 FLOOR PLATE (+77.50),"[RULING] Burt gates REAR FRAME + FLOOR PLATE on the DRD flags, so a single-rear-door body carries R0 there; MES always includes the section (R2.4k-R5.5k). Which is right needs Burt/Michael."
ICECREAM_UP_TO_4.8~L3.6~W2.3~H2.26~srd,icecream up to 4.8,17,ICECREAM UP TO 4.8,srd,3.6,2.3,2.26,SPRAY PAINTING,SPRAY PAINTING,750.0,750.0,0.0,PASS,,,
ICECREAM_UP_TO_4.8~L3.6~W2.3~H2.26~srd,icecream up to 4.8,17,ICECREAM UP TO 4.8,srd,3.6,2.3,2.26,REFLEXITE TAPE,REFLEXITE TAPE,171.0,171.0,0.0,PASS,,,
ICECREAM_UP_TO_4.8~L3.6~W2.3~H2.26~drd,icecream up to 4.8,17,ICECREAM UP TO 4.8,drd,3.6,2.3,2.26,FRONT,FRONT,5308.864184,5308.82,0.001,PASS,,,
ICECREAM_UP_TO_4.8~L3.6~W2.3~H2.26~drd,icecream up to 4.8,17,ICECREAM UP TO 4.8,drd,3.6,2.3,2.26,SRD,,0.0,,,SKIP,,,
ICECREAM_UP_TO_4.8~L3.6~W2.3~H2.26~drd,icecream up to 4.8,17,ICECREAM UP TO 4.8,drd,3.6,2.3,2.26,SRD DOOR FITTINGS,,0.0,,,SKIP,,,
ICECREAM_UP_TO_4.8~L3.6~W2.3~H2.26~drd,icecream up to 4.8,17,ICECREAM UP TO 4.8,drd,3.6,2.3,2.26,DRD,DRD,6484.10606,6636.38,2.348,ACCEPTED,,QTY_DIFF 4MM PF PLYWOOD (+320.06),"[DATA] icecream 4.8 door lines: 4MM PF PLYWOOD quantity, 28779 DOOR CAPPING (-R324), 3MM 3CR12 FLOOR PLATE (+R77.50) differ from Burt's sheet (2-6 % of the section) - see the triage."
ICECREAM_UP_TO_4.8~L3.6~W2.3~H2.26~drd,icecream up to 4.8,17,ICECREAM UP TO 4.8,drd,3.6,2.3,2.26,DRD DOOR FITTINGS,DRD DOOR FITTINGS,5576.39503,5232.22,6.172,ACCEPTED,,BOTH 28779 DOOR CAPPING (-323.80),"[DATA] icecream 4.8 door lines: 4MM PF PLYWOOD quantity, 28779 DOOR CAPPING (-R324), 3MM 3CR12 FLOOR PLATE (+R77.50) differ from Burt's sheet (2-6 % of the section) - see the triage."
ICECREAM_UP_TO_4.8~L3.6~W2.3~H2.26~drd,icecream up to 4.8,17,ICECREAM UP TO 4.8,drd,3.6,2.3,2.26,SIDES,SIDES,17330.941165,17331.26,0.002,PASS,,,
ICECREAM_UP_TO_4.8~L3.6~W2.3~H2.26~drd,icecream up to 4.8,17,ICECREAM UP TO 4.8,drd,3.6,2.3,2.26,ROOF,ROOF,9853.46484,9853.38,0.001,PASS,,,
ICECREAM_UP_TO_4.8~L3.6~W2.3~H2.26~drd,icecream up to 4.8,17,ICECREAM UP TO 4.8,drd,3.6,2.3,2.26,FLOOR,FLOOR,14967.607172,34609.25,131.228,ACCEPTED,,EXTRA_IN_MES ALU EXTRUTION FLOOR (+20353.68),"[MES] master ALU EXTRUTION FLOOR defaults ON for ICECREAM UP TO 3,2 and UP TO 4.8 and adds R13k-R27k (13 x length m at R428.95); Burt's sheets have no such line or flag."
ICECREAM_UP_TO_4.8~L3.6~W2.3~H2.26~drd,icecream up to 4.8,17,ICECREAM UP TO 4.8,drd,3.6,2.3,2.26,ALUMINIUM,ALUMINIUM,6864.6306,6864.63,0.0,PASS,,,
ICECREAM_UP_TO_4.8~L3.6~W2.3~H2.26~drd,icecream up to 4.8,17,ICECREAM UP TO 4.8,drd,3.6,2.3,2.26,SUB FRAME + LIGHT BOX ASSY,SUB FRAME + LIGHT BOX ASSY,7794.451206,7794.46,0.0,PASS,,,
ICECREAM_UP_TO_4.8~L3.6~W2.3~H2.26~drd,icecream up to 4.8,17,ICECREAM UP TO 4.8,drd,3.6,2.3,2.26,REAR FRAME + FLOOR PLATE,REAR FRAME & FLOOR PLATE,3514.937744,3592.43,2.205,ACCEPTED,,BOTH 3MM 3CR12 FLOOR PLATE (+77.50),"[DATA] icecream 4.8 door lines: 4MM PF PLYWOOD quantity, 28779 DOOR CAPPING (-R324), 3MM 3CR12 FLOOR PLATE (+R77.50) differ from Burt's sheet (2-6 % of the section) - see the triage."
ICECREAM_UP_TO_4.8~L3.6~W2.3~H2.26~drd,icecream up to 4.8,17,ICECREAM UP TO 4.8,drd,3.6,2.3,2.26,SPRAY PAINTING,SPRAY PAINTING,750.0,750.0,0.0,PASS,,,
ICECREAM_UP_TO_4.8~L3.6~W2.3~H2.26~drd,icecream up to 4.8,17,ICECREAM UP TO 4.8,drd,3.6,2.3,2.26,REFLEXITE TAPE,REFLEXITE TAPE,171.0,171.0,0.0,PASS,,,
ICECREAM_UP_TO_4.8~L3.6~W2.3~H2.26~foam_4g,icecream up to 4.8,17,ICECREAM UP TO 4.8,foam_4g,3.6,2.3,2.26,FRONT,FRONT,6236.628456,6236.58,0.001,PASS,,,
ICECREAM_UP_TO_4.8~L3.6~W2.3~H2.26~foam_4g,icecream up to 4.8,17,ICECREAM UP TO 4.8,foam_4g,3.6,2.3,2.26,SRD,,0.0,,,SKIP,,,
ICECREAM_UP_TO_4.8~L3.6~W2.3~H2.26~foam_4g,icecream up to 4.8,17,ICECREAM UP TO 4.8,foam_4g,3.6,2.3,2.26,SRD DOOR FITTINGS,,0.0,,,SKIP,,,
ICECREAM_UP_TO_4.8~L3.6~W2.3~H2.26~foam_4g,icecream up to 4.8,17,ICECREAM UP TO 4.8,foam_4g,3.6,2.3,2.26,DRD,DRD,7411.870332,7564.14,2.054,ACCEPTED,,QTY_DIFF 4MM PF PLYWOOD (+320.06),"[DATA] icecream 4.8 door lines: 4MM PF PLYWOOD quantity, 28779 DOOR CAPPING (-R324), 3MM 3CR12 FLOOR PLATE (+R77.50) differ from Burt's sheet (2-6 % of the section) - see the triage."
ICECREAM_UP_TO_4.8~L3.6~W2.3~H2.26~foam_4g,icecream up to 4.8,17,ICECREAM UP TO 4.8,foam_4g,3.6,2.3,2.26,DRD DOOR FITTINGS,DRD DOOR FITTINGS,5576.39503,5232.22,6.172,ACCEPTED,,BOTH 28779 DOOR CAPPING (-323.80),"[DATA] icecream 4.8 door lines: 4MM PF PLYWOOD quantity, 28779 DOOR CAPPING (-R324), 3MM 3CR12 FLOOR PLATE (+R77.50) differ from Burt's sheet (2-6 % of the section) - see the triage."
ICECREAM_UP_TO_4.8~L3.6~W2.3~H2.26~foam_4g,icecream up to 4.8,17,ICECREAM UP TO 4.8,foam_4g,3.6,2.3,2.26,SIDES,SIDES,20106.629356,20106.95,0.002,PASS,,,
ICECREAM_UP_TO_4.8~L3.6~W2.3~H2.26~foam_4g,icecream up to 4.8,17,ICECREAM UP TO 4.8,foam_4g,3.6,2.3,2.26,ROOF,ROOF,11530.443123,11530.36,0.001,PASS,,,
ICECREAM_UP_TO_4.8~L3.6~W2.3~H2.26~foam_4g,icecream up to 4.8,17,ICECREAM UP TO 4.8,foam_4g,3.6,2.3,2.26,FLOOR,FLOOR,16644.585455,36286.23,118.006,ACCEPTED,,EXTRA_IN_MES ALU EXTRUTION FLOOR (+20353.68),"[MES] master ALU EXTRUTION FLOOR defaults ON for ICECREAM UP TO 3,2 and UP TO 4.8 and adds R13k-R27k (13 x length m at R428.95); Burt's sheets have no such line or flag."
ICECREAM_UP_TO_4.8~L3.6~W2.3~H2.26~foam_4g,icecream up to 4.8,17,ICECREAM UP TO 4.8,foam_4g,3.6,2.3,2.26,ALUMINIUM,ALUMINIUM,6864.6306,6864.63,0.0,PASS,,,
ICECREAM_UP_TO_4.8~L3.6~W2.3~H2.26~foam_4g,icecream up to 4.8,17,ICECREAM UP TO 4.8,foam_4g,3.6,2.3,2.26,SUB FRAME + LIGHT BOX ASSY,SUB FRAME + LIGHT BOX ASSY,7794.451206,7794.46,0.0,PASS,,,
ICECREAM_UP_TO_4.8~L3.6~W2.3~H2.26~foam_4g,icecream up to 4.8,17,ICECREAM UP TO 4.8,foam_4g,3.6,2.3,2.26,REAR FRAME + FLOOR PLATE,REAR FRAME & FLOOR PLATE,3514.937744,3592.43,2.205,ACCEPTED,,BOTH 3MM 3CR12 FLOOR PLATE (+77.50),"[DATA] icecream 4.8 door lines: 4MM PF PLYWOOD quantity, 28779 DOOR CAPPING (-R324), 3MM 3CR12 FLOOR PLATE (+R77.50) differ from Burt's sheet (2-6 % of the section) - see the triage."
ICECREAM_UP_TO_4.8~L3.6~W2.3~H2.26~foam_4g,icecream up to 4.8,17,ICECREAM UP TO 4.8,foam_4g,3.6,2.3,2.26,SPRAY PAINTING,SPRAY PAINTING,750.0,750.0,0.0,PASS,,,
ICECREAM_UP_TO_4.8~L3.6~W2.3~H2.26~foam_4g,icecream up to 4.8,17,ICECREAM UP TO 4.8,foam_4g,3.6,2.3,2.26,REFLEXITE TAPE,REFLEXITE TAPE,171.0,171.0,0.0,PASS,,,
ICECREAM_UP_TO_4.8~L4.2~W2.3~H2.26~as_sheet,icecream up to 4.8,17,ICECREAM UP TO 4.8,as_sheet,4.2,2.3,2.26,FRONT,FRONT,5308.864184,5308.82,0.001,PASS,,,
ICECREAM_UP_TO_4.8~L4.2~W2.3~H2.26~as_sheet,icecream up to 4.8,17,ICECREAM UP TO 4.8,as_sheet,4.2,2.3,2.26,SRD,,0.0,,,SKIP,,,
ICECREAM_UP_TO_4.8~L4.2~W2.3~H2.26~as_sheet,icecream up to 4.8,17,ICECREAM UP TO 4.8,as_sheet,4.2,2.3,2.26,SRD DOOR FITTINGS,,0.0,,,SKIP,,,
ICECREAM_UP_TO_4.8~L4.2~W2.3~H2.26~as_sheet,icecream up to 4.8,17,ICECREAM UP TO 4.8,as_sheet,4.2,2.3,2.26,DRD,DRD,6484.10606,6636.38,2.348,ACCEPTED,,QTY_DIFF 4MM PF PLYWOOD (+320.06),"[DATA] icecream 4.8 door lines: 4MM PF PLYWOOD quantity, 28779 DOOR CAPPING (-R324), 3MM 3CR12 FLOOR PLATE (+R77.50) differ from Burt's sheet (2-6 % of the section) - see the triage."
ICECREAM_UP_TO_4.8~L4.2~W2.3~H2.26~as_sheet,icecream up to 4.8,17,ICECREAM UP TO 4.8,as_sheet,4.2,2.3,2.26,DRD DOOR FITTINGS,DRD DOOR FITTINGS,5576.39503,5232.22,6.172,ACCEPTED,,BOTH 28779 DOOR CAPPING (-323.80),"[DATA] icecream 4.8 door lines: 4MM PF PLYWOOD quantity, 28779 DOOR CAPPING (-R324), 3MM 3CR12 FLOOR PLATE (+R77.50) differ from Burt's sheet (2-6 % of the section) - see the triage."
ICECREAM_UP_TO_4.8~L4.2~W2.3~H2.26~as_sheet,icecream up to 4.8,17,ICECREAM UP TO 4.8,as_sheet,4.2,2.3,2.26,SIDES,SIDES,20125.138998,20125.51,0.002,PASS,,,
ICECREAM_UP_TO_4.8~L4.2~W2.3~H2.26~as_sheet,icecream up to 4.8,17,ICECREAM UP TO 4.8,as_sheet,4.2,2.3,2.26,ROOF,ROOF,11458.362439,11458.26,0.001,PASS,,,
ICECREAM_UP_TO_4.8~L4.2~W2.3~H2.26~as_sheet,icecream up to 4.8,17,ICECREAM UP TO 4.8,as_sheet,4.2,2.3,2.26,FLOOR,FLOOR,17398.729677,40637.49,133.566,ACCEPTED,,EXTRA_IN_MES ALU EXTRUTION FLOOR (+23699.49),"[MES] master ALU EXTRUTION FLOOR defaults ON for ICECREAM UP TO 3,2 and UP TO 4.8 and adds R13k-R27k (13 x length m at R428.95); Burt's sheets have no such line or flag."
ICECREAM_UP_TO_4.8~L4.2~W2.3~H2.26~as_sheet,icecream up to 4.8,17,ICECREAM UP TO 4.8,as_sheet,4.2,2.3,2.26,ALUMINIUM,ALUMINIUM,7606.1226,7606.12,0.0,PASS,,,
ICECREAM_UP_TO_4.8~L4.2~W2.3~H2.26~as_sheet,icecream up to 4.8,17,ICECREAM UP TO 4.8,as_sheet,4.2,2.3,2.26,SUB FRAME + LIGHT BOX ASSY,SUB FRAME + LIGHT BOX ASSY,8086.051206,8086.06,0.0,PASS,,,
ICECREAM_UP_TO_4.8~L4.2~W2.3~H2.26~as_sheet,icecream up to 4.8,17,ICECREAM UP TO 4.8,as_sheet,4.2,2.3,2.26,REAR FRAME + FLOOR PLATE,REAR FRAME & FLOOR PLATE,3514.937744,3592.43,2.205,ACCEPTED,,BOTH 3MM 3CR12 FLOOR PLATE (+77.50),"[DATA] icecream 4.8 door lines: 4MM PF PLYWOOD quantity, 28779 DOOR CAPPING (-R324), 3MM 3CR12 FLOOR PLATE (+R77.50) differ from Burt's sheet (2-6 % of the section) - see the triage."
ICECREAM_UP_TO_4.8~L4.2~W2.3~H2.26~as_sheet,icecream up to 4.8,17,ICECREAM UP TO 4.8,as_sheet,4.2,2.3,2.26,SPRAY PAINTING,SPRAY PAINTING,750.0,750.0,0.0,PASS,,,
ICECREAM_UP_TO_4.8~L4.2~W2.3~H2.26~as_sheet,icecream up to 4.8,17,ICECREAM UP TO 4.8,as_sheet,4.2,2.3,2.26,REFLEXITE TAPE,REFLEXITE TAPE,192.6,192.6,0.0,PASS,,,
ICECREAM_UP_TO_4.8~L4.2~W2.3~H2.26~all_eps,icecream up to 4.8,17,ICECREAM UP TO 4.8,all_eps,4.2,2.3,2.26,FRONT,FRONT,2510.212791,2434.83,,UNVERIFIABLE,EXCEL_NO_PRICE:EPS,,
ICECREAM_UP_TO_4.8~L4.2~W2.3~H2.26~all_eps,icecream up to 4.8,17,ICECREAM UP TO 4.8,all_eps,4.2,2.3,2.26,SRD,,0.0,,,SKIP,,,
ICECREAM_UP_TO_4.8~L4.2~W2.3~H2.26~all_eps,icecream up to 4.8,17,ICECREAM UP TO 4.8,all_eps,4.2,2.3,2.26,SRD DOOR FITTINGS,,0.0,,,SKIP,,,
ICECREAM_UP_TO_4.8~L4.2~W2.3~H2.26~all_eps,icecream up to 4.8,17,ICECREAM UP TO 4.8,all_eps,4.2,2.3,2.26,DRD,DRD,3617.477148,3734.62,,UNVERIFIABLE,EXCEL_NO_PRICE:EPS,,
ICECREAM_UP_TO_4.8~L4.2~W2.3~H2.26~all_eps,icecream up to 4.8,17,ICECREAM UP TO 4.8,all_eps,4.2,2.3,2.26,DRD DOOR FITTINGS,DRD DOOR FITTINGS,5598.04614,5232.22,6.535,ACCEPTED,,BOTH 28779 DOOR CAPPING (-338.56),"[DATA] icecream 4.8 door lines: 4MM PF PLYWOOD quantity, 28779 DOOR CAPPING (-R324), 3MM 3CR12 FLOOR PLATE (+R77.50) differ from Burt's sheet (2-6 % of the section) - see the triage."
ICECREAM_UP_TO_4.8~L4.2~W2.3~H2.26~all_eps,icecream up to 4.8,17,ICECREAM UP TO 4.8,all_eps,4.2,2.3,2.26,SIDES,SIDES,9899.903644,9932.39,,UNVERIFIABLE,EXCEL_NO_PRICE:EPS,,
ICECREAM_UP_TO_4.8~L4.2~W2.3~H2.26~all_eps,icecream up to 4.8,17,ICECREAM UP TO 4.8,all_eps,4.2,2.3,2.26,ROOF,ROOF,5300.017535,5299.92,,UNVERIFIABLE,EXCEL_NO_PRICE:EPS,,
ICECREAM_UP_TO_4.8~L4.2~W2.3~H2.26~all_eps,icecream up to 4.8,17,ICECREAM UP TO 4.8,all_eps,4.2,2.3,2.26,FLOOR,FLOOR,11240.384774,34479.14,,UNVERIFIABLE,EXCEL_NO_PRICE:EPS,,
ICECREAM_UP_TO_4.8~L4.2~W2.3~H2.26~all_eps,icecream up to 4.8,17,ICECREAM UP TO 4.8,all_eps,4.2,2.3,2.26,ALUMINIUM,ALUMINIUM,7606.1226,7606.12,0.0,PASS,,,
ICECREAM_UP_TO_4.8~L4.2~W2.3~H2.26~all_eps,icecream up to 4.8,17,ICECREAM UP TO 4.8,all_eps,4.2,2.3,2.26,SUB FRAME + LIGHT BOX ASSY,SUB FRAME + LIGHT BOX ASSY,8086.051206,8086.06,0.0,PASS,,,
ICECREAM_UP_TO_4.8~L4.2~W2.3~H2.26~all_eps,icecream up to 4.8,17,ICECREAM UP TO 4.8,all_eps,4.2,2.3,2.26,REAR FRAME + FLOOR PLATE,REAR FRAME & FLOOR PLATE,3514.937744,3592.43,2.205,ACCEPTED,,BOTH 3MM 3CR12 FLOOR PLATE (+77.50),"[DATA] icecream 4.8 door lines: 4MM PF PLYWOOD quantity, 28779 DOOR CAPPING (-R324), 3MM 3CR12 FLOOR PLATE (+R77.50) differ from Burt's sheet (2-6 % of the section) - see the triage."
ICECREAM_UP_TO_4.8~L4.2~W2.3~H2.26~all_eps,icecream up to 4.8,17,ICECREAM UP TO 4.8,all_eps,4.2,2.3,2.26,SPRAY PAINTING,SPRAY PAINTING,750.0,750.0,0.0,PASS,,,
ICECREAM_UP_TO_4.8~L4.2~W2.3~H2.26~all_eps,icecream up to 4.8,17,ICECREAM UP TO 4.8,all_eps,4.2,2.3,2.26,REFLEXITE TAPE,REFLEXITE TAPE,192.6,192.6,0.0,PASS,,,
ICECREAM_UP_TO_4.8~L4.2~W2.3~H2.26~all_pu,icecream up to 4.8,17,ICECREAM UP TO 4.8,all_pu,4.2,2.3,2.26,FRONT,FRONT,5308.864184,5308.82,0.001,PASS,,,
ICECREAM_UP_TO_4.8~L4.2~W2.3~H2.26~all_pu,icecream up to 4.8,17,ICECREAM UP TO 4.8,all_pu,4.2,2.3,2.26,SRD,,0.0,,,SKIP,,,
ICECREAM_UP_TO_4.8~L4.2~W2.3~H2.26~all_pu,icecream up to 4.8,17,ICECREAM UP TO 4.8,all_pu,4.2,2.3,2.26,SRD DOOR FITTINGS,,0.0,,,SKIP,,,
ICECREAM_UP_TO_4.8~L4.2~W2.3~H2.26~all_pu,icecream up to 4.8,17,ICECREAM UP TO 4.8,all_pu,4.2,2.3,2.26,DRD,DRD,6484.10606,6636.38,2.348,ACCEPTED,,QTY_DIFF 4MM PF PLYWOOD (+320.06),"[DATA] icecream 4.8 door lines: 4MM PF PLYWOOD quantity, 28779 DOOR CAPPING (-R324), 3MM 3CR12 FLOOR PLATE (+R77.50) differ from Burt's sheet (2-6 % of the section) - see the triage."
ICECREAM_UP_TO_4.8~L4.2~W2.3~H2.26~all_pu,icecream up to 4.8,17,ICECREAM UP TO 4.8,all_pu,4.2,2.3,2.26,DRD DOOR FITTINGS,DRD DOOR FITTINGS,5576.39503,5232.22,6.172,ACCEPTED,,BOTH 28779 DOOR CAPPING (-323.80),"[DATA] icecream 4.8 door lines: 4MM PF PLYWOOD quantity, 28779 DOOR CAPPING (-R324), 3MM 3CR12 FLOOR PLATE (+R77.50) differ from Burt's sheet (2-6 % of the section) - see the triage."
ICECREAM_UP_TO_4.8~L4.2~W2.3~H2.26~all_pu,icecream up to 4.8,17,ICECREAM UP TO 4.8,all_pu,4.2,2.3,2.26,SIDES,SIDES,20125.138998,20125.51,0.002,PASS,,,
ICECREAM_UP_TO_4.8~L4.2~W2.3~H2.26~all_pu,icecream up to 4.8,17,ICECREAM UP TO 4.8,all_pu,4.2,2.3,2.26,ROOF,ROOF,11458.362439,11458.26,0.001,PASS,,,
ICECREAM_UP_TO_4.8~L4.2~W2.3~H2.26~all_pu,icecream up to 4.8,17,ICECREAM UP TO 4.8,all_pu,4.2,2.3,2.26,FLOOR,FLOOR,17398.729677,40637.49,133.566,ACCEPTED,,EXTRA_IN_MES ALU EXTRUTION FLOOR (+23699.49),"[MES] master ALU EXTRUTION FLOOR defaults ON for ICECREAM UP TO 3,2 and UP TO 4.8 and adds R13k-R27k (13 x length m at R428.95); Burt's sheets have no such line or flag."
ICECREAM_UP_TO_4.8~L4.2~W2.3~H2.26~all_pu,icecream up to 4.8,17,ICECREAM UP TO 4.8,all_pu,4.2,2.3,2.26,ALUMINIUM,ALUMINIUM,7606.1226,7606.12,0.0,PASS,,,
ICECREAM_UP_TO_4.8~L4.2~W2.3~H2.26~all_pu,icecream up to 4.8,17,ICECREAM UP TO 4.8,all_pu,4.2,2.3,2.26,SUB FRAME + LIGHT BOX ASSY,SUB FRAME + LIGHT BOX ASSY,8086.051206,8086.06,0.0,PASS,,,
ICECREAM_UP_TO_4.8~L4.2~W2.3~H2.26~all_pu,icecream up to 4.8,17,ICECREAM UP TO 4.8,all_pu,4.2,2.3,2.26,REAR FRAME + FLOOR PLATE,REAR FRAME & FLOOR PLATE,3514.937744,3592.43,2.205,ACCEPTED,,BOTH 3MM 3CR12 FLOOR PLATE (+77.50),"[DATA] icecream 4.8 door lines: 4MM PF PLYWOOD quantity, 28779 DOOR CAPPING (-R324), 3MM 3CR12 FLOOR PLATE (+R77.50) differ from Burt's sheet (2-6 % of the section) - see the triage."
ICECREAM_UP_TO_4.8~L4.2~W2.3~H2.26~all_pu,icecream up to 4.8,17,ICECREAM UP TO 4.8,all_pu,4.2,2.3,2.26,SPRAY PAINTING,SPRAY PAINTING,750.0,750.0,0.0,PASS,,,
ICECREAM_UP_TO_4.8~L4.2~W2.3~H2.26~all_pu,icecream up to 4.8,17,ICECREAM UP TO 4.8,all_pu,4.2,2.3,2.26,REFLEXITE TAPE,REFLEXITE TAPE,192.6,192.6,0.0,PASS,,,
ICECREAM_UP_TO_4.8~L4.2~W2.3~H2.26~srd,icecream up to 4.8,17,ICECREAM UP TO 4.8,srd,4.2,2.3,2.26,FRONT,FRONT,5308.864184,5308.82,0.001,PASS,,,
ICECREAM_UP_TO_4.8~L4.2~W2.3~H2.26~srd,icecream up to 4.8,17,ICECREAM UP TO 4.8,srd,4.2,2.3,2.26,SRD,SRD,4885.576294,4797.81,1.796,ACCEPTED,,GROUP_DIFF 130*62MM TAPPING BLOCKS ~ 2 MES line(s) (-87.72),"[DATA] 130*62MM TAPPING BLOCKS: Excel 2 x R234 per size (R936 a double door) vs MES 6 x R68 per size (R816): R60 per size, 1-3 % of the door section."
ICECREAM_UP_TO_4.8~L4.2~W2.3~H2.26~srd,icecream up to 4.8,17,ICECREAM UP TO 4.8,srd,4.2,2.3,2.26,SRD DOOR FITTINGS,SRD DOOR FITTINGS,7003.49804,7003.5,0.0,PASS,,,
ICECREAM_UP_TO_4.8~L4.2~W2.3~H2.26~srd,icecream up to 4.8,17,ICECREAM UP TO 4.8,srd,4.2,2.3,2.26,DRD,,0.0,,,SKIP,,,
ICECREAM_UP_TO_4.8~L4.2~W2.3~H2.26~srd,icecream up to 4.8,17,ICECREAM UP TO 4.8,srd,4.2,2.3,2.26,DRD DOOR FITTINGS,,0.0,,,SKIP,,,
ICECREAM_UP_TO_4.8~L4.2~W2.3~H2.26~srd,icecream up to 4.8,17,ICECREAM UP TO 4.8,srd,4.2,2.3,2.26,SIDES,SIDES,20125.138998,20125.51,0.002,PASS,,,
ICECREAM_UP_TO_4.8~L4.2~W2.3~H2.26~srd,icecream up to 4.8,17,ICECREAM UP TO 4.8,srd,4.2,2.3,2.26,ROOF,ROOF,11458.362439,11458.26,0.001,PASS,,,
ICECREAM_UP_TO_4.8~L4.2~W2.3~H2.26~srd,icecream up to 4.8,17,ICECREAM UP TO 4.8,srd,4.2,2.3,2.26,FLOOR,FLOOR,17398.729677,40637.49,133.566,ACCEPTED,,EXTRA_IN_MES ALU EXTRUTION FLOOR (+23699.49),"[MES] master ALU EXTRUTION FLOOR defaults ON for ICECREAM UP TO 3,2 and UP TO 4.8 and adds R13k-R27k (13 x length m at R428.95); Burt's sheets have no such line or flag."
ICECREAM_UP_TO_4.8~L4.2~W2.3~H2.26~srd,icecream up to 4.8,17,ICECREAM UP TO 4.8,srd,4.2,2.3,2.26,ALUMINIUM,ALUMINIUM,7606.1226,7606.12,0.0,PASS,,,
ICECREAM_UP_TO_4.8~L4.2~W2.3~H2.26~srd,icecream up to 4.8,17,ICECREAM UP TO 4.8,srd,4.2,2.3,2.26,SUB FRAME + LIGHT BOX ASSY,SUB FRAME + LIGHT BOX ASSY,8086.051206,8086.06,0.0,PASS,,,
ICECREAM_UP_TO_4.8~L4.2~W2.3~H2.26~srd,icecream up to 4.8,17,ICECREAM UP TO 4.8,srd,4.2,2.3,2.26,REAR FRAME + FLOOR PLATE,REAR FRAME & FLOOR PLATE,0.0,3592.43,,ACCEPTED,EXTRA_IN_MES,BOTH 3MM 3CR12 FLOOR PLATE (+77.50),"[RULING] Burt gates REAR FRAME + FLOOR PLATE on the DRD flags, so a single-rear-door body carries R0 there; MES always includes the section (R2.4k-R5.5k). Which is right needs Burt/Michael."
ICECREAM_UP_TO_4.8~L4.2~W2.3~H2.26~srd,icecream up to 4.8,17,ICECREAM UP TO 4.8,srd,4.2,2.3,2.26,SPRAY PAINTING,SPRAY PAINTING,750.0,750.0,0.0,PASS,,,
ICECREAM_UP_TO_4.8~L4.2~W2.3~H2.26~srd,icecream up to 4.8,17,ICECREAM UP TO 4.8,srd,4.2,2.3,2.26,REFLEXITE TAPE,REFLEXITE TAPE,192.6,192.6,0.0,PASS,,,
ICECREAM_UP_TO_4.8~L4.2~W2.3~H2.26~drd,icecream up to 4.8,17,ICECREAM UP TO 4.8,drd,4.2,2.3,2.26,FRONT,FRONT,5308.864184,5308.82,0.001,PASS,,,
ICECREAM_UP_TO_4.8~L4.2~W2.3~H2.26~drd,icecream up to 4.8,17,ICECREAM UP TO 4.8,drd,4.2,2.3,2.26,SRD,,0.0,,,SKIP,,,
ICECREAM_UP_TO_4.8~L4.2~W2.3~H2.26~drd,icecream up to 4.8,17,ICECREAM UP TO 4.8,drd,4.2,2.3,2.26,SRD DOOR FITTINGS,,0.0,,,SKIP,,,
ICECREAM_UP_TO_4.8~L4.2~W2.3~H2.26~drd,icecream up to 4.8,17,ICECREAM UP TO 4.8,drd,4.2,2.3,2.26,DRD,DRD,6484.10606,6636.38,2.348,ACCEPTED,,QTY_DIFF 4MM PF PLYWOOD (+320.06),"[DATA] icecream 4.8 door lines: 4MM PF PLYWOOD quantity, 28779 DOOR CAPPING (-R324), 3MM 3CR12 FLOOR PLATE (+R77.50) differ from Burt's sheet (2-6 % of the section) - see the triage."
ICECREAM_UP_TO_4.8~L4.2~W2.3~H2.26~drd,icecream up to 4.8,17,ICECREAM UP TO 4.8,drd,4.2,2.3,2.26,DRD DOOR FITTINGS,DRD DOOR FITTINGS,5576.39503,5232.22,6.172,ACCEPTED,,BOTH 28779 DOOR CAPPING (-323.80),"[DATA] icecream 4.8 door lines: 4MM PF PLYWOOD quantity, 28779 DOOR CAPPING (-R324), 3MM 3CR12 FLOOR PLATE (+R77.50) differ from Burt's sheet (2-6 % of the section) - see the triage."
ICECREAM_UP_TO_4.8~L4.2~W2.3~H2.26~drd,icecream up to 4.8,17,ICECREAM UP TO 4.8,drd,4.2,2.3,2.26,SIDES,SIDES,20125.138998,20125.51,0.002,PASS,,,
ICECREAM_UP_TO_4.8~L4.2~W2.3~H2.26~drd,icecream up to 4.8,17,ICECREAM UP TO 4.8,drd,4.2,2.3,2.26,ROOF,ROOF,11458.362439,11458.26,0.001,PASS,,,
ICECREAM_UP_TO_4.8~L4.2~W2.3~H2.26~drd,icecream up to 4.8,17,ICECREAM UP TO 4.8,drd,4.2,2.3,2.26,FLOOR,FLOOR,17398.729677,40637.49,133.566,ACCEPTED,,EXTRA_IN_MES ALU EXTRUTION FLOOR (+23699.49),"[MES] master ALU EXTRUTION FLOOR defaults ON for ICECREAM UP TO 3,2 and UP TO 4.8 and adds R13k-R27k (13 x length m at R428.95); Burt's sheets have no such line or flag."
ICECREAM_UP_TO_4.8~L4.2~W2.3~H2.26~drd,icecream up to 4.8,17,ICECREAM UP TO 4.8,drd,4.2,2.3,2.26,ALUMINIUM,ALUMINIUM,7606.1226,7606.12,0.0,PASS,,,
ICECREAM_UP_TO_4.8~L4.2~W2.3~H2.26~drd,icecream up to 4.8,17,ICECREAM UP TO 4.8,drd,4.2,2.3,2.26,SUB FRAME + LIGHT BOX ASSY,SUB FRAME + LIGHT BOX ASSY,8086.051206,8086.06,0.0,PASS,,,
ICECREAM_UP_TO_4.8~L4.2~W2.3~H2.26~drd,icecream up to 4.8,17,ICECREAM UP TO 4.8,drd,4.2,2.3,2.26,REAR FRAME + FLOOR PLATE,REAR FRAME & FLOOR PLATE,3514.937744,3592.43,2.205,ACCEPTED,,BOTH 3MM 3CR12 FLOOR PLATE (+77.50),"[DATA] icecream 4.8 door lines: 4MM PF PLYWOOD quantity, 28779 DOOR CAPPING (-R324), 3MM 3CR12 FLOOR PLATE (+R77.50) differ from Burt's sheet (2-6 % of the section) - see the triage."
ICECREAM_UP_TO_4.8~L4.2~W2.3~H2.26~drd,icecream up to 4.8,17,ICECREAM UP TO 4.8,drd,4.2,2.3,2.26,SPRAY PAINTING,SPRAY PAINTING,750.0,750.0,0.0,PASS,,,
ICECREAM_UP_TO_4.8~L4.2~W2.3~H2.26~drd,icecream up to 4.8,17,ICECREAM UP TO 4.8,drd,4.2,2.3,2.26,REFLEXITE TAPE,REFLEXITE TAPE,192.6,192.6,0.0,PASS,,,
ICECREAM_UP_TO_4.8~L4.2~W2.3~H2.26~foam_4g,icecream up to 4.8,17,ICECREAM UP TO 4.8,foam_4g,4.2,2.3,2.26,FRONT,FRONT,6236.628456,6236.58,0.001,PASS,,,
ICECREAM_UP_TO_4.8~L4.2~W2.3~H2.26~foam_4g,icecream up to 4.8,17,ICECREAM UP TO 4.8,foam_4g,4.2,2.3,2.26,SRD,,0.0,,,SKIP,,,
ICECREAM_UP_TO_4.8~L4.2~W2.3~H2.26~foam_4g,icecream up to 4.8,17,ICECREAM UP TO 4.8,foam_4g,4.2,2.3,2.26,SRD DOOR FITTINGS,,0.0,,,SKIP,,,
ICECREAM_UP_TO_4.8~L4.2~W2.3~H2.26~foam_4g,icecream up to 4.8,17,ICECREAM UP TO 4.8,foam_4g,4.2,2.3,2.26,DRD,DRD,7411.870332,7564.14,2.054,ACCEPTED,,QTY_DIFF 4MM PF PLYWOOD (+320.06),"[DATA] icecream 4.8 door lines: 4MM PF PLYWOOD quantity, 28779 DOOR CAPPING (-R324), 3MM 3CR12 FLOOR PLATE (+R77.50) differ from Burt's sheet (2-6 % of the section) - see the triage."
ICECREAM_UP_TO_4.8~L4.2~W2.3~H2.26~foam_4g,icecream up to 4.8,17,ICECREAM UP TO 4.8,foam_4g,4.2,2.3,2.26,DRD DOOR FITTINGS,DRD DOOR FITTINGS,5576.39503,5232.22,6.172,ACCEPTED,,BOTH 28779 DOOR CAPPING (-323.80),"[DATA] icecream 4.8 door lines: 4MM PF PLYWOOD quantity, 28779 DOOR CAPPING (-R324), 3MM 3CR12 FLOOR PLATE (+R77.50) differ from Burt's sheet (2-6 % of the section) - see the triage."
ICECREAM_UP_TO_4.8~L4.2~W2.3~H2.26~foam_4g,icecream up to 4.8,17,ICECREAM UP TO 4.8,foam_4g,4.2,2.3,2.26,SIDES,SIDES,23357.1047,23357.48,0.002,PASS,,,
ICECREAM_UP_TO_4.8~L4.2~W2.3~H2.26~foam_4g,icecream up to 4.8,17,ICECREAM UP TO 4.8,foam_4g,4.2,2.3,2.26,ROOF,ROOF,13411.008384,13410.91,0.001,PASS,,,
ICECREAM_UP_TO_4.8~L4.2~W2.3~H2.26~foam_4g,icecream up to 4.8,17,ICECREAM UP TO 4.8,foam_4g,4.2,2.3,2.26,FLOOR,FLOOR,19351.375622,42590.14,120.088,ACCEPTED,,EXTRA_IN_MES ALU EXTRUTION FLOOR (+23699.49),"[MES] master ALU EXTRUTION FLOOR defaults ON for ICECREAM UP TO 3,2 and UP TO 4.8 and adds R13k-R27k (13 x length m at R428.95); Burt's sheets have no such line or flag."
ICECREAM_UP_TO_4.8~L4.2~W2.3~H2.26~foam_4g,icecream up to 4.8,17,ICECREAM UP TO 4.8,foam_4g,4.2,2.3,2.26,ALUMINIUM,ALUMINIUM,7606.1226,7606.12,0.0,PASS,,,
ICECREAM_UP_TO_4.8~L4.2~W2.3~H2.26~foam_4g,icecream up to 4.8,17,ICECREAM UP TO 4.8,foam_4g,4.2,2.3,2.26,SUB FRAME + LIGHT BOX ASSY,SUB FRAME + LIGHT BOX ASSY,8086.051206,8086.06,0.0,PASS,,,
ICECREAM_UP_TO_4.8~L4.2~W2.3~H2.26~foam_4g,icecream up to 4.8,17,ICECREAM UP TO 4.8,foam_4g,4.2,2.3,2.26,REAR FRAME + FLOOR PLATE,REAR FRAME & FLOOR PLATE,3514.937744,3592.43,2.205,ACCEPTED,,BOTH 3MM 3CR12 FLOOR PLATE (+77.50),"[DATA] icecream 4.8 door lines: 4MM PF PLYWOOD quantity, 28779 DOOR CAPPING (-R324), 3MM 3CR12 FLOOR PLATE (+R77.50) differ from Burt's sheet (2-6 % of the section) - see the triage."
ICECREAM_UP_TO_4.8~L4.2~W2.3~H2.26~foam_4g,icecream up to 4.8,17,ICECREAM UP TO 4.8,foam_4g,4.2,2.3,2.26,SPRAY PAINTING,SPRAY PAINTING,750.0,750.0,0.0,PASS,,,
ICECREAM_UP_TO_4.8~L4.2~W2.3~H2.26~foam_4g,icecream up to 4.8,17,ICECREAM UP TO 4.8,foam_4g,4.2,2.3,2.26,REFLEXITE TAPE,REFLEXITE TAPE,192.6,192.6,0.0,PASS,,,
ICECREAM_UP_TO_4.8~L4.8~W2.3~H2.26~as_sheet,icecream up to 4.8,17,ICECREAM UP TO 4.8,as_sheet,4.8,2.3,2.26,FRONT,FRONT,5308.864184,5308.82,0.001,PASS,,,
ICECREAM_UP_TO_4.8~L4.8~W2.3~H2.26~as_sheet,icecream up to 4.8,17,ICECREAM UP TO 4.8,as_sheet,4.8,2.3,2.26,SRD,,0.0,,,SKIP,,,
ICECREAM_UP_TO_4.8~L4.8~W2.3~H2.26~as_sheet,icecream up to 4.8,17,ICECREAM UP TO 4.8,as_sheet,4.8,2.3,2.26,SRD DOOR FITTINGS,,0.0,,,SKIP,,,
ICECREAM_UP_TO_4.8~L4.8~W2.3~H2.26~as_sheet,icecream up to 4.8,17,ICECREAM UP TO 4.8,as_sheet,4.8,2.3,2.26,DRD,DRD,6484.10606,6636.38,2.348,ACCEPTED,,QTY_DIFF 4MM PF PLYWOOD (+320.06),"[DATA] icecream 4.8 door lines: 4MM PF PLYWOOD quantity, 28779 DOOR CAPPING (-R324), 3MM 3CR12 FLOOR PLATE (+R77.50) differ from Burt's sheet (2-6 % of the section) - see the triage."
ICECREAM_UP_TO_4.8~L4.8~W2.3~H2.26~as_sheet,icecream up to 4.8,17,ICECREAM UP TO 4.8,as_sheet,4.8,2.3,2.26,DRD DOOR FITTINGS,DRD DOOR FITTINGS,5576.39503,5232.22,6.172,ACCEPTED,,BOTH 28779 DOOR CAPPING (-323.80),"[DATA] icecream 4.8 door lines: 4MM PF PLYWOOD quantity, 28779 DOOR CAPPING (-R324), 3MM 3CR12 FLOOR PLATE (+R77.50) differ from Burt's sheet (2-6 % of the section) - see the triage."
ICECREAM_UP_TO_4.8~L4.8~W2.3~H2.26~as_sheet,icecream up to 4.8,17,ICECREAM UP TO 4.8,as_sheet,4.8,2.3,2.26,SIDES,SIDES,22919.33683,22919.76,0.002,PASS,,,
ICECREAM_UP_TO_4.8~L4.8~W2.3~H2.26~as_sheet,icecream up to 4.8,17,ICECREAM UP TO 4.8,as_sheet,4.8,2.3,2.26,ROOF,ROOF,13063.260037,13063.15,0.001,PASS,,,
ICECREAM_UP_TO_4.8~L4.8~W2.3~H2.26~as_sheet,icecream up to 4.8,17,ICECREAM UP TO 4.8,as_sheet,4.8,2.3,2.26,FLOOR,FLOOR,19829.852183,46665.73,135.331,ACCEPTED,,EXTRA_IN_MES ALU EXTRUTION FLOOR (+27045.30),"[MES] master ALU EXTRUTION FLOOR defaults ON for ICECREAM UP TO 3,2 and UP TO 4.8 and adds R13k-R27k (13 x length m at R428.95); Burt's sheets have no such line or flag."
ICECREAM_UP_TO_4.8~L4.8~W2.3~H2.26~as_sheet,icecream up to 4.8,17,ICECREAM UP TO 4.8,as_sheet,4.8,2.3,2.26,ALUMINIUM,ALUMINIUM,8347.6146,8347.61,0.0,PASS,,,
ICECREAM_UP_TO_4.8~L4.8~W2.3~H2.26~as_sheet,icecream up to 4.8,17,ICECREAM UP TO 4.8,as_sheet,4.8,2.3,2.26,SUB FRAME + LIGHT BOX ASSY,SUB FRAME + LIGHT BOX ASSY,8377.651206,8377.66,0.0,PASS,,,
ICECREAM_UP_TO_4.8~L4.8~W2.3~H2.26~as_sheet,icecream up to 4.8,17,ICECREAM UP TO 4.8,as_sheet,4.8,2.3,2.26,REAR FRAME + FLOOR PLATE,REAR FRAME & FLOOR PLATE,3514.937744,3592.43,2.205,ACCEPTED,,BOTH 3MM 3CR12 FLOOR PLATE (+77.50),"[DATA] icecream 4.8 door lines: 4MM PF PLYWOOD quantity, 28779 DOOR CAPPING (-R324), 3MM 3CR12 FLOOR PLATE (+R77.50) differ from Burt's sheet (2-6 % of the section) - see the triage."
ICECREAM_UP_TO_4.8~L4.8~W2.3~H2.26~as_sheet,icecream up to 4.8,17,ICECREAM UP TO 4.8,as_sheet,4.8,2.3,2.26,SPRAY PAINTING,SPRAY PAINTING,750.0,750.0,0.0,PASS,,,
ICECREAM_UP_TO_4.8~L4.8~W2.3~H2.26~as_sheet,icecream up to 4.8,17,ICECREAM UP TO 4.8,as_sheet,4.8,2.3,2.26,REFLEXITE TAPE,REFLEXITE TAPE,214.2,214.2,0.0,PASS,,,
ICECREAM_UP_TO_4.8~L4.8~W2.3~H2.26~all_eps,icecream up to 4.8,17,ICECREAM UP TO 4.8,all_eps,4.8,2.3,2.26,FRONT,FRONT,2510.212791,2434.83,,UNVERIFIABLE,EXCEL_NO_PRICE:EPS,,
ICECREAM_UP_TO_4.8~L4.8~W2.3~H2.26~all_eps,icecream up to 4.8,17,ICECREAM UP TO 4.8,all_eps,4.8,2.3,2.26,SRD,,0.0,,,SKIP,,,
ICECREAM_UP_TO_4.8~L4.8~W2.3~H2.26~all_eps,icecream up to 4.8,17,ICECREAM UP TO 4.8,all_eps,4.8,2.3,2.26,SRD DOOR FITTINGS,,0.0,,,SKIP,,,
ICECREAM_UP_TO_4.8~L4.8~W2.3~H2.26~all_eps,icecream up to 4.8,17,ICECREAM UP TO 4.8,all_eps,4.8,2.3,2.26,DRD,DRD,3617.477148,3734.62,,UNVERIFIABLE,EXCEL_NO_PRICE:EPS,,
ICECREAM_UP_TO_4.8~L4.8~W2.3~H2.26~all_eps,icecream up to 4.8,17,ICECREAM UP TO 4.8,all_eps,4.8,2.3,2.26,DRD DOOR FITTINGS,DRD DOOR FITTINGS,5598.04614,5232.22,6.535,ACCEPTED,,BOTH 28779 DOOR CAPPING (-338.56),"[DATA] icecream 4.8 door lines: 4MM PF PLYWOOD quantity, 28779 DOOR CAPPING (-R324), 3MM 3CR12 FLOOR PLATE (+R77.50) differ from Burt's sheet (2-6 % of the section) - see the triage."
ICECREAM_UP_TO_4.8~L4.8~W2.3~H2.26~all_eps,icecream up to 4.8,17,ICECREAM UP TO 4.8,all_eps,4.8,2.3,2.26,SIDES,SIDES,11250.690796,11287.61,,UNVERIFIABLE,EXCEL_NO_PRICE:EPS,,
ICECREAM_UP_TO_4.8~L4.8~W2.3~H2.26~all_eps,icecream up to 4.8,17,ICECREAM UP TO 4.8,all_eps,4.8,2.3,2.26,ROOF,ROOF,6035.501735,6035.39,,UNVERIFIABLE,EXCEL_NO_PRICE:EPS,,
ICECREAM_UP_TO_4.8~L4.8~W2.3~H2.26~all_eps,icecream up to 4.8,17,ICECREAM UP TO 4.8,all_eps,4.8,2.3,2.26,FLOOR,FLOOR,12802.093881,39637.97,,UNVERIFIABLE,EXCEL_NO_PRICE:EPS,,
ICECREAM_UP_TO_4.8~L4.8~W2.3~H2.26~all_eps,icecream up to 4.8,17,ICECREAM UP TO 4.8,all_eps,4.8,2.3,2.26,ALUMINIUM,ALUMINIUM,8347.6146,8347.61,0.0,PASS,,,
ICECREAM_UP_TO_4.8~L4.8~W2.3~H2.26~all_eps,icecream up to 4.8,17,ICECREAM UP TO 4.8,all_eps,4.8,2.3,2.26,SUB FRAME + LIGHT BOX ASSY,SUB FRAME + LIGHT BOX ASSY,8377.651206,8377.66,0.0,PASS,,,
ICECREAM_UP_TO_4.8~L4.8~W2.3~H2.26~all_eps,icecream up to 4.8,17,ICECREAM UP TO 4.8,all_eps,4.8,2.3,2.26,REAR FRAME + FLOOR PLATE,REAR FRAME & FLOOR PLATE,3514.937744,3592.43,2.205,ACCEPTED,,BOTH 3MM 3CR12 FLOOR PLATE (+77.50),"[DATA] icecream 4.8 door lines: 4MM PF PLYWOOD quantity, 28779 DOOR CAPPING (-R324), 3MM 3CR12 FLOOR PLATE (+R77.50) differ from Burt's sheet (2-6 % of the section) - see the triage."
ICECREAM_UP_TO_4.8~L4.8~W2.3~H2.26~all_eps,icecream up to 4.8,17,ICECREAM UP TO 4.8,all_eps,4.8,2.3,2.26,SPRAY PAINTING,SPRAY PAINTING,750.0,750.0,0.0,PASS,,,
ICECREAM_UP_TO_4.8~L4.8~W2.3~H2.26~all_eps,icecream up to 4.8,17,ICECREAM UP TO 4.8,all_eps,4.8,2.3,2.26,REFLEXITE TAPE,REFLEXITE TAPE,214.2,214.2,0.0,PASS,,,
ICECREAM_UP_TO_4.8~L4.8~W2.3~H2.26~all_pu,icecream up to 4.8,17,ICECREAM UP TO 4.8,all_pu,4.8,2.3,2.26,FRONT,FRONT,5308.864184,5308.82,0.001,PASS,,,
ICECREAM_UP_TO_4.8~L4.8~W2.3~H2.26~all_pu,icecream up to 4.8,17,ICECREAM UP TO 4.8,all_pu,4.8,2.3,2.26,SRD,,0.0,,,SKIP,,,
ICECREAM_UP_TO_4.8~L4.8~W2.3~H2.26~all_pu,icecream up to 4.8,17,ICECREAM UP TO 4.8,all_pu,4.8,2.3,2.26,SRD DOOR FITTINGS,,0.0,,,SKIP,,,
ICECREAM_UP_TO_4.8~L4.8~W2.3~H2.26~all_pu,icecream up to 4.8,17,ICECREAM UP TO 4.8,all_pu,4.8,2.3,2.26,DRD,DRD,6484.10606,6636.38,2.348,ACCEPTED,,QTY_DIFF 4MM PF PLYWOOD (+320.06),"[DATA] icecream 4.8 door lines: 4MM PF PLYWOOD quantity, 28779 DOOR CAPPING (-R324), 3MM 3CR12 FLOOR PLATE (+R77.50) differ from Burt's sheet (2-6 % of the section) - see the triage."
ICECREAM_UP_TO_4.8~L4.8~W2.3~H2.26~all_pu,icecream up to 4.8,17,ICECREAM UP TO 4.8,all_pu,4.8,2.3,2.26,DRD DOOR FITTINGS,DRD DOOR FITTINGS,5576.39503,5232.22,6.172,ACCEPTED,,BOTH 28779 DOOR CAPPING (-323.80),"[DATA] icecream 4.8 door lines: 4MM PF PLYWOOD quantity, 28779 DOOR CAPPING (-R324), 3MM 3CR12 FLOOR PLATE (+R77.50) differ from Burt's sheet (2-6 % of the section) - see the triage."
ICECREAM_UP_TO_4.8~L4.8~W2.3~H2.26~all_pu,icecream up to 4.8,17,ICECREAM UP TO 4.8,all_pu,4.8,2.3,2.26,SIDES,SIDES,22919.33683,22919.76,0.002,PASS,,,
ICECREAM_UP_TO_4.8~L4.8~W2.3~H2.26~all_pu,icecream up to 4.8,17,ICECREAM UP TO 4.8,all_pu,4.8,2.3,2.26,ROOF,ROOF,13063.260037,13063.15,0.001,PASS,,,
ICECREAM_UP_TO_4.8~L4.8~W2.3~H2.26~all_pu,icecream up to 4.8,17,ICECREAM UP TO 4.8,all_pu,4.8,2.3,2.26,FLOOR,FLOOR,19829.852183,46665.73,135.331,ACCEPTED,,EXTRA_IN_MES ALU EXTRUTION FLOOR (+27045.30),"[MES] master ALU EXTRUTION FLOOR defaults ON for ICECREAM UP TO 3,2 and UP TO 4.8 and adds R13k-R27k (13 x length m at R428.95); Burt's sheets have no such line or flag."
ICECREAM_UP_TO_4.8~L4.8~W2.3~H2.26~all_pu,icecream up to 4.8,17,ICECREAM UP TO 4.8,all_pu,4.8,2.3,2.26,ALUMINIUM,ALUMINIUM,8347.6146,8347.61,0.0,PASS,,,
ICECREAM_UP_TO_4.8~L4.8~W2.3~H2.26~all_pu,icecream up to 4.8,17,ICECREAM UP TO 4.8,all_pu,4.8,2.3,2.26,SUB FRAME + LIGHT BOX ASSY,SUB FRAME + LIGHT BOX ASSY,8377.651206,8377.66,0.0,PASS,,,
ICECREAM_UP_TO_4.8~L4.8~W2.3~H2.26~all_pu,icecream up to 4.8,17,ICECREAM UP TO 4.8,all_pu,4.8,2.3,2.26,REAR FRAME + FLOOR PLATE,REAR FRAME & FLOOR PLATE,3514.937744,3592.43,2.205,ACCEPTED,,BOTH 3MM 3CR12 FLOOR PLATE (+77.50),"[DATA] icecream 4.8 door lines: 4MM PF PLYWOOD quantity, 28779 DOOR CAPPING (-R324), 3MM 3CR12 FLOOR PLATE (+R77.50) differ from Burt's sheet (2-6 % of the section) - see the triage."
ICECREAM_UP_TO_4.8~L4.8~W2.3~H2.26~all_pu,icecream up to 4.8,17,ICECREAM UP TO 4.8,all_pu,4.8,2.3,2.26,SPRAY PAINTING,SPRAY PAINTING,750.0,750.0,0.0,PASS,,,
ICECREAM_UP_TO_4.8~L4.8~W2.3~H2.26~all_pu,icecream up to 4.8,17,ICECREAM UP TO 4.8,all_pu,4.8,2.3,2.26,REFLEXITE TAPE,REFLEXITE TAPE,214.2,214.2,0.0,PASS,,,
ICECREAM_UP_TO_4.8~L4.8~W2.3~H2.26~srd,icecream up to 4.8,17,ICECREAM UP TO 4.8,srd,4.8,2.3,2.26,FRONT,FRONT,5308.864184,5308.82,0.001,PASS,,,
ICECREAM_UP_TO_4.8~L4.8~W2.3~H2.26~srd,icecream up to 4.8,17,ICECREAM UP TO 4.8,srd,4.8,2.3,2.26,SRD,SRD,4885.576294,4797.81,1.796,ACCEPTED,,GROUP_DIFF 130*62MM TAPPING BLOCKS ~ 2 MES line(s) (-87.72),"[DATA] 130*62MM TAPPING BLOCKS: Excel 2 x R234 per size (R936 a double door) vs MES 6 x R68 per size (R816): R60 per size, 1-3 % of the door section."
ICECREAM_UP_TO_4.8~L4.8~W2.3~H2.26~srd,icecream up to 4.8,17,ICECREAM UP TO 4.8,srd,4.8,2.3,2.26,SRD DOOR FITTINGS,SRD DOOR FITTINGS,7003.49804,7003.5,0.0,PASS,,,
ICECREAM_UP_TO_4.8~L4.8~W2.3~H2.26~srd,icecream up to 4.8,17,ICECREAM UP TO 4.8,srd,4.8,2.3,2.26,DRD,,0.0,,,SKIP,,,
ICECREAM_UP_TO_4.8~L4.8~W2.3~H2.26~srd,icecream up to 4.8,17,ICECREAM UP TO 4.8,srd,4.8,2.3,2.26,DRD DOOR FITTINGS,,0.0,,,SKIP,,,
ICECREAM_UP_TO_4.8~L4.8~W2.3~H2.26~srd,icecream up to 4.8,17,ICECREAM UP TO 4.8,srd,4.8,2.3,2.26,SIDES,SIDES,22919.33683,22919.76,0.002,PASS,,,
ICECREAM_UP_TO_4.8~L4.8~W2.3~H2.26~srd,icecream up to 4.8,17,ICECREAM UP TO 4.8,srd,4.8,2.3,2.26,ROOF,ROOF,13063.260037,13063.15,0.001,PASS,,,
ICECREAM_UP_TO_4.8~L4.8~W2.3~H2.26~srd,icecream up to 4.8,17,ICECREAM UP TO 4.8,srd,4.8,2.3,2.26,FLOOR,FLOOR,19829.852183,46665.73,135.331,ACCEPTED,,EXTRA_IN_MES ALU EXTRUTION FLOOR (+27045.30),"[MES] master ALU EXTRUTION FLOOR defaults ON for ICECREAM UP TO 3,2 and UP TO 4.8 and adds R13k-R27k (13 x length m at R428.95); Burt's sheets have no such line or flag."
ICECREAM_UP_TO_4.8~L4.8~W2.3~H2.26~srd,icecream up to 4.8,17,ICECREAM UP TO 4.8,srd,4.8,2.3,2.26,ALUMINIUM,ALUMINIUM,8347.6146,8347.61,0.0,PASS,,,
ICECREAM_UP_TO_4.8~L4.8~W2.3~H2.26~srd,icecream up to 4.8,17,ICECREAM UP TO 4.8,srd,4.8,2.3,2.26,SUB FRAME + LIGHT BOX ASSY,SUB FRAME + LIGHT BOX ASSY,8377.651206,8377.66,0.0,PASS,,,
ICECREAM_UP_TO_4.8~L4.8~W2.3~H2.26~srd,icecream up to 4.8,17,ICECREAM UP TO 4.8,srd,4.8,2.3,2.26,REAR FRAME + FLOOR PLATE,REAR FRAME & FLOOR PLATE,0.0,3592.43,,ACCEPTED,EXTRA_IN_MES,BOTH 3MM 3CR12 FLOOR PLATE (+77.50),"[RULING] Burt gates REAR FRAME + FLOOR PLATE on the DRD flags, so a single-rear-door body carries R0 there; MES always includes the section (R2.4k-R5.5k). Which is right needs Burt/Michael."
ICECREAM_UP_TO_4.8~L4.8~W2.3~H2.26~srd,icecream up to 4.8,17,ICECREAM UP TO 4.8,srd,4.8,2.3,2.26,SPRAY PAINTING,SPRAY PAINTING,750.0,750.0,0.0,PASS,,,
ICECREAM_UP_TO_4.8~L4.8~W2.3~H2.26~srd,icecream up to 4.8,17,ICECREAM UP TO 4.8,srd,4.8,2.3,2.26,REFLEXITE TAPE,REFLEXITE TAPE,214.2,214.2,0.0,PASS,,,
ICECREAM_UP_TO_4.8~L4.8~W2.3~H2.26~drd,icecream up to 4.8,17,ICECREAM UP TO 4.8,drd,4.8,2.3,2.26,FRONT,FRONT,5308.864184,5308.82,0.001,PASS,,,
ICECREAM_UP_TO_4.8~L4.8~W2.3~H2.26~drd,icecream up to 4.8,17,ICECREAM UP TO 4.8,drd,4.8,2.3,2.26,SRD,,0.0,,,SKIP,,,
ICECREAM_UP_TO_4.8~L4.8~W2.3~H2.26~drd,icecream up to 4.8,17,ICECREAM UP TO 4.8,drd,4.8,2.3,2.26,SRD DOOR FITTINGS,,0.0,,,SKIP,,,
ICECREAM_UP_TO_4.8~L4.8~W2.3~H2.26~drd,icecream up to 4.8,17,ICECREAM UP TO 4.8,drd,4.8,2.3,2.26,DRD,DRD,6484.10606,6636.38,2.348,ACCEPTED,,QTY_DIFF 4MM PF PLYWOOD (+320.06),"[DATA] icecream 4.8 door lines: 4MM PF PLYWOOD quantity, 28779 DOOR CAPPING (-R324), 3MM 3CR12 FLOOR PLATE (+R77.50) differ from Burt's sheet (2-6 % of the section) - see the triage."
ICECREAM_UP_TO_4.8~L4.8~W2.3~H2.26~drd,icecream up to 4.8,17,ICECREAM UP TO 4.8,drd,4.8,2.3,2.26,DRD DOOR FITTINGS,DRD DOOR FITTINGS,5576.39503,5232.22,6.172,ACCEPTED,,BOTH 28779 DOOR CAPPING (-323.80),"[DATA] icecream 4.8 door lines: 4MM PF PLYWOOD quantity, 28779 DOOR CAPPING (-R324), 3MM 3CR12 FLOOR PLATE (+R77.50) differ from Burt's sheet (2-6 % of the section) - see the triage."
ICECREAM_UP_TO_4.8~L4.8~W2.3~H2.26~drd,icecream up to 4.8,17,ICECREAM UP TO 4.8,drd,4.8,2.3,2.26,SIDES,SIDES,22919.33683,22919.76,0.002,PASS,,,
ICECREAM_UP_TO_4.8~L4.8~W2.3~H2.26~drd,icecream up to 4.8,17,ICECREAM UP TO 4.8,drd,4.8,2.3,2.26,ROOF,ROOF,13063.260037,13063.15,0.001,PASS,,,
ICECREAM_UP_TO_4.8~L4.8~W2.3~H2.26~drd,icecream up to 4.8,17,ICECREAM UP TO 4.8,drd,4.8,2.3,2.26,FLOOR,FLOOR,19829.852183,46665.73,135.331,ACCEPTED,,EXTRA_IN_MES ALU EXTRUTION FLOOR (+27045.30),"[MES] master ALU EXTRUTION FLOOR defaults ON for ICECREAM UP TO 3,2 and UP TO 4.8 and adds R13k-R27k (13 x length m at R428.95); Burt's sheets have no such line or flag."
ICECREAM_UP_TO_4.8~L4.8~W2.3~H2.26~drd,icecream up to 4.8,17,ICECREAM UP TO 4.8,drd,4.8,2.3,2.26,ALUMINIUM,ALUMINIUM,8347.6146,8347.61,0.0,PASS,,,
ICECREAM_UP_TO_4.8~L4.8~W2.3~H2.26~drd,icecream up to 4.8,17,ICECREAM UP TO 4.8,drd,4.8,2.3,2.26,SUB FRAME + LIGHT BOX ASSY,SUB FRAME + LIGHT BOX ASSY,8377.651206,8377.66,0.0,PASS,,,
ICECREAM_UP_TO_4.8~L4.8~W2.3~H2.26~drd,icecream up to 4.8,17,ICECREAM UP TO 4.8,drd,4.8,2.3,2.26,REAR FRAME + FLOOR PLATE,REAR FRAME & FLOOR PLATE,3514.937744,3592.43,2.205,ACCEPTED,,BOTH 3MM 3CR12 FLOOR PLATE (+77.50),"[DATA] icecream 4.8 door lines: 4MM PF PLYWOOD quantity, 28779 DOOR CAPPING (-R324), 3MM 3CR12 FLOOR PLATE (+R77.50) differ from Burt's sheet (2-6 % of the section) - see the triage."
ICECREAM_UP_TO_4.8~L4.8~W2.3~H2.26~drd,icecream up to 4.8,17,ICECREAM UP TO 4.8,drd,4.8,2.3,2.26,SPRAY PAINTING,SPRAY PAINTING,750.0,750.0,0.0,PASS,,,
ICECREAM_UP_TO_4.8~L4.8~W2.3~H2.26~drd,icecream up to 4.8,17,ICECREAM UP TO 4.8,drd,4.8,2.3,2.26,REFLEXITE TAPE,REFLEXITE TAPE,214.2,214.2,0.0,PASS,,,
ICECREAM_UP_TO_4.8~L4.8~W2.3~H2.26~foam_4g,icecream up to 4.8,17,ICECREAM UP TO 4.8,foam_4g,4.8,2.3,2.26,FRONT,FRONT,6236.628456,6236.58,0.001,PASS,,,
ICECREAM_UP_TO_4.8~L4.8~W2.3~H2.26~foam_4g,icecream up to 4.8,17,ICECREAM UP TO 4.8,foam_4g,4.8,2.3,2.26,SRD,,0.0,,,SKIP,,,
ICECREAM_UP_TO_4.8~L4.8~W2.3~H2.26~foam_4g,icecream up to 4.8,17,ICECREAM UP TO 4.8,foam_4g,4.8,2.3,2.26,SRD DOOR FITTINGS,,0.0,,,SKIP,,,
ICECREAM_UP_TO_4.8~L4.8~W2.3~H2.26~foam_4g,icecream up to 4.8,17,ICECREAM UP TO 4.8,foam_4g,4.8,2.3,2.26,DRD,DRD,7411.870332,7564.14,2.054,ACCEPTED,,QTY_DIFF 4MM PF PLYWOOD (+320.06),"[DATA] icecream 4.8 door lines: 4MM PF PLYWOOD quantity, 28779 DOOR CAPPING (-R324), 3MM 3CR12 FLOOR PLATE (+R77.50) differ from Burt's sheet (2-6 % of the section) - see the triage."
ICECREAM_UP_TO_4.8~L4.8~W2.3~H2.26~foam_4g,icecream up to 4.8,17,ICECREAM UP TO 4.8,foam_4g,4.8,2.3,2.26,DRD DOOR FITTINGS,DRD DOOR FITTINGS,5576.39503,5232.22,6.172,ACCEPTED,,BOTH 28779 DOOR CAPPING (-323.80),"[DATA] icecream 4.8 door lines: 4MM PF PLYWOOD quantity, 28779 DOOR CAPPING (-R324), 3MM 3CR12 FLOOR PLATE (+R77.50) differ from Burt's sheet (2-6 % of the section) - see the triage."
ICECREAM_UP_TO_4.8~L4.8~W2.3~H2.26~foam_4g,icecream up to 4.8,17,ICECREAM UP TO 4.8,foam_4g,4.8,2.3,2.26,SIDES,SIDES,26607.580043,26608.0,0.002,PASS,,,
ICECREAM_UP_TO_4.8~L4.8~W2.3~H2.26~foam_4g,icecream up to 4.8,17,ICECREAM UP TO 4.8,foam_4g,4.8,2.3,2.26,ROOF,ROOF,15291.573644,15291.46,0.001,PASS,,,
ICECREAM_UP_TO_4.8~L4.8~W2.3~H2.26~foam_4g,icecream up to 4.8,17,ICECREAM UP TO 4.8,foam_4g,4.8,2.3,2.26,FLOOR,FLOOR,22058.16579,48894.04,121.66,ACCEPTED,,EXTRA_IN_MES ALU EXTRUTION FLOOR (+27045.30),"[MES] master ALU EXTRUTION FLOOR defaults ON for ICECREAM UP TO 3,2 and UP TO 4.8 and adds R13k-R27k (13 x length m at R428.95); Burt's sheets have no such line or flag."
ICECREAM_UP_TO_4.8~L4.8~W2.3~H2.26~foam_4g,icecream up to 4.8,17,ICECREAM UP TO 4.8,foam_4g,4.8,2.3,2.26,ALUMINIUM,ALUMINIUM,8347.6146,8347.61,0.0,PASS,,,
ICECREAM_UP_TO_4.8~L4.8~W2.3~H2.26~foam_4g,icecream up to 4.8,17,ICECREAM UP TO 4.8,foam_4g,4.8,2.3,2.26,SUB FRAME + LIGHT BOX ASSY,SUB FRAME + LIGHT BOX ASSY,8377.651206,8377.66,0.0,PASS,,,
ICECREAM_UP_TO_4.8~L4.8~W2.3~H2.26~foam_4g,icecream up to 4.8,17,ICECREAM UP TO 4.8,foam_4g,4.8,2.3,2.26,REAR FRAME + FLOOR PLATE,REAR FRAME & FLOOR PLATE,3514.937744,3592.43,2.205,ACCEPTED,,BOTH 3MM 3CR12 FLOOR PLATE (+77.50),"[DATA] icecream 4.8 door lines: 4MM PF PLYWOOD quantity, 28779 DOOR CAPPING (-R324), 3MM 3CR12 FLOOR PLATE (+R77.50) differ from Burt's sheet (2-6 % of the section) - see the triage."
ICECREAM_UP_TO_4.8~L4.8~W2.3~H2.26~foam_4g,icecream up to 4.8,17,ICECREAM UP TO 4.8,foam_4g,4.8,2.3,2.26,SPRAY PAINTING,SPRAY PAINTING,750.0,750.0,0.0,PASS,,,
ICECREAM_UP_TO_4.8~L4.8~W2.3~H2.26~foam_4g,icecream up to 4.8,17,ICECREAM UP TO 4.8,foam_4g,4.8,2.3,2.26,REFLEXITE TAPE,REFLEXITE TAPE,214.2,214.2,0.0,PASS,,,
ICECREAM_4.9_UP~L4.9~W2.6~H2.6~as_sheet, icecream 4.9 up,18,ICECREAM 4.9 UP,as_sheet,4.9,2.6,2.6,FRONT,FRONT,6100.213886,6100.15,0.001,PASS,,,
ICECREAM_4.9_UP~L4.9~W2.6~H2.6~as_sheet, icecream 4.9 up,18,ICECREAM 4.9 UP,as_sheet,4.9,2.6,2.6,SRD,,0.0,,,SKIP,,,
ICECREAM_4.9_UP~L4.9~W2.6~H2.6~as_sheet, icecream 4.9 up,18,ICECREAM 4.9 UP,as_sheet,4.9,2.6,2.6,SRD DOOR FITTINGS,,0.0,,,SKIP,,,
ICECREAM_4.9_UP~L4.9~W2.6~H2.6~as_sheet, icecream 4.9 up,18,ICECREAM 4.9 UP,as_sheet,4.9,2.6,2.6,DRD,DRD,7038.264746,6938.39,1.419,ACCEPTED,,GROUP_DIFF 130*62MM TAPPING BLOCKS ~ 2 MES line(s) (-100.00),"[DATA] 130*62MM TAPPING BLOCKS: Excel 2 x R234 per size (R936 a double door) vs MES 6 x R68 per size (R816): R60 per size, 1-3 % of the door section."
ICECREAM_4.9_UP~L4.9~W2.6~H2.6~as_sheet, icecream 4.9 up,18,ICECREAM 4.9 UP,as_sheet,4.9,2.6,2.6,DRD DOOR FITTINGS,DRD DOOR FITTINGS,6340.74823,6340.75,0.0,PASS,,,
ICECREAM_4.9_UP~L4.9~W2.6~H2.6~as_sheet, icecream 4.9 up,18,ICECREAM 4.9 UP,as_sheet,4.9,2.6,2.6,SIDES,SIDES,25299.446069,30041.66,18.744,ACCEPTED,,QTY_DIFF Rhinotex 1150 Bioshield (+2024.89),"[MES] ICECREAM 4.9 UP has the length 6.7 HARD-CODED in its formulas ((6.7+{Waste})*..., 6.7*2) on SIDES, ROOF, FLOOR, ALUMINIUM, SUB FRAME + LIGHT BOX ASSY and REFLEXITE TAPE: MES prices this body at 6.7 m whatever length is entered (+R10k at 4.9 m, under-priced above 6.7 m). Burt's sheet uses C4."
ICECREAM_4.9_UP~L4.9~W2.6~H2.6~as_sheet, icecream 4.9 up,18,ICECREAM 4.9 UP,as_sheet,4.9,2.6,2.6,ROOF,ROOF,13127.548665,15615.5,18.952,ACCEPTED,,QTY_DIFF Rhinotex 1150 Bioshield (+1062.57),"[MES] ICECREAM 4.9 UP has the length 6.7 HARD-CODED in its formulas ((6.7+{Waste})*..., 6.7*2) on SIDES, ROOF, FLOOR, ALUMINIUM, SUB FRAME + LIGHT BOX ASSY and REFLEXITE TAPE: MES prices this body at 6.7 m whatever length is entered (+R10k at 4.9 m, under-priced above 6.7 m). Burt's sheet uses C4."
ICECREAM_4.9_UP~L4.9~W2.6~H2.6~as_sheet, icecream 4.9 up,18,ICECREAM 4.9 UP,as_sheet,4.9,2.6,2.6,FLOOR,FLOOR,20756.111898,23312.03,12.314,ACCEPTED,,QTY_DIFF 100*50 LVL Beam (+1148.99),"[MES] ICECREAM 4.9 UP has the length 6.7 HARD-CODED in its formulas ((6.7+{Waste})*..., 6.7*2) on SIDES, ROOF, FLOOR, ALUMINIUM, SUB FRAME + LIGHT BOX ASSY and REFLEXITE TAPE: MES prices this body at 6.7 m whatever length is entered (+R10k at 4.9 m, under-priced above 6.7 m). Burt's sheet uses C4."
ICECREAM_4.9_UP~L4.9~W2.6~H2.6~as_sheet, icecream 4.9 up,18,ICECREAM 4.9 UP,as_sheet,4.9,2.6,2.6,ALUMINIUM,ALUMINIUM,8769.925,10994.4,25.365,ACCEPTED,,QTY_DIFF 28782 BIG HORIZONTALE CAP (+1732.18),"[MES] ICECREAM 4.9 UP has the length 6.7 HARD-CODED in its formulas ((6.7+{Waste})*..., 6.7*2) on SIDES, ROOF, FLOOR, ALUMINIUM, SUB FRAME + LIGHT BOX ASSY and REFLEXITE TAPE: MES prices this body at 6.7 m whatever length is entered (+R10k at 4.9 m, under-priced above 6.7 m). Burt's sheet uses C4."
ICECREAM_4.9_UP~L4.9~W2.6~H2.6~as_sheet, icecream 4.9 up,18,ICECREAM 4.9 UP,as_sheet,4.9,2.6,2.6,SUB FRAME + LIGHT BOX ASSY,SUB FRAME + LIGHT BOX ASSY,9633.308445,10508.11,9.081,ACCEPTED,,QTY_DIFF 5MM 300 WA PLATE (+874.80),"[MES] ICECREAM 4.9 UP has the length 6.7 HARD-CODED in its formulas ((6.7+{Waste})*..., 6.7*2) on SIDES, ROOF, FLOOR, ALUMINIUM, SUB FRAME + LIGHT BOX ASSY and REFLEXITE TAPE: MES prices this body at 6.7 m whatever length is entered (+R10k at 4.9 m, under-priced above 6.7 m). Burt's sheet uses C4."
ICECREAM_4.9_UP~L4.9~W2.6~H2.6~as_sheet, icecream 4.9 up,18,ICECREAM 4.9 UP,as_sheet,4.9,2.6,2.6,REAR FRAME + FLOOR PLATE,REAR FRAME & FLOOR PLATE,5799.91632,5799.93,0.0,PASS,,,
ICECREAM_4.9_UP~L4.9~W2.6~H2.6~as_sheet, icecream 4.9 up,18,ICECREAM 4.9 UP,as_sheet,4.9,2.6,2.6,SPRAY PAINTING,SPRAY PAINTING,750.0,750.0,0.0,PASS,,,
ICECREAM_4.9_UP~L4.9~W2.6~H2.6~as_sheet, icecream 4.9 up,18,ICECREAM 4.9 UP,as_sheet,4.9,2.6,2.6,REFLEXITE TAPE,REFLEXITE TAPE,225.9,290.7,28.685,ACCEPTED,,QTY_DIFF 50MM REFLEXITE TAPE (+64.80),"[MES] ICECREAM 4.9 UP has the length 6.7 HARD-CODED in its formulas ((6.7+{Waste})*..., 6.7*2) on SIDES, ROOF, FLOOR, ALUMINIUM, SUB FRAME + LIGHT BOX ASSY and REFLEXITE TAPE: MES prices this body at 6.7 m whatever length is entered (+R10k at 4.9 m, under-priced above 6.7 m). Burt's sheet uses C4."
ICECREAM_4.9_UP~L4.9~W2.6~H2.6~all_eps, icecream 4.9 up,18,ICECREAM 4.9 UP,all_eps,4.9,2.6,2.6,FRONT,FRONT,3296.607103,4103.73,,UNVERIFIABLE,EXCEL_NO_PRICE:EPS,,
ICECREAM_4.9_UP~L4.9~W2.6~H2.6~all_eps, icecream 4.9 up,18,ICECREAM 4.9 UP,all_eps,4.9,2.6,2.6,SRD,,0.0,,,SKIP,,,
ICECREAM_4.9_UP~L4.9~W2.6~H2.6~all_eps, icecream 4.9 up,18,ICECREAM 4.9 UP,all_eps,4.9,2.6,2.6,SRD DOOR FITTINGS,,0.0,,,SKIP,,,
ICECREAM_4.9_UP~L4.9~W2.6~H2.6~all_eps, icecream 4.9 up,18,ICECREAM 4.9 UP,all_eps,4.9,2.6,2.6,DRD,DRD,4154.787508,4029.75,,UNVERIFIABLE,EXCEL_NO_PRICE:EPS,,
ICECREAM_4.9_UP~L4.9~W2.6~H2.6~all_eps, icecream 4.9 up,18,ICECREAM 4.9 UP,all_eps,4.9,2.6,2.6,DRD DOOR FITTINGS,DRD DOOR FITTINGS,6344.03794,6340.75,0.052,PASS,,,
ICECREAM_4.9_UP~L4.9~W2.6~H2.6~all_eps, icecream 4.9 up,18,ICECREAM 4.9 UP,all_eps,4.9,2.6,2.6,SIDES,SIDES,13283.875498,18169.67,,UNVERIFIABLE,EXCEL_NO_PRICE:EPS,,
ICECREAM_4.9_UP~L4.9~W2.6~H2.6~all_eps, icecream 4.9 up,18,ICECREAM 4.9 UP,all_eps,4.9,2.6,2.6,ROOF,ROOF,6944.220618,9432.17,,UNVERIFIABLE,EXCEL_NO_PRICE:EPS,,
ICECREAM_4.9_UP~L4.9~W2.6~H2.6~all_eps, icecream 4.9 up,18,ICECREAM 4.9 UP,all_eps,4.9,2.6,2.6,FLOOR,FLOOR,15809.44946,20419.04,,UNVERIFIABLE,EXCEL_NO_PRICE:EPS,,
ICECREAM_4.9_UP~L4.9~W2.6~H2.6~all_eps, icecream 4.9 up,18,ICECREAM 4.9 UP,all_eps,4.9,2.6,2.6,ALUMINIUM,ALUMINIUM,8769.925,10994.4,25.365,ACCEPTED,,QTY_DIFF 28782 BIG HORIZONTALE CAP (+1732.18),"[MES] ICECREAM 4.9 UP has the length 6.7 HARD-CODED in its formulas ((6.7+{Waste})*..., 6.7*2) on SIDES, ROOF, FLOOR, ALUMINIUM, SUB FRAME + LIGHT BOX ASSY and REFLEXITE TAPE: MES prices this body at 6.7 m whatever length is entered (+R10k at 4.9 m, under-priced above 6.7 m). Burt's sheet uses C4."
ICECREAM_4.9_UP~L4.9~W2.6~H2.6~all_eps, icecream 4.9 up,18,ICECREAM 4.9 UP,all_eps,4.9,2.6,2.6,SUB FRAME + LIGHT BOX ASSY,SUB FRAME + LIGHT BOX ASSY,9633.308445,10508.11,9.081,ACCEPTED,,QTY_DIFF 5MM 300 WA PLATE (+874.80),"[MES] ICECREAM 4.9 UP has the length 6.7 HARD-CODED in its formulas ((6.7+{Waste})*..., 6.7*2) on SIDES, ROOF, FLOOR, ALUMINIUM, SUB FRAME + LIGHT BOX ASSY and REFLEXITE TAPE: MES prices this body at 6.7 m whatever length is entered (+R10k at 4.9 m, under-priced above 6.7 m). Burt's sheet uses C4."
ICECREAM_4.9_UP~L4.9~W2.6~H2.6~all_eps, icecream 4.9 up,18,ICECREAM 4.9 UP,all_eps,4.9,2.6,2.6,REAR FRAME + FLOOR PLATE,REAR FRAME & FLOOR PLATE,5799.91632,5799.93,0.0,PASS,,,
ICECREAM_4.9_UP~L4.9~W2.6~H2.6~all_eps, icecream 4.9 up,18,ICECREAM 4.9 UP,all_eps,4.9,2.6,2.6,SPRAY PAINTING,SPRAY PAINTING,750.0,750.0,0.0,PASS,,,
ICECREAM_4.9_UP~L4.9~W2.6~H2.6~all_eps, icecream 4.9 up,18,ICECREAM 4.9 UP,all_eps,4.9,2.6,2.6,REFLEXITE TAPE,REFLEXITE TAPE,225.9,290.7,28.685,ACCEPTED,,QTY_DIFF 50MM REFLEXITE TAPE (+64.80),"[MES] ICECREAM 4.9 UP has the length 6.7 HARD-CODED in its formulas ((6.7+{Waste})*..., 6.7*2) on SIDES, ROOF, FLOOR, ALUMINIUM, SUB FRAME + LIGHT BOX ASSY and REFLEXITE TAPE: MES prices this body at 6.7 m whatever length is entered (+R10k at 4.9 m, under-priced above 6.7 m). Burt's sheet uses C4."
ICECREAM_4.9_UP~L4.9~W2.6~H2.6~all_pu, icecream 4.9 up,18,ICECREAM 4.9 UP,all_pu,4.9,2.6,2.6,FRONT,FRONT,6100.213886,6100.15,0.001,PASS,,,
ICECREAM_4.9_UP~L4.9~W2.6~H2.6~all_pu, icecream 4.9 up,18,ICECREAM 4.9 UP,all_pu,4.9,2.6,2.6,SRD,,0.0,,,SKIP,,,
ICECREAM_4.9_UP~L4.9~W2.6~H2.6~all_pu, icecream 4.9 up,18,ICECREAM 4.9 UP,all_pu,4.9,2.6,2.6,SRD DOOR FITTINGS,,0.0,,,SKIP,,,
ICECREAM_4.9_UP~L4.9~W2.6~H2.6~all_pu, icecream 4.9 up,18,ICECREAM 4.9 UP,all_pu,4.9,2.6,2.6,DRD,DRD,7038.264746,6938.39,1.419,ACCEPTED,,GROUP_DIFF 130*62MM TAPPING BLOCKS ~ 2 MES line(s) (-100.00),"[DATA] 130*62MM TAPPING BLOCKS: Excel 2 x R234 per size (R936 a double door) vs MES 6 x R68 per size (R816): R60 per size, 1-3 % of the door section."
ICECREAM_4.9_UP~L4.9~W2.6~H2.6~all_pu, icecream 4.9 up,18,ICECREAM 4.9 UP,all_pu,4.9,2.6,2.6,DRD DOOR FITTINGS,DRD DOOR FITTINGS,6340.74823,6340.75,0.0,PASS,,,
ICECREAM_4.9_UP~L4.9~W2.6~H2.6~all_pu, icecream 4.9 up,18,ICECREAM 4.9 UP,all_pu,4.9,2.6,2.6,SIDES,SIDES,25299.446069,30041.66,18.744,ACCEPTED,,QTY_DIFF Rhinotex 1150 Bioshield (+2024.89),"[MES] ICECREAM 4.9 UP has the length 6.7 HARD-CODED in its formulas ((6.7+{Waste})*..., 6.7*2) on SIDES, ROOF, FLOOR, ALUMINIUM, SUB FRAME + LIGHT BOX ASSY and REFLEXITE TAPE: MES prices this body at 6.7 m whatever length is entered (+R10k at 4.9 m, under-priced above 6.7 m). Burt's sheet uses C4."
ICECREAM_4.9_UP~L4.9~W2.6~H2.6~all_pu, icecream 4.9 up,18,ICECREAM 4.9 UP,all_pu,4.9,2.6,2.6,ROOF,ROOF,13127.548665,15615.5,18.952,ACCEPTED,,QTY_DIFF Rhinotex 1150 Bioshield (+1062.57),"[MES] ICECREAM 4.9 UP has the length 6.7 HARD-CODED in its formulas ((6.7+{Waste})*..., 6.7*2) on SIDES, ROOF, FLOOR, ALUMINIUM, SUB FRAME + LIGHT BOX ASSY and REFLEXITE TAPE: MES prices this body at 6.7 m whatever length is entered (+R10k at 4.9 m, under-priced above 6.7 m). Burt's sheet uses C4."
ICECREAM_4.9_UP~L4.9~W2.6~H2.6~all_pu, icecream 4.9 up,18,ICECREAM 4.9 UP,all_pu,4.9,2.6,2.6,FLOOR,FLOOR,20756.111898,23312.03,12.314,ACCEPTED,,QTY_DIFF 100*50 LVL Beam (+1148.99),"[MES] ICECREAM 4.9 UP has the length 6.7 HARD-CODED in its formulas ((6.7+{Waste})*..., 6.7*2) on SIDES, ROOF, FLOOR, ALUMINIUM, SUB FRAME + LIGHT BOX ASSY and REFLEXITE TAPE: MES prices this body at 6.7 m whatever length is entered (+R10k at 4.9 m, under-priced above 6.7 m). Burt's sheet uses C4."
ICECREAM_4.9_UP~L4.9~W2.6~H2.6~all_pu, icecream 4.9 up,18,ICECREAM 4.9 UP,all_pu,4.9,2.6,2.6,ALUMINIUM,ALUMINIUM,8769.925,10994.4,25.365,ACCEPTED,,QTY_DIFF 28782 BIG HORIZONTALE CAP (+1732.18),"[MES] ICECREAM 4.9 UP has the length 6.7 HARD-CODED in its formulas ((6.7+{Waste})*..., 6.7*2) on SIDES, ROOF, FLOOR, ALUMINIUM, SUB FRAME + LIGHT BOX ASSY and REFLEXITE TAPE: MES prices this body at 6.7 m whatever length is entered (+R10k at 4.9 m, under-priced above 6.7 m). Burt's sheet uses C4."
ICECREAM_4.9_UP~L4.9~W2.6~H2.6~all_pu, icecream 4.9 up,18,ICECREAM 4.9 UP,all_pu,4.9,2.6,2.6,SUB FRAME + LIGHT BOX ASSY,SUB FRAME + LIGHT BOX ASSY,9633.308445,10508.11,9.081,ACCEPTED,,QTY_DIFF 5MM 300 WA PLATE (+874.80),"[MES] ICECREAM 4.9 UP has the length 6.7 HARD-CODED in its formulas ((6.7+{Waste})*..., 6.7*2) on SIDES, ROOF, FLOOR, ALUMINIUM, SUB FRAME + LIGHT BOX ASSY and REFLEXITE TAPE: MES prices this body at 6.7 m whatever length is entered (+R10k at 4.9 m, under-priced above 6.7 m). Burt's sheet uses C4."
ICECREAM_4.9_UP~L4.9~W2.6~H2.6~all_pu, icecream 4.9 up,18,ICECREAM 4.9 UP,all_pu,4.9,2.6,2.6,REAR FRAME + FLOOR PLATE,REAR FRAME & FLOOR PLATE,5799.91632,5799.93,0.0,PASS,,,
ICECREAM_4.9_UP~L4.9~W2.6~H2.6~all_pu, icecream 4.9 up,18,ICECREAM 4.9 UP,all_pu,4.9,2.6,2.6,SPRAY PAINTING,SPRAY PAINTING,750.0,750.0,0.0,PASS,,,
ICECREAM_4.9_UP~L4.9~W2.6~H2.6~all_pu, icecream 4.9 up,18,ICECREAM 4.9 UP,all_pu,4.9,2.6,2.6,REFLEXITE TAPE,REFLEXITE TAPE,225.9,290.7,28.685,ACCEPTED,,QTY_DIFF 50MM REFLEXITE TAPE (+64.80),"[MES] ICECREAM 4.9 UP has the length 6.7 HARD-CODED in its formulas ((6.7+{Waste})*..., 6.7*2) on SIDES, ROOF, FLOOR, ALUMINIUM, SUB FRAME + LIGHT BOX ASSY and REFLEXITE TAPE: MES prices this body at 6.7 m whatever length is entered (+R10k at 4.9 m, under-priced above 6.7 m). Burt's sheet uses C4."
ICECREAM_4.9_UP~L4.9~W2.6~H2.6~srd, icecream 4.9 up,18,ICECREAM 4.9 UP,srd,4.9,2.6,2.6,FRONT,FRONT,6100.213886,6100.15,0.001,PASS,,,
ICECREAM_4.9_UP~L4.9~W2.6~H2.6~srd, icecream 4.9 up,18,ICECREAM 4.9 UP,srd,4.9,2.6,2.6,SRD,SRD,5243.264266,4272.74,18.51,ACCEPTED,,BOTH PU (-1463.01) [ZERO_FORMULA],"[MES] DEV: the single-rear-door PU line carries a literal x0 quantity formula (2.44*1.22*0*2) on the freezer, icecream and explosive bodies: PU on an SRD prices at R0 (-R1.5k to -R2.2k per quote). Prod has the opposite defect on the same line (R4 100 raw rate, +R23k) - see accepted_differences.prod.yaml."
ICECREAM_4.9_UP~L4.9~W2.6~H2.6~srd, icecream 4.9 up,18,ICECREAM 4.9 UP,srd,4.9,2.6,2.6,SRD DOOR FITTINGS,SRD DOOR FITTINGS,9461.461573,12178.58,28.718,ACCEPTED,,PRICE_DIFF SILPLUS X WHITE SILICONE (+2423.67),"[DATA] SRD DOOR FITTINGS on every body: MES CSLB HINGES R293.46 x2 (Excel R146.73 x2 - the pair price applied per hinge) and SILPLUS X WHITE R232.30 (Excel R116.15); per body also 34MM LOCKING POLE R126 (Excel R42), 28782 BIG HORIZ CAPPING R197.20 (Excel R240.58), ALU CORNERS R45 (Excel R54.90), 28780 BIG VERTICAL renamed 28778; Burt prices 2317 DOOR RUBBER / 28777 DOOR CAPPING at R0 on some sheets."
ICECREAM_4.9_UP~L4.9~W2.6~H2.6~srd, icecream 4.9 up,18,ICECREAM 4.9 UP,srd,4.9,2.6,2.6,DRD,,0.0,,,SKIP,,,
ICECREAM_4.9_UP~L4.9~W2.6~H2.6~srd, icecream 4.9 up,18,ICECREAM 4.9 UP,srd,4.9,2.6,2.6,DRD DOOR FITTINGS,,0.0,,,SKIP,,,
ICECREAM_4.9_UP~L4.9~W2.6~H2.6~srd, icecream 4.9 up,18,ICECREAM 4.9 UP,srd,4.9,2.6,2.6,SIDES,SIDES,25299.446069,30041.66,18.744,ACCEPTED,,QTY_DIFF Rhinotex 1150 Bioshield (+2024.89),"[MES] ICECREAM 4.9 UP has the length 6.7 HARD-CODED in its formulas ((6.7+{Waste})*..., 6.7*2) on SIDES, ROOF, FLOOR, ALUMINIUM, SUB FRAME + LIGHT BOX ASSY and REFLEXITE TAPE: MES prices this body at 6.7 m whatever length is entered (+R10k at 4.9 m, under-priced above 6.7 m). Burt's sheet uses C4."
ICECREAM_4.9_UP~L4.9~W2.6~H2.6~srd, icecream 4.9 up,18,ICECREAM 4.9 UP,srd,4.9,2.6,2.6,ROOF,ROOF,13127.548665,15615.5,18.952,ACCEPTED,,QTY_DIFF Rhinotex 1150 Bioshield (+1062.57),"[MES] ICECREAM 4.9 UP has the length 6.7 HARD-CODED in its formulas ((6.7+{Waste})*..., 6.7*2) on SIDES, ROOF, FLOOR, ALUMINIUM, SUB FRAME + LIGHT BOX ASSY and REFLEXITE TAPE: MES prices this body at 6.7 m whatever length is entered (+R10k at 4.9 m, under-priced above 6.7 m). Burt's sheet uses C4."
ICECREAM_4.9_UP~L4.9~W2.6~H2.6~srd, icecream 4.9 up,18,ICECREAM 4.9 UP,srd,4.9,2.6,2.6,FLOOR,FLOOR,20756.111898,23312.03,12.314,ACCEPTED,,QTY_DIFF 100*50 LVL Beam (+1148.99),"[MES] ICECREAM 4.9 UP has the length 6.7 HARD-CODED in its formulas ((6.7+{Waste})*..., 6.7*2) on SIDES, ROOF, FLOOR, ALUMINIUM, SUB FRAME + LIGHT BOX ASSY and REFLEXITE TAPE: MES prices this body at 6.7 m whatever length is entered (+R10k at 4.9 m, under-priced above 6.7 m). Burt's sheet uses C4."
ICECREAM_4.9_UP~L4.9~W2.6~H2.6~srd, icecream 4.9 up,18,ICECREAM 4.9 UP,srd,4.9,2.6,2.6,ALUMINIUM,ALUMINIUM,8769.925,10994.4,25.365,ACCEPTED,,QTY_DIFF 28782 BIG HORIZONTALE CAP (+1732.18),"[MES] ICECREAM 4.9 UP has the length 6.7 HARD-CODED in its formulas ((6.7+{Waste})*..., 6.7*2) on SIDES, ROOF, FLOOR, ALUMINIUM, SUB FRAME + LIGHT BOX ASSY and REFLEXITE TAPE: MES prices this body at 6.7 m whatever length is entered (+R10k at 4.9 m, under-priced above 6.7 m). Burt's sheet uses C4."
ICECREAM_4.9_UP~L4.9~W2.6~H2.6~srd, icecream 4.9 up,18,ICECREAM 4.9 UP,srd,4.9,2.6,2.6,SUB FRAME + LIGHT BOX ASSY,SUB FRAME + LIGHT BOX ASSY,9633.308445,10508.11,9.081,ACCEPTED,,QTY_DIFF 5MM 300 WA PLATE (+874.80),"[MES] ICECREAM 4.9 UP has the length 6.7 HARD-CODED in its formulas ((6.7+{Waste})*..., 6.7*2) on SIDES, ROOF, FLOOR, ALUMINIUM, SUB FRAME + LIGHT BOX ASSY and REFLEXITE TAPE: MES prices this body at 6.7 m whatever length is entered (+R10k at 4.9 m, under-priced above 6.7 m). Burt's sheet uses C4."
ICECREAM_4.9_UP~L4.9~W2.6~H2.6~srd, icecream 4.9 up,18,ICECREAM 4.9 UP,srd,4.9,2.6,2.6,REAR FRAME + FLOOR PLATE,REAR FRAME & FLOOR PLATE,0.0,5799.93,,ACCEPTED,EXTRA_IN_MES,,"[RULING] Burt gates REAR FRAME + FLOOR PLATE on the DRD flags, so a single-rear-door body carries R0 there; MES always includes the section (R2.4k-R5.5k). Which is right needs Burt/Michael."
ICECREAM_4.9_UP~L4.9~W2.6~H2.6~srd, icecream 4.9 up,18,ICECREAM 4.9 UP,srd,4.9,2.6,2.6,SPRAY PAINTING,SPRAY PAINTING,750.0,750.0,0.0,PASS,,,
ICECREAM_4.9_UP~L4.9~W2.6~H2.6~srd, icecream 4.9 up,18,ICECREAM 4.9 UP,srd,4.9,2.6,2.6,REFLEXITE TAPE,REFLEXITE TAPE,225.9,290.7,28.685,ACCEPTED,,QTY_DIFF 50MM REFLEXITE TAPE (+64.80),"[MES] ICECREAM 4.9 UP has the length 6.7 HARD-CODED in its formulas ((6.7+{Waste})*..., 6.7*2) on SIDES, ROOF, FLOOR, ALUMINIUM, SUB FRAME + LIGHT BOX ASSY and REFLEXITE TAPE: MES prices this body at 6.7 m whatever length is entered (+R10k at 4.9 m, under-priced above 6.7 m). Burt's sheet uses C4."
ICECREAM_4.9_UP~L4.9~W2.6~H2.6~drd, icecream 4.9 up,18,ICECREAM 4.9 UP,drd,4.9,2.6,2.6,FRONT,FRONT,6100.213886,6100.15,0.001,PASS,,,
ICECREAM_4.9_UP~L4.9~W2.6~H2.6~drd, icecream 4.9 up,18,ICECREAM 4.9 UP,drd,4.9,2.6,2.6,SRD,,0.0,,,SKIP,,,
ICECREAM_4.9_UP~L4.9~W2.6~H2.6~drd, icecream 4.9 up,18,ICECREAM 4.9 UP,drd,4.9,2.6,2.6,SRD DOOR FITTINGS,,0.0,,,SKIP,,,
ICECREAM_4.9_UP~L4.9~W2.6~H2.6~drd, icecream 4.9 up,18,ICECREAM 4.9 UP,drd,4.9,2.6,2.6,DRD,DRD,7038.264746,6938.39,1.419,ACCEPTED,,GROUP_DIFF 130*62MM TAPPING BLOCKS ~ 2 MES line(s) (-100.00),"[DATA] 130*62MM TAPPING BLOCKS: Excel 2 x R234 per size (R936 a double door) vs MES 6 x R68 per size (R816): R60 per size, 1-3 % of the door section."
ICECREAM_4.9_UP~L4.9~W2.6~H2.6~drd, icecream 4.9 up,18,ICECREAM 4.9 UP,drd,4.9,2.6,2.6,DRD DOOR FITTINGS,DRD DOOR FITTINGS,6340.74823,6340.75,0.0,PASS,,,
ICECREAM_4.9_UP~L4.9~W2.6~H2.6~drd, icecream 4.9 up,18,ICECREAM 4.9 UP,drd,4.9,2.6,2.6,SIDES,SIDES,25299.446069,30041.66,18.744,ACCEPTED,,QTY_DIFF Rhinotex 1150 Bioshield (+2024.89),"[MES] ICECREAM 4.9 UP has the length 6.7 HARD-CODED in its formulas ((6.7+{Waste})*..., 6.7*2) on SIDES, ROOF, FLOOR, ALUMINIUM, SUB FRAME + LIGHT BOX ASSY and REFLEXITE TAPE: MES prices this body at 6.7 m whatever length is entered (+R10k at 4.9 m, under-priced above 6.7 m). Burt's sheet uses C4."
ICECREAM_4.9_UP~L4.9~W2.6~H2.6~drd, icecream 4.9 up,18,ICECREAM 4.9 UP,drd,4.9,2.6,2.6,ROOF,ROOF,13127.548665,15615.5,18.952,ACCEPTED,,QTY_DIFF Rhinotex 1150 Bioshield (+1062.57),"[MES] ICECREAM 4.9 UP has the length 6.7 HARD-CODED in its formulas ((6.7+{Waste})*..., 6.7*2) on SIDES, ROOF, FLOOR, ALUMINIUM, SUB FRAME + LIGHT BOX ASSY and REFLEXITE TAPE: MES prices this body at 6.7 m whatever length is entered (+R10k at 4.9 m, under-priced above 6.7 m). Burt's sheet uses C4."
ICECREAM_4.9_UP~L4.9~W2.6~H2.6~drd, icecream 4.9 up,18,ICECREAM 4.9 UP,drd,4.9,2.6,2.6,FLOOR,FLOOR,20756.111898,23312.03,12.314,ACCEPTED,,QTY_DIFF 100*50 LVL Beam (+1148.99),"[MES] ICECREAM 4.9 UP has the length 6.7 HARD-CODED in its formulas ((6.7+{Waste})*..., 6.7*2) on SIDES, ROOF, FLOOR, ALUMINIUM, SUB FRAME + LIGHT BOX ASSY and REFLEXITE TAPE: MES prices this body at 6.7 m whatever length is entered (+R10k at 4.9 m, under-priced above 6.7 m). Burt's sheet uses C4."
ICECREAM_4.9_UP~L4.9~W2.6~H2.6~drd, icecream 4.9 up,18,ICECREAM 4.9 UP,drd,4.9,2.6,2.6,ALUMINIUM,ALUMINIUM,8769.925,10994.4,25.365,ACCEPTED,,QTY_DIFF 28782 BIG HORIZONTALE CAP (+1732.18),"[MES] ICECREAM 4.9 UP has the length 6.7 HARD-CODED in its formulas ((6.7+{Waste})*..., 6.7*2) on SIDES, ROOF, FLOOR, ALUMINIUM, SUB FRAME + LIGHT BOX ASSY and REFLEXITE TAPE: MES prices this body at 6.7 m whatever length is entered (+R10k at 4.9 m, under-priced above 6.7 m). Burt's sheet uses C4."
ICECREAM_4.9_UP~L4.9~W2.6~H2.6~drd, icecream 4.9 up,18,ICECREAM 4.9 UP,drd,4.9,2.6,2.6,SUB FRAME + LIGHT BOX ASSY,SUB FRAME + LIGHT BOX ASSY,9633.308445,10508.11,9.081,ACCEPTED,,QTY_DIFF 5MM 300 WA PLATE (+874.80),"[MES] ICECREAM 4.9 UP has the length 6.7 HARD-CODED in its formulas ((6.7+{Waste})*..., 6.7*2) on SIDES, ROOF, FLOOR, ALUMINIUM, SUB FRAME + LIGHT BOX ASSY and REFLEXITE TAPE: MES prices this body at 6.7 m whatever length is entered (+R10k at 4.9 m, under-priced above 6.7 m). Burt's sheet uses C4."
ICECREAM_4.9_UP~L4.9~W2.6~H2.6~drd, icecream 4.9 up,18,ICECREAM 4.9 UP,drd,4.9,2.6,2.6,REAR FRAME + FLOOR PLATE,REAR FRAME & FLOOR PLATE,5799.91632,5799.93,0.0,PASS,,,
ICECREAM_4.9_UP~L4.9~W2.6~H2.6~drd, icecream 4.9 up,18,ICECREAM 4.9 UP,drd,4.9,2.6,2.6,SPRAY PAINTING,SPRAY PAINTING,750.0,750.0,0.0,PASS,,,
ICECREAM_4.9_UP~L4.9~W2.6~H2.6~drd, icecream 4.9 up,18,ICECREAM 4.9 UP,drd,4.9,2.6,2.6,REFLEXITE TAPE,REFLEXITE TAPE,225.9,290.7,28.685,ACCEPTED,,QTY_DIFF 50MM REFLEXITE TAPE (+64.80),"[MES] ICECREAM 4.9 UP has the length 6.7 HARD-CODED in its formulas ((6.7+{Waste})*..., 6.7*2) on SIDES, ROOF, FLOOR, ALUMINIUM, SUB FRAME + LIGHT BOX ASSY and REFLEXITE TAPE: MES prices this body at 6.7 m whatever length is entered (+R10k at 4.9 m, under-priced above 6.7 m). Burt's sheet uses C4."
ICECREAM_4.9_UP~L4.9~W2.6~H2.6~foam_4g, icecream 4.9 up,18,ICECREAM 4.9 UP,foam_4g,4.9,2.6,2.6,FRONT,FRONT,7027.978158,7027.92,0.001,PASS,,,
ICECREAM_4.9_UP~L4.9~W2.6~H2.6~foam_4g, icecream 4.9 up,18,ICECREAM 4.9 UP,foam_4g,4.9,2.6,2.6,SRD,,0.0,,,SKIP,,,
ICECREAM_4.9_UP~L4.9~W2.6~H2.6~foam_4g, icecream 4.9 up,18,ICECREAM 4.9 UP,foam_4g,4.9,2.6,2.6,SRD DOOR FITTINGS,,0.0,,,SKIP,,,
ICECREAM_4.9_UP~L4.9~W2.6~H2.6~foam_4g, icecream 4.9 up,18,ICECREAM 4.9 UP,foam_4g,4.9,2.6,2.6,DRD,DRD,7966.029018,7866.16,1.254,ACCEPTED,,GROUP_DIFF 130*62MM TAPPING BLOCKS ~ 2 MES line(s) (-100.00),"[DATA] 130*62MM TAPPING BLOCKS: Excel 2 x R234 per size (R936 a double door) vs MES 6 x R68 per size (R816): R60 per size, 1-3 % of the door section."
ICECREAM_4.9_UP~L4.9~W2.6~H2.6~foam_4g, icecream 4.9 up,18,ICECREAM 4.9 UP,foam_4g,4.9,2.6,2.6,DRD DOOR FITTINGS,DRD DOOR FITTINGS,6340.74823,6340.75,0.0,PASS,,,
ICECREAM_4.9_UP~L4.9~W2.6~H2.6~foam_4g, icecream 4.9 up,18,ICECREAM 4.9 UP,foam_4g,4.9,2.6,2.6,SIDES,SIDES,29063.735533,33805.95,16.317,ACCEPTED,,QTY_DIFF Rhinotex 1150 Bioshield (+2024.89),"[MES] ICECREAM 4.9 UP has the length 6.7 HARD-CODED in its formulas ((6.7+{Waste})*..., 6.7*2) on SIDES, ROOF, FLOOR, ALUMINIUM, SUB FRAME + LIGHT BOX ASSY and REFLEXITE TAPE: MES prices this body at 6.7 m whatever length is entered (+R10k at 4.9 m, under-priced above 6.7 m). Burt's sheet uses C4."
ICECREAM_4.9_UP~L4.9~W2.6~H2.6~foam_4g, icecream 4.9 up,18,ICECREAM 4.9 UP,foam_4g,4.9,2.6,2.6,ROOF,ROOF,15088.116095,17576.07,16.489,ACCEPTED,,QTY_DIFF Rhinotex 1150 Bioshield (+1062.57),"[MES] ICECREAM 4.9 UP has the length 6.7 HARD-CODED in its formulas ((6.7+{Waste})*..., 6.7*2) on SIDES, ROOF, FLOOR, ALUMINIUM, SUB FRAME + LIGHT BOX ASSY and REFLEXITE TAPE: MES prices this body at 6.7 m whatever length is entered (+R10k at 4.9 m, under-priced above 6.7 m). Burt's sheet uses C4."
ICECREAM_4.9_UP~L4.9~W2.6~H2.6~foam_4g, icecream 4.9 up,18,ICECREAM 4.9 UP,foam_4g,4.9,2.6,2.6,FLOOR,FLOOR,22324.565841,24880.48,11.449,ACCEPTED,,QTY_DIFF 100*50 LVL Beam (+1148.99),"[MES] ICECREAM 4.9 UP has the length 6.7 HARD-CODED in its formulas ((6.7+{Waste})*..., 6.7*2) on SIDES, ROOF, FLOOR, ALUMINIUM, SUB FRAME + LIGHT BOX ASSY and REFLEXITE TAPE: MES prices this body at 6.7 m whatever length is entered (+R10k at 4.9 m, under-priced above 6.7 m). Burt's sheet uses C4."
ICECREAM_4.9_UP~L4.9~W2.6~H2.6~foam_4g, icecream 4.9 up,18,ICECREAM 4.9 UP,foam_4g,4.9,2.6,2.6,ALUMINIUM,ALUMINIUM,8769.925,10994.4,25.365,ACCEPTED,,QTY_DIFF 28782 BIG HORIZONTALE CAP (+1732.18),"[MES] ICECREAM 4.9 UP has the length 6.7 HARD-CODED in its formulas ((6.7+{Waste})*..., 6.7*2) on SIDES, ROOF, FLOOR, ALUMINIUM, SUB FRAME + LIGHT BOX ASSY and REFLEXITE TAPE: MES prices this body at 6.7 m whatever length is entered (+R10k at 4.9 m, under-priced above 6.7 m). Burt's sheet uses C4."
ICECREAM_4.9_UP~L4.9~W2.6~H2.6~foam_4g, icecream 4.9 up,18,ICECREAM 4.9 UP,foam_4g,4.9,2.6,2.6,SUB FRAME + LIGHT BOX ASSY,SUB FRAME + LIGHT BOX ASSY,9633.308445,10508.11,9.081,ACCEPTED,,QTY_DIFF 5MM 300 WA PLATE (+874.80),"[MES] ICECREAM 4.9 UP has the length 6.7 HARD-CODED in its formulas ((6.7+{Waste})*..., 6.7*2) on SIDES, ROOF, FLOOR, ALUMINIUM, SUB FRAME + LIGHT BOX ASSY and REFLEXITE TAPE: MES prices this body at 6.7 m whatever length is entered (+R10k at 4.9 m, under-priced above 6.7 m). Burt's sheet uses C4."
ICECREAM_4.9_UP~L4.9~W2.6~H2.6~foam_4g, icecream 4.9 up,18,ICECREAM 4.9 UP,foam_4g,4.9,2.6,2.6,REAR FRAME + FLOOR PLATE,REAR FRAME & FLOOR PLATE,5799.91632,5799.93,0.0,PASS,,,
ICECREAM_4.9_UP~L4.9~W2.6~H2.6~foam_4g, icecream 4.9 up,18,ICECREAM 4.9 UP,foam_4g,4.9,2.6,2.6,SPRAY PAINTING,SPRAY PAINTING,750.0,750.0,0.0,PASS,,,
ICECREAM_4.9_UP~L4.9~W2.6~H2.6~foam_4g, icecream 4.9 up,18,ICECREAM 4.9 UP,foam_4g,4.9,2.6,2.6,REFLEXITE TAPE,REFLEXITE TAPE,225.9,290.7,28.685,ACCEPTED,,QTY_DIFF 50MM REFLEXITE TAPE (+64.80),"[MES] ICECREAM 4.9 UP has the length 6.7 HARD-CODED in its formulas ((6.7+{Waste})*..., 6.7*2) on SIDES, ROOF, FLOOR, ALUMINIUM, SUB FRAME + LIGHT BOX ASSY and REFLEXITE TAPE: MES prices this body at 6.7 m whatever length is entered (+R10k at 4.9 m, under-priced above 6.7 m). Burt's sheet uses C4."
ICECREAM_4.9_UP~L6.7~W2.6~H2.6~as_sheet, icecream 4.9 up,18,ICECREAM 4.9 UP,as_sheet,6.7,2.6,2.6,FRONT,FRONT,6100.213886,6100.15,0.001,PASS,,,
ICECREAM_4.9_UP~L6.7~W2.6~H2.6~as_sheet, icecream 4.9 up,18,ICECREAM 4.9 UP,as_sheet,6.7,2.6,2.6,SRD,,0.0,,,SKIP,,,
ICECREAM_4.9_UP~L6.7~W2.6~H2.6~as_sheet, icecream 4.9 up,18,ICECREAM 4.9 UP,as_sheet,6.7,2.6,2.6,SRD DOOR FITTINGS,,0.0,,,SKIP,,,
ICECREAM_4.9_UP~L6.7~W2.6~H2.6~as_sheet, icecream 4.9 up,18,ICECREAM 4.9 UP,as_sheet,6.7,2.6,2.6,DRD,DRD,7038.264746,6938.39,1.419,ACCEPTED,,GROUP_DIFF 130*62MM TAPPING BLOCKS ~ 2 MES line(s) (-100.00),"[DATA] 130*62MM TAPPING BLOCKS: Excel 2 x R234 per size (R936 a double door) vs MES 6 x R68 per size (R816): R60 per size, 1-3 % of the door section."
ICECREAM_4.9_UP~L6.7~W2.6~H2.6~as_sheet, icecream 4.9 up,18,ICECREAM 4.9 UP,as_sheet,6.7,2.6,2.6,DRD DOOR FITTINGS,DRD DOOR FITTINGS,6340.74823,6340.75,0.0,PASS,,,
ICECREAM_4.9_UP~L6.7~W2.6~H2.6~as_sheet, icecream 4.9 up,18,ICECREAM 4.9 UP,as_sheet,6.7,2.6,2.6,SIDES,SIDES,34358.059087,34358.74,0.002,PASS,,,
ICECREAM_4.9_UP~L6.7~W2.6~H2.6~as_sheet, icecream 4.9 up,18,ICECREAM 4.9 UP,as_sheet,6.7,2.6,2.6,ROOF,ROOF,17864.158992,17863.98,0.001,PASS,,,
ICECREAM_4.9_UP~L6.7~W2.6~H2.6~as_sheet, icecream 4.9 up,18,ICECREAM 4.9 UP,as_sheet,6.7,2.6,2.6,FLOOR,FLOOR,27950.055277,27950.05,0.0,PASS,,,
ICECREAM_4.9_UP~L6.7~W2.6~H2.6~as_sheet, icecream 4.9 up,18,ICECREAM 4.9 UP,as_sheet,6.7,2.6,2.6,ALUMINIUM,ALUMINIUM,10994.401,10994.4,0.0,PASS,,,
ICECREAM_4.9_UP~L6.7~W2.6~H2.6~as_sheet, icecream 4.9 up,18,ICECREAM 4.9 UP,as_sheet,6.7,2.6,2.6,SUB FRAME + LIGHT BOX ASSY,SUB FRAME + LIGHT BOX ASSY,10508.108445,10508.11,0.0,PASS,,,
ICECREAM_4.9_UP~L6.7~W2.6~H2.6~as_sheet, icecream 4.9 up,18,ICECREAM 4.9 UP,as_sheet,6.7,2.6,2.6,REAR FRAME + FLOOR PLATE,REAR FRAME & FLOOR PLATE,5799.91632,5799.93,0.0,PASS,,,
ICECREAM_4.9_UP~L6.7~W2.6~H2.6~as_sheet, icecream 4.9 up,18,ICECREAM 4.9 UP,as_sheet,6.7,2.6,2.6,SPRAY PAINTING,SPRAY PAINTING,750.0,750.0,0.0,PASS,,,
ICECREAM_4.9_UP~L6.7~W2.6~H2.6~as_sheet, icecream 4.9 up,18,ICECREAM 4.9 UP,as_sheet,6.7,2.6,2.6,REFLEXITE TAPE,REFLEXITE TAPE,290.7,290.7,0.0,PASS,,,
ICECREAM_4.9_UP~L6.7~W2.6~H2.6~all_eps, icecream 4.9 up,18,ICECREAM 4.9 UP,all_eps,6.7,2.6,2.6,FRONT,FRONT,3296.607103,4103.73,,UNVERIFIABLE,EXCEL_NO_PRICE:EPS,,
ICECREAM_4.9_UP~L6.7~W2.6~H2.6~all_eps, icecream 4.9 up,18,ICECREAM 4.9 UP,all_eps,6.7,2.6,2.6,SRD,,0.0,,,SKIP,,,
ICECREAM_4.9_UP~L6.7~W2.6~H2.6~all_eps, icecream 4.9 up,18,ICECREAM 4.9 UP,all_eps,6.7,2.6,2.6,SRD DOOR FITTINGS,,0.0,,,SKIP,,,
ICECREAM_4.9_UP~L6.7~W2.6~H2.6~all_eps, icecream 4.9 up,18,ICECREAM 4.9 UP,all_eps,6.7,2.6,2.6,DRD,DRD,4154.787508,4029.75,,UNVERIFIABLE,EXCEL_NO_PRICE:EPS,,
ICECREAM_4.9_UP~L6.7~W2.6~H2.6~all_eps, icecream 4.9 up,18,ICECREAM 4.9 UP,all_eps,6.7,2.6,2.6,DRD DOOR FITTINGS,DRD DOOR FITTINGS,6344.03794,6340.75,0.052,PASS,,,
ICECREAM_4.9_UP~L6.7~W2.6~H2.6~all_eps, icecream 4.9 up,18,ICECREAM 4.9 UP,all_eps,6.7,2.6,2.6,SIDES,SIDES,17974.699834,18169.67,,UNVERIFIABLE,EXCEL_NO_PRICE:EPS,,
ICECREAM_4.9_UP~L6.7~W2.6~H2.6~all_eps, icecream 4.9 up,18,ICECREAM 4.9 UP,all_eps,6.7,2.6,2.6,ROOF,ROOF,9432.348018,9432.17,,UNVERIFIABLE,EXCEL_NO_PRICE:EPS,,
ICECREAM_4.9_UP~L6.7~W2.6~H2.6~all_eps, icecream 4.9 up,18,ICECREAM 4.9 UP,all_eps,6.7,2.6,2.6,FLOOR,FLOOR,21204.606498,24005.07,,UNVERIFIABLE,EXCEL_NO_PRICE:EPS,,
ICECREAM_4.9_UP~L6.7~W2.6~H2.6~all_eps, icecream 4.9 up,18,ICECREAM 4.9 UP,all_eps,6.7,2.6,2.6,ALUMINIUM,ALUMINIUM,10994.401,10994.4,0.0,PASS,,,
ICECREAM_4.9_UP~L6.7~W2.6~H2.6~all_eps, icecream 4.9 up,18,ICECREAM 4.9 UP,all_eps,6.7,2.6,2.6,SUB FRAME + LIGHT BOX ASSY,SUB FRAME + LIGHT BOX ASSY,10508.108445,10508.11,0.0,PASS,,,
ICECREAM_4.9_UP~L6.7~W2.6~H2.6~all_eps, icecream 4.9 up,18,ICECREAM 4.9 UP,all_eps,6.7,2.6,2.6,REAR FRAME + FLOOR PLATE,REAR FRAME & FLOOR PLATE,5799.91632,5799.93,0.0,PASS,,,
ICECREAM_4.9_UP~L6.7~W2.6~H2.6~all_eps, icecream 4.9 up,18,ICECREAM 4.9 UP,all_eps,6.7,2.6,2.6,SPRAY PAINTING,SPRAY PAINTING,750.0,750.0,0.0,PASS,,,
ICECREAM_4.9_UP~L6.7~W2.6~H2.6~all_eps, icecream 4.9 up,18,ICECREAM 4.9 UP,all_eps,6.7,2.6,2.6,REFLEXITE TAPE,REFLEXITE TAPE,290.7,290.7,0.0,PASS,,,
ICECREAM_4.9_UP~L6.7~W2.6~H2.6~all_pu, icecream 4.9 up,18,ICECREAM 4.9 UP,all_pu,6.7,2.6,2.6,FRONT,FRONT,6100.213886,6100.15,0.001,PASS,,,
ICECREAM_4.9_UP~L6.7~W2.6~H2.6~all_pu, icecream 4.9 up,18,ICECREAM 4.9 UP,all_pu,6.7,2.6,2.6,SRD,,0.0,,,SKIP,,,
ICECREAM_4.9_UP~L6.7~W2.6~H2.6~all_pu, icecream 4.9 up,18,ICECREAM 4.9 UP,all_pu,6.7,2.6,2.6,SRD DOOR FITTINGS,,0.0,,,SKIP,,,
ICECREAM_4.9_UP~L6.7~W2.6~H2.6~all_pu, icecream 4.9 up,18,ICECREAM 4.9 UP,all_pu,6.7,2.6,2.6,DRD,DRD,7038.264746,6938.39,1.419,ACCEPTED,,GROUP_DIFF 130*62MM TAPPING BLOCKS ~ 2 MES line(s) (-100.00),"[DATA] 130*62MM TAPPING BLOCKS: Excel 2 x R234 per size (R936 a double door) vs MES 6 x R68 per size (R816): R60 per size, 1-3 % of the door section."
ICECREAM_4.9_UP~L6.7~W2.6~H2.6~all_pu, icecream 4.9 up,18,ICECREAM 4.9 UP,all_pu,6.7,2.6,2.6,DRD DOOR FITTINGS,DRD DOOR FITTINGS,6340.74823,6340.75,0.0,PASS,,,
ICECREAM_4.9_UP~L6.7~W2.6~H2.6~all_pu, icecream 4.9 up,18,ICECREAM 4.9 UP,all_pu,6.7,2.6,2.6,SIDES,SIDES,34358.059087,34358.74,0.002,PASS,,,
ICECREAM_4.9_UP~L6.7~W2.6~H2.6~all_pu, icecream 4.9 up,18,ICECREAM 4.9 UP,all_pu,6.7,2.6,2.6,ROOF,ROOF,17864.158992,17863.98,0.001,PASS,,,
ICECREAM_4.9_UP~L6.7~W2.6~H2.6~all_pu, icecream 4.9 up,18,ICECREAM 4.9 UP,all_pu,6.7,2.6,2.6,FLOOR,FLOOR,27950.055277,27950.05,0.0,PASS,,,
ICECREAM_4.9_UP~L6.7~W2.6~H2.6~all_pu, icecream 4.9 up,18,ICECREAM 4.9 UP,all_pu,6.7,2.6,2.6,ALUMINIUM,ALUMINIUM,10994.401,10994.4,0.0,PASS,,,
ICECREAM_4.9_UP~L6.7~W2.6~H2.6~all_pu, icecream 4.9 up,18,ICECREAM 4.9 UP,all_pu,6.7,2.6,2.6,SUB FRAME + LIGHT BOX ASSY,SUB FRAME + LIGHT BOX ASSY,10508.108445,10508.11,0.0,PASS,,,
ICECREAM_4.9_UP~L6.7~W2.6~H2.6~all_pu, icecream 4.9 up,18,ICECREAM 4.9 UP,all_pu,6.7,2.6,2.6,REAR FRAME + FLOOR PLATE,REAR FRAME & FLOOR PLATE,5799.91632,5799.93,0.0,PASS,,,
ICECREAM_4.9_UP~L6.7~W2.6~H2.6~all_pu, icecream 4.9 up,18,ICECREAM 4.9 UP,all_pu,6.7,2.6,2.6,SPRAY PAINTING,SPRAY PAINTING,750.0,750.0,0.0,PASS,,,
ICECREAM_4.9_UP~L6.7~W2.6~H2.6~all_pu, icecream 4.9 up,18,ICECREAM 4.9 UP,all_pu,6.7,2.6,2.6,REFLEXITE TAPE,REFLEXITE TAPE,290.7,290.7,0.0,PASS,,,
ICECREAM_4.9_UP~L6.7~W2.6~H2.6~srd, icecream 4.9 up,18,ICECREAM 4.9 UP,srd,6.7,2.6,2.6,FRONT,FRONT,6100.213886,6100.15,0.001,PASS,,,
ICECREAM_4.9_UP~L6.7~W2.6~H2.6~srd, icecream 4.9 up,18,ICECREAM 4.9 UP,srd,6.7,2.6,2.6,SRD,SRD,5243.264266,4272.74,18.51,ACCEPTED,,BOTH PU (-1463.01) [ZERO_FORMULA],"[MES] DEV: the single-rear-door PU line carries a literal x0 quantity formula (2.44*1.22*0*2) on the freezer, icecream and explosive bodies: PU on an SRD prices at R0 (-R1.5k to -R2.2k per quote). Prod has the opposite defect on the same line (R4 100 raw rate, +R23k) - see accepted_differences.prod.yaml."
ICECREAM_4.9_UP~L6.7~W2.6~H2.6~srd, icecream 4.9 up,18,ICECREAM 4.9 UP,srd,6.7,2.6,2.6,SRD DOOR FITTINGS,SRD DOOR FITTINGS,9461.461573,12178.58,28.718,ACCEPTED,,PRICE_DIFF SILPLUS X WHITE SILICONE (+2423.67),"[DATA] SRD DOOR FITTINGS on every body: MES CSLB HINGES R293.46 x2 (Excel R146.73 x2 - the pair price applied per hinge) and SILPLUS X WHITE R232.30 (Excel R116.15); per body also 34MM LOCKING POLE R126 (Excel R42), 28782 BIG HORIZ CAPPING R197.20 (Excel R240.58), ALU CORNERS R45 (Excel R54.90), 28780 BIG VERTICAL renamed 28778; Burt prices 2317 DOOR RUBBER / 28777 DOOR CAPPING at R0 on some sheets."
ICECREAM_4.9_UP~L6.7~W2.6~H2.6~srd, icecream 4.9 up,18,ICECREAM 4.9 UP,srd,6.7,2.6,2.6,DRD,,0.0,,,SKIP,,,
ICECREAM_4.9_UP~L6.7~W2.6~H2.6~srd, icecream 4.9 up,18,ICECREAM 4.9 UP,srd,6.7,2.6,2.6,DRD DOOR FITTINGS,,0.0,,,SKIP,,,
ICECREAM_4.9_UP~L6.7~W2.6~H2.6~srd, icecream 4.9 up,18,ICECREAM 4.9 UP,srd,6.7,2.6,2.6,SIDES,SIDES,34358.059087,34358.74,0.002,PASS,,,
ICECREAM_4.9_UP~L6.7~W2.6~H2.6~srd, icecream 4.9 up,18,ICECREAM 4.9 UP,srd,6.7,2.6,2.6,ROOF,ROOF,17864.158992,17863.98,0.001,PASS,,,
ICECREAM_4.9_UP~L6.7~W2.6~H2.6~srd, icecream 4.9 up,18,ICECREAM 4.9 UP,srd,6.7,2.6,2.6,FLOOR,FLOOR,27950.055277,27950.05,0.0,PASS,,,
ICECREAM_4.9_UP~L6.7~W2.6~H2.6~srd, icecream 4.9 up,18,ICECREAM 4.9 UP,srd,6.7,2.6,2.6,ALUMINIUM,ALUMINIUM,10994.401,10994.4,0.0,PASS,,,
ICECREAM_4.9_UP~L6.7~W2.6~H2.6~srd, icecream 4.9 up,18,ICECREAM 4.9 UP,srd,6.7,2.6,2.6,SUB FRAME + LIGHT BOX ASSY,SUB FRAME + LIGHT BOX ASSY,10508.108445,10508.11,0.0,PASS,,,
ICECREAM_4.9_UP~L6.7~W2.6~H2.6~srd, icecream 4.9 up,18,ICECREAM 4.9 UP,srd,6.7,2.6,2.6,REAR FRAME + FLOOR PLATE,REAR FRAME & FLOOR PLATE,0.0,5799.93,,ACCEPTED,EXTRA_IN_MES,,"[RULING] Burt gates REAR FRAME + FLOOR PLATE on the DRD flags, so a single-rear-door body carries R0 there; MES always includes the section (R2.4k-R5.5k). Which is right needs Burt/Michael."
ICECREAM_4.9_UP~L6.7~W2.6~H2.6~srd, icecream 4.9 up,18,ICECREAM 4.9 UP,srd,6.7,2.6,2.6,SPRAY PAINTING,SPRAY PAINTING,750.0,750.0,0.0,PASS,,,
ICECREAM_4.9_UP~L6.7~W2.6~H2.6~srd, icecream 4.9 up,18,ICECREAM 4.9 UP,srd,6.7,2.6,2.6,REFLEXITE TAPE,REFLEXITE TAPE,290.7,290.7,0.0,PASS,,,
ICECREAM_4.9_UP~L6.7~W2.6~H2.6~drd, icecream 4.9 up,18,ICECREAM 4.9 UP,drd,6.7,2.6,2.6,FRONT,FRONT,6100.213886,6100.15,0.001,PASS,,,
ICECREAM_4.9_UP~L6.7~W2.6~H2.6~drd, icecream 4.9 up,18,ICECREAM 4.9 UP,drd,6.7,2.6,2.6,SRD,,0.0,,,SKIP,,,
ICECREAM_4.9_UP~L6.7~W2.6~H2.6~drd, icecream 4.9 up,18,ICECREAM 4.9 UP,drd,6.7,2.6,2.6,SRD DOOR FITTINGS,,0.0,,,SKIP,,,
ICECREAM_4.9_UP~L6.7~W2.6~H2.6~drd, icecream 4.9 up,18,ICECREAM 4.9 UP,drd,6.7,2.6,2.6,DRD,DRD,7038.264746,6938.39,1.419,ACCEPTED,,GROUP_DIFF 130*62MM TAPPING BLOCKS ~ 2 MES line(s) (-100.00),"[DATA] 130*62MM TAPPING BLOCKS: Excel 2 x R234 per size (R936 a double door) vs MES 6 x R68 per size (R816): R60 per size, 1-3 % of the door section."
ICECREAM_4.9_UP~L6.7~W2.6~H2.6~drd, icecream 4.9 up,18,ICECREAM 4.9 UP,drd,6.7,2.6,2.6,DRD DOOR FITTINGS,DRD DOOR FITTINGS,6340.74823,6340.75,0.0,PASS,,,
ICECREAM_4.9_UP~L6.7~W2.6~H2.6~drd, icecream 4.9 up,18,ICECREAM 4.9 UP,drd,6.7,2.6,2.6,SIDES,SIDES,34358.059087,34358.74,0.002,PASS,,,
ICECREAM_4.9_UP~L6.7~W2.6~H2.6~drd, icecream 4.9 up,18,ICECREAM 4.9 UP,drd,6.7,2.6,2.6,ROOF,ROOF,17864.158992,17863.98,0.001,PASS,,,
ICECREAM_4.9_UP~L6.7~W2.6~H2.6~drd, icecream 4.9 up,18,ICECREAM 4.9 UP,drd,6.7,2.6,2.6,FLOOR,FLOOR,27950.055277,27950.05,0.0,PASS,,,
ICECREAM_4.9_UP~L6.7~W2.6~H2.6~drd, icecream 4.9 up,18,ICECREAM 4.9 UP,drd,6.7,2.6,2.6,ALUMINIUM,ALUMINIUM,10994.401,10994.4,0.0,PASS,,,
ICECREAM_4.9_UP~L6.7~W2.6~H2.6~drd, icecream 4.9 up,18,ICECREAM 4.9 UP,drd,6.7,2.6,2.6,SUB FRAME + LIGHT BOX ASSY,SUB FRAME + LIGHT BOX ASSY,10508.108445,10508.11,0.0,PASS,,,
ICECREAM_4.9_UP~L6.7~W2.6~H2.6~drd, icecream 4.9 up,18,ICECREAM 4.9 UP,drd,6.7,2.6,2.6,REAR FRAME + FLOOR PLATE,REAR FRAME & FLOOR PLATE,5799.91632,5799.93,0.0,PASS,,,
ICECREAM_4.9_UP~L6.7~W2.6~H2.6~drd, icecream 4.9 up,18,ICECREAM 4.9 UP,drd,6.7,2.6,2.6,SPRAY PAINTING,SPRAY PAINTING,750.0,750.0,0.0,PASS,,,
ICECREAM_4.9_UP~L6.7~W2.6~H2.6~drd, icecream 4.9 up,18,ICECREAM 4.9 UP,drd,6.7,2.6,2.6,REFLEXITE TAPE,REFLEXITE TAPE,290.7,290.7,0.0,PASS,,,
ICECREAM_4.9_UP~L6.7~W2.6~H2.6~foam_4g, icecream 4.9 up,18,ICECREAM 4.9 UP,foam_4g,6.7,2.6,2.6,FRONT,FRONT,7027.978158,7027.92,0.001,PASS,,,
ICECREAM_4.9_UP~L6.7~W2.6~H2.6~foam_4g, icecream 4.9 up,18,ICECREAM 4.9 UP,foam_4g,6.7,2.6,2.6,SRD,,0.0,,,SKIP,,,
ICECREAM_4.9_UP~L6.7~W2.6~H2.6~foam_4g, icecream 4.9 up,18,ICECREAM 4.9 UP,foam_4g,6.7,2.6,2.6,SRD DOOR FITTINGS,,0.0,,,SKIP,,,
ICECREAM_4.9_UP~L6.7~W2.6~H2.6~foam_4g, icecream 4.9 up,18,ICECREAM 4.9 UP,foam_4g,6.7,2.6,2.6,DRD,DRD,7966.029018,7866.16,1.254,ACCEPTED,,GROUP_DIFF 130*62MM TAPPING BLOCKS ~ 2 MES line(s) (-100.00),"[DATA] 130*62MM TAPPING BLOCKS: Excel 2 x R234 per size (R936 a double door) vs MES 6 x R68 per size (R816): R60 per size, 1-3 % of the door section."
ICECREAM_4.9_UP~L6.7~W2.6~H2.6~foam_4g, icecream 4.9 up,18,ICECREAM 4.9 UP,foam_4g,6.7,2.6,2.6,DRD DOOR FITTINGS,DRD DOOR FITTINGS,6340.74823,6340.75,0.0,PASS,,,
ICECREAM_4.9_UP~L6.7~W2.6~H2.6~foam_4g, icecream 4.9 up,18,ICECREAM 4.9 UP,foam_4g,6.7,2.6,2.6,SIDES,SIDES,39491.181084,39491.87,0.002,PASS,,,
ICECREAM_4.9_UP~L6.7~W2.6~H2.6~foam_4g, icecream 4.9 up,18,ICECREAM 4.9 UP,foam_4g,6.7,2.6,2.6,ROOF,ROOF,20537.660032,20537.48,0.001,PASS,,,
ICECREAM_4.9_UP~L6.7~W2.6~H2.6~foam_4g, icecream 4.9 up,18,ICECREAM 4.9 UP,foam_4g,6.7,2.6,2.6,FLOOR,FLOOR,30088.856109,30088.85,0.0,PASS,,,
ICECREAM_4.9_UP~L6.7~W2.6~H2.6~foam_4g, icecream 4.9 up,18,ICECREAM 4.9 UP,foam_4g,6.7,2.6,2.6,ALUMINIUM,ALUMINIUM,10994.401,10994.4,0.0,PASS,,,
ICECREAM_4.9_UP~L6.7~W2.6~H2.6~foam_4g, icecream 4.9 up,18,ICECREAM 4.9 UP,foam_4g,6.7,2.6,2.6,SUB FRAME + LIGHT BOX ASSY,SUB FRAME + LIGHT BOX ASSY,10508.108445,10508.11,0.0,PASS,,,
ICECREAM_4.9_UP~L6.7~W2.6~H2.6~foam_4g, icecream 4.9 up,18,ICECREAM 4.9 UP,foam_4g,6.7,2.6,2.6,REAR FRAME + FLOOR PLATE,REAR FRAME & FLOOR PLATE,5799.91632,5799.93,0.0,PASS,,,
ICECREAM_4.9_UP~L6.7~W2.6~H2.6~foam_4g, icecream 4.9 up,18,ICECREAM 4.9 UP,foam_4g,6.7,2.6,2.6,SPRAY PAINTING,SPRAY PAINTING,750.0,750.0,0.0,PASS,,,
ICECREAM_4.9_UP~L6.7~W2.6~H2.6~foam_4g, icecream 4.9 up,18,ICECREAM 4.9 UP,foam_4g,6.7,2.6,2.6,REFLEXITE TAPE,REFLEXITE TAPE,290.7,290.7,0.0,PASS,,,
ICECREAM_4.9_UP~L8~W2.6~H2.6~as_sheet, icecream 4.9 up,18,ICECREAM 4.9 UP,as_sheet,8.0,2.6,2.6,FRONT,FRONT,6100.213886,6100.15,0.001,PASS,,,
ICECREAM_4.9_UP~L8~W2.6~H2.6~as_sheet, icecream 4.9 up,18,ICECREAM 4.9 UP,as_sheet,8.0,2.6,2.6,SRD,,0.0,,,SKIP,,,
ICECREAM_4.9_UP~L8~W2.6~H2.6~as_sheet, icecream 4.9 up,18,ICECREAM 4.9 UP,as_sheet,8.0,2.6,2.6,SRD DOOR FITTINGS,,0.0,,,SKIP,,,
ICECREAM_4.9_UP~L8~W2.6~H2.6~as_sheet, icecream 4.9 up,18,ICECREAM 4.9 UP,as_sheet,8.0,2.6,2.6,DRD,DRD,7038.264746,6938.39,1.419,ACCEPTED,,GROUP_DIFF 130*62MM TAPPING BLOCKS ~ 2 MES line(s) (-100.00),"[DATA] 130*62MM TAPPING BLOCKS: Excel 2 x R234 per size (R936 a double door) vs MES 6 x R68 per size (R816): R60 per size, 1-3 % of the door section."
ICECREAM_4.9_UP~L8~W2.6~H2.6~as_sheet, icecream 4.9 up,18,ICECREAM 4.9 UP,as_sheet,8.0,2.6,2.6,DRD DOOR FITTINGS,DRD DOOR FITTINGS,6340.74823,6340.75,0.0,PASS,,,
ICECREAM_4.9_UP~L8~W2.6~H2.6~as_sheet, icecream 4.9 up,18,ICECREAM 4.9 UP,as_sheet,8.0,2.6,2.6,SIDES,SIDES,40900.390711,37476.64,8.371,ACCEPTED,,QTY_DIFF Rhinotex 1150 Bioshield (-1462.42),"[MES] ICECREAM 4.9 UP has the length 6.7 HARD-CODED in its formulas ((6.7+{Waste})*..., 6.7*2) on SIDES, ROOF, FLOOR, ALUMINIUM, SUB FRAME + LIGHT BOX ASSY and REFLEXITE TAPE: MES prices this body at 6.7 m whatever length is entered (+R10k at 4.9 m, under-priced above 6.7 m). Burt's sheet uses C4."
ICECREAM_4.9_UP~L8~W2.6~H2.6~as_sheet, icecream 4.9 up,18,ICECREAM 4.9 UP,as_sheet,8.0,2.6,2.6,ROOF,ROOF,21285.044227,19487.89,8.443,ACCEPTED,,QTY_DIFF Rhinotex 1150 Bioshield (-767.41),"[MES] ICECREAM 4.9 UP has the length 6.7 HARD-CODED in its formulas ((6.7+{Waste})*..., 6.7*2) on SIDES, ROOF, FLOOR, ALUMINIUM, SUB FRAME + LIGHT BOX ASSY and REFLEXITE TAPE: MES prices this body at 6.7 m whatever length is entered (+R10k at 4.9 m, under-priced above 6.7 m). Burt's sheet uses C4."
ICECREAM_4.9_UP~L8~W2.6~H2.6~as_sheet, icecream 4.9 up,18,ICECREAM 4.9 UP,as_sheet,8.0,2.6,2.6,FLOOR,FLOOR,33145.681051,31299.74,5.569,ACCEPTED,,QTY_DIFF 100*50 LVL Beam (-829.84),"[MES] ICECREAM 4.9 UP has the length 6.7 HARD-CODED in its formulas ((6.7+{Waste})*..., 6.7*2) on SIDES, ROOF, FLOOR, ALUMINIUM, SUB FRAME + LIGHT BOX ASSY and REFLEXITE TAPE: MES prices this body at 6.7 m whatever length is entered (+R10k at 4.9 m, under-priced above 6.7 m). Burt's sheet uses C4."
ICECREAM_4.9_UP~L8~W2.6~H2.6~as_sheet, icecream 4.9 up,18,ICECREAM 4.9 UP,as_sheet,8.0,2.6,2.6,ALUMINIUM,ALUMINIUM,12600.967,10994.4,12.75,ACCEPTED,,QTY_DIFF 28782 BIG HORIZONTALE CAP (-1251.01),"[MES] ICECREAM 4.9 UP has the length 6.7 HARD-CODED in its formulas ((6.7+{Waste})*..., 6.7*2) on SIDES, ROOF, FLOOR, ALUMINIUM, SUB FRAME + LIGHT BOX ASSY and REFLEXITE TAPE: MES prices this body at 6.7 m whatever length is entered (+R10k at 4.9 m, under-priced above 6.7 m). Burt's sheet uses C4."
ICECREAM_4.9_UP~L8~W2.6~H2.6~as_sheet, icecream 4.9 up,18,ICECREAM 4.9 UP,as_sheet,8.0,2.6,2.6,SUB FRAME + LIGHT BOX ASSY,SUB FRAME + LIGHT BOX ASSY,11139.908445,10508.11,5.671,ACCEPTED,,QTY_DIFF 5MM 300 WA PLATE (-631.80),"[MES] ICECREAM 4.9 UP has the length 6.7 HARD-CODED in its formulas ((6.7+{Waste})*..., 6.7*2) on SIDES, ROOF, FLOOR, ALUMINIUM, SUB FRAME + LIGHT BOX ASSY and REFLEXITE TAPE: MES prices this body at 6.7 m whatever length is entered (+R10k at 4.9 m, under-priced above 6.7 m). Burt's sheet uses C4."
ICECREAM_4.9_UP~L8~W2.6~H2.6~as_sheet, icecream 4.9 up,18,ICECREAM 4.9 UP,as_sheet,8.0,2.6,2.6,REAR FRAME + FLOOR PLATE,REAR FRAME & FLOOR PLATE,5799.91632,5799.93,0.0,PASS,,,
ICECREAM_4.9_UP~L8~W2.6~H2.6~as_sheet, icecream 4.9 up,18,ICECREAM 4.9 UP,as_sheet,8.0,2.6,2.6,SPRAY PAINTING,SPRAY PAINTING,750.0,750.0,0.0,PASS,,,
ICECREAM_4.9_UP~L8~W2.6~H2.6~as_sheet, icecream 4.9 up,18,ICECREAM 4.9 UP,as_sheet,8.0,2.6,2.6,REFLEXITE TAPE,REFLEXITE TAPE,337.5,290.7,13.867,ACCEPTED,,QTY_DIFF 50MM REFLEXITE TAPE (-46.80),"[MES] ICECREAM 4.9 UP has the length 6.7 HARD-CODED in its formulas ((6.7+{Waste})*..., 6.7*2) on SIDES, ROOF, FLOOR, ALUMINIUM, SUB FRAME + LIGHT BOX ASSY and REFLEXITE TAPE: MES prices this body at 6.7 m whatever length is entered (+R10k at 4.9 m, under-priced above 6.7 m). Burt's sheet uses C4."
ICECREAM_4.9_UP~L8~W2.6~H2.6~all_eps, icecream 4.9 up,18,ICECREAM 4.9 UP,all_eps,8.0,2.6,2.6,FRONT,FRONT,3296.607103,4103.73,,UNVERIFIABLE,EXCEL_NO_PRICE:EPS,,
ICECREAM_4.9_UP~L8~W2.6~H2.6~all_eps, icecream 4.9 up,18,ICECREAM 4.9 UP,all_eps,8.0,2.6,2.6,SRD,,0.0,,,SKIP,,,
ICECREAM_4.9_UP~L8~W2.6~H2.6~all_eps, icecream 4.9 up,18,ICECREAM 4.9 UP,all_eps,8.0,2.6,2.6,SRD DOOR FITTINGS,,0.0,,,SKIP,,,
ICECREAM_4.9_UP~L8~W2.6~H2.6~all_eps, icecream 4.9 up,18,ICECREAM 4.9 UP,all_eps,8.0,2.6,2.6,DRD,DRD,4154.787508,4029.75,,UNVERIFIABLE,EXCEL_NO_PRICE:EPS,,
ICECREAM_4.9_UP~L8~W2.6~H2.6~all_eps, icecream 4.9 up,18,ICECREAM 4.9 UP,all_eps,8.0,2.6,2.6,DRD DOOR FITTINGS,DRD DOOR FITTINGS,6344.03794,6340.75,0.052,PASS,,,
ICECREAM_4.9_UP~L8~W2.6~H2.6~all_eps, icecream 4.9 up,18,ICECREAM 4.9 UP,all_eps,8.0,2.6,2.6,SIDES,SIDES,21362.51741,18169.67,,UNVERIFIABLE,EXCEL_NO_PRICE:EPS,,
ICECREAM_4.9_UP~L8~W2.6~H2.6~all_eps, icecream 4.9 up,18,ICECREAM 4.9 UP,all_eps,8.0,2.6,2.6,ROOF,ROOF,11229.328918,9432.17,,UNVERIFIABLE,EXCEL_NO_PRICE:EPS,,
ICECREAM_4.9_UP~L8~W2.6~H2.6~all_eps, icecream 4.9 up,18,ICECREAM 4.9 UP,all_eps,8.0,2.6,2.6,FLOOR,FLOOR,25101.108804,26594.98,,UNVERIFIABLE,EXCEL_NO_PRICE:EPS,,
ICECREAM_4.9_UP~L8~W2.6~H2.6~all_eps, icecream 4.9 up,18,ICECREAM 4.9 UP,all_eps,8.0,2.6,2.6,ALUMINIUM,ALUMINIUM,12600.967,10994.4,12.75,ACCEPTED,,QTY_DIFF 28782 BIG HORIZONTALE CAP (-1251.01),"[MES] ICECREAM 4.9 UP has the length 6.7 HARD-CODED in its formulas ((6.7+{Waste})*..., 6.7*2) on SIDES, ROOF, FLOOR, ALUMINIUM, SUB FRAME + LIGHT BOX ASSY and REFLEXITE TAPE: MES prices this body at 6.7 m whatever length is entered (+R10k at 4.9 m, under-priced above 6.7 m). Burt's sheet uses C4."
ICECREAM_4.9_UP~L8~W2.6~H2.6~all_eps, icecream 4.9 up,18,ICECREAM 4.9 UP,all_eps,8.0,2.6,2.6,SUB FRAME + LIGHT BOX ASSY,SUB FRAME + LIGHT BOX ASSY,11139.908445,10508.11,5.671,ACCEPTED,,QTY_DIFF 5MM 300 WA PLATE (-631.80),"[MES] ICECREAM 4.9 UP has the length 6.7 HARD-CODED in its formulas ((6.7+{Waste})*..., 6.7*2) on SIDES, ROOF, FLOOR, ALUMINIUM, SUB FRAME + LIGHT BOX ASSY and REFLEXITE TAPE: MES prices this body at 6.7 m whatever length is entered (+R10k at 4.9 m, under-priced above 6.7 m). Burt's sheet uses C4."
ICECREAM_4.9_UP~L8~W2.6~H2.6~all_eps, icecream 4.9 up,18,ICECREAM 4.9 UP,all_eps,8.0,2.6,2.6,REAR FRAME + FLOOR PLATE,REAR FRAME & FLOOR PLATE,5799.91632,5799.93,0.0,PASS,,,
ICECREAM_4.9_UP~L8~W2.6~H2.6~all_eps, icecream 4.9 up,18,ICECREAM 4.9 UP,all_eps,8.0,2.6,2.6,SPRAY PAINTING,SPRAY PAINTING,750.0,750.0,0.0,PASS,,,
ICECREAM_4.9_UP~L8~W2.6~H2.6~all_eps, icecream 4.9 up,18,ICECREAM 4.9 UP,all_eps,8.0,2.6,2.6,REFLEXITE TAPE,REFLEXITE TAPE,337.5,290.7,13.867,ACCEPTED,,QTY_DIFF 50MM REFLEXITE TAPE (-46.80),"[MES] ICECREAM 4.9 UP has the length 6.7 HARD-CODED in its formulas ((6.7+{Waste})*..., 6.7*2) on SIDES, ROOF, FLOOR, ALUMINIUM, SUB FRAME + LIGHT BOX ASSY and REFLEXITE TAPE: MES prices this body at 6.7 m whatever length is entered (+R10k at 4.9 m, under-priced above 6.7 m). Burt's sheet uses C4."
ICECREAM_4.9_UP~L8~W2.6~H2.6~all_pu, icecream 4.9 up,18,ICECREAM 4.9 UP,all_pu,8.0,2.6,2.6,FRONT,FRONT,6100.213886,6100.15,0.001,PASS,,,
ICECREAM_4.9_UP~L8~W2.6~H2.6~all_pu, icecream 4.9 up,18,ICECREAM 4.9 UP,all_pu,8.0,2.6,2.6,SRD,,0.0,,,SKIP,,,
ICECREAM_4.9_UP~L8~W2.6~H2.6~all_pu, icecream 4.9 up,18,ICECREAM 4.9 UP,all_pu,8.0,2.6,2.6,SRD DOOR FITTINGS,,0.0,,,SKIP,,,
ICECREAM_4.9_UP~L8~W2.6~H2.6~all_pu, icecream 4.9 up,18,ICECREAM 4.9 UP,all_pu,8.0,2.6,2.6,DRD,DRD,7038.264746,6938.39,1.419,ACCEPTED,,GROUP_DIFF 130*62MM TAPPING BLOCKS ~ 2 MES line(s) (-100.00),"[DATA] 130*62MM TAPPING BLOCKS: Excel 2 x R234 per size (R936 a double door) vs MES 6 x R68 per size (R816): R60 per size, 1-3 % of the door section."
ICECREAM_4.9_UP~L8~W2.6~H2.6~all_pu, icecream 4.9 up,18,ICECREAM 4.9 UP,all_pu,8.0,2.6,2.6,DRD DOOR FITTINGS,DRD DOOR FITTINGS,6340.74823,6340.75,0.0,PASS,,,
ICECREAM_4.9_UP~L8~W2.6~H2.6~all_pu, icecream 4.9 up,18,ICECREAM 4.9 UP,all_pu,8.0,2.6,2.6,SIDES,SIDES,40900.390711,37476.64,8.371,ACCEPTED,,QTY_DIFF Rhinotex 1150 Bioshield (-1462.42),"[MES] ICECREAM 4.9 UP has the length 6.7 HARD-CODED in its formulas ((6.7+{Waste})*..., 6.7*2) on SIDES, ROOF, FLOOR, ALUMINIUM, SUB FRAME + LIGHT BOX ASSY and REFLEXITE TAPE: MES prices this body at 6.7 m whatever length is entered (+R10k at 4.9 m, under-priced above 6.7 m). Burt's sheet uses C4."
ICECREAM_4.9_UP~L8~W2.6~H2.6~all_pu, icecream 4.9 up,18,ICECREAM 4.9 UP,all_pu,8.0,2.6,2.6,ROOF,ROOF,21285.044227,19487.89,8.443,ACCEPTED,,QTY_DIFF Rhinotex 1150 Bioshield (-767.41),"[MES] ICECREAM 4.9 UP has the length 6.7 HARD-CODED in its formulas ((6.7+{Waste})*..., 6.7*2) on SIDES, ROOF, FLOOR, ALUMINIUM, SUB FRAME + LIGHT BOX ASSY and REFLEXITE TAPE: MES prices this body at 6.7 m whatever length is entered (+R10k at 4.9 m, under-priced above 6.7 m). Burt's sheet uses C4."
ICECREAM_4.9_UP~L8~W2.6~H2.6~all_pu, icecream 4.9 up,18,ICECREAM 4.9 UP,all_pu,8.0,2.6,2.6,FLOOR,FLOOR,33145.681051,31299.74,5.569,ACCEPTED,,QTY_DIFF 100*50 LVL Beam (-829.84),"[MES] ICECREAM 4.9 UP has the length 6.7 HARD-CODED in its formulas ((6.7+{Waste})*..., 6.7*2) on SIDES, ROOF, FLOOR, ALUMINIUM, SUB FRAME + LIGHT BOX ASSY and REFLEXITE TAPE: MES prices this body at 6.7 m whatever length is entered (+R10k at 4.9 m, under-priced above 6.7 m). Burt's sheet uses C4."
ICECREAM_4.9_UP~L8~W2.6~H2.6~all_pu, icecream 4.9 up,18,ICECREAM 4.9 UP,all_pu,8.0,2.6,2.6,ALUMINIUM,ALUMINIUM,12600.967,10994.4,12.75,ACCEPTED,,QTY_DIFF 28782 BIG HORIZONTALE CAP (-1251.01),"[MES] ICECREAM 4.9 UP has the length 6.7 HARD-CODED in its formulas ((6.7+{Waste})*..., 6.7*2) on SIDES, ROOF, FLOOR, ALUMINIUM, SUB FRAME + LIGHT BOX ASSY and REFLEXITE TAPE: MES prices this body at 6.7 m whatever length is entered (+R10k at 4.9 m, under-priced above 6.7 m). Burt's sheet uses C4."
ICECREAM_4.9_UP~L8~W2.6~H2.6~all_pu, icecream 4.9 up,18,ICECREAM 4.9 UP,all_pu,8.0,2.6,2.6,SUB FRAME + LIGHT BOX ASSY,SUB FRAME + LIGHT BOX ASSY,11139.908445,10508.11,5.671,ACCEPTED,,QTY_DIFF 5MM 300 WA PLATE (-631.80),"[MES] ICECREAM 4.9 UP has the length 6.7 HARD-CODED in its formulas ((6.7+{Waste})*..., 6.7*2) on SIDES, ROOF, FLOOR, ALUMINIUM, SUB FRAME + LIGHT BOX ASSY and REFLEXITE TAPE: MES prices this body at 6.7 m whatever length is entered (+R10k at 4.9 m, under-priced above 6.7 m). Burt's sheet uses C4."
ICECREAM_4.9_UP~L8~W2.6~H2.6~all_pu, icecream 4.9 up,18,ICECREAM 4.9 UP,all_pu,8.0,2.6,2.6,REAR FRAME + FLOOR PLATE,REAR FRAME & FLOOR PLATE,5799.91632,5799.93,0.0,PASS,,,
ICECREAM_4.9_UP~L8~W2.6~H2.6~all_pu, icecream 4.9 up,18,ICECREAM 4.9 UP,all_pu,8.0,2.6,2.6,SPRAY PAINTING,SPRAY PAINTING,750.0,750.0,0.0,PASS,,,
ICECREAM_4.9_UP~L8~W2.6~H2.6~all_pu, icecream 4.9 up,18,ICECREAM 4.9 UP,all_pu,8.0,2.6,2.6,REFLEXITE TAPE,REFLEXITE TAPE,337.5,290.7,13.867,ACCEPTED,,QTY_DIFF 50MM REFLEXITE TAPE (-46.80),"[MES] ICECREAM 4.9 UP has the length 6.7 HARD-CODED in its formulas ((6.7+{Waste})*..., 6.7*2) on SIDES, ROOF, FLOOR, ALUMINIUM, SUB FRAME + LIGHT BOX ASSY and REFLEXITE TAPE: MES prices this body at 6.7 m whatever length is entered (+R10k at 4.9 m, under-priced above 6.7 m). Burt's sheet uses C4."
ICECREAM_4.9_UP~L8~W2.6~H2.6~srd, icecream 4.9 up,18,ICECREAM 4.9 UP,srd,8.0,2.6,2.6,FRONT,FRONT,6100.213886,6100.15,0.001,PASS,,,
ICECREAM_4.9_UP~L8~W2.6~H2.6~srd, icecream 4.9 up,18,ICECREAM 4.9 UP,srd,8.0,2.6,2.6,SRD,SRD,5243.264266,4272.74,18.51,ACCEPTED,,BOTH PU (-1463.01) [ZERO_FORMULA],"[MES] DEV: the single-rear-door PU line carries a literal x0 quantity formula (2.44*1.22*0*2) on the freezer, icecream and explosive bodies: PU on an SRD prices at R0 (-R1.5k to -R2.2k per quote). Prod has the opposite defect on the same line (R4 100 raw rate, +R23k) - see accepted_differences.prod.yaml."
ICECREAM_4.9_UP~L8~W2.6~H2.6~srd, icecream 4.9 up,18,ICECREAM 4.9 UP,srd,8.0,2.6,2.6,SRD DOOR FITTINGS,SRD DOOR FITTINGS,9461.461573,12178.58,28.718,ACCEPTED,,PRICE_DIFF SILPLUS X WHITE SILICONE (+2423.67),"[DATA] SRD DOOR FITTINGS on every body: MES CSLB HINGES R293.46 x2 (Excel R146.73 x2 - the pair price applied per hinge) and SILPLUS X WHITE R232.30 (Excel R116.15); per body also 34MM LOCKING POLE R126 (Excel R42), 28782 BIG HORIZ CAPPING R197.20 (Excel R240.58), ALU CORNERS R45 (Excel R54.90), 28780 BIG VERTICAL renamed 28778; Burt prices 2317 DOOR RUBBER / 28777 DOOR CAPPING at R0 on some sheets."
ICECREAM_4.9_UP~L8~W2.6~H2.6~srd, icecream 4.9 up,18,ICECREAM 4.9 UP,srd,8.0,2.6,2.6,DRD,,0.0,,,SKIP,,,
ICECREAM_4.9_UP~L8~W2.6~H2.6~srd, icecream 4.9 up,18,ICECREAM 4.9 UP,srd,8.0,2.6,2.6,DRD DOOR FITTINGS,,0.0,,,SKIP,,,
ICECREAM_4.9_UP~L8~W2.6~H2.6~srd, icecream 4.9 up,18,ICECREAM 4.9 UP,srd,8.0,2.6,2.6,SIDES,SIDES,40900.390711,37476.64,8.371,ACCEPTED,,QTY_DIFF Rhinotex 1150 Bioshield (-1462.42),"[MES] ICECREAM 4.9 UP has the length 6.7 HARD-CODED in its formulas ((6.7+{Waste})*..., 6.7*2) on SIDES, ROOF, FLOOR, ALUMINIUM, SUB FRAME + LIGHT BOX ASSY and REFLEXITE TAPE: MES prices this body at 6.7 m whatever length is entered (+R10k at 4.9 m, under-priced above 6.7 m). Burt's sheet uses C4."
ICECREAM_4.9_UP~L8~W2.6~H2.6~srd, icecream 4.9 up,18,ICECREAM 4.9 UP,srd,8.0,2.6,2.6,ROOF,ROOF,21285.044227,19487.89,8.443,ACCEPTED,,QTY_DIFF Rhinotex 1150 Bioshield (-767.41),"[MES] ICECREAM 4.9 UP has the length 6.7 HARD-CODED in its formulas ((6.7+{Waste})*..., 6.7*2) on SIDES, ROOF, FLOOR, ALUMINIUM, SUB FRAME + LIGHT BOX ASSY and REFLEXITE TAPE: MES prices this body at 6.7 m whatever length is entered (+R10k at 4.9 m, under-priced above 6.7 m). Burt's sheet uses C4."
ICECREAM_4.9_UP~L8~W2.6~H2.6~srd, icecream 4.9 up,18,ICECREAM 4.9 UP,srd,8.0,2.6,2.6,FLOOR,FLOOR,33145.681051,31299.74,5.569,ACCEPTED,,QTY_DIFF 100*50 LVL Beam (-829.84),"[MES] ICECREAM 4.9 UP has the length 6.7 HARD-CODED in its formulas ((6.7+{Waste})*..., 6.7*2) on SIDES, ROOF, FLOOR, ALUMINIUM, SUB FRAME + LIGHT BOX ASSY and REFLEXITE TAPE: MES prices this body at 6.7 m whatever length is entered (+R10k at 4.9 m, under-priced above 6.7 m). Burt's sheet uses C4."
ICECREAM_4.9_UP~L8~W2.6~H2.6~srd, icecream 4.9 up,18,ICECREAM 4.9 UP,srd,8.0,2.6,2.6,ALUMINIUM,ALUMINIUM,12600.967,10994.4,12.75,ACCEPTED,,QTY_DIFF 28782 BIG HORIZONTALE CAP (-1251.01),"[MES] ICECREAM 4.9 UP has the length 6.7 HARD-CODED in its formulas ((6.7+{Waste})*..., 6.7*2) on SIDES, ROOF, FLOOR, ALUMINIUM, SUB FRAME + LIGHT BOX ASSY and REFLEXITE TAPE: MES prices this body at 6.7 m whatever length is entered (+R10k at 4.9 m, under-priced above 6.7 m). Burt's sheet uses C4."
ICECREAM_4.9_UP~L8~W2.6~H2.6~srd, icecream 4.9 up,18,ICECREAM 4.9 UP,srd,8.0,2.6,2.6,SUB FRAME + LIGHT BOX ASSY,SUB FRAME + LIGHT BOX ASSY,11139.908445,10508.11,5.671,ACCEPTED,,QTY_DIFF 5MM 300 WA PLATE (-631.80),"[MES] ICECREAM 4.9 UP has the length 6.7 HARD-CODED in its formulas ((6.7+{Waste})*..., 6.7*2) on SIDES, ROOF, FLOOR, ALUMINIUM, SUB FRAME + LIGHT BOX ASSY and REFLEXITE TAPE: MES prices this body at 6.7 m whatever length is entered (+R10k at 4.9 m, under-priced above 6.7 m). Burt's sheet uses C4."
ICECREAM_4.9_UP~L8~W2.6~H2.6~srd, icecream 4.9 up,18,ICECREAM 4.9 UP,srd,8.0,2.6,2.6,REAR FRAME + FLOOR PLATE,REAR FRAME & FLOOR PLATE,0.0,5799.93,,ACCEPTED,EXTRA_IN_MES,,"[RULING] Burt gates REAR FRAME + FLOOR PLATE on the DRD flags, so a single-rear-door body carries R0 there; MES always includes the section (R2.4k-R5.5k). Which is right needs Burt/Michael."
ICECREAM_4.9_UP~L8~W2.6~H2.6~srd, icecream 4.9 up,18,ICECREAM 4.9 UP,srd,8.0,2.6,2.6,SPRAY PAINTING,SPRAY PAINTING,750.0,750.0,0.0,PASS,,,
ICECREAM_4.9_UP~L8~W2.6~H2.6~srd, icecream 4.9 up,18,ICECREAM 4.9 UP,srd,8.0,2.6,2.6,REFLEXITE TAPE,REFLEXITE TAPE,337.5,290.7,13.867,ACCEPTED,,QTY_DIFF 50MM REFLEXITE TAPE (-46.80),"[MES] ICECREAM 4.9 UP has the length 6.7 HARD-CODED in its formulas ((6.7+{Waste})*..., 6.7*2) on SIDES, ROOF, FLOOR, ALUMINIUM, SUB FRAME + LIGHT BOX ASSY and REFLEXITE TAPE: MES prices this body at 6.7 m whatever length is entered (+R10k at 4.9 m, under-priced above 6.7 m). Burt's sheet uses C4."
ICECREAM_4.9_UP~L8~W2.6~H2.6~drd, icecream 4.9 up,18,ICECREAM 4.9 UP,drd,8.0,2.6,2.6,FRONT,FRONT,6100.213886,6100.15,0.001,PASS,,,
ICECREAM_4.9_UP~L8~W2.6~H2.6~drd, icecream 4.9 up,18,ICECREAM 4.9 UP,drd,8.0,2.6,2.6,SRD,,0.0,,,SKIP,,,
ICECREAM_4.9_UP~L8~W2.6~H2.6~drd, icecream 4.9 up,18,ICECREAM 4.9 UP,drd,8.0,2.6,2.6,SRD DOOR FITTINGS,,0.0,,,SKIP,,,
ICECREAM_4.9_UP~L8~W2.6~H2.6~drd, icecream 4.9 up,18,ICECREAM 4.9 UP,drd,8.0,2.6,2.6,DRD,DRD,7038.264746,6938.39,1.419,ACCEPTED,,GROUP_DIFF 130*62MM TAPPING BLOCKS ~ 2 MES line(s) (-100.00),"[DATA] 130*62MM TAPPING BLOCKS: Excel 2 x R234 per size (R936 a double door) vs MES 6 x R68 per size (R816): R60 per size, 1-3 % of the door section."
ICECREAM_4.9_UP~L8~W2.6~H2.6~drd, icecream 4.9 up,18,ICECREAM 4.9 UP,drd,8.0,2.6,2.6,DRD DOOR FITTINGS,DRD DOOR FITTINGS,6340.74823,6340.75,0.0,PASS,,,
ICECREAM_4.9_UP~L8~W2.6~H2.6~drd, icecream 4.9 up,18,ICECREAM 4.9 UP,drd,8.0,2.6,2.6,SIDES,SIDES,40900.390711,37476.64,8.371,ACCEPTED,,QTY_DIFF Rhinotex 1150 Bioshield (-1462.42),"[MES] ICECREAM 4.9 UP has the length 6.7 HARD-CODED in its formulas ((6.7+{Waste})*..., 6.7*2) on SIDES, ROOF, FLOOR, ALUMINIUM, SUB FRAME + LIGHT BOX ASSY and REFLEXITE TAPE: MES prices this body at 6.7 m whatever length is entered (+R10k at 4.9 m, under-priced above 6.7 m). Burt's sheet uses C4."
ICECREAM_4.9_UP~L8~W2.6~H2.6~drd, icecream 4.9 up,18,ICECREAM 4.9 UP,drd,8.0,2.6,2.6,ROOF,ROOF,21285.044227,19487.89,8.443,ACCEPTED,,QTY_DIFF Rhinotex 1150 Bioshield (-767.41),"[MES] ICECREAM 4.9 UP has the length 6.7 HARD-CODED in its formulas ((6.7+{Waste})*..., 6.7*2) on SIDES, ROOF, FLOOR, ALUMINIUM, SUB FRAME + LIGHT BOX ASSY and REFLEXITE TAPE: MES prices this body at 6.7 m whatever length is entered (+R10k at 4.9 m, under-priced above 6.7 m). Burt's sheet uses C4."
ICECREAM_4.9_UP~L8~W2.6~H2.6~drd, icecream 4.9 up,18,ICECREAM 4.9 UP,drd,8.0,2.6,2.6,FLOOR,FLOOR,33145.681051,31299.74,5.569,ACCEPTED,,QTY_DIFF 100*50 LVL Beam (-829.84),"[MES] ICECREAM 4.9 UP has the length 6.7 HARD-CODED in its formulas ((6.7+{Waste})*..., 6.7*2) on SIDES, ROOF, FLOOR, ALUMINIUM, SUB FRAME + LIGHT BOX ASSY and REFLEXITE TAPE: MES prices this body at 6.7 m whatever length is entered (+R10k at 4.9 m, under-priced above 6.7 m). Burt's sheet uses C4."
ICECREAM_4.9_UP~L8~W2.6~H2.6~drd, icecream 4.9 up,18,ICECREAM 4.9 UP,drd,8.0,2.6,2.6,ALUMINIUM,ALUMINIUM,12600.967,10994.4,12.75,ACCEPTED,,QTY_DIFF 28782 BIG HORIZONTALE CAP (-1251.01),"[MES] ICECREAM 4.9 UP has the length 6.7 HARD-CODED in its formulas ((6.7+{Waste})*..., 6.7*2) on SIDES, ROOF, FLOOR, ALUMINIUM, SUB FRAME + LIGHT BOX ASSY and REFLEXITE TAPE: MES prices this body at 6.7 m whatever length is entered (+R10k at 4.9 m, under-priced above 6.7 m). Burt's sheet uses C4."
ICECREAM_4.9_UP~L8~W2.6~H2.6~drd, icecream 4.9 up,18,ICECREAM 4.9 UP,drd,8.0,2.6,2.6,SUB FRAME + LIGHT BOX ASSY,SUB FRAME + LIGHT BOX ASSY,11139.908445,10508.11,5.671,ACCEPTED,,QTY_DIFF 5MM 300 WA PLATE (-631.80),"[MES] ICECREAM 4.9 UP has the length 6.7 HARD-CODED in its formulas ((6.7+{Waste})*..., 6.7*2) on SIDES, ROOF, FLOOR, ALUMINIUM, SUB FRAME + LIGHT BOX ASSY and REFLEXITE TAPE: MES prices this body at 6.7 m whatever length is entered (+R10k at 4.9 m, under-priced above 6.7 m). Burt's sheet uses C4."
ICECREAM_4.9_UP~L8~W2.6~H2.6~drd, icecream 4.9 up,18,ICECREAM 4.9 UP,drd,8.0,2.6,2.6,REAR FRAME + FLOOR PLATE,REAR FRAME & FLOOR PLATE,5799.91632,5799.93,0.0,PASS,,,
ICECREAM_4.9_UP~L8~W2.6~H2.6~drd, icecream 4.9 up,18,ICECREAM 4.9 UP,drd,8.0,2.6,2.6,SPRAY PAINTING,SPRAY PAINTING,750.0,750.0,0.0,PASS,,,
ICECREAM_4.9_UP~L8~W2.6~H2.6~drd, icecream 4.9 up,18,ICECREAM 4.9 UP,drd,8.0,2.6,2.6,REFLEXITE TAPE,REFLEXITE TAPE,337.5,290.7,13.867,ACCEPTED,,QTY_DIFF 50MM REFLEXITE TAPE (-46.80),"[MES] ICECREAM 4.9 UP has the length 6.7 HARD-CODED in its formulas ((6.7+{Waste})*..., 6.7*2) on SIDES, ROOF, FLOOR, ALUMINIUM, SUB FRAME + LIGHT BOX ASSY and REFLEXITE TAPE: MES prices this body at 6.7 m whatever length is entered (+R10k at 4.9 m, under-priced above 6.7 m). Burt's sheet uses C4."
ICECREAM_4.9_UP~L8~W2.6~H2.6~foam_4g, icecream 4.9 up,18,ICECREAM 4.9 UP,foam_4g,8.0,2.6,2.6,FRONT,FRONT,7027.978158,7027.92,0.001,PASS,,,
ICECREAM_4.9_UP~L8~W2.6~H2.6~foam_4g, icecream 4.9 up,18,ICECREAM 4.9 UP,foam_4g,8.0,2.6,2.6,SRD,,0.0,,,SKIP,,,
ICECREAM_4.9_UP~L8~W2.6~H2.6~foam_4g, icecream 4.9 up,18,ICECREAM 4.9 UP,foam_4g,8.0,2.6,2.6,SRD DOOR FITTINGS,,0.0,,,SKIP,,,
ICECREAM_4.9_UP~L8~W2.6~H2.6~foam_4g, icecream 4.9 up,18,ICECREAM 4.9 UP,foam_4g,8.0,2.6,2.6,DRD,DRD,7966.029018,7866.16,1.254,ACCEPTED,,GROUP_DIFF 130*62MM TAPPING BLOCKS ~ 2 MES line(s) (-100.00),"[DATA] 130*62MM TAPPING BLOCKS: Excel 2 x R234 per size (R936 a double door) vs MES 6 x R68 per size (R816): R60 per size, 1-3 % of the door section."
ICECREAM_4.9_UP~L8~W2.6~H2.6~foam_4g, icecream 4.9 up,18,ICECREAM 4.9 UP,foam_4g,8.0,2.6,2.6,DRD DOOR FITTINGS,DRD DOOR FITTINGS,6340.74823,6340.75,0.0,PASS,,,
ICECREAM_4.9_UP~L8~W2.6~H2.6~foam_4g, icecream 4.9 up,18,ICECREAM 4.9 UP,foam_4g,8.0,2.6,2.6,SIDES,SIDES,47022.113982,43598.36,7.281,ACCEPTED,,QTY_DIFF Rhinotex 1150 Bioshield (-1462.42),"[MES] ICECREAM 4.9 UP has the length 6.7 HARD-CODED in its formulas ((6.7+{Waste})*..., 6.7*2) on SIDES, ROOF, FLOOR, ALUMINIUM, SUB FRAME + LIGHT BOX ASSY and REFLEXITE TAPE: MES prices this body at 6.7 m whatever length is entered (+R10k at 4.9 m, under-priced above 6.7 m). Burt's sheet uses C4."
ICECREAM_4.9_UP~L8~W2.6~H2.6~foam_4g, icecream 4.9 up,18,ICECREAM 4.9 UP,foam_4g,8.0,2.6,2.6,ROOF,ROOF,24473.441764,22676.28,7.343,ACCEPTED,,QTY_DIFF Rhinotex 1150 Bioshield (-767.41),"[MES] ICECREAM 4.9 UP has the length 6.7 HARD-CODED in its formulas ((6.7+{Waste})*..., 6.7*2) on SIDES, ROOF, FLOOR, ALUMINIUM, SUB FRAME + LIGHT BOX ASSY and REFLEXITE TAPE: MES prices this body at 6.7 m whatever length is entered (+R10k at 4.9 m, under-priced above 6.7 m). Burt's sheet uses C4."
ICECREAM_4.9_UP~L8~W2.6~H2.6~foam_4g, icecream 4.9 up,18,ICECREAM 4.9 UP,foam_4g,8.0,2.6,2.6,FLOOR,FLOOR,35696.39908,33850.46,5.171,ACCEPTED,,QTY_DIFF 100*50 LVL Beam (-829.84),"[MES] ICECREAM 4.9 UP has the length 6.7 HARD-CODED in its formulas ((6.7+{Waste})*..., 6.7*2) on SIDES, ROOF, FLOOR, ALUMINIUM, SUB FRAME + LIGHT BOX ASSY and REFLEXITE TAPE: MES prices this body at 6.7 m whatever length is entered (+R10k at 4.9 m, under-priced above 6.7 m). Burt's sheet uses C4."
ICECREAM_4.9_UP~L8~W2.6~H2.6~foam_4g, icecream 4.9 up,18,ICECREAM 4.9 UP,foam_4g,8.0,2.6,2.6,ALUMINIUM,ALUMINIUM,12600.967,10994.4,12.75,ACCEPTED,,QTY_DIFF 28782 BIG HORIZONTALE CAP (-1251.01),"[MES] ICECREAM 4.9 UP has the length 6.7 HARD-CODED in its formulas ((6.7+{Waste})*..., 6.7*2) on SIDES, ROOF, FLOOR, ALUMINIUM, SUB FRAME + LIGHT BOX ASSY and REFLEXITE TAPE: MES prices this body at 6.7 m whatever length is entered (+R10k at 4.9 m, under-priced above 6.7 m). Burt's sheet uses C4."
ICECREAM_4.9_UP~L8~W2.6~H2.6~foam_4g, icecream 4.9 up,18,ICECREAM 4.9 UP,foam_4g,8.0,2.6,2.6,SUB FRAME + LIGHT BOX ASSY,SUB FRAME + LIGHT BOX ASSY,11139.908445,10508.11,5.671,ACCEPTED,,QTY_DIFF 5MM 300 WA PLATE (-631.80),"[MES] ICECREAM 4.9 UP has the length 6.7 HARD-CODED in its formulas ((6.7+{Waste})*..., 6.7*2) on SIDES, ROOF, FLOOR, ALUMINIUM, SUB FRAME + LIGHT BOX ASSY and REFLEXITE TAPE: MES prices this body at 6.7 m whatever length is entered (+R10k at 4.9 m, under-priced above 6.7 m). Burt's sheet uses C4."
ICECREAM_4.9_UP~L8~W2.6~H2.6~foam_4g, icecream 4.9 up,18,ICECREAM 4.9 UP,foam_4g,8.0,2.6,2.6,REAR FRAME + FLOOR PLATE,REAR FRAME & FLOOR PLATE,5799.91632,5799.93,0.0,PASS,,,
ICECREAM_4.9_UP~L8~W2.6~H2.6~foam_4g, icecream 4.9 up,18,ICECREAM 4.9 UP,foam_4g,8.0,2.6,2.6,SPRAY PAINTING,SPRAY PAINTING,750.0,750.0,0.0,PASS,,,
ICECREAM_4.9_UP~L8~W2.6~H2.6~foam_4g, icecream 4.9 up,18,ICECREAM 4.9 UP,foam_4g,8.0,2.6,2.6,REFLEXITE TAPE,REFLEXITE TAPE,337.5,290.7,13.867,ACCEPTED,,QTY_DIFF 50MM REFLEXITE TAPE (-46.80),"[MES] ICECREAM 4.9 UP has the length 6.7 HARD-CODED in its formulas ((6.7+{Waste})*..., 6.7*2) on SIDES, ROOF, FLOOR, ALUMINIUM, SUB FRAME + LIGHT BOX ASSY and REFLEXITE TAPE: MES prices this body at 6.7 m whatever length is entered (+R10k at 4.9 m, under-priced above 6.7 m). Burt's sheet uses C4."
