scenario_id,sheet,trailer_id,trailer_name,variant,length,width,height,section_excel,section_mes,excel_total,mes_total,variance_pct,status,reason,likely_cause,accepted_reason
"UP_TO_2,3_MTR_FREEZER~L1.8~W1.68~H1.39~as_sheet"," UP TO 2,3 MTR FREEZER ",19,FREEZER 2.3 METER,as_sheet,1.8,1.68,1.39,FRONT,FRONT,2701.525496,2706.23,0.174,PASS,,,
"UP_TO_2,3_MTR_FREEZER~L1.8~W1.68~H1.39~as_sheet"," UP TO 2,3 MTR FREEZER ",19,FREEZER 2.3 METER,as_sheet,1.8,1.68,1.39,SRD,,0.0,,,SKIP,,,
"UP_TO_2,3_MTR_FREEZER~L1.8~W1.68~H1.39~as_sheet"," UP TO 2,3 MTR FREEZER ",19,FREEZER 2.3 METER,as_sheet,1.8,1.68,1.39,SRD DOOR FITTINGS,,0.0,,,SKIP,,,
"UP_TO_2,3_MTR_FREEZER~L1.8~W1.68~H1.39~as_sheet"," UP TO 2,3 MTR FREEZER ",19,FREEZER 2.3 METER,as_sheet,1.8,1.68,1.39,DRD,DRD,3459.515039,3339.54,3.468,ACCEPTED,,GROUP_DIFF 130*62MM TAPPING BLOCKS ~ 2 MES line(s) (-120.00),"[DATA] 130*62MM TAPPING BLOCKS: Excel 2 x R234 per size (R936 a double door) vs MES 6 x R68 per size (R816): R60 per size, 1-3 % of the door section."
"UP_TO_2,3_MTR_FREEZER~L1.8~W1.68~H1.39~as_sheet"," UP TO 2,3 MTR FREEZER ",19,FREEZER 2.3 METER,as_sheet,1.8,1.68,1.39,DRD DOOR FITTINGS,DRD DOOR FITTINGS,4400.99804,4401.0,0.0,PASS,,,
"UP_TO_2,3_MTR_FREEZER~L1.8~W1.68~H1.39~as_sheet"," UP TO 2,3 MTR FREEZER ",19,FREEZER 2.3 METER,as_sheet,1.8,1.68,1.39,SIDES,SIDES,5131.015099,5131.07,0.001,PASS,,,
"UP_TO_2,3_MTR_FREEZER~L1.8~W1.68~H1.39~as_sheet"," UP TO 2,3 MTR FREEZER ",19,FREEZER 2.3 METER,as_sheet,1.8,1.68,1.39,ROOF,ROOF,2413.504803,2399.35,0.586,PASS,,,
"UP_TO_2,3_MTR_FREEZER~L1.8~W1.68~H1.39~as_sheet"," UP TO 2,3 MTR FREEZER ",19,FREEZER 2.3 METER,as_sheet,1.8,1.68,1.39,FLOOR,FLOOR,4854.948819,4854.95,0.0,PASS,,,
"UP_TO_2,3_MTR_FREEZER~L1.8~W1.68~H1.39~as_sheet"," UP TO 2,3 MTR FREEZER ",19,FREEZER 2.3 METER,as_sheet,1.8,1.68,1.39,ALUMINIUM,ALUMINIUM,3327.4538,3327.45,0.0,PASS,,,
"UP_TO_2,3_MTR_FREEZER~L1.8~W1.68~H1.39~as_sheet"," UP TO 2,3 MTR FREEZER ",19,FREEZER 2.3 METER,as_sheet,1.8,1.68,1.39,SUB FRAME + LIGHT BOX ASSY,SUB FRAME + LIGHT BOX ASSY,2806.306579,2806.31,0.0,PASS,,,
"UP_TO_2,3_MTR_FREEZER~L1.8~W1.68~H1.39~as_sheet"," UP TO 2,3 MTR FREEZER ",19,FREEZER 2.3 METER,as_sheet,1.8,1.68,1.39,REAR FRAME + FLOOR PLATE,REAR FRAME & FLOOR PLATE,2249.351114,2312.6,2.812,ACCEPTED,,PRICE_DIFF 3MM 3CR12 FLOOR PLATE (+63.25),"[DATA] 3MM 3CR12 FLOOR PLATE priced R1 040.16 in MES vs R965.76 on Burt's sheet (+R59-R63, 2-3 % of the section)."
"UP_TO_2,3_MTR_FREEZER~L1.8~W1.68~H1.39~as_sheet"," UP TO 2,3 MTR FREEZER ",19,FREEZER 2.3 METER,as_sheet,1.8,1.68,1.39,SPRAY PAINTING,SPRAY PAINTING,750.0,750.0,0.0,PASS,,,
"UP_TO_2,3_MTR_FREEZER~L1.8~W1.68~H1.39~all_eps"," UP TO 2,3 MTR FREEZER ",19,FREEZER 2.3 METER,all_eps,1.8,1.68,1.39,FRONT,FRONT,1238.512605,1508.06,,UNVERIFIABLE,EXCEL_NO_PRICE:EPS,,
"UP_TO_2,3_MTR_FREEZER~L1.8~W1.68~H1.39~all_eps"," UP TO 2,3 MTR FREEZER ",19,FREEZER 2.3 METER,all_eps,1.8,1.68,1.39,SRD,,0.0,,,SKIP,,,
"UP_TO_2,3_MTR_FREEZER~L1.8~W1.68~H1.39~all_eps"," UP TO 2,3 MTR FREEZER ",19,FREEZER 2.3 METER,all_eps,1.8,1.68,1.39,SRD DOOR FITTINGS,,0.0,,,SKIP,,,
"UP_TO_2,3_MTR_FREEZER~L1.8~W1.68~H1.39~all_eps"," UP TO 2,3 MTR FREEZER ",19,FREEZER 2.3 METER,all_eps,1.8,1.68,1.39,DRD,DRD,1996.502149,2319.63,,UNVERIFIABLE,EXCEL_NO_PRICE:EPS,,
"UP_TO_2,3_MTR_FREEZER~L1.8~W1.68~H1.39~all_eps"," UP TO 2,3 MTR FREEZER ",19,FREEZER 2.3 METER,all_eps,1.8,1.68,1.39,DRD DOOR FITTINGS,DRD DOOR FITTINGS,4400.99804,4401.0,0.0,PASS,,,
"UP_TO_2,3_MTR_FREEZER~L1.8~W1.68~H1.39~all_eps"," UP TO 2,3 MTR FREEZER ",19,FREEZER 2.3 METER,all_eps,1.8,1.68,1.39,SIDES,SIDES,2912.511945,2912.57,,UNVERIFIABLE,EXCEL_NO_PRICE:EPS,,
"UP_TO_2,3_MTR_FREEZER~L1.8~W1.68~H1.39~all_eps"," UP TO 2,3 MTR FREEZER ",19,FREEZER 2.3 METER,all_eps,1.8,1.68,1.39,ROOF,ROOF,2413.504803,2399.35,0.586,PASS,,,
"UP_TO_2,3_MTR_FREEZER~L1.8~W1.68~H1.39~all_eps"," UP TO 2,3 MTR FREEZER ",19,FREEZER 2.3 METER,all_eps,1.8,1.68,1.39,FLOOR,FLOOR,4854.948819,4854.95,0.0,PASS,,,
"UP_TO_2,3_MTR_FREEZER~L1.8~W1.68~H1.39~all_eps"," UP TO 2,3 MTR FREEZER ",19,FREEZER 2.3 METER,all_eps,1.8,1.68,1.39,ALUMINIUM,ALUMINIUM,3327.4538,3327.45,0.0,PASS,,,
"UP_TO_2,3_MTR_FREEZER~L1.8~W1.68~H1.39~all_eps"," UP TO 2,3 MTR FREEZER ",19,FREEZER 2.3 METER,all_eps,1.8,1.68,1.39,SUB FRAME + LIGHT BOX ASSY,SUB FRAME + LIGHT BOX ASSY,2806.306579,2806.31,0.0,PASS,,,
"UP_TO_2,3_MTR_FREEZER~L1.8~W1.68~H1.39~all_eps"," UP TO 2,3 MTR FREEZER ",19,FREEZER 2.3 METER,all_eps,1.8,1.68,1.39,REAR FRAME + FLOOR PLATE,REAR FRAME & FLOOR PLATE,2249.351114,2312.6,2.812,ACCEPTED,,PRICE_DIFF 3MM 3CR12 FLOOR PLATE (+63.25),"[DATA] 3MM 3CR12 FLOOR PLATE priced R1 040.16 in MES vs R965.76 on Burt's sheet (+R59-R63, 2-3 % of the section)."
"UP_TO_2,3_MTR_FREEZER~L1.8~W1.68~H1.39~all_eps"," UP TO 2,3 MTR FREEZER ",19,FREEZER 2.3 METER,all_eps,1.8,1.68,1.39,SPRAY PAINTING,SPRAY PAINTING,750.0,750.0,0.0,PASS,,,
"UP_TO_2,3_MTR_FREEZER~L1.8~W1.68~H1.39~all_pu"," UP TO 2,3 MTR FREEZER ",19,FREEZER 2.3 METER,all_pu,1.8,1.68,1.39,FRONT,FRONT,2767.521005,2772.34,0.174,PASS,,,
"UP_TO_2,3_MTR_FREEZER~L1.8~W1.68~H1.39~all_pu"," UP TO 2,3 MTR FREEZER ",19,FREEZER 2.3 METER,all_pu,1.8,1.68,1.39,SRD,,0.0,,,SKIP,,,
"UP_TO_2,3_MTR_FREEZER~L1.8~W1.68~H1.39~all_pu"," UP TO 2,3 MTR FREEZER ",19,FREEZER 2.3 METER,all_pu,1.8,1.68,1.39,SRD DOOR FITTINGS,,0.0,,,SKIP,,,
"UP_TO_2,3_MTR_FREEZER~L1.8~W1.68~H1.39~all_pu"," UP TO 2,3 MTR FREEZER ",19,FREEZER 2.3 METER,all_pu,1.8,1.68,1.39,DRD,DRD,3522.091253,3402.12,3.406,ACCEPTED,,GROUP_DIFF 130*62MM TAPPING BLOCKS ~ 2 MES line(s) (-120.00),"[DATA] 130*62MM TAPPING BLOCKS: Excel 2 x R234 per size (R936 a double door) vs MES 6 x R68 per size (R816): R60 per size, 1-3 % of the door section."
"UP_TO_2,3_MTR_FREEZER~L1.8~W1.68~H1.39~all_pu"," UP TO 2,3 MTR FREEZER ",19,FREEZER 2.3 METER,all_pu,1.8,1.68,1.39,DRD DOOR FITTINGS,DRD DOOR FITTINGS,4464.38736,4464.39,0.0,PASS,,,
"UP_TO_2,3_MTR_FREEZER~L1.8~W1.68~H1.39~all_pu"," UP TO 2,3 MTR FREEZER ",19,FREEZER 2.3 METER,all_pu,1.8,1.68,1.39,SIDES,SIDES,5275.324551,5269.72,0.106,PASS,,,
"UP_TO_2,3_MTR_FREEZER~L1.8~W1.68~H1.39~all_pu"," UP TO 2,3 MTR FREEZER ",19,FREEZER 2.3 METER,all_pu,1.8,1.68,1.39,ROOF,ROOF,3317.48652,1898.28,42.78,ACCEPTED,,BOTH PU (-1405.05) [ZERO_FORMULA],"[MES] FREEZER 2.3 METER ROOF/FLOOR PU lines carry a literal x0 quantity formula (1.22*2.44*0*(length+{Waste})/1.22): PU prices at R0 (ZERO_FORMULA), -R1.4k to -R1.8k per panel."
"UP_TO_2,3_MTR_FREEZER~L1.8~W1.68~H1.39~all_pu"," UP TO 2,3 MTR FREEZER ",19,FREEZER 2.3 METER,all_pu,1.8,1.68,1.39,FLOOR,FLOOR,5758.930537,4353.88,24.398,ACCEPTED,,BOTH PU (-1405.05) [ZERO_FORMULA],"[MES] FREEZER 2.3 METER ROOF/FLOOR PU lines carry a literal x0 quantity formula (1.22*2.44*0*(length+{Waste})/1.22): PU prices at R0 (ZERO_FORMULA), -R1.4k to -R1.8k per panel."
"UP_TO_2,3_MTR_FREEZER~L1.8~W1.68~H1.39~all_pu"," UP TO 2,3 MTR FREEZER ",19,FREEZER 2.3 METER,all_pu,1.8,1.68,1.39,ALUMINIUM,ALUMINIUM,3327.4538,3327.45,0.0,PASS,,,
"UP_TO_2,3_MTR_FREEZER~L1.8~W1.68~H1.39~all_pu"," UP TO 2,3 MTR FREEZER ",19,FREEZER 2.3 METER,all_pu,1.8,1.68,1.39,SUB FRAME + LIGHT BOX ASSY,SUB FRAME + LIGHT BOX ASSY,2806.306579,2806.31,0.0,PASS,,,
"UP_TO_2,3_MTR_FREEZER~L1.8~W1.68~H1.39~all_pu"," UP TO 2,3 MTR FREEZER ",19,FREEZER 2.3 METER,all_pu,1.8,1.68,1.39,REAR FRAME + FLOOR PLATE,REAR FRAME & FLOOR PLATE,2249.351114,2312.6,2.812,ACCEPTED,,PRICE_DIFF 3MM 3CR12 FLOOR PLATE (+63.25),"[DATA] 3MM 3CR12 FLOOR PLATE priced R1 040.16 in MES vs R965.76 on Burt's sheet (+R59-R63, 2-3 % of the section)."
"UP_TO_2,3_MTR_FREEZER~L1.8~W1.68~H1.39~all_pu"," UP TO 2,3 MTR FREEZER ",19,FREEZER 2.3 METER,all_pu,1.8,1.68,1.39,SPRAY PAINTING,SPRAY PAINTING,750.0,750.0,0.0,PASS,,,
"UP_TO_2,3_MTR_FREEZER~L1.8~W1.68~H1.39~srd"," UP TO 2,3 MTR FREEZER ",19,FREEZER 2.3 METER,srd,1.8,1.68,1.39,FRONT,FRONT,2701.525496,2706.23,0.174,PASS,,,
"UP_TO_2,3_MTR_FREEZER~L1.8~W1.68~H1.39~srd"," UP TO 2,3 MTR FREEZER ",19,FREEZER 2.3 METER,srd,1.8,1.68,1.39,SRD,SRD,2953.413166,1430.39,51.568,ACCEPTED,,BOTH PU (-1463.01) [ZERO_FORMULA],"[DATA] 130*62MM TAPPING BLOCKS: Excel 2 x R234 per size (R936 a double door) vs MES 6 x R68 per size (R816): R60 per size, 1-3 % of the door section."
"UP_TO_2,3_MTR_FREEZER~L1.8~W1.68~H1.39~srd"," UP TO 2,3 MTR FREEZER ",19,FREEZER 2.3 METER,srd,1.8,1.68,1.39,SRD DOOR FITTINGS,SRD DOOR FITTINGS,4655.01232,5470.87,17.526,ACCEPTED,,PRICE_DIFF SILPLUS X WHITE SILICONE (+390.27),"[DATA] SRD DOOR FITTINGS on every body: MES CSLB HINGES R293.46 x2 (Excel R146.73 x2 - the pair price applied per hinge) and SILPLUS X WHITE R232.30 (Excel R116.15); per body also 34MM LOCKING POLE R126 (Excel R42), 28782 BIG HORIZ CAPPING R197.20 (Excel R240.58), ALU CORNERS R45 (Excel R54.90), 28780 BIG VERTICAL renamed 28778; Burt prices 2317 DOOR RUBBER / 28777 DOOR CAPPING at R0 on some sheets."
"UP_TO_2,3_MTR_FREEZER~L1.8~W1.68~H1.39~srd"," UP TO 2,3 MTR FREEZER ",19,FREEZER 2.3 METER,srd,1.8,1.68,1.39,DRD,,0.0,,,SKIP,,,
"UP_TO_2,3_MTR_FREEZER~L1.8~W1.68~H1.39~srd"," UP TO 2,3 MTR FREEZER ",19,FREEZER 2.3 METER,srd,1.8,1.68,1.39,DRD DOOR FITTINGS,,0.0,,,SKIP,,,
"UP_TO_2,3_MTR_FREEZER~L1.8~W1.68~H1.39~srd"," UP TO 2,3 MTR FREEZER ",19,FREEZER 2.3 METER,srd,1.8,1.68,1.39,SIDES,SIDES,5131.015099,5131.07,0.001,PASS,,,
"UP_TO_2,3_MTR_FREEZER~L1.8~W1.68~H1.39~srd"," UP TO 2,3 MTR FREEZER ",19,FREEZER 2.3 METER,srd,1.8,1.68,1.39,ROOF,ROOF,2413.504803,2399.35,0.586,PASS,,,
"UP_TO_2,3_MTR_FREEZER~L1.8~W1.68~H1.39~srd"," UP TO 2,3 MTR FREEZER ",19,FREEZER 2.3 METER,srd,1.8,1.68,1.39,FLOOR,FLOOR,4854.948819,4854.95,0.0,PASS,,,
"UP_TO_2,3_MTR_FREEZER~L1.8~W1.68~H1.39~srd"," UP TO 2,3 MTR FREEZER ",19,FREEZER 2.3 METER,srd,1.8,1.68,1.39,ALUMINIUM,ALUMINIUM,3327.4538,3327.45,0.0,PASS,,,
"UP_TO_2,3_MTR_FREEZER~L1.8~W1.68~H1.39~srd"," UP TO 2,3 MTR FREEZER ",19,FREEZER 2.3 METER,srd,1.8,1.68,1.39,SUB FRAME + LIGHT BOX ASSY,SUB FRAME + LIGHT BOX ASSY,2806.306579,2806.31,0.0,PASS,,,
"UP_TO_2,3_MTR_FREEZER~L1.8~W1.68~H1.39~srd"," UP TO 2,3 MTR FREEZER ",19,FREEZER 2.3 METER,srd,1.8,1.68,1.39,REAR FRAME + FLOOR PLATE,REAR FRAME & FLOOR PLATE,0.0,2312.6,,ACCEPTED,EXTRA_IN_MES,PRICE_DIFF 3MM 3CR12 FLOOR PLATE (+63.25),"[RULING] Burt gates REAR FRAME + FLOOR PLATE on the DRD flags, so a single-rear-door body carries R0 there; MES always includes the section (R2.4k-R5.5k). Which is right needs Burt/Michael."
"UP_TO_2,3_MTR_FREEZER~L1.8~W1.68~H1.39~srd"," UP TO 2,3 MTR FREEZER ",19,FREEZER 2.3 METER,srd,1.8,1.68,1.39,SPRAY PAINTING,SPRAY PAINTING,750.0,750.0,0.0,PASS,,,
"UP_TO_2,3_MTR_FREEZER~L1.8~W1.68~H1.39~drd"," UP TO 2,3 MTR FREEZER ",19,FREEZER 2.3 METER,drd,1.8,1.68,1.39,FRONT,FRONT,2701.525496,2706.23,0.174,PASS,,,
"UP_TO_2,3_MTR_FREEZER~L1.8~W1.68~H1.39~drd"," UP TO 2,3 MTR FREEZER ",19,FREEZER 2.3 METER,drd,1.8,1.68,1.39,SRD,,0.0,,,SKIP,,,
"UP_TO_2,3_MTR_FREEZER~L1.8~W1.68~H1.39~drd"," UP TO 2,3 MTR FREEZER ",19,FREEZER 2.3 METER,drd,1.8,1.68,1.39,SRD DOOR FITTINGS,,0.0,,,SKIP,,,
"UP_TO_2,3_MTR_FREEZER~L1.8~W1.68~H1.39~drd"," UP TO 2,3 MTR FREEZER ",19,FREEZER 2.3 METER,drd,1.8,1.68,1.39,DRD,DRD,3459.515039,3339.54,3.468,ACCEPTED,,GROUP_DIFF 130*62MM TAPPING BLOCKS ~ 2 MES line(s) (-120.00),"[DATA] 130*62MM TAPPING BLOCKS: Excel 2 x R234 per size (R936 a double door) vs MES 6 x R68 per size (R816): R60 per size, 1-3 % of the door section."
"UP_TO_2,3_MTR_FREEZER~L1.8~W1.68~H1.39~drd"," UP TO 2,3 MTR FREEZER ",19,FREEZER 2.3 METER,drd,1.8,1.68,1.39,DRD DOOR FITTINGS,DRD DOOR FITTINGS,4400.99804,4401.0,0.0,PASS,,,
"UP_TO_2,3_MTR_FREEZER~L1.8~W1.68~H1.39~drd"," UP TO 2,3 MTR FREEZER ",19,FREEZER 2.3 METER,drd,1.8,1.68,1.39,SIDES,SIDES,5131.015099,5131.07,0.001,PASS,,,
"UP_TO_2,3_MTR_FREEZER~L1.8~W1.68~H1.39~drd"," UP TO 2,3 MTR FREEZER ",19,FREEZER 2.3 METER,drd,1.8,1.68,1.39,ROOF,ROOF,2413.504803,2399.35,0.586,PASS,,,
"UP_TO_2,3_MTR_FREEZER~L1.8~W1.68~H1.39~drd"," UP TO 2,3 MTR FREEZER ",19,FREEZER 2.3 METER,drd,1.8,1.68,1.39,FLOOR,FLOOR,4854.948819,4854.95,0.0,PASS,,,
"UP_TO_2,3_MTR_FREEZER~L1.8~W1.68~H1.39~drd"," UP TO 2,3 MTR FREEZER ",19,FREEZER 2.3 METER,drd,1.8,1.68,1.39,ALUMINIUM,ALUMINIUM,3327.4538,3327.45,0.0,PASS,,,
"UP_TO_2,3_MTR_FREEZER~L1.8~W1.68~H1.39~drd"," UP TO 2,3 MTR FREEZER ",19,FREEZER 2.3 METER,drd,1.8,1.68,1.39,SUB FRAME + LIGHT BOX ASSY,SUB FRAME + LIGHT BOX ASSY,2806.306579,2806.31,0.0,PASS,,,
"UP_TO_2,3_MTR_FREEZER~L1.8~W1.68~H1.39~drd"," UP TO 2,3 MTR FREEZER ",19,FREEZER 2.3 METER,drd,1.8,1.68,1.39,REAR FRAME + FLOOR PLATE,REAR FRAME & FLOOR PLATE,2249.351114,2312.6,2.812,ACCEPTED,,PRICE_DIFF 3MM 3CR12 FLOOR PLATE (+63.25),"[DATA] 3MM 3CR12 FLOOR PLATE priced R1 040.16 in MES vs R965.76 on Burt's sheet (+R59-R63, 2-3 % of the section)."
"UP_TO_2,3_MTR_FREEZER~L1.8~W1.68~H1.39~drd"," UP TO 2,3 MTR FREEZER ",19,FREEZER 2.3 METER,drd,1.8,1.68,1.39,SPRAY PAINTING,SPRAY PAINTING,750.0,750.0,0.0,PASS,,,
"UP_TO_2,3_MTR_FREEZER~L1.8~W1.68~H1.39~foam_4g"," UP TO 2,3 MTR FREEZER ",19,FREEZER 2.3 METER,foam_4g,1.8,1.68,1.39,FRONT,FRONT,3165.407632,3170.11,0.149,PASS,,,
"UP_TO_2,3_MTR_FREEZER~L1.8~W1.68~H1.39~foam_4g"," UP TO 2,3 MTR FREEZER ",19,FREEZER 2.3 METER,foam_4g,1.8,1.68,1.39,SRD,,0.0,,,SKIP,,,
"UP_TO_2,3_MTR_FREEZER~L1.8~W1.68~H1.39~foam_4g"," UP TO 2,3 MTR FREEZER ",19,FREEZER 2.3 METER,foam_4g,1.8,1.68,1.39,SRD DOOR FITTINGS,,0.0,,,SKIP,,,
"UP_TO_2,3_MTR_FREEZER~L1.8~W1.68~H1.39~foam_4g"," UP TO 2,3 MTR FREEZER ",19,FREEZER 2.3 METER,foam_4g,1.8,1.68,1.39,DRD,DRD,3923.397175,3803.43,3.058,ACCEPTED,,GROUP_DIFF 130*62MM TAPPING BLOCKS ~ 2 MES line(s) (-120.00),"[DATA] 130*62MM TAPPING BLOCKS: Excel 2 x R234 per size (R936 a double door) vs MES 6 x R68 per size (R816): R60 per size, 1-3 % of the door section."
"UP_TO_2,3_MTR_FREEZER~L1.8~W1.68~H1.39~foam_4g"," UP TO 2,3 MTR FREEZER ",19,FREEZER 2.3 METER,foam_4g,1.8,1.68,1.39,DRD DOOR FITTINGS,DRD DOOR FITTINGS,4400.99804,4401.0,0.0,PASS,,,
"UP_TO_2,3_MTR_FREEZER~L1.8~W1.68~H1.39~foam_4g"," UP TO 2,3 MTR FREEZER ",19,FREEZER 2.3 METER,foam_4g,1.8,1.68,1.39,SIDES,SIDES,5834.442928,5834.5,0.001,PASS,,,
"UP_TO_2,3_MTR_FREEZER~L1.8~W1.68~H1.39~foam_4g"," UP TO 2,3 MTR FREEZER ",19,FREEZER 2.3 METER,foam_4g,1.8,1.68,1.39,ROOF,ROOF,2413.504803,2399.35,0.586,PASS,,,
"UP_TO_2,3_MTR_FREEZER~L1.8~W1.68~H1.39~foam_4g"," UP TO 2,3 MTR FREEZER ",19,FREEZER 2.3 METER,foam_4g,1.8,1.68,1.39,FLOOR,FLOOR,4854.948819,4854.95,0.0,PASS,,,
"UP_TO_2,3_MTR_FREEZER~L1.8~W1.68~H1.39~foam_4g"," UP TO 2,3 MTR FREEZER ",19,FREEZER 2.3 METER,foam_4g,1.8,1.68,1.39,ALUMINIUM,ALUMINIUM,3327.4538,3327.45,0.0,PASS,,,
"UP_TO_2,3_MTR_FREEZER~L1.8~W1.68~H1.39~foam_4g"," UP TO 2,3 MTR FREEZER ",19,FREEZER 2.3 METER,foam_4g,1.8,1.68,1.39,SUB FRAME + LIGHT BOX ASSY,SUB FRAME + LIGHT BOX ASSY,2806.306579,2806.31,0.0,PASS,,,
"UP_TO_2,3_MTR_FREEZER~L1.8~W1.68~H1.39~foam_4g"," UP TO 2,3 MTR FREEZER ",19,FREEZER 2.3 METER,foam_4g,1.8,1.68,1.39,REAR FRAME + FLOOR PLATE,REAR FRAME & FLOOR PLATE,2249.351114,2312.6,2.812,ACCEPTED,,PRICE_DIFF 3MM 3CR12 FLOOR PLATE (+63.25),"[DATA] 3MM 3CR12 FLOOR PLATE priced R1 040.16 in MES vs R965.76 on Burt's sheet (+R59-R63, 2-3 % of the section)."
"UP_TO_2,3_MTR_FREEZER~L1.8~W1.68~H1.39~foam_4g"," UP TO 2,3 MTR FREEZER ",19,FREEZER 2.3 METER,foam_4g,1.8,1.68,1.39,SPRAY PAINTING,SPRAY PAINTING,750.0,750.0,0.0,PASS,,,
"UP_TO_2,3_MTR_FREEZER~L2.31~W1.68~H1.39~as_sheet"," UP TO 2,3 MTR FREEZER ",19,FREEZER 2.3 METER,as_sheet,2.31,1.68,1.39,FRONT,FRONT,2701.525496,2706.23,0.174,PASS,,,
"UP_TO_2,3_MTR_FREEZER~L2.31~W1.68~H1.39~as_sheet"," UP TO 2,3 MTR FREEZER ",19,FREEZER 2.3 METER,as_sheet,2.31,1.68,1.39,SRD,,0.0,,,SKIP,,,
"UP_TO_2,3_MTR_FREEZER~L2.31~W1.68~H1.39~as_sheet"," UP TO 2,3 MTR FREEZER ",19,FREEZER 2.3 METER,as_sheet,2.31,1.68,1.39,SRD DOOR FITTINGS,,0.0,,,SKIP,,,
"UP_TO_2,3_MTR_FREEZER~L2.31~W1.68~H1.39~as_sheet"," UP TO 2,3 MTR FREEZER ",19,FREEZER 2.3 METER,as_sheet,2.31,1.68,1.39,DRD,DRD,3459.515039,3339.54,3.468,ACCEPTED,,GROUP_DIFF 130*62MM TAPPING BLOCKS ~ 2 MES line(s) (-120.00),"[DATA] 130*62MM TAPPING BLOCKS: Excel 2 x R234 per size (R936 a double door) vs MES 6 x R68 per size (R816): R60 per size, 1-3 % of the door section."
"UP_TO_2,3_MTR_FREEZER~L2.31~W1.68~H1.39~as_sheet"," UP TO 2,3 MTR FREEZER ",19,FREEZER 2.3 METER,as_sheet,2.31,1.68,1.39,DRD DOOR FITTINGS,DRD DOOR FITTINGS,4400.99804,4401.0,0.0,PASS,,,
"UP_TO_2,3_MTR_FREEZER~L2.31~W1.68~H1.39~as_sheet"," UP TO 2,3 MTR FREEZER ",19,FREEZER 2.3 METER,as_sheet,2.31,1.68,1.39,SIDES,SIDES,6466.398687,6466.47,0.001,PASS,,,
"UP_TO_2,3_MTR_FREEZER~L2.31~W1.68~H1.39~as_sheet"," UP TO 2,3 MTR FREEZER ",19,FREEZER 2.3 METER,as_sheet,2.31,1.68,1.39,ROOF,ROOF,3031.939281,3015.76,0.534,PASS,,,
"UP_TO_2,3_MTR_FREEZER~L2.31~W1.68~H1.39~as_sheet"," UP TO 2,3 MTR FREEZER ",19,FREEZER 2.3 METER,as_sheet,2.31,1.68,1.39,FLOOR,FLOOR,5917.240596,5917.24,0.0,PASS,,,
"UP_TO_2,3_MTR_FREEZER~L2.31~W1.68~H1.39~as_sheet"," UP TO 2,3 MTR FREEZER ",19,FREEZER 2.3 METER,as_sheet,2.31,1.68,1.39,ALUMINIUM,ALUMINIUM,3881.5688,3881.57,0.0,PASS,,,
"UP_TO_2,3_MTR_FREEZER~L2.31~W1.68~H1.39~as_sheet"," UP TO 2,3 MTR FREEZER ",19,FREEZER 2.3 METER,as_sheet,2.31,1.68,1.39,SUB FRAME + LIGHT BOX ASSY,SUB FRAME + LIGHT BOX ASSY,2910.114758,2910.11,0.0,PASS,,,
"UP_TO_2,3_MTR_FREEZER~L2.31~W1.68~H1.39~as_sheet"," UP TO 2,3 MTR FREEZER ",19,FREEZER 2.3 METER,as_sheet,2.31,1.68,1.39,REAR FRAME + FLOOR PLATE,REAR FRAME & FLOOR PLATE,2249.351114,2312.6,2.812,ACCEPTED,,PRICE_DIFF 3MM 3CR12 FLOOR PLATE (+63.25),"[DATA] 3MM 3CR12 FLOOR PLATE priced R1 040.16 in MES vs R965.76 on Burt's sheet (+R59-R63, 2-3 % of the section)."
"UP_TO_2,3_MTR_FREEZER~L2.31~W1.68~H1.39~as_sheet"," UP TO 2,3 MTR FREEZER ",19,FREEZER 2.3 METER,as_sheet,2.31,1.68,1.39,SPRAY PAINTING,SPRAY PAINTING,750.0,750.0,0.0,PASS,,,
"UP_TO_2,3_MTR_FREEZER~L2.31~W1.68~H1.39~all_eps"," UP TO 2,3 MTR FREEZER ",19,FREEZER 2.3 METER,all_eps,2.31,1.68,1.39,FRONT,FRONT,1238.512605,1508.06,,UNVERIFIABLE,EXCEL_NO_PRICE:EPS,,
"UP_TO_2,3_MTR_FREEZER~L2.31~W1.68~H1.39~all_eps"," UP TO 2,3 MTR FREEZER ",19,FREEZER 2.3 METER,all_eps,2.31,1.68,1.39,SRD,,0.0,,,SKIP,,,
"UP_TO_2,3_MTR_FREEZER~L2.31~W1.68~H1.39~all_eps"," UP TO 2,3 MTR FREEZER ",19,FREEZER 2.3 METER,all_eps,2.31,1.68,1.39,SRD DOOR FITTINGS,,0.0,,,SKIP,,,
"UP_TO_2,3_MTR_FREEZER~L2.31~W1.68~H1.39~all_eps"," UP TO 2,3 MTR FREEZER ",19,FREEZER 2.3 METER,all_eps,2.31,1.68,1.39,DRD,DRD,1996.502149,2319.63,,UNVERIFIABLE,EXCEL_NO_PRICE:EPS,,
"UP_TO_2,3_MTR_FREEZER~L2.31~W1.68~H1.39~all_eps"," UP TO 2,3 MTR FREEZER ",19,FREEZER 2.3 METER,all_eps,2.31,1.68,1.39,DRD DOOR FITTINGS,DRD DOOR FITTINGS,4400.99804,4401.0,0.0,PASS,,,
"UP_TO_2,3_MTR_FREEZER~L2.31~W1.68~H1.39~all_eps"," UP TO 2,3 MTR FREEZER ",19,FREEZER 2.3 METER,all_eps,2.31,1.68,1.39,SIDES,SIDES,3636.308177,3636.38,,UNVERIFIABLE,EXCEL_NO_PRICE:EPS,,
"UP_TO_2,3_MTR_FREEZER~L2.31~W1.68~H1.39~all_eps"," UP TO 2,3 MTR FREEZER ",19,FREEZER 2.3 METER,all_eps,2.31,1.68,1.39,ROOF,ROOF,3031.939281,3015.76,0.534,PASS,,,
"UP_TO_2,3_MTR_FREEZER~L2.31~W1.68~H1.39~all_eps"," UP TO 2,3 MTR FREEZER ",19,FREEZER 2.3 METER,all_eps,2.31,1.68,1.39,FLOOR,FLOOR,5917.240596,5917.24,0.0,PASS,,,
"UP_TO_2,3_MTR_FREEZER~L2.31~W1.68~H1.39~all_eps"," UP TO 2,3 MTR FREEZER ",19,FREEZER 2.3 METER,all_eps,2.31,1.68,1.39,ALUMINIUM,ALUMINIUM,3881.5688,3881.57,0.0,PASS,,,
"UP_TO_2,3_MTR_FREEZER~L2.31~W1.68~H1.39~all_eps"," UP TO 2,3 MTR FREEZER ",19,FREEZER 2.3 METER,all_eps,2.31,1.68,1.39,SUB FRAME + LIGHT BOX ASSY,SUB FRAME + LIGHT BOX ASSY,2910.114758,2910.11,0.0,PASS,,,
"UP_TO_2,3_MTR_FREEZER~L2.31~W1.68~H1.39~all_eps"," UP TO 2,3 MTR FREEZER ",19,FREEZER 2.3 METER,all_eps,2.31,1.68,1.39,REAR FRAME + FLOOR PLATE,REAR FRAME & FLOOR PLATE,2249.351114,2312.6,2.812,ACCEPTED,,PRICE_DIFF 3MM 3CR12 FLOOR PLATE (+63.25),"[DATA] 3MM 3CR12 FLOOR PLATE priced R1 040.16 in MES vs R965.76 on Burt's sheet (+R59-R63, 2-3 % of the section)."
"UP_TO_2,3_MTR_FREEZER~L2.31~W1.68~H1.39~all_eps"," UP TO 2,3 MTR FREEZER ",19,FREEZER 2.3 METER,all_eps,2.31,1.68,1.39,SPRAY PAINTING,SPRAY PAINTING,750.0,750.0,0.0,PASS,,,
"UP_TO_2,3_MTR_FREEZER~L2.31~W1.68~H1.39~all_pu"," UP TO 2,3 MTR FREEZER ",19,FREEZER 2.3 METER,all_pu,2.31,1.68,1.39,FRONT,FRONT,2767.521005,2772.34,0.174,PASS,,,
"UP_TO_2,3_MTR_FREEZER~L2.31~W1.68~H1.39~all_pu"," UP TO 2,3 MTR FREEZER ",19,FREEZER 2.3 METER,all_pu,2.31,1.68,1.39,SRD,,0.0,,,SKIP,,,
"UP_TO_2,3_MTR_FREEZER~L2.31~W1.68~H1.39~all_pu"," UP TO 2,3 MTR FREEZER ",19,FREEZER 2.3 METER,all_pu,2.31,1.68,1.39,SRD DOOR FITTINGS,,0.0,,,SKIP,,,
"UP_TO_2,3_MTR_FREEZER~L2.31~W1.68~H1.39~all_pu"," UP TO 2,3 MTR FREEZER ",19,FREEZER 2.3 METER,all_pu,2.31,1.68,1.39,DRD,DRD,3522.091253,3402.12,3.406,ACCEPTED,,GROUP_DIFF 130*62MM TAPPING BLOCKS ~ 2 MES line(s) (-120.00),"[DATA] 130*62MM TAPPING BLOCKS: Excel 2 x R234 per size (R936 a double door) vs MES 6 x R68 per size (R816): R60 per size, 1-3 % of the door section."
"UP_TO_2,3_MTR_FREEZER~L2.31~W1.68~H1.39~all_pu"," UP TO 2,3 MTR FREEZER ",19,FREEZER 2.3 METER,all_pu,2.31,1.68,1.39,DRD DOOR FITTINGS,DRD DOOR FITTINGS,4464.38736,4464.39,0.0,PASS,,,
"UP_TO_2,3_MTR_FREEZER~L2.31~W1.68~H1.39~all_pu"," UP TO 2,3 MTR FREEZER ",19,FREEZER 2.3 METER,all_pu,2.31,1.68,1.39,SIDES,SIDES,6648.928342,6643.34,0.084,PASS,,,
"UP_TO_2,3_MTR_FREEZER~L2.31~W1.68~H1.39~all_pu"," UP TO 2,3 MTR FREEZER ",19,FREEZER 2.3 METER,all_pu,2.31,1.68,1.39,ROOF,ROOF,4185.126769,2376.56,43.214,ACCEPTED,,BOTH PU (-1792.39) [ZERO_FORMULA],"[MES] FREEZER 2.3 METER ROOF/FLOOR PU lines carry a literal x0 quantity formula (1.22*2.44*0*(length+{Waste})/1.22): PU prices at R0 (ZERO_FORMULA), -R1.4k to -R1.8k per panel."
"UP_TO_2,3_MTR_FREEZER~L2.31~W1.68~H1.39~all_pu"," UP TO 2,3 MTR FREEZER ",19,FREEZER 2.3 METER,all_pu,2.31,1.68,1.39,FLOOR,FLOOR,7070.428084,5278.04,25.35,ACCEPTED,,BOTH PU (-1792.39) [ZERO_FORMULA],"[MES] FREEZER 2.3 METER ROOF/FLOOR PU lines carry a literal x0 quantity formula (1.22*2.44*0*(length+{Waste})/1.22): PU prices at R0 (ZERO_FORMULA), -R1.4k to -R1.8k per panel."
"UP_TO_2,3_MTR_FREEZER~L2.31~W1.68~H1.39~all_pu"," UP TO 2,3 MTR FREEZER ",19,FREEZER 2.3 METER,all_pu,2.31,1.68,1.39,ALUMINIUM,ALUMINIUM,3881.5688,3881.57,0.0,PASS,,,
"UP_TO_2,3_MTR_FREEZER~L2.31~W1.68~H1.39~all_pu"," UP TO 2,3 MTR FREEZER ",19,FREEZER 2.3 METER,all_pu,2.31,1.68,1.39,SUB FRAME + LIGHT BOX ASSY,SUB FRAME + LIGHT BOX ASSY,2910.114758,2910.11,0.0,PASS,,,
"UP_TO_2,3_MTR_FREEZER~L2.31~W1.68~H1.39~all_pu"," UP TO 2,3 MTR FREEZER ",19,FREEZER 2.3 METER,all_pu,2.31,1.68,1.39,REAR FRAME + FLOOR PLATE,REAR FRAME & FLOOR PLATE,2249.351114,2312.6,2.812,ACCEPTED,,PRICE_DIFF 3MM 3CR12 FLOOR PLATE (+63.25),"[DATA] 3MM 3CR12 FLOOR PLATE priced R1 040.16 in MES vs R965.76 on Burt's sheet (+R59-R63, 2-3 % of the section)."
"UP_TO_2,3_MTR_FREEZER~L2.31~W1.68~H1.39~all_pu"," UP TO 2,3 MTR FREEZER ",19,FREEZER 2.3 METER,all_pu,2.31,1.68,1.39,SPRAY PAINTING,SPRAY PAINTING,750.0,750.0,0.0,PASS,,,
"UP_TO_2,3_MTR_FREEZER~L2.31~W1.68~H1.39~srd"," UP TO 2,3 MTR FREEZER ",19,FREEZER 2.3 METER,srd,2.31,1.68,1.39,FRONT,FRONT,2701.525496,2706.23,0.174,PASS,,,
"UP_TO_2,3_MTR_FREEZER~L2.31~W1.68~H1.39~srd"," UP TO 2,3 MTR FREEZER ",19,FREEZER 2.3 METER,srd,2.31,1.68,1.39,SRD,SRD,2953.413166,1430.39,51.568,ACCEPTED,,BOTH PU (-1463.01) [ZERO_FORMULA],"[DATA] 130*62MM TAPPING BLOCKS: Excel 2 x R234 per size (R936 a double door) vs MES 6 x R68 per size (R816): R60 per size, 1-3 % of the door section."
"UP_TO_2,3_MTR_FREEZER~L2.31~W1.68~H1.39~srd"," UP TO 2,3 MTR FREEZER ",19,FREEZER 2.3 METER,srd,2.31,1.68,1.39,SRD DOOR FITTINGS,SRD DOOR FITTINGS,4655.01232,5470.87,17.526,ACCEPTED,,PRICE_DIFF SILPLUS X WHITE SILICONE (+390.27),"[DATA] SRD DOOR FITTINGS on every body: MES CSLB HINGES R293.46 x2 (Excel R146.73 x2 - the pair price applied per hinge) and SILPLUS X WHITE R232.30 (Excel R116.15); per body also 34MM LOCKING POLE R126 (Excel R42), 28782 BIG HORIZ CAPPING R197.20 (Excel R240.58), ALU CORNERS R45 (Excel R54.90), 28780 BIG VERTICAL renamed 28778; Burt prices 2317 DOOR RUBBER / 28777 DOOR CAPPING at R0 on some sheets."
"UP_TO_2,3_MTR_FREEZER~L2.31~W1.68~H1.39~srd"," UP TO 2,3 MTR FREEZER ",19,FREEZER 2.3 METER,srd,2.31,1.68,1.39,DRD,,0.0,,,SKIP,,,
"UP_TO_2,3_MTR_FREEZER~L2.31~W1.68~H1.39~srd"," UP TO 2,3 MTR FREEZER ",19,FREEZER 2.3 METER,srd,2.31,1.68,1.39,DRD DOOR FITTINGS,,0.0,,,SKIP,,,
"UP_TO_2,3_MTR_FREEZER~L2.31~W1.68~H1.39~srd"," UP TO 2,3 MTR FREEZER ",19,FREEZER 2.3 METER,srd,2.31,1.68,1.39,SIDES,SIDES,6466.398687,6466.47,0.001,PASS,,,
"UP_TO_2,3_MTR_FREEZER~L2.31~W1.68~H1.39~srd"," UP TO 2,3 MTR FREEZER ",19,FREEZER 2.3 METER,srd,2.31,1.68,1.39,ROOF,ROOF,3031.939281,3015.76,0.534,PASS,,,
"UP_TO_2,3_MTR_FREEZER~L2.31~W1.68~H1.39~srd"," UP TO 2,3 MTR FREEZER ",19,FREEZER 2.3 METER,srd,2.31,1.68,1.39,FLOOR,FLOOR,5917.240596,5917.24,0.0,PASS,,,
"UP_TO_2,3_MTR_FREEZER~L2.31~W1.68~H1.39~srd"," UP TO 2,3 MTR FREEZER ",19,FREEZER 2.3 METER,srd,2.31,1.68,1.39,ALUMINIUM,ALUMINIUM,3881.5688,3881.57,0.0,PASS,,,
"UP_TO_2,3_MTR_FREEZER~L2.31~W1.68~H1.39~srd"," UP TO 2,3 MTR FREEZER ",19,FREEZER 2.3 METER,srd,2.31,1.68,1.39,SUB FRAME + LIGHT BOX ASSY,SUB FRAME + LIGHT BOX ASSY,2910.114758,2910.11,0.0,PASS,,,
"UP_TO_2,3_MTR_FREEZER~L2.31~W1.68~H1.39~srd"," UP TO 2,3 MTR FREEZER ",19,FREEZER 2.3 METER,srd,2.31,1.68,1.39,REAR FRAME + FLOOR PLATE,REAR FRAME & FLOOR PLATE,0.0,2312.6,,ACCEPTED,EXTRA_IN_MES,PRICE_DIFF 3MM 3CR12 FLOOR PLATE (+63.25),"[RULING] Burt gates REAR FRAME + FLOOR PLATE on the DRD flags, so a single-rear-door body carries R0 there; MES always includes the section (R2.4k-R5.5k). Which is right needs Burt/Michael."
"UP_TO_2,3_MTR_FREEZER~L2.31~W1.68~H1.39~srd"," UP TO 2,3 MTR FREEZER ",19,FREEZER 2.3 METER,srd,2.31,1.68,1.39,SPRAY PAINTING,SPRAY PAINTING,750.0,750.0,0.0,PASS,,,
"UP_TO_2,3_MTR_FREEZER~L2.31~W1.68~H1.39~drd"," UP TO 2,3 MTR FREEZER ",19,FREEZER 2.3 METER,drd,2.31,1.68,1.39,FRONT,FRONT,2701.525496,2706.23,0.174,PASS,,,
"UP_TO_2,3_MTR_FREEZER~L2.31~W1.68~H1.39~drd"," UP TO 2,3 MTR FREEZER ",19,FREEZER 2.3 METER,drd,2.31,1.68,1.39,SRD,,0.0,,,SKIP,,,
"UP_TO_2,3_MTR_FREEZER~L2.31~W1.68~H1.39~drd"," UP TO 2,3 MTR FREEZER ",19,FREEZER 2.3 METER,drd,2.31,1.68,1.39,SRD DOOR FITTINGS,,0.0,,,SKIP,,,
"UP_TO_2,3_MTR_FREEZER~L2.31~W1.68~H1.39~drd"," UP TO 2,3 MTR FREEZER ",19,FREEZER 2.3 METER,drd,2.31,1.68,1.39,DRD,DRD,3459.515039,3339.54,3.468,ACCEPTED,,GROUP_DIFF 130*62MM TAPPING BLOCKS ~ 2 MES line(s) (-120.00),"[DATA] 130*62MM TAPPING BLOCKS: Excel 2 x R234 per size (R936 a double door) vs MES 6 x R68 per size (R816): R60 per size, 1-3 % of the door section."
"UP_TO_2,3_MTR_FREEZER~L2.31~W1.68~H1.39~drd"," UP TO 2,3 MTR FREEZER ",19,FREEZER 2.3 METER,drd,2.31,1.68,1.39,DRD DOOR FITTINGS,DRD DOOR FITTINGS,4400.99804,4401.0,0.0,PASS,,,
"UP_TO_2,3_MTR_FREEZER~L2.31~W1.68~H1.39~drd"," UP TO 2,3 MTR FREEZER ",19,FREEZER 2.3 METER,drd,2.31,1.68,1.39,SIDES,SIDES,6466.398687,6466.47,0.001,PASS,,,
"UP_TO_2,3_MTR_FREEZER~L2.31~W1.68~H1.39~drd"," UP TO 2,3 MTR FREEZER ",19,FREEZER 2.3 METER,drd,2.31,1.68,1.39,ROOF,ROOF,3031.939281,3015.76,0.534,PASS,,,
"UP_TO_2,3_MTR_FREEZER~L2.31~W1.68~H1.39~drd"," UP TO 2,3 MTR FREEZER ",19,FREEZER 2.3 METER,drd,2.31,1.68,1.39,FLOOR,FLOOR,5917.240596,5917.24,0.0,PASS,,,
"UP_TO_2,3_MTR_FREEZER~L2.31~W1.68~H1.39~drd"," UP TO 2,3 MTR FREEZER ",19,FREEZER 2.3 METER,drd,2.31,1.68,1.39,ALUMINIUM,ALUMINIUM,3881.5688,3881.57,0.0,PASS,,,
"UP_TO_2,3_MTR_FREEZER~L2.31~W1.68~H1.39~drd"," UP TO 2,3 MTR FREEZER ",19,FREEZER 2.3 METER,drd,2.31,1.68,1.39,SUB FRAME + LIGHT BOX ASSY,SUB FRAME + LIGHT BOX ASSY,2910.114758,2910.11,0.0,PASS,,,
"UP_TO_2,3_MTR_FREEZER~L2.31~W1.68~H1.39~drd"," UP TO 2,3 MTR FREEZER ",19,FREEZER 2.3 METER,drd,2.31,1.68,1.39,REAR FRAME + FLOOR PLATE,REAR FRAME & FLOOR PLATE,2249.351114,2312.6,2.812,ACCEPTED,,PRICE_DIFF 3MM 3CR12 FLOOR PLATE (+63.25),"[DATA] 3MM 3CR12 FLOOR PLATE priced R1 040.16 in MES vs R965.76 on Burt's sheet (+R59-R63, 2-3 % of the section)."
"UP_TO_2,3_MTR_FREEZER~L2.31~W1.68~H1.39~drd"," UP TO 2,3 MTR FREEZER ",19,FREEZER 2.3 METER,drd,2.31,1.68,1.39,SPRAY PAINTING,SPRAY PAINTING,750.0,750.0,0.0,PASS,,,
"UP_TO_2,3_MTR_FREEZER~L2.31~W1.68~H1.39~foam_4g"," UP TO 2,3 MTR FREEZER ",19,FREEZER 2.3 METER,foam_4g,2.31,1.68,1.39,FRONT,FRONT,3165.407632,3170.11,0.149,PASS,,,
"UP_TO_2,3_MTR_FREEZER~L2.31~W1.68~H1.39~foam_4g"," UP TO 2,3 MTR FREEZER ",19,FREEZER 2.3 METER,foam_4g,2.31,1.68,1.39,SRD,,0.0,,,SKIP,,,
"UP_TO_2,3_MTR_FREEZER~L2.31~W1.68~H1.39~foam_4g"," UP TO 2,3 MTR FREEZER ",19,FREEZER 2.3 METER,foam_4g,2.31,1.68,1.39,SRD DOOR FITTINGS,,0.0,,,SKIP,,,
"UP_TO_2,3_MTR_FREEZER~L2.31~W1.68~H1.39~foam_4g"," UP TO 2,3 MTR FREEZER ",19,FREEZER 2.3 METER,foam_4g,2.31,1.68,1.39,DRD,DRD,3923.397175,3803.43,3.058,ACCEPTED,,GROUP_DIFF 130*62MM TAPPING BLOCKS ~ 2 MES line(s) (-120.00),"[DATA] 130*62MM TAPPING BLOCKS: Excel 2 x R234 per size (R936 a double door) vs MES 6 x R68 per size (R816): R60 per size, 1-3 % of the door section."
"UP_TO_2,3_MTR_FREEZER~L2.31~W1.68~H1.39~foam_4g"," UP TO 2,3 MTR FREEZER ",19,FREEZER 2.3 METER,foam_4g,2.31,1.68,1.39,DRD DOOR FITTINGS,DRD DOOR FITTINGS,4400.99804,4401.0,0.0,PASS,,,
"UP_TO_2,3_MTR_FREEZER~L2.31~W1.68~H1.39~foam_4g"," UP TO 2,3 MTR FREEZER ",19,FREEZER 2.3 METER,foam_4g,2.31,1.68,1.39,SIDES,SIDES,7363.744458,7363.82,0.001,PASS,,,
"UP_TO_2,3_MTR_FREEZER~L2.31~W1.68~H1.39~foam_4g"," UP TO 2,3 MTR FREEZER ",19,FREEZER 2.3 METER,foam_4g,2.31,1.68,1.39,ROOF,ROOF,3031.939281,3015.76,0.534,PASS,,,
"UP_TO_2,3_MTR_FREEZER~L2.31~W1.68~H1.39~foam_4g"," UP TO 2,3 MTR FREEZER ",19,FREEZER 2.3 METER,foam_4g,2.31,1.68,1.39,FLOOR,FLOOR,5917.240596,5917.24,0.0,PASS,,,
"UP_TO_2,3_MTR_FREEZER~L2.31~W1.68~H1.39~foam_4g"," UP TO 2,3 MTR FREEZER ",19,FREEZER 2.3 METER,foam_4g,2.31,1.68,1.39,ALUMINIUM,ALUMINIUM,3881.5688,3881.57,0.0,PASS,,,
"UP_TO_2,3_MTR_FREEZER~L2.31~W1.68~H1.39~foam_4g"," UP TO 2,3 MTR FREEZER ",19,FREEZER 2.3 METER,foam_4g,2.31,1.68,1.39,SUB FRAME + LIGHT BOX ASSY,SUB FRAME + LIGHT BOX ASSY,2910.114758,2910.11,0.0,PASS,,,
"UP_TO_2,3_MTR_FREEZER~L2.31~W1.68~H1.39~foam_4g"," UP TO 2,3 MTR FREEZER ",19,FREEZER 2.3 METER,foam_4g,2.31,1.68,1.39,REAR FRAME + FLOOR PLATE,REAR FRAME & FLOOR PLATE,2249.351114,2312.6,2.812,ACCEPTED,,PRICE_DIFF 3MM 3CR12 FLOOR PLATE (+63.25),"[DATA] 3MM 3CR12 FLOOR PLATE priced R1 040.16 in MES vs R965.76 on Burt's sheet (+R59-R63, 2-3 % of the section)."
"UP_TO_2,3_MTR_FREEZER~L2.31~W1.68~H1.39~foam_4g"," UP TO 2,3 MTR FREEZER ",19,FREEZER 2.3 METER,foam_4g,2.31,1.68,1.39,SPRAY PAINTING,SPRAY PAINTING,750.0,750.0,0.0,PASS,,,
UP_TO_4.8_MT_FREEZER_2~L3~W2.5~H2.4~as_sheet, UP TO 4.8 MT FREEZER  (2,20,FREEZER MEDIUM,as_sheet,3.0,2.5,2.4,FRONT,FRONT,5227.241456,5217.9,0.179,PASS,,,
UP_TO_4.8_MT_FREEZER_2~L3~W2.5~H2.4~as_sheet, UP TO 4.8 MT FREEZER  (2,20,FREEZER MEDIUM,as_sheet,3.0,2.5,2.4,SRD,,0.0,,,SKIP,,,
UP_TO_4.8_MT_FREEZER_2~L3~W2.5~H2.4~as_sheet, UP TO 4.8 MT FREEZER  (2,20,FREEZER MEDIUM,as_sheet,3.0,2.5,2.4,SRD DOOR FITTINGS,,0.0,,,SKIP,,,
UP_TO_4.8_MT_FREEZER_2~L3~W2.5~H2.4~as_sheet, UP TO 4.8 MT FREEZER  (2,20,FREEZER MEDIUM,as_sheet,3.0,2.5,2.4,DRD,DRD,5994.22456,5874.34,2.0,ACCEPTED,,GROUP_DIFF 130*62MM TAPPING BLOCKS ~ 2 MES line(s) (-120.00),"[DATA] 130*62MM TAPPING BLOCKS: Excel 2 x R234 per size (R936 a double door) vs MES 6 x R68 per size (R816): R60 per size, 1-3 % of the door section."
UP_TO_4.8_MT_FREEZER_2~L3~W2.5~H2.4~as_sheet, UP TO 4.8 MT FREEZER  (2,20,FREEZER MEDIUM,as_sheet,3.0,2.5,2.4,DRD DOOR FITTINGS,DRD DOOR FITTINGS,5983.98526,5983.99,0.0,PASS,,,
UP_TO_4.8_MT_FREEZER_2~L3~W2.5~H2.4~as_sheet, UP TO 4.8 MT FREEZER  (2,20,FREEZER MEDIUM,as_sheet,3.0,2.5,2.4,SIDES,SIDES,13030.381401,13014.29,0.123,PASS,,,
UP_TO_4.8_MT_FREEZER_2~L3~W2.5~H2.4~as_sheet, UP TO 4.8 MT FREEZER  (2,20,FREEZER MEDIUM,as_sheet,3.0,2.5,2.4,ROOF,ROOF,6535.151987,6518.02,0.262,PASS,,,
UP_TO_4.8_MT_FREEZER_2~L3~W2.5~H2.4~as_sheet, UP TO 4.8 MT FREEZER  (2,20,FREEZER MEDIUM,as_sheet,3.0,2.5,2.4,FLOOR,FLOOR,25383.428125,25383.41,0.0,PASS,,,
UP_TO_4.8_MT_FREEZER_2~L3~W2.5~H2.4~as_sheet, UP TO 4.8 MT FREEZER  (2,20,FREEZER MEDIUM,as_sheet,3.0,2.5,2.4,ALUMINIUM,ALUMINIUM,5367.928,5367.93,0.0,PASS,,,
UP_TO_4.8_MT_FREEZER_2~L3~W2.5~H2.4~as_sheet, UP TO 4.8 MT FREEZER  (2,20,FREEZER MEDIUM,as_sheet,3.0,2.5,2.4,SUB FRAME + LIGHT BOX ASSY,SUB FRAME + LIGHT BOX ASSY,7741.648808,7376.25,4.72,ACCEPTED,,MISSING_IN_MES 1MM GALV PLATE (-239.72),[DATA] Excel line 1MM GALV PLATE (R157-R240) has no MES line on this body.
UP_TO_4.8_MT_FREEZER_2~L3~W2.5~H2.4~as_sheet, UP TO 4.8 MT FREEZER  (2,20,FREEZER MEDIUM,as_sheet,3.0,2.5,2.4,REAR FRAME + FLOOR PLATE,REAR FRAME & FLOOR PLATE,4633.7716,4633.77,0.0,PASS,,,
UP_TO_4.8_MT_FREEZER_2~L3~W2.5~H2.4~as_sheet, UP TO 4.8 MT FREEZER  (2,20,FREEZER MEDIUM,as_sheet,3.0,2.5,2.4,SPRAY PAINTING,SPRAY PAINTING,750.0,750.0,0.0,PASS,,,
UP_TO_4.8_MT_FREEZER_2~L3~W2.5~H2.4~as_sheet, UP TO 4.8 MT FREEZER  (2,20,FREEZER MEDIUM,as_sheet,3.0,2.5,2.4,REFLEXITE TAPE,REFLEXITE TAPE,153.0,153.0,0.0,PASS,,,
UP_TO_4.8_MT_FREEZER_2~L3~W2.5~H2.4~all_eps, UP TO 4.8 MT FREEZER  (2,20,FREEZER MEDIUM,all_eps,3.0,2.5,2.4,FRONT,FRONT,3649.523745,4377.13,,UNVERIFIABLE,EXCEL_NO_PRICE:EPS,,
UP_TO_4.8_MT_FREEZER_2~L3~W2.5~H2.4~all_eps, UP TO 4.8 MT FREEZER  (2,20,FREEZER MEDIUM,all_eps,3.0,2.5,2.4,SRD,,0.0,,,SKIP,,,
UP_TO_4.8_MT_FREEZER_2~L3~W2.5~H2.4~all_eps, UP TO 4.8 MT FREEZER  (2,20,FREEZER MEDIUM,all_eps,3.0,2.5,2.4,SRD DOOR FITTINGS,,0.0,,,SKIP,,,
UP_TO_4.8_MT_FREEZER_2~L3~W2.5~H2.4~all_eps, UP TO 4.8 MT FREEZER  (2,20,FREEZER MEDIUM,all_eps,3.0,2.5,2.4,DRD,DRD,4416.116435,4296.23,,UNVERIFIABLE,EXCEL_NO_PRICE:EPS,,
UP_TO_4.8_MT_FREEZER_2~L3~W2.5~H2.4~all_eps, UP TO 4.8 MT FREEZER  (2,20,FREEZER MEDIUM,all_eps,3.0,2.5,2.4,DRD DOOR FITTINGS,DRD DOOR FITTINGS,5920.59594,5920.6,0.0,PASS,,,
UP_TO_4.8_MT_FREEZER_2~L3~W2.5~H2.4~all_eps, UP TO 4.8 MT FREEZER  (2,20,FREEZER MEDIUM,all_eps,3.0,2.5,2.4,SIDES,SIDES,9093.466654,10932.6,,UNVERIFIABLE,EXCEL_NO_PRICE:EPS,,
UP_TO_4.8_MT_FREEZER_2~L3~W2.5~H2.4~all_eps, UP TO 4.8 MT FREEZER  (2,20,FREEZER MEDIUM,all_eps,3.0,2.5,2.4,ROOF,ROOF,5436.36031,5419.23,0.315,PASS,,,
UP_TO_4.8_MT_FREEZER_2~L3~W2.5~H2.4~all_eps, UP TO 4.8 MT FREEZER  (2,20,FREEZER MEDIUM,all_eps,3.0,2.5,2.4,FLOOR,FLOOR,24284.636448,24284.62,0.0,PASS,,,
UP_TO_4.8_MT_FREEZER_2~L3~W2.5~H2.4~all_eps, UP TO 4.8 MT FREEZER  (2,20,FREEZER MEDIUM,all_eps,3.0,2.5,2.4,ALUMINIUM,ALUMINIUM,5367.928,5367.93,0.0,PASS,,,
UP_TO_4.8_MT_FREEZER_2~L3~W2.5~H2.4~all_eps, UP TO 4.8 MT FREEZER  (2,20,FREEZER MEDIUM,all_eps,3.0,2.5,2.4,SUB FRAME + LIGHT BOX ASSY,SUB FRAME + LIGHT BOX ASSY,7741.648808,7376.25,4.72,ACCEPTED,,MISSING_IN_MES 1MM GALV PLATE (-239.72),[DATA] Excel line 1MM GALV PLATE (R157-R240) has no MES line on this body.
UP_TO_4.8_MT_FREEZER_2~L3~W2.5~H2.4~all_eps, UP TO 4.8 MT FREEZER  (2,20,FREEZER MEDIUM,all_eps,3.0,2.5,2.4,REAR FRAME + FLOOR PLATE,REAR FRAME & FLOOR PLATE,4633.7716,4633.77,0.0,PASS,,,
UP_TO_4.8_MT_FREEZER_2~L3~W2.5~H2.4~all_eps, UP TO 4.8 MT FREEZER  (2,20,FREEZER MEDIUM,all_eps,3.0,2.5,2.4,SPRAY PAINTING,SPRAY PAINTING,750.0,750.0,0.0,PASS,,,
UP_TO_4.8_MT_FREEZER_2~L3~W2.5~H2.4~all_eps, UP TO 4.8 MT FREEZER  (2,20,FREEZER MEDIUM,all_eps,3.0,2.5,2.4,REFLEXITE TAPE,REFLEXITE TAPE,153.0,153.0,0.0,PASS,,,
UP_TO_4.8_MT_FREEZER_2~L3~W2.5~H2.4~all_pu, UP TO 4.8 MT FREEZER  (2,20,FREEZER MEDIUM,all_pu,3.0,2.5,2.4,FRONT,FRONT,5227.241456,5217.9,0.179,PASS,,,
UP_TO_4.8_MT_FREEZER_2~L3~W2.5~H2.4~all_pu, UP TO 4.8 MT FREEZER  (2,20,FREEZER MEDIUM,all_pu,3.0,2.5,2.4,SRD,,0.0,,,SKIP,,,
UP_TO_4.8_MT_FREEZER_2~L3~W2.5~H2.4~all_pu, UP TO 4.8 MT FREEZER  (2,20,FREEZER MEDIUM,all_pu,3.0,2.5,2.4,SRD DOOR FITTINGS,,0.0,,,SKIP,,,
UP_TO_4.8_MT_FREEZER_2~L3~W2.5~H2.4~all_pu, UP TO 4.8 MT FREEZER  (2,20,FREEZER MEDIUM,all_pu,3.0,2.5,2.4,DRD,DRD,5994.22456,5874.34,2.0,ACCEPTED,,GROUP_DIFF 130*62MM TAPPING BLOCKS ~ 2 MES line(s) (-120.00),"[DATA] 130*62MM TAPPING BLOCKS: Excel 2 x R234 per size (R936 a double door) vs MES 6 x R68 per size (R816): R60 per size, 1-3 % of the door section."
UP_TO_4.8_MT_FREEZER_2~L3~W2.5~H2.4~all_pu, UP TO 4.8 MT FREEZER  (2,20,FREEZER MEDIUM,all_pu,3.0,2.5,2.4,DRD DOOR FITTINGS,DRD DOOR FITTINGS,5983.98526,5983.99,0.0,PASS,,,
UP_TO_4.8_MT_FREEZER_2~L3~W2.5~H2.4~all_pu, UP TO 4.8 MT FREEZER  (2,20,FREEZER MEDIUM,all_pu,3.0,2.5,2.4,SIDES,SIDES,13030.381401,13014.29,0.123,PASS,,,
UP_TO_4.8_MT_FREEZER_2~L3~W2.5~H2.4~all_pu, UP TO 4.8 MT FREEZER  (2,20,FREEZER MEDIUM,all_pu,3.0,2.5,2.4,ROOF,ROOF,6535.151987,6518.02,0.262,PASS,,,
UP_TO_4.8_MT_FREEZER_2~L3~W2.5~H2.4~all_pu, UP TO 4.8 MT FREEZER  (2,20,FREEZER MEDIUM,all_pu,3.0,2.5,2.4,FLOOR,FLOOR,25383.428125,25383.41,0.0,PASS,,,
UP_TO_4.8_MT_FREEZER_2~L3~W2.5~H2.4~all_pu, UP TO 4.8 MT FREEZER  (2,20,FREEZER MEDIUM,all_pu,3.0,2.5,2.4,ALUMINIUM,ALUMINIUM,5367.928,5367.93,0.0,PASS,,,
UP_TO_4.8_MT_FREEZER_2~L3~W2.5~H2.4~all_pu, UP TO 4.8 MT FREEZER  (2,20,FREEZER MEDIUM,all_pu,3.0,2.5,2.4,SUB FRAME + LIGHT BOX ASSY,SUB FRAME + LIGHT BOX ASSY,7741.648808,7376.25,4.72,ACCEPTED,,MISSING_IN_MES 1MM GALV PLATE (-239.72),[DATA] Excel line 1MM GALV PLATE (R157-R240) has no MES line on this body.
UP_TO_4.8_MT_FREEZER_2~L3~W2.5~H2.4~all_pu, UP TO 4.8 MT FREEZER  (2,20,FREEZER MEDIUM,all_pu,3.0,2.5,2.4,REAR FRAME + FLOOR PLATE,REAR FRAME & FLOOR PLATE,4633.7716,4633.77,0.0,PASS,,,
UP_TO_4.8_MT_FREEZER_2~L3~W2.5~H2.4~all_pu, UP TO 4.8 MT FREEZER  (2,20,FREEZER MEDIUM,all_pu,3.0,2.5,2.4,SPRAY PAINTING,SPRAY PAINTING,750.0,750.0,0.0,PASS,,,
UP_TO_4.8_MT_FREEZER_2~L3~W2.5~H2.4~all_pu, UP TO 4.8 MT FREEZER  (2,20,FREEZER MEDIUM,all_pu,3.0,2.5,2.4,REFLEXITE TAPE,REFLEXITE TAPE,153.0,153.0,0.0,PASS,,,
UP_TO_4.8_MT_FREEZER_2~L3~W2.5~H2.4~srd, UP TO 4.8 MT FREEZER  (2,20,FREEZER MEDIUM,srd,3.0,2.5,2.4,FRONT,FRONT,5227.241456,5217.9,0.179,PASS,,,
UP_TO_4.8_MT_FREEZER_2~L3~W2.5~H2.4~srd, UP TO 4.8 MT FREEZER  (2,20,FREEZER MEDIUM,srd,3.0,2.5,2.4,SRD,SRD,5439.592954,3916.52,28.0,ACCEPTED,,BOTH PU (-1463.01) [ZERO_FORMULA],"[DATA] 130*62MM TAPPING BLOCKS: Excel 2 x R234 per size (R936 a double door) vs MES 6 x R68 per size (R816): R60 per size, 1-3 % of the door section."
UP_TO_4.8_MT_FREEZER_2~L3~W2.5~H2.4~srd, UP TO 4.8 MT FREEZER  (2,20,FREEZER MEDIUM,srd,3.0,2.5,2.4,SRD DOOR FITTINGS,SRD DOOR FITTINGS,6821.62802,7695.84,12.815,ACCEPTED,,PRICE_DIFF SILPLUS X WHITE SILICONE (+580.75),"[DATA] SRD DOOR FITTINGS on every body: MES CSLB HINGES R293.46 x2 (Excel R146.73 x2 - the pair price applied per hinge) and SILPLUS X WHITE R232.30 (Excel R116.15); per body also 34MM LOCKING POLE R126 (Excel R42), 28782 BIG HORIZ CAPPING R197.20 (Excel R240.58), ALU CORNERS R45 (Excel R54.90), 28780 BIG VERTICAL renamed 28778; Burt prices 2317 DOOR RUBBER / 28777 DOOR CAPPING at R0 on some sheets."
UP_TO_4.8_MT_FREEZER_2~L3~W2.5~H2.4~srd, UP TO 4.8 MT FREEZER  (2,20,FREEZER MEDIUM,srd,3.0,2.5,2.4,DRD,,0.0,,,SKIP,,,
UP_TO_4.8_MT_FREEZER_2~L3~W2.5~H2.4~srd, UP TO 4.8 MT FREEZER  (2,20,FREEZER MEDIUM,srd,3.0,2.5,2.4,DRD DOOR FITTINGS,,0.0,,,SKIP,,,
UP_TO_4.8_MT_FREEZER_2~L3~W2.5~H2.4~srd, UP TO 4.8 MT FREEZER  (2,20,FREEZER MEDIUM,srd,3.0,2.5,2.4,SIDES,SIDES,13030.381401,13014.29,0.123,PASS,,,
UP_TO_4.8_MT_FREEZER_2~L3~W2.5~H2.4~srd, UP TO 4.8 MT FREEZER  (2,20,FREEZER MEDIUM,srd,3.0,2.5,2.4,ROOF,ROOF,6535.151987,6518.02,0.262,PASS,,,
UP_TO_4.8_MT_FREEZER_2~L3~W2.5~H2.4~srd, UP TO 4.8 MT FREEZER  (2,20,FREEZER MEDIUM,srd,3.0,2.5,2.4,FLOOR,FLOOR,25383.428125,25383.41,0.0,PASS,,,
UP_TO_4.8_MT_FREEZER_2~L3~W2.5~H2.4~srd, UP TO 4.8 MT FREEZER  (2,20,FREEZER MEDIUM,srd,3.0,2.5,2.4,ALUMINIUM,ALUMINIUM,5367.928,5367.93,0.0,PASS,,,
UP_TO_4.8_MT_FREEZER_2~L3~W2.5~H2.4~srd, UP TO 4.8 MT FREEZER  (2,20,FREEZER MEDIUM,srd,3.0,2.5,2.4,SUB FRAME + LIGHT BOX ASSY,SUB FRAME + LIGHT BOX ASSY,7741.648808,7376.25,4.72,ACCEPTED,,MISSING_IN_MES 1MM GALV PLATE (-239.72),[DATA] Excel line 1MM GALV PLATE (R157-R240) has no MES line on this body.
UP_TO_4.8_MT_FREEZER_2~L3~W2.5~H2.4~srd, UP TO 4.8 MT FREEZER  (2,20,FREEZER MEDIUM,srd,3.0,2.5,2.4,REAR FRAME + FLOOR PLATE,REAR FRAME & FLOOR PLATE,0.0,4633.77,,ACCEPTED,EXTRA_IN_MES,,"[RULING] Burt gates REAR FRAME + FLOOR PLATE on the DRD flags, so a single-rear-door body carries R0 there; MES always includes the section (R2.4k-R5.5k). Which is right needs Burt/Michael."
UP_TO_4.8_MT_FREEZER_2~L3~W2.5~H2.4~srd, UP TO 4.8 MT FREEZER  (2,20,FREEZER MEDIUM,srd,3.0,2.5,2.4,SPRAY PAINTING,SPRAY PAINTING,750.0,750.0,0.0,PASS,,,
UP_TO_4.8_MT_FREEZER_2~L3~W2.5~H2.4~srd, UP TO 4.8 MT FREEZER  (2,20,FREEZER MEDIUM,srd,3.0,2.5,2.4,REFLEXITE TAPE,REFLEXITE TAPE,153.0,153.0,0.0,PASS,,,
UP_TO_4.8_MT_FREEZER_2~L3~W2.5~H2.4~drd, UP TO 4.8 MT FREEZER  (2,20,FREEZER MEDIUM,drd,3.0,2.5,2.4,FRONT,FRONT,5227.241456,5217.9,0.179,PASS,,,
UP_TO_4.8_MT_FREEZER_2~L3~W2.5~H2.4~drd, UP TO 4.8 MT FREEZER  (2,20,FREEZER MEDIUM,drd,3.0,2.5,2.4,SRD,,0.0,,,SKIP,,,
UP_TO_4.8_MT_FREEZER_2~L3~W2.5~H2.4~drd, UP TO 4.8 MT FREEZER  (2,20,FREEZER MEDIUM,drd,3.0,2.5,2.4,SRD DOOR FITTINGS,,0.0,,,SKIP,,,
UP_TO_4.8_MT_FREEZER_2~L3~W2.5~H2.4~drd, UP TO 4.8 MT FREEZER  (2,20,FREEZER MEDIUM,drd,3.0,2.5,2.4,DRD,DRD,5994.22456,5874.34,2.0,ACCEPTED,,GROUP_DIFF 130*62MM TAPPING BLOCKS ~ 2 MES line(s) (-120.00),"[DATA] 130*62MM TAPPING BLOCKS: Excel 2 x R234 per size (R936 a double door) vs MES 6 x R68 per size (R816): R60 per size, 1-3 % of the door section."
UP_TO_4.8_MT_FREEZER_2~L3~W2.5~H2.4~drd, UP TO 4.8 MT FREEZER  (2,20,FREEZER MEDIUM,drd,3.0,2.5,2.4,DRD DOOR FITTINGS,DRD DOOR FITTINGS,5983.98526,5983.99,0.0,PASS,,,
UP_TO_4.8_MT_FREEZER_2~L3~W2.5~H2.4~drd, UP TO 4.8 MT FREEZER  (2,20,FREEZER MEDIUM,drd,3.0,2.5,2.4,SIDES,SIDES,13030.381401,13014.29,0.123,PASS,,,
UP_TO_4.8_MT_FREEZER_2~L3~W2.5~H2.4~drd, UP TO 4.8 MT FREEZER  (2,20,FREEZER MEDIUM,drd,3.0,2.5,2.4,ROOF,ROOF,6535.151987,6518.02,0.262,PASS,,,
UP_TO_4.8_MT_FREEZER_2~L3~W2.5~H2.4~drd, UP TO 4.8 MT FREEZER  (2,20,FREEZER MEDIUM,drd,3.0,2.5,2.4,FLOOR,FLOOR,25383.428125,25383.41,0.0,PASS,,,
UP_TO_4.8_MT_FREEZER_2~L3~W2.5~H2.4~drd, UP TO 4.8 MT FREEZER  (2,20,FREEZER MEDIUM,drd,3.0,2.5,2.4,ALUMINIUM,ALUMINIUM,5367.928,5367.93,0.0,PASS,,,
UP_TO_4.8_MT_FREEZER_2~L3~W2.5~H2.4~drd, UP TO 4.8 MT FREEZER  (2,20,FREEZER MEDIUM,drd,3.0,2.5,2.4,SUB FRAME + LIGHT BOX ASSY,SUB FRAME + LIGHT BOX ASSY,7741.648808,7376.25,4.72,ACCEPTED,,MISSING_IN_MES 1MM GALV PLATE (-239.72),[DATA] Excel line 1MM GALV PLATE (R157-R240) has no MES line on this body.
UP_TO_4.8_MT_FREEZER_2~L3~W2.5~H2.4~drd, UP TO 4.8 MT FREEZER  (2,20,FREEZER MEDIUM,drd,3.0,2.5,2.4,REAR FRAME + FLOOR PLATE,REAR FRAME & FLOOR PLATE,4633.7716,4633.77,0.0,PASS,,,
UP_TO_4.8_MT_FREEZER_2~L3~W2.5~H2.4~drd, UP TO 4.8 MT FREEZER  (2,20,FREEZER MEDIUM,drd,3.0,2.5,2.4,SPRAY PAINTING,SPRAY PAINTING,750.0,750.0,0.0,PASS,,,
UP_TO_4.8_MT_FREEZER_2~L3~W2.5~H2.4~drd, UP TO 4.8 MT FREEZER  (2,20,FREEZER MEDIUM,drd,3.0,2.5,2.4,REFLEXITE TAPE,REFLEXITE TAPE,153.0,153.0,0.0,PASS,,,
UP_TO_4.8_MT_FREEZER_2~L3~W2.5~H2.4~foam_4g, UP TO 4.8 MT FREEZER  (2,20,FREEZER MEDIUM,foam_4g,3.0,2.5,2.4,FRONT,FRONT,5691.123592,5681.79,0.164,PASS,,,
UP_TO_4.8_MT_FREEZER_2~L3~W2.5~H2.4~foam_4g, UP TO 4.8 MT FREEZER  (2,20,FREEZER MEDIUM,foam_4g,3.0,2.5,2.4,SRD,,0.0,,,SKIP,,,
UP_TO_4.8_MT_FREEZER_2~L3~W2.5~H2.4~foam_4g, UP TO 4.8 MT FREEZER  (2,20,FREEZER MEDIUM,foam_4g,3.0,2.5,2.4,SRD DOOR FITTINGS,,0.0,,,SKIP,,,
UP_TO_4.8_MT_FREEZER_2~L3~W2.5~H2.4~foam_4g, UP TO 4.8 MT FREEZER  (2,20,FREEZER MEDIUM,foam_4g,3.0,2.5,2.4,DRD,DRD,6458.106696,6338.22,1.856,ACCEPTED,,GROUP_DIFF 130*62MM TAPPING BLOCKS ~ 2 MES line(s) (-120.00),"[DATA] 130*62MM TAPPING BLOCKS: Excel 2 x R234 per size (R936 a double door) vs MES 6 x R68 per size (R816): R60 per size, 1-3 % of the door section."
UP_TO_4.8_MT_FREEZER_2~L3~W2.5~H2.4~foam_4g, UP TO 4.8 MT FREEZER  (2,20,FREEZER MEDIUM,foam_4g,3.0,2.5,2.4,DRD DOOR FITTINGS,DRD DOOR FITTINGS,5983.98526,5983.99,0.0,PASS,,,
UP_TO_4.8_MT_FREEZER_2~L3~W2.5~H2.4~foam_4g, UP TO 4.8 MT FREEZER  (2,20,FREEZER MEDIUM,foam_4g,3.0,2.5,2.4,SIDES,SIDES,14190.086741,14174.0,0.113,PASS,,,
UP_TO_4.8_MT_FREEZER_2~L3~W2.5~H2.4~foam_4g, UP TO 4.8 MT FREEZER  (2,20,FREEZER MEDIUM,foam_4g,3.0,2.5,2.4,ROOF,ROOF,7269.632035,7252.5,0.236,PASS,,,
UP_TO_4.8_MT_FREEZER_2~L3~W2.5~H2.4~foam_4g, UP TO 4.8 MT FREEZER  (2,20,FREEZER MEDIUM,foam_4g,3.0,2.5,2.4,FLOOR,FLOOR,26117.908173,26117.89,0.0,PASS,,,
UP_TO_4.8_MT_FREEZER_2~L3~W2.5~H2.4~foam_4g, UP TO 4.8 MT FREEZER  (2,20,FREEZER MEDIUM,foam_4g,3.0,2.5,2.4,ALUMINIUM,ALUMINIUM,5367.928,5367.93,0.0,PASS,,,
UP_TO_4.8_MT_FREEZER_2~L3~W2.5~H2.4~foam_4g, UP TO 4.8 MT FREEZER  (2,20,FREEZER MEDIUM,foam_4g,3.0,2.5,2.4,SUB FRAME + LIGHT BOX ASSY,SUB FRAME + LIGHT BOX ASSY,7741.648808,7376.25,4.72,ACCEPTED,,MISSING_IN_MES 1MM GALV PLATE (-239.72),[DATA] Excel line 1MM GALV PLATE (R157-R240) has no MES line on this body.
UP_TO_4.8_MT_FREEZER_2~L3~W2.5~H2.4~foam_4g, UP TO 4.8 MT FREEZER  (2,20,FREEZER MEDIUM,foam_4g,3.0,2.5,2.4,REAR FRAME + FLOOR PLATE,REAR FRAME & FLOOR PLATE,4633.7716,4633.77,0.0,PASS,,,
UP_TO_4.8_MT_FREEZER_2~L3~W2.5~H2.4~foam_4g, UP TO 4.8 MT FREEZER  (2,20,FREEZER MEDIUM,foam_4g,3.0,2.5,2.4,SPRAY PAINTING,SPRAY PAINTING,750.0,750.0,0.0,PASS,,,
UP_TO_4.8_MT_FREEZER_2~L3~W2.5~H2.4~foam_4g, UP TO 4.8 MT FREEZER  (2,20,FREEZER MEDIUM,foam_4g,3.0,2.5,2.4,REFLEXITE TAPE,REFLEXITE TAPE,153.0,153.0,0.0,PASS,,,
UP_TO_4.8_MT_FREEZER_2~L4.2~W2.5~H2.4~as_sheet, UP TO 4.8 MT FREEZER  (2,20,FREEZER MEDIUM,as_sheet,4.2,2.5,2.4,FRONT,FRONT,5227.241456,5217.9,0.179,PASS,,,
UP_TO_4.8_MT_FREEZER_2~L4.2~W2.5~H2.4~as_sheet, UP TO 4.8 MT FREEZER  (2,20,FREEZER MEDIUM,as_sheet,4.2,2.5,2.4,SRD,,0.0,,,SKIP,,,
UP_TO_4.8_MT_FREEZER_2~L4.2~W2.5~H2.4~as_sheet, UP TO 4.8 MT FREEZER  (2,20,FREEZER MEDIUM,as_sheet,4.2,2.5,2.4,SRD DOOR FITTINGS,,0.0,,,SKIP,,,
UP_TO_4.8_MT_FREEZER_2~L4.2~W2.5~H2.4~as_sheet, UP TO 4.8 MT FREEZER  (2,20,FREEZER MEDIUM,as_sheet,4.2,2.5,2.4,DRD,DRD,5994.22456,5874.34,2.0,ACCEPTED,,GROUP_DIFF 130*62MM TAPPING BLOCKS ~ 2 MES line(s) (-120.00),"[DATA] 130*62MM TAPPING BLOCKS: Excel 2 x R234 per size (R936 a double door) vs MES 6 x R68 per size (R816): R60 per size, 1-3 % of the door section."
UP_TO_4.8_MT_FREEZER_2~L4.2~W2.5~H2.4~as_sheet, UP TO 4.8 MT FREEZER  (2,20,FREEZER MEDIUM,as_sheet,4.2,2.5,2.4,DRD DOOR FITTINGS,DRD DOOR FITTINGS,5983.98526,5983.99,0.0,PASS,,,
UP_TO_4.8_MT_FREEZER_2~L4.2~W2.5~H2.4~as_sheet, UP TO 4.8 MT FREEZER  (2,20,FREEZER MEDIUM,as_sheet,4.2,2.5,2.4,SIDES,SIDES,18012.316594,17991.71,0.114,PASS,,,
UP_TO_4.8_MT_FREEZER_2~L4.2~W2.5~H2.4~as_sheet, UP TO 4.8 MT FREEZER  (2,20,FREEZER MEDIUM,as_sheet,4.2,2.5,2.4,ROOF,ROOF,9061.806534,9039.92,0.242,PASS,,,
UP_TO_4.8_MT_FREEZER_2~L4.2~W2.5~H2.4~as_sheet, UP TO 4.8 MT FREEZER  (2,20,FREEZER MEDIUM,as_sheet,4.2,2.5,2.4,FLOOR,FLOOR,34797.93237,34797.9,0.0,PASS,,,
UP_TO_4.8_MT_FREEZER_2~L4.2~W2.5~H2.4~as_sheet, UP TO 4.8 MT FREEZER  (2,20,FREEZER MEDIUM,as_sheet,4.2,2.5,2.4,ALUMINIUM,ALUMINIUM,6671.728,6671.73,0.0,PASS,,,
UP_TO_4.8_MT_FREEZER_2~L4.2~W2.5~H2.4~as_sheet, UP TO 4.8 MT FREEZER  (2,20,FREEZER MEDIUM,as_sheet,4.2,2.5,2.4,SUB FRAME + LIGHT BOX ASSY,SUB FRAME + LIGHT BOX ASSY,8324.848808,7959.45,4.389,ACCEPTED,,MISSING_IN_MES 1MM GALV PLATE (-239.72),[DATA] Excel line 1MM GALV PLATE (R157-R240) has no MES line on this body.
UP_TO_4.8_MT_FREEZER_2~L4.2~W2.5~H2.4~as_sheet, UP TO 4.8 MT FREEZER  (2,20,FREEZER MEDIUM,as_sheet,4.2,2.5,2.4,REAR FRAME + FLOOR PLATE,REAR FRAME & FLOOR PLATE,4633.7716,4633.77,0.0,PASS,,,
UP_TO_4.8_MT_FREEZER_2~L4.2~W2.5~H2.4~as_sheet, UP TO 4.8 MT FREEZER  (2,20,FREEZER MEDIUM,as_sheet,4.2,2.5,2.4,SPRAY PAINTING,SPRAY PAINTING,750.0,750.0,0.0,PASS,,,
UP_TO_4.8_MT_FREEZER_2~L4.2~W2.5~H2.4~as_sheet, UP TO 4.8 MT FREEZER  (2,20,FREEZER MEDIUM,as_sheet,4.2,2.5,2.4,REFLEXITE TAPE,REFLEXITE TAPE,196.2,196.2,0.0,PASS,,,
UP_TO_4.8_MT_FREEZER_2~L4.2~W2.5~H2.4~all_eps, UP TO 4.8 MT FREEZER  (2,20,FREEZER MEDIUM,all_eps,4.2,2.5,2.4,FRONT,FRONT,3649.523745,4377.13,,UNVERIFIABLE,EXCEL_NO_PRICE:EPS,,
UP_TO_4.8_MT_FREEZER_2~L4.2~W2.5~H2.4~all_eps, UP TO 4.8 MT FREEZER  (2,20,FREEZER MEDIUM,all_eps,4.2,2.5,2.4,SRD,,0.0,,,SKIP,,,
UP_TO_4.8_MT_FREEZER_2~L4.2~W2.5~H2.4~all_eps, UP TO 4.8 MT FREEZER  (2,20,FREEZER MEDIUM,all_eps,4.2,2.5,2.4,SRD DOOR FITTINGS,,0.0,,,SKIP,,,
UP_TO_4.8_MT_FREEZER_2~L4.2~W2.5~H2.4~all_eps, UP TO 4.8 MT FREEZER  (2,20,FREEZER MEDIUM,all_eps,4.2,2.5,2.4,DRD,DRD,4416.116435,4296.23,,UNVERIFIABLE,EXCEL_NO_PRICE:EPS,,
UP_TO_4.8_MT_FREEZER_2~L4.2~W2.5~H2.4~all_eps, UP TO 4.8 MT FREEZER  (2,20,FREEZER MEDIUM,all_eps,4.2,2.5,2.4,DRD DOOR FITTINGS,DRD DOOR FITTINGS,5920.59594,5920.6,0.0,PASS,,,
UP_TO_4.8_MT_FREEZER_2~L4.2~W2.5~H2.4~all_eps, UP TO 4.8 MT FREEZER  (2,20,FREEZER MEDIUM,all_eps,4.2,2.5,2.4,SIDES,SIDES,12528.681635,15090.99,,UNVERIFIABLE,EXCEL_NO_PRICE:EPS,,
UP_TO_4.8_MT_FREEZER_2~L4.2~W2.5~H2.4~all_eps, UP TO 4.8 MT FREEZER  (2,20,FREEZER MEDIUM,all_eps,4.2,2.5,2.4,ROOF,ROOF,7530.703377,7508.81,0.291,PASS,,,
UP_TO_4.8_MT_FREEZER_2~L4.2~W2.5~H2.4~all_eps, UP TO 4.8 MT FREEZER  (2,20,FREEZER MEDIUM,all_eps,4.2,2.5,2.4,FLOOR,FLOOR,33266.829214,33266.8,0.0,PASS,,,
UP_TO_4.8_MT_FREEZER_2~L4.2~W2.5~H2.4~all_eps, UP TO 4.8 MT FREEZER  (2,20,FREEZER MEDIUM,all_eps,4.2,2.5,2.4,ALUMINIUM,ALUMINIUM,6671.728,6671.73,0.0,PASS,,,
UP_TO_4.8_MT_FREEZER_2~L4.2~W2.5~H2.4~all_eps, UP TO 4.8 MT FREEZER  (2,20,FREEZER MEDIUM,all_eps,4.2,2.5,2.4,SUB FRAME + LIGHT BOX ASSY,SUB FRAME + LIGHT BOX ASSY,8324.848808,7959.45,4.389,ACCEPTED,,MISSING_IN_MES 1MM GALV PLATE (-239.72),[DATA] Excel line 1MM GALV PLATE (R157-R240) has no MES line on this body.
UP_TO_4.8_MT_FREEZER_2~L4.2~W2.5~H2.4~all_eps, UP TO 4.8 MT FREEZER  (2,20,FREEZER MEDIUM,all_eps,4.2,2.5,2.4,REAR FRAME + FLOOR PLATE,REAR FRAME & FLOOR PLATE,4633.7716,4633.77,0.0,PASS,,,
UP_TO_4.8_MT_FREEZER_2~L4.2~W2.5~H2.4~all_eps, UP TO 4.8 MT FREEZER  (2,20,FREEZER MEDIUM,all_eps,4.2,2.5,2.4,SPRAY PAINTING,SPRAY PAINTING,750.0,750.0,0.0,PASS,,,
UP_TO_4.8_MT_FREEZER_2~L4.2~W2.5~H2.4~all_eps, UP TO 4.8 MT FREEZER  (2,20,FREEZER MEDIUM,all_eps,4.2,2.5,2.4,REFLEXITE TAPE,REFLEXITE TAPE,196.2,196.2,0.0,PASS,,,
UP_TO_4.8_MT_FREEZER_2~L4.2~W2.5~H2.4~all_pu, UP TO 4.8 MT FREEZER  (2,20,FREEZER MEDIUM,all_pu,4.2,2.5,2.4,FRONT,FRONT,5227.241456,5217.9,0.179,PASS,,,
UP_TO_4.8_MT_FREEZER_2~L4.2~W2.5~H2.4~all_pu, UP TO 4.8 MT FREEZER  (2,20,FREEZER MEDIUM,all_pu,4.2,2.5,2.4,SRD,,0.0,,,SKIP,,,
UP_TO_4.8_MT_FREEZER_2~L4.2~W2.5~H2.4~all_pu, UP TO 4.8 MT FREEZER  (2,20,FREEZER MEDIUM,all_pu,4.2,2.5,2.4,SRD DOOR FITTINGS,,0.0,,,SKIP,,,
UP_TO_4.8_MT_FREEZER_2~L4.2~W2.5~H2.4~all_pu, UP TO 4.8 MT FREEZER  (2,20,FREEZER MEDIUM,all_pu,4.2,2.5,2.4,DRD,DRD,5994.22456,5874.34,2.0,ACCEPTED,,GROUP_DIFF 130*62MM TAPPING BLOCKS ~ 2 MES line(s) (-120.00),"[DATA] 130*62MM TAPPING BLOCKS: Excel 2 x R234 per size (R936 a double door) vs MES 6 x R68 per size (R816): R60 per size, 1-3 % of the door section."
UP_TO_4.8_MT_FREEZER_2~L4.2~W2.5~H2.4~all_pu, UP TO 4.8 MT FREEZER  (2,20,FREEZER MEDIUM,all_pu,4.2,2.5,2.4,DRD DOOR FITTINGS,DRD DOOR FITTINGS,5983.98526,5983.99,0.0,PASS,,,
UP_TO_4.8_MT_FREEZER_2~L4.2~W2.5~H2.4~all_pu, UP TO 4.8 MT FREEZER  (2,20,FREEZER MEDIUM,all_pu,4.2,2.5,2.4,SIDES,SIDES,18012.316594,17991.71,0.114,PASS,,,
UP_TO_4.8_MT_FREEZER_2~L4.2~W2.5~H2.4~all_pu, UP TO 4.8 MT FREEZER  (2,20,FREEZER MEDIUM,all_pu,4.2,2.5,2.4,ROOF,ROOF,9061.806534,9039.92,0.242,PASS,,,
UP_TO_4.8_MT_FREEZER_2~L4.2~W2.5~H2.4~all_pu, UP TO 4.8 MT FREEZER  (2,20,FREEZER MEDIUM,all_pu,4.2,2.5,2.4,FLOOR,FLOOR,34797.93237,34797.9,0.0,PASS,,,
UP_TO_4.8_MT_FREEZER_2~L4.2~W2.5~H2.4~all_pu, UP TO 4.8 MT FREEZER  (2,20,FREEZER MEDIUM,all_pu,4.2,2.5,2.4,ALUMINIUM,ALUMINIUM,6671.728,6671.73,0.0,PASS,,,
UP_TO_4.8_MT_FREEZER_2~L4.2~W2.5~H2.4~all_pu, UP TO 4.8 MT FREEZER  (2,20,FREEZER MEDIUM,all_pu,4.2,2.5,2.4,SUB FRAME + LIGHT BOX ASSY,SUB FRAME + LIGHT BOX ASSY,8324.848808,7959.45,4.389,ACCEPTED,,MISSING_IN_MES 1MM GALV PLATE (-239.72),[DATA] Excel line 1MM GALV PLATE (R157-R240) has no MES line on this body.
UP_TO_4.8_MT_FREEZER_2~L4.2~W2.5~H2.4~all_pu, UP TO 4.8 MT FREEZER  (2,20,FREEZER MEDIUM,all_pu,4.2,2.5,2.4,REAR FRAME + FLOOR PLATE,REAR FRAME & FLOOR PLATE,4633.7716,4633.77,0.0,PASS,,,
UP_TO_4.8_MT_FREEZER_2~L4.2~W2.5~H2.4~all_pu, UP TO 4.8 MT FREEZER  (2,20,FREEZER MEDIUM,all_pu,4.2,2.5,2.4,SPRAY PAINTING,SPRAY PAINTING,750.0,750.0,0.0,PASS,,,
UP_TO_4.8_MT_FREEZER_2~L4.2~W2.5~H2.4~all_pu, UP TO 4.8 MT FREEZER  (2,20,FREEZER MEDIUM,all_pu,4.2,2.5,2.4,REFLEXITE TAPE,REFLEXITE TAPE,196.2,196.2,0.0,PASS,,,
UP_TO_4.8_MT_FREEZER_2~L4.2~W2.5~H2.4~srd, UP TO 4.8 MT FREEZER  (2,20,FREEZER MEDIUM,srd,4.2,2.5,2.4,FRONT,FRONT,5227.241456,5217.9,0.179,PASS,,,
UP_TO_4.8_MT_FREEZER_2~L4.2~W2.5~H2.4~srd, UP TO 4.8 MT FREEZER  (2,20,FREEZER MEDIUM,srd,4.2,2.5,2.4,SRD,SRD,5439.592954,3916.52,28.0,ACCEPTED,,BOTH PU (-1463.01) [ZERO_FORMULA],"[DATA] 130*62MM TAPPING BLOCKS: Excel 2 x R234 per size (R936 a double door) vs MES 6 x R68 per size (R816): R60 per size, 1-3 % of the door section."
UP_TO_4.8_MT_FREEZER_2~L4.2~W2.5~H2.4~srd, UP TO 4.8 MT FREEZER  (2,20,FREEZER MEDIUM,srd,4.2,2.5,2.4,SRD DOOR FITTINGS,SRD DOOR FITTINGS,6821.62802,7695.84,12.815,ACCEPTED,,PRICE_DIFF SILPLUS X WHITE SILICONE (+580.75),"[DATA] SRD DOOR FITTINGS on every body: MES CSLB HINGES R293.46 x2 (Excel R146.73 x2 - the pair price applied per hinge) and SILPLUS X WHITE R232.30 (Excel R116.15); per body also 34MM LOCKING POLE R126 (Excel R42), 28782 BIG HORIZ CAPPING R197.20 (Excel R240.58), ALU CORNERS R45 (Excel R54.90), 28780 BIG VERTICAL renamed 28778; Burt prices 2317 DOOR RUBBER / 28777 DOOR CAPPING at R0 on some sheets."
UP_TO_4.8_MT_FREEZER_2~L4.2~W2.5~H2.4~srd, UP TO 4.8 MT FREEZER  (2,20,FREEZER MEDIUM,srd,4.2,2.5,2.4,DRD,,0.0,,,SKIP,,,
UP_TO_4.8_MT_FREEZER_2~L4.2~W2.5~H2.4~srd, UP TO 4.8 MT FREEZER  (2,20,FREEZER MEDIUM,srd,4.2,2.5,2.4,DRD DOOR FITTINGS,,0.0,,,SKIP,,,
UP_TO_4.8_MT_FREEZER_2~L4.2~W2.5~H2.4~srd, UP TO 4.8 MT FREEZER  (2,20,FREEZER MEDIUM,srd,4.2,2.5,2.4,SIDES,SIDES,18012.316594,17991.71,0.114,PASS,,,
UP_TO_4.8_MT_FREEZER_2~L4.2~W2.5~H2.4~srd, UP TO 4.8 MT FREEZER  (2,20,FREEZER MEDIUM,srd,4.2,2.5,2.4,ROOF,ROOF,9061.806534,9039.92,0.242,PASS,,,
UP_TO_4.8_MT_FREEZER_2~L4.2~W2.5~H2.4~srd, UP TO 4.8 MT FREEZER  (2,20,FREEZER MEDIUM,srd,4.2,2.5,2.4,FLOOR,FLOOR,34797.93237,34797.9,0.0,PASS,,,
UP_TO_4.8_MT_FREEZER_2~L4.2~W2.5~H2.4~srd, UP TO 4.8 MT FREEZER  (2,20,FREEZER MEDIUM,srd,4.2,2.5,2.4,ALUMINIUM,ALUMINIUM,6671.728,6671.73,0.0,PASS,,,
UP_TO_4.8_MT_FREEZER_2~L4.2~W2.5~H2.4~srd, UP TO 4.8 MT FREEZER  (2,20,FREEZER MEDIUM,srd,4.2,2.5,2.4,SUB FRAME + LIGHT BOX ASSY,SUB FRAME + LIGHT BOX ASSY,8324.848808,7959.45,4.389,ACCEPTED,,MISSING_IN_MES 1MM GALV PLATE (-239.72),[DATA] Excel line 1MM GALV PLATE (R157-R240) has no MES line on this body.
UP_TO_4.8_MT_FREEZER_2~L4.2~W2.5~H2.4~srd, UP TO 4.8 MT FREEZER  (2,20,FREEZER MEDIUM,srd,4.2,2.5,2.4,REAR FRAME + FLOOR PLATE,REAR FRAME & FLOOR PLATE,0.0,4633.77,,ACCEPTED,EXTRA_IN_MES,,"[RULING] Burt gates REAR FRAME + FLOOR PLATE on the DRD flags, so a single-rear-door body carries R0 there; MES always includes the section (R2.4k-R5.5k). Which is right needs Burt/Michael."
UP_TO_4.8_MT_FREEZER_2~L4.2~W2.5~H2.4~srd, UP TO 4.8 MT FREEZER  (2,20,FREEZER MEDIUM,srd,4.2,2.5,2.4,SPRAY PAINTING,SPRAY PAINTING,750.0,750.0,0.0,PASS,,,
UP_TO_4.8_MT_FREEZER_2~L4.2~W2.5~H2.4~srd, UP TO 4.8 MT FREEZER  (2,20,FREEZER MEDIUM,srd,4.2,2.5,2.4,REFLEXITE TAPE,REFLEXITE TAPE,196.2,196.2,0.0,PASS,,,
UP_TO_4.8_MT_FREEZER_2~L4.2~W2.5~H2.4~drd, UP TO 4.8 MT FREEZER  (2,20,FREEZER MEDIUM,drd,4.2,2.5,2.4,FRONT,FRONT,5227.241456,5217.9,0.179,PASS,,,
UP_TO_4.8_MT_FREEZER_2~L4.2~W2.5~H2.4~drd, UP TO 4.8 MT FREEZER  (2,20,FREEZER MEDIUM,drd,4.2,2.5,2.4,SRD,,0.0,,,SKIP,,,
UP_TO_4.8_MT_FREEZER_2~L4.2~W2.5~H2.4~drd, UP TO 4.8 MT FREEZER  (2,20,FREEZER MEDIUM,drd,4.2,2.5,2.4,SRD DOOR FITTINGS,,0.0,,,SKIP,,,
UP_TO_4.8_MT_FREEZER_2~L4.2~W2.5~H2.4~drd, UP TO 4.8 MT FREEZER  (2,20,FREEZER MEDIUM,drd,4.2,2.5,2.4,DRD,DRD,5994.22456,5874.34,2.0,ACCEPTED,,GROUP_DIFF 130*62MM TAPPING BLOCKS ~ 2 MES line(s) (-120.00),"[DATA] 130*62MM TAPPING BLOCKS: Excel 2 x R234 per size (R936 a double door) vs MES 6 x R68 per size (R816): R60 per size, 1-3 % of the door section."
UP_TO_4.8_MT_FREEZER_2~L4.2~W2.5~H2.4~drd, UP TO 4.8 MT FREEZER  (2,20,FREEZER MEDIUM,drd,4.2,2.5,2.4,DRD DOOR FITTINGS,DRD DOOR FITTINGS,5983.98526,5983.99,0.0,PASS,,,
UP_TO_4.8_MT_FREEZER_2~L4.2~W2.5~H2.4~drd, UP TO 4.8 MT FREEZER  (2,20,FREEZER MEDIUM,drd,4.2,2.5,2.4,SIDES,SIDES,18012.316594,17991.71,0.114,PASS,,,
UP_TO_4.8_MT_FREEZER_2~L4.2~W2.5~H2.4~drd, UP TO 4.8 MT FREEZER  (2,20,FREEZER MEDIUM,drd,4.2,2.5,2.4,ROOF,ROOF,9061.806534,9039.92,0.242,PASS,,,
UP_TO_4.8_MT_FREEZER_2~L4.2~W2.5~H2.4~drd, UP TO 4.8 MT FREEZER  (2,20,FREEZER MEDIUM,drd,4.2,2.5,2.4,FLOOR,FLOOR,34797.93237,34797.9,0.0,PASS,,,
UP_TO_4.8_MT_FREEZER_2~L4.2~W2.5~H2.4~drd, UP TO 4.8 MT FREEZER  (2,20,FREEZER MEDIUM,drd,4.2,2.5,2.4,ALUMINIUM,ALUMINIUM,6671.728,6671.73,0.0,PASS,,,
UP_TO_4.8_MT_FREEZER_2~L4.2~W2.5~H2.4~drd, UP TO 4.8 MT FREEZER  (2,20,FREEZER MEDIUM,drd,4.2,2.5,2.4,SUB FRAME + LIGHT BOX ASSY,SUB FRAME + LIGHT BOX ASSY,8324.848808,7959.45,4.389,ACCEPTED,,MISSING_IN_MES 1MM GALV PLATE (-239.72),[DATA] Excel line 1MM GALV PLATE (R157-R240) has no MES line on this body.
UP_TO_4.8_MT_FREEZER_2~L4.2~W2.5~H2.4~drd, UP TO 4.8 MT FREEZER  (2,20,FREEZER MEDIUM,drd,4.2,2.5,2.4,REAR FRAME + FLOOR PLATE,REAR FRAME & FLOOR PLATE,4633.7716,4633.77,0.0,PASS,,,
UP_TO_4.8_MT_FREEZER_2~L4.2~W2.5~H2.4~drd, UP TO 4.8 MT FREEZER  (2,20,FREEZER MEDIUM,drd,4.2,2.5,2.4,SPRAY PAINTING,SPRAY PAINTING,750.0,750.0,0.0,PASS,,,
UP_TO_4.8_MT_FREEZER_2~L4.2~W2.5~H2.4~drd, UP TO 4.8 MT FREEZER  (2,20,FREEZER MEDIUM,drd,4.2,2.5,2.4,REFLEXITE TAPE,REFLEXITE TAPE,196.2,196.2,0.0,PASS,,,
UP_TO_4.8_MT_FREEZER_2~L4.2~W2.5~H2.4~foam_4g, UP TO 4.8 MT FREEZER  (2,20,FREEZER MEDIUM,foam_4g,4.2,2.5,2.4,FRONT,FRONT,5691.123592,5681.79,0.164,PASS,,,
UP_TO_4.8_MT_FREEZER_2~L4.2~W2.5~H2.4~foam_4g, UP TO 4.8 MT FREEZER  (2,20,FREEZER MEDIUM,foam_4g,4.2,2.5,2.4,SRD,,0.0,,,SKIP,,,
UP_TO_4.8_MT_FREEZER_2~L4.2~W2.5~H2.4~foam_4g, UP TO 4.8 MT FREEZER  (2,20,FREEZER MEDIUM,foam_4g,4.2,2.5,2.4,SRD DOOR FITTINGS,,0.0,,,SKIP,,,
UP_TO_4.8_MT_FREEZER_2~L4.2~W2.5~H2.4~foam_4g, UP TO 4.8 MT FREEZER  (2,20,FREEZER MEDIUM,foam_4g,4.2,2.5,2.4,DRD,DRD,6458.106696,6338.22,1.856,ACCEPTED,,GROUP_DIFF 130*62MM TAPPING BLOCKS ~ 2 MES line(s) (-120.00),"[DATA] 130*62MM TAPPING BLOCKS: Excel 2 x R234 per size (R936 a double door) vs MES 6 x R68 per size (R816): R60 per size, 1-3 % of the door section."
UP_TO_4.8_MT_FREEZER_2~L4.2~W2.5~H2.4~foam_4g, UP TO 4.8 MT FREEZER  (2,20,FREEZER MEDIUM,foam_4g,4.2,2.5,2.4,DRD DOOR FITTINGS,DRD DOOR FITTINGS,5983.98526,5983.99,0.0,PASS,,,
UP_TO_4.8_MT_FREEZER_2~L4.2~W2.5~H2.4~foam_4g, UP TO 4.8 MT FREEZER  (2,20,FREEZER MEDIUM,foam_4g,4.2,2.5,2.4,SIDES,SIDES,19628.299445,19607.69,0.105,PASS,,,
UP_TO_4.8_MT_FREEZER_2~L4.2~W2.5~H2.4~foam_4g, UP TO 4.8 MT FREEZER  (2,20,FREEZER MEDIUM,foam_4g,4.2,2.5,2.4,ROOF,ROOF,10085.262339,10063.37,0.217,PASS,,,
UP_TO_4.8_MT_FREEZER_2~L4.2~W2.5~H2.4~foam_4g, UP TO 4.8 MT FREEZER  (2,20,FREEZER MEDIUM,foam_4g,4.2,2.5,2.4,FLOOR,FLOOR,35821.388176,35821.36,0.0,PASS,,,
UP_TO_4.8_MT_FREEZER_2~L4.2~W2.5~H2.4~foam_4g, UP TO 4.8 MT FREEZER  (2,20,FREEZER MEDIUM,foam_4g,4.2,2.5,2.4,ALUMINIUM,ALUMINIUM,6671.728,6671.73,0.0,PASS,,,
UP_TO_4.8_MT_FREEZER_2~L4.2~W2.5~H2.4~foam_4g, UP TO 4.8 MT FREEZER  (2,20,FREEZER MEDIUM,foam_4g,4.2,2.5,2.4,SUB FRAME + LIGHT BOX ASSY,SUB FRAME + LIGHT BOX ASSY,8324.848808,7959.45,4.389,ACCEPTED,,MISSING_IN_MES 1MM GALV PLATE (-239.72),[DATA] Excel line 1MM GALV PLATE (R157-R240) has no MES line on this body.
UP_TO_4.8_MT_FREEZER_2~L4.2~W2.5~H2.4~foam_4g, UP TO 4.8 MT FREEZER  (2,20,FREEZER MEDIUM,foam_4g,4.2,2.5,2.4,REAR FRAME + FLOOR PLATE,REAR FRAME & FLOOR PLATE,4633.7716,4633.77,0.0,PASS,,,
UP_TO_4.8_MT_FREEZER_2~L4.2~W2.5~H2.4~foam_4g, UP TO 4.8 MT FREEZER  (2,20,FREEZER MEDIUM,foam_4g,4.2,2.5,2.4,SPRAY PAINTING,SPRAY PAINTING,750.0,750.0,0.0,PASS,,,
UP_TO_4.8_MT_FREEZER_2~L4.2~W2.5~H2.4~foam_4g, UP TO 4.8 MT FREEZER  (2,20,FREEZER MEDIUM,foam_4g,4.2,2.5,2.4,REFLEXITE TAPE,REFLEXITE TAPE,196.2,196.2,0.0,PASS,,,
UP_TO_4.8_MT_FREEZER_2~L4.8~W2.5~H2.4~as_sheet, UP TO 4.8 MT FREEZER  (2,20,FREEZER MEDIUM,as_sheet,4.8,2.5,2.4,FRONT,FRONT,5227.241456,5217.9,0.179,PASS,,,
UP_TO_4.8_MT_FREEZER_2~L4.8~W2.5~H2.4~as_sheet, UP TO 4.8 MT FREEZER  (2,20,FREEZER MEDIUM,as_sheet,4.8,2.5,2.4,SRD,,0.0,,,SKIP,,,
UP_TO_4.8_MT_FREEZER_2~L4.8~W2.5~H2.4~as_sheet, UP TO 4.8 MT FREEZER  (2,20,FREEZER MEDIUM,as_sheet,4.8,2.5,2.4,SRD DOOR FITTINGS,,0.0,,,SKIP,,,
UP_TO_4.8_MT_FREEZER_2~L4.8~W2.5~H2.4~as_sheet, UP TO 4.8 MT FREEZER  (2,20,FREEZER MEDIUM,as_sheet,4.8,2.5,2.4,DRD,DRD,5994.22456,5874.34,2.0,ACCEPTED,,GROUP_DIFF 130*62MM TAPPING BLOCKS ~ 2 MES line(s) (-120.00),"[DATA] 130*62MM TAPPING BLOCKS: Excel 2 x R234 per size (R936 a double door) vs MES 6 x R68 per size (R816): R60 per size, 1-3 % of the door section."
UP_TO_4.8_MT_FREEZER_2~L4.8~W2.5~H2.4~as_sheet, UP TO 4.8 MT FREEZER  (2,20,FREEZER MEDIUM,as_sheet,4.8,2.5,2.4,DRD DOOR FITTINGS,DRD DOOR FITTINGS,5983.98526,5983.99,0.0,PASS,,,
UP_TO_4.8_MT_FREEZER_2~L4.8~W2.5~H2.4~as_sheet, UP TO 4.8 MT FREEZER  (2,20,FREEZER MEDIUM,as_sheet,4.8,2.5,2.4,SIDES,SIDES,20503.284191,20480.41,0.112,PASS,,,
UP_TO_4.8_MT_FREEZER_2~L4.8~W2.5~H2.4~as_sheet, UP TO 4.8 MT FREEZER  (2,20,FREEZER MEDIUM,as_sheet,4.8,2.5,2.4,ROOF,ROOF,10325.133807,10300.87,0.235,PASS,,,
UP_TO_4.8_MT_FREEZER_2~L4.8~W2.5~H2.4~as_sheet, UP TO 4.8 MT FREEZER  (2,20,FREEZER MEDIUM,as_sheet,4.8,2.5,2.4,FLOOR,FLOOR,39505.184493,39505.15,0.0,PASS,,,
UP_TO_4.8_MT_FREEZER_2~L4.8~W2.5~H2.4~as_sheet, UP TO 4.8 MT FREEZER  (2,20,FREEZER MEDIUM,as_sheet,4.8,2.5,2.4,ALUMINIUM,ALUMINIUM,7323.628,7323.63,0.0,PASS,,,
UP_TO_4.8_MT_FREEZER_2~L4.8~W2.5~H2.4~as_sheet, UP TO 4.8 MT FREEZER  (2,20,FREEZER MEDIUM,as_sheet,4.8,2.5,2.4,SUB FRAME + LIGHT BOX ASSY,SUB FRAME + LIGHT BOX ASSY,8616.448808,8251.05,4.241,ACCEPTED,,MISSING_IN_MES 1MM GALV PLATE (-239.72),[DATA] Excel line 1MM GALV PLATE (R157-R240) has no MES line on this body.
UP_TO_4.8_MT_FREEZER_2~L4.8~W2.5~H2.4~as_sheet, UP TO 4.8 MT FREEZER  (2,20,FREEZER MEDIUM,as_sheet,4.8,2.5,2.4,REAR FRAME + FLOOR PLATE,REAR FRAME & FLOOR PLATE,4633.7716,4633.77,0.0,PASS,,,
UP_TO_4.8_MT_FREEZER_2~L4.8~W2.5~H2.4~as_sheet, UP TO 4.8 MT FREEZER  (2,20,FREEZER MEDIUM,as_sheet,4.8,2.5,2.4,SPRAY PAINTING,SPRAY PAINTING,750.0,750.0,0.0,PASS,,,
UP_TO_4.8_MT_FREEZER_2~L4.8~W2.5~H2.4~as_sheet, UP TO 4.8 MT FREEZER  (2,20,FREEZER MEDIUM,as_sheet,4.8,2.5,2.4,REFLEXITE TAPE,REFLEXITE TAPE,217.8,217.8,0.0,PASS,,,
UP_TO_4.8_MT_FREEZER_2~L4.8~W2.5~H2.4~all_eps, UP TO 4.8 MT FREEZER  (2,20,FREEZER MEDIUM,all_eps,4.8,2.5,2.4,FRONT,FRONT,3649.523745,4377.13,,UNVERIFIABLE,EXCEL_NO_PRICE:EPS,,
UP_TO_4.8_MT_FREEZER_2~L4.8~W2.5~H2.4~all_eps, UP TO 4.8 MT FREEZER  (2,20,FREEZER MEDIUM,all_eps,4.8,2.5,2.4,SRD,,0.0,,,SKIP,,,
UP_TO_4.8_MT_FREEZER_2~L4.8~W2.5~H2.4~all_eps, UP TO 4.8 MT FREEZER  (2,20,FREEZER MEDIUM,all_eps,4.8,2.5,2.4,SRD DOOR FITTINGS,,0.0,,,SKIP,,,
UP_TO_4.8_MT_FREEZER_2~L4.8~W2.5~H2.4~all_eps, UP TO 4.8 MT FREEZER  (2,20,FREEZER MEDIUM,all_eps,4.8,2.5,2.4,DRD,DRD,4416.116435,4296.23,,UNVERIFIABLE,EXCEL_NO_PRICE:EPS,,
UP_TO_4.8_MT_FREEZER_2~L4.8~W2.5~H2.4~all_eps, UP TO 4.8 MT FREEZER  (2,20,FREEZER MEDIUM,all_eps,4.8,2.5,2.4,DRD DOOR FITTINGS,DRD DOOR FITTINGS,5920.59594,5920.6,0.0,PASS,,,
UP_TO_4.8_MT_FREEZER_2~L4.8~W2.5~H2.4~all_eps, UP TO 4.8 MT FREEZER  (2,20,FREEZER MEDIUM,all_eps,4.8,2.5,2.4,SIDES,SIDES,14246.289126,17170.18,,UNVERIFIABLE,EXCEL_NO_PRICE:EPS,,
UP_TO_4.8_MT_FREEZER_2~L4.8~W2.5~H2.4~all_eps, UP TO 4.8 MT FREEZER  (2,20,FREEZER MEDIUM,all_eps,4.8,2.5,2.4,ROOF,ROOF,8577.874911,8553.61,0.283,PASS,,,
UP_TO_4.8_MT_FREEZER_2~L4.8~W2.5~H2.4~all_eps, UP TO 4.8 MT FREEZER  (2,20,FREEZER MEDIUM,all_eps,4.8,2.5,2.4,FLOOR,FLOOR,37757.925597,37757.89,0.0,PASS,,,
UP_TO_4.8_MT_FREEZER_2~L4.8~W2.5~H2.4~all_eps, UP TO 4.8 MT FREEZER  (2,20,FREEZER MEDIUM,all_eps,4.8,2.5,2.4,ALUMINIUM,ALUMINIUM,7323.628,7323.63,0.0,PASS,,,
UP_TO_4.8_MT_FREEZER_2~L4.8~W2.5~H2.4~all_eps, UP TO 4.8 MT FREEZER  (2,20,FREEZER MEDIUM,all_eps,4.8,2.5,2.4,SUB FRAME + LIGHT BOX ASSY,SUB FRAME + LIGHT BOX ASSY,8616.448808,8251.05,4.241,ACCEPTED,,MISSING_IN_MES 1MM GALV PLATE (-239.72),[DATA] Excel line 1MM GALV PLATE (R157-R240) has no MES line on this body.
UP_TO_4.8_MT_FREEZER_2~L4.8~W2.5~H2.4~all_eps, UP TO 4.8 MT FREEZER  (2,20,FREEZER MEDIUM,all_eps,4.8,2.5,2.4,REAR FRAME + FLOOR PLATE,REAR FRAME & FLOOR PLATE,4633.7716,4633.77,0.0,PASS,,,
UP_TO_4.8_MT_FREEZER_2~L4.8~W2.5~H2.4~all_eps, UP TO 4.8 MT FREEZER  (2,20,FREEZER MEDIUM,all_eps,4.8,2.5,2.4,SPRAY PAINTING,SPRAY PAINTING,750.0,750.0,0.0,PASS,,,
UP_TO_4.8_MT_FREEZER_2~L4.8~W2.5~H2.4~all_eps, UP TO 4.8 MT FREEZER  (2,20,FREEZER MEDIUM,all_eps,4.8,2.5,2.4,REFLEXITE TAPE,REFLEXITE TAPE,217.8,217.8,0.0,PASS,,,
UP_TO_4.8_MT_FREEZER_2~L4.8~W2.5~H2.4~all_pu, UP TO 4.8 MT FREEZER  (2,20,FREEZER MEDIUM,all_pu,4.8,2.5,2.4,FRONT,FRONT,5227.241456,5217.9,0.179,PASS,,,
UP_TO_4.8_MT_FREEZER_2~L4.8~W2.5~H2.4~all_pu, UP TO 4.8 MT FREEZER  (2,20,FREEZER MEDIUM,all_pu,4.8,2.5,2.4,SRD,,0.0,,,SKIP,,,
UP_TO_4.8_MT_FREEZER_2~L4.8~W2.5~H2.4~all_pu, UP TO 4.8 MT FREEZER  (2,20,FREEZER MEDIUM,all_pu,4.8,2.5,2.4,SRD DOOR FITTINGS,,0.0,,,SKIP,,,
UP_TO_4.8_MT_FREEZER_2~L4.8~W2.5~H2.4~all_pu, UP TO 4.8 MT FREEZER  (2,20,FREEZER MEDIUM,all_pu,4.8,2.5,2.4,DRD,DRD,5994.22456,5874.34,2.0,ACCEPTED,,GROUP_DIFF 130*62MM TAPPING BLOCKS ~ 2 MES line(s) (-120.00),"[DATA] 130*62MM TAPPING BLOCKS: Excel 2 x R234 per size (R936 a double door) vs MES 6 x R68 per size (R816): R60 per size, 1-3 % of the door section."
UP_TO_4.8_MT_FREEZER_2~L4.8~W2.5~H2.4~all_pu, UP TO 4.8 MT FREEZER  (2,20,FREEZER MEDIUM,all_pu,4.8,2.5,2.4,DRD DOOR FITTINGS,DRD DOOR FITTINGS,5983.98526,5983.99,0.0,PASS,,,
UP_TO_4.8_MT_FREEZER_2~L4.8~W2.5~H2.4~all_pu, UP TO 4.8 MT FREEZER  (2,20,FREEZER MEDIUM,all_pu,4.8,2.5,2.4,SIDES,SIDES,20503.284191,20480.41,0.112,PASS,,,
UP_TO_4.8_MT_FREEZER_2~L4.8~W2.5~H2.4~all_pu, UP TO 4.8 MT FREEZER  (2,20,FREEZER MEDIUM,all_pu,4.8,2.5,2.4,ROOF,ROOF,10325.133807,10300.87,0.235,PASS,,,
UP_TO_4.8_MT_FREEZER_2~L4.8~W2.5~H2.4~all_pu, UP TO 4.8 MT FREEZER  (2,20,FREEZER MEDIUM,all_pu,4.8,2.5,2.4,FLOOR,FLOOR,39505.184493,39505.15,0.0,PASS,,,
UP_TO_4.8_MT_FREEZER_2~L4.8~W2.5~H2.4~all_pu, UP TO 4.8 MT FREEZER  (2,20,FREEZER MEDIUM,all_pu,4.8,2.5,2.4,ALUMINIUM,ALUMINIUM,7323.628,7323.63,0.0,PASS,,,
UP_TO_4.8_MT_FREEZER_2~L4.8~W2.5~H2.4~all_pu, UP TO 4.8 MT FREEZER  (2,20,FREEZER MEDIUM,all_pu,4.8,2.5,2.4,SUB FRAME + LIGHT BOX ASSY,SUB FRAME + LIGHT BOX ASSY,8616.448808,8251.05,4.241,ACCEPTED,,MISSING_IN_MES 1MM GALV PLATE (-239.72),[DATA] Excel line 1MM GALV PLATE (R157-R240) has no MES line on this body.
UP_TO_4.8_MT_FREEZER_2~L4.8~W2.5~H2.4~all_pu, UP TO 4.8 MT FREEZER  (2,20,FREEZER MEDIUM,all_pu,4.8,2.5,2.4,REAR FRAME + FLOOR PLATE,REAR FRAME & FLOOR PLATE,4633.7716,4633.77,0.0,PASS,,,
UP_TO_4.8_MT_FREEZER_2~L4.8~W2.5~H2.4~all_pu, UP TO 4.8 MT FREEZER  (2,20,FREEZER MEDIUM,all_pu,4.8,2.5,2.4,SPRAY PAINTING,SPRAY PAINTING,750.0,750.0,0.0,PASS,,,
UP_TO_4.8_MT_FREEZER_2~L4.8~W2.5~H2.4~all_pu, UP TO 4.8 MT FREEZER  (2,20,FREEZER MEDIUM,all_pu,4.8,2.5,2.4,REFLEXITE TAPE,REFLEXITE TAPE,217.8,217.8,0.0,PASS,,,
UP_TO_4.8_MT_FREEZER_2~L4.8~W2.5~H2.4~srd, UP TO 4.8 MT FREEZER  (2,20,FREEZER MEDIUM,srd,4.8,2.5,2.4,FRONT,FRONT,5227.241456,5217.9,0.179,PASS,,,
UP_TO_4.8_MT_FREEZER_2~L4.8~W2.5~H2.4~srd, UP TO 4.8 MT FREEZER  (2,20,FREEZER MEDIUM,srd,4.8,2.5,2.4,SRD,SRD,5439.592954,3916.52,28.0,ACCEPTED,,BOTH PU (-1463.01) [ZERO_FORMULA],"[DATA] 130*62MM TAPPING BLOCKS: Excel 2 x R234 per size (R936 a double door) vs MES 6 x R68 per size (R816): R60 per size, 1-3 % of the door section."
UP_TO_4.8_MT_FREEZER_2~L4.8~W2.5~H2.4~srd, UP TO 4.8 MT FREEZER  (2,20,FREEZER MEDIUM,srd,4.8,2.5,2.4,SRD DOOR FITTINGS,SRD DOOR FITTINGS,6821.62802,7695.84,12.815,ACCEPTED,,PRICE_DIFF SILPLUS X WHITE SILICONE (+580.75),"[DATA] SRD DOOR FITTINGS on every body: MES CSLB HINGES R293.46 x2 (Excel R146.73 x2 - the pair price applied per hinge) and SILPLUS X WHITE R232.30 (Excel R116.15); per body also 34MM LOCKING POLE R126 (Excel R42), 28782 BIG HORIZ CAPPING R197.20 (Excel R240.58), ALU CORNERS R45 (Excel R54.90), 28780 BIG VERTICAL renamed 28778; Burt prices 2317 DOOR RUBBER / 28777 DOOR CAPPING at R0 on some sheets."
UP_TO_4.8_MT_FREEZER_2~L4.8~W2.5~H2.4~srd, UP TO 4.8 MT FREEZER  (2,20,FREEZER MEDIUM,srd,4.8,2.5,2.4,DRD,,0.0,,,SKIP,,,
UP_TO_4.8_MT_FREEZER_2~L4.8~W2.5~H2.4~srd, UP TO 4.8 MT FREEZER  (2,20,FREEZER MEDIUM,srd,4.8,2.5,2.4,DRD DOOR FITTINGS,,0.0,,,SKIP,,,
UP_TO_4.8_MT_FREEZER_2~L4.8~W2.5~H2.4~srd, UP TO 4.8 MT FREEZER  (2,20,FREEZER MEDIUM,srd,4.8,2.5,2.4,SIDES,SIDES,20503.284191,20480.41,0.112,PASS,,,
UP_TO_4.8_MT_FREEZER_2~L4.8~W2.5~H2.4~srd, UP TO 4.8 MT FREEZER  (2,20,FREEZER MEDIUM,srd,4.8,2.5,2.4,ROOF,ROOF,10325.133807,10300.87,0.235,PASS,,,
UP_TO_4.8_MT_FREEZER_2~L4.8~W2.5~H2.4~srd, UP TO 4.8 MT FREEZER  (2,20,FREEZER MEDIUM,srd,4.8,2.5,2.4,FLOOR,FLOOR,39505.184493,39505.15,0.0,PASS,,,
UP_TO_4.8_MT_FREEZER_2~L4.8~W2.5~H2.4~srd, UP TO 4.8 MT FREEZER  (2,20,FREEZER MEDIUM,srd,4.8,2.5,2.4,ALUMINIUM,ALUMINIUM,7323.628,7323.63,0.0,PASS,,,
UP_TO_4.8_MT_FREEZER_2~L4.8~W2.5~H2.4~srd, UP TO 4.8 MT FREEZER  (2,20,FREEZER MEDIUM,srd,4.8,2.5,2.4,SUB FRAME + LIGHT BOX ASSY,SUB FRAME + LIGHT BOX ASSY,8616.448808,8251.05,4.241,ACCEPTED,,MISSING_IN_MES 1MM GALV PLATE (-239.72),[DATA] Excel line 1MM GALV PLATE (R157-R240) has no MES line on this body.
UP_TO_4.8_MT_FREEZER_2~L4.8~W2.5~H2.4~srd, UP TO 4.8 MT FREEZER  (2,20,FREEZER MEDIUM,srd,4.8,2.5,2.4,REAR FRAME + FLOOR PLATE,REAR FRAME & FLOOR PLATE,0.0,4633.77,,ACCEPTED,EXTRA_IN_MES,,"[RULING] Burt gates REAR FRAME + FLOOR PLATE on the DRD flags, so a single-rear-door body carries R0 there; MES always includes the section (R2.4k-R5.5k). Which is right needs Burt/Michael."
UP_TO_4.8_MT_FREEZER_2~L4.8~W2.5~H2.4~srd, UP TO 4.8 MT FREEZER  (2,20,FREEZER MEDIUM,srd,4.8,2.5,2.4,SPRAY PAINTING,SPRAY PAINTING,750.0,750.0,0.0,PASS,,,
UP_TO_4.8_MT_FREEZER_2~L4.8~W2.5~H2.4~srd, UP TO 4.8 MT FREEZER  (2,20,FREEZER MEDIUM,srd,4.8,2.5,2.4,REFLEXITE TAPE,REFLEXITE TAPE,217.8,217.8,0.0,PASS,,,
UP_TO_4.8_MT_FREEZER_2~L4.8~W2.5~H2.4~drd, UP TO 4.8 MT FREEZER  (2,20,FREEZER MEDIUM,drd,4.8,2.5,2.4,FRONT,FRONT,5227.241456,5217.9,0.179,PASS,,,
UP_TO_4.8_MT_FREEZER_2~L4.8~W2.5~H2.4~drd, UP TO 4.8 MT FREEZER  (2,20,FREEZER MEDIUM,drd,4.8,2.5,2.4,SRD,,0.0,,,SKIP,,,
UP_TO_4.8_MT_FREEZER_2~L4.8~W2.5~H2.4~drd, UP TO 4.8 MT FREEZER  (2,20,FREEZER MEDIUM,drd,4.8,2.5,2.4,SRD DOOR FITTINGS,,0.0,,,SKIP,,,
UP_TO_4.8_MT_FREEZER_2~L4.8~W2.5~H2.4~drd, UP TO 4.8 MT FREEZER  (2,20,FREEZER MEDIUM,drd,4.8,2.5,2.4,DRD,DRD,5994.22456,5874.34,2.0,ACCEPTED,,GROUP_DIFF 130*62MM TAPPING BLOCKS ~ 2 MES line(s) (-120.00),"[DATA] 130*62MM TAPPING BLOCKS: Excel 2 x R234 per size (R936 a double door) vs MES 6 x R68 per size (R816): R60 per size, 1-3 % of the door section."
UP_TO_4.8_MT_FREEZER_2~L4.8~W2.5~H2.4~drd, UP TO 4.8 MT FREEZER  (2,20,FREEZER MEDIUM,drd,4.8,2.5,2.4,DRD DOOR FITTINGS,DRD DOOR FITTINGS,5983.98526,5983.99,0.0,PASS,,,
UP_TO_4.8_MT_FREEZER_2~L4.8~W2.5~H2.4~drd, UP TO 4.8 MT FREEZER  (2,20,FREEZER MEDIUM,drd,4.8,2.5,2.4,SIDES,SIDES,20503.284191,20480.41,0.112,PASS,,,
UP_TO_4.8_MT_FREEZER_2~L4.8~W2.5~H2.4~drd, UP TO 4.8 MT FREEZER  (2,20,FREEZER MEDIUM,drd,4.8,2.5,2.4,ROOF,ROOF,10325.133807,10300.87,0.235,PASS,,,
UP_TO_4.8_MT_FREEZER_2~L4.8~W2.5~H2.4~drd, UP TO 4.8 MT FREEZER  (2,20,FREEZER MEDIUM,drd,4.8,2.5,2.4,FLOOR,FLOOR,39505.184493,39505.15,0.0,PASS,,,
UP_TO_4.8_MT_FREEZER_2~L4.8~W2.5~H2.4~drd, UP TO 4.8 MT FREEZER  (2,20,FREEZER MEDIUM,drd,4.8,2.5,2.4,ALUMINIUM,ALUMINIUM,7323.628,7323.63,0.0,PASS,,,
UP_TO_4.8_MT_FREEZER_2~L4.8~W2.5~H2.4~drd, UP TO 4.8 MT FREEZER  (2,20,FREEZER MEDIUM,drd,4.8,2.5,2.4,SUB FRAME + LIGHT BOX ASSY,SUB FRAME + LIGHT BOX ASSY,8616.448808,8251.05,4.241,ACCEPTED,,MISSING_IN_MES 1MM GALV PLATE (-239.72),[DATA] Excel line 1MM GALV PLATE (R157-R240) has no MES line on this body.
UP_TO_4.8_MT_FREEZER_2~L4.8~W2.5~H2.4~drd, UP TO 4.8 MT FREEZER  (2,20,FREEZER MEDIUM,drd,4.8,2.5,2.4,REAR FRAME + FLOOR PLATE,REAR FRAME & FLOOR PLATE,4633.7716,4633.77,0.0,PASS,,,
UP_TO_4.8_MT_FREEZER_2~L4.8~W2.5~H2.4~drd, UP TO 4.8 MT FREEZER  (2,20,FREEZER MEDIUM,drd,4.8,2.5,2.4,SPRAY PAINTING,SPRAY PAINTING,750.0,750.0,0.0,PASS,,,
UP_TO_4.8_MT_FREEZER_2~L4.8~W2.5~H2.4~drd, UP TO 4.8 MT FREEZER  (2,20,FREEZER MEDIUM,drd,4.8,2.5,2.4,REFLEXITE TAPE,REFLEXITE TAPE,217.8,217.8,0.0,PASS,,,
UP_TO_4.8_MT_FREEZER_2~L4.8~W2.5~H2.4~foam_4g, UP TO 4.8 MT FREEZER  (2,20,FREEZER MEDIUM,foam_4g,4.8,2.5,2.4,FRONT,FRONT,5691.123592,5681.79,0.164,PASS,,,
UP_TO_4.8_MT_FREEZER_2~L4.8~W2.5~H2.4~foam_4g, UP TO 4.8 MT FREEZER  (2,20,FREEZER MEDIUM,foam_4g,4.8,2.5,2.4,SRD,,0.0,,,SKIP,,,
UP_TO_4.8_MT_FREEZER_2~L4.8~W2.5~H2.4~foam_4g, UP TO 4.8 MT FREEZER  (2,20,FREEZER MEDIUM,foam_4g,4.8,2.5,2.4,SRD DOOR FITTINGS,,0.0,,,SKIP,,,
UP_TO_4.8_MT_FREEZER_2~L4.8~W2.5~H2.4~foam_4g, UP TO 4.8 MT FREEZER  (2,20,FREEZER MEDIUM,foam_4g,4.8,2.5,2.4,DRD,DRD,6458.106696,6338.22,1.856,ACCEPTED,,GROUP_DIFF 130*62MM TAPPING BLOCKS ~ 2 MES line(s) (-120.00),"[DATA] 130*62MM TAPPING BLOCKS: Excel 2 x R234 per size (R936 a double door) vs MES 6 x R68 per size (R816): R60 per size, 1-3 % of the door section."
UP_TO_4.8_MT_FREEZER_2~L4.8~W2.5~H2.4~foam_4g, UP TO 4.8 MT FREEZER  (2,20,FREEZER MEDIUM,foam_4g,4.8,2.5,2.4,DRD DOOR FITTINGS,DRD DOOR FITTINGS,5983.98526,5983.99,0.0,PASS,,,
UP_TO_4.8_MT_FREEZER_2~L4.8~W2.5~H2.4~foam_4g, UP TO 4.8 MT FREEZER  (2,20,FREEZER MEDIUM,foam_4g,4.8,2.5,2.4,SIDES,SIDES,22347.405797,22324.54,0.102,PASS,,,
UP_TO_4.8_MT_FREEZER_2~L4.8~W2.5~H2.4~foam_4g, UP TO 4.8 MT FREEZER  (2,20,FREEZER MEDIUM,foam_4g,4.8,2.5,2.4,ROOF,ROOF,11493.077491,11468.81,0.211,PASS,,,
UP_TO_4.8_MT_FREEZER_2~L4.8~W2.5~H2.4~foam_4g, UP TO 4.8 MT FREEZER  (2,20,FREEZER MEDIUM,foam_4g,4.8,2.5,2.4,FLOOR,FLOOR,40673.128177,40673.09,0.0,PASS,,,
UP_TO_4.8_MT_FREEZER_2~L4.8~W2.5~H2.4~foam_4g, UP TO 4.8 MT FREEZER  (2,20,FREEZER MEDIUM,foam_4g,4.8,2.5,2.4,ALUMINIUM,ALUMINIUM,7323.628,7323.63,0.0,PASS,,,
UP_TO_4.8_MT_FREEZER_2~L4.8~W2.5~H2.4~foam_4g, UP TO 4.8 MT FREEZER  (2,20,FREEZER MEDIUM,foam_4g,4.8,2.5,2.4,SUB FRAME + LIGHT BOX ASSY,SUB FRAME + LIGHT BOX ASSY,8616.448808,8251.05,4.241,ACCEPTED,,MISSING_IN_MES 1MM GALV PLATE (-239.72),[DATA] Excel line 1MM GALV PLATE (R157-R240) has no MES line on this body.
UP_TO_4.8_MT_FREEZER_2~L4.8~W2.5~H2.4~foam_4g, UP TO 4.8 MT FREEZER  (2,20,FREEZER MEDIUM,foam_4g,4.8,2.5,2.4,REAR FRAME + FLOOR PLATE,REAR FRAME & FLOOR PLATE,4633.7716,4633.77,0.0,PASS,,,
UP_TO_4.8_MT_FREEZER_2~L4.8~W2.5~H2.4~foam_4g, UP TO 4.8 MT FREEZER  (2,20,FREEZER MEDIUM,foam_4g,4.8,2.5,2.4,SPRAY PAINTING,SPRAY PAINTING,750.0,750.0,0.0,PASS,,,
UP_TO_4.8_MT_FREEZER_2~L4.8~W2.5~H2.4~foam_4g, UP TO 4.8 MT FREEZER  (2,20,FREEZER MEDIUM,foam_4g,4.8,2.5,2.4,REFLEXITE TAPE,REFLEXITE TAPE,217.8,217.8,0.0,PASS,,,
UP_TO_4.8_MT_FREEZER_2~L5.6~W2.5~H2.4~as_sheet, UP TO 4.8 MT FREEZER  (2,20,FREEZER MEDIUM,as_sheet,5.6,2.5,2.4,FRONT,FRONT,5227.241456,5217.9,0.179,PASS,,,
UP_TO_4.8_MT_FREEZER_2~L5.6~W2.5~H2.4~as_sheet, UP TO 4.8 MT FREEZER  (2,20,FREEZER MEDIUM,as_sheet,5.6,2.5,2.4,SRD,,0.0,,,SKIP,,,
UP_TO_4.8_MT_FREEZER_2~L5.6~W2.5~H2.4~as_sheet, UP TO 4.8 MT FREEZER  (2,20,FREEZER MEDIUM,as_sheet,5.6,2.5,2.4,SRD DOOR FITTINGS,,0.0,,,SKIP,,,
UP_TO_4.8_MT_FREEZER_2~L5.6~W2.5~H2.4~as_sheet, UP TO 4.8 MT FREEZER  (2,20,FREEZER MEDIUM,as_sheet,5.6,2.5,2.4,DRD,DRD,5994.22456,5874.34,2.0,ACCEPTED,,GROUP_DIFF 130*62MM TAPPING BLOCKS ~ 2 MES line(s) (-120.00),"[DATA] 130*62MM TAPPING BLOCKS: Excel 2 x R234 per size (R936 a double door) vs MES 6 x R68 per size (R816): R60 per size, 1-3 % of the door section."
UP_TO_4.8_MT_FREEZER_2~L5.6~W2.5~H2.4~as_sheet, UP TO 4.8 MT FREEZER  (2,20,FREEZER MEDIUM,as_sheet,5.6,2.5,2.4,DRD DOOR FITTINGS,DRD DOOR FITTINGS,5983.98526,5983.99,0.0,PASS,,,
UP_TO_4.8_MT_FREEZER_2~L5.6~W2.5~H2.4~as_sheet, UP TO 4.8 MT FREEZER  (2,20,FREEZER MEDIUM,as_sheet,5.6,2.5,2.4,SIDES,SIDES,23824.574319,23798.69,0.109,PASS,,,
UP_TO_4.8_MT_FREEZER_2~L5.6~W2.5~H2.4~as_sheet, UP TO 4.8 MT FREEZER  (2,20,FREEZER MEDIUM,as_sheet,5.6,2.5,2.4,ROOF,ROOF,12009.570172,11982.13,0.228,PASS,,,
UP_TO_4.8_MT_FREEZER_2~L5.6~W2.5~H2.4~as_sheet, UP TO 4.8 MT FREEZER  (2,20,FREEZER MEDIUM,as_sheet,5.6,2.5,2.4,FLOOR,FLOOR,45781.520657,45781.48,0.0,PASS,,,
UP_TO_4.8_MT_FREEZER_2~L5.6~W2.5~H2.4~as_sheet, UP TO 4.8 MT FREEZER  (2,20,FREEZER MEDIUM,as_sheet,5.6,2.5,2.4,ALUMINIUM,ALUMINIUM,8192.828,8192.83,0.0,PASS,,,
UP_TO_4.8_MT_FREEZER_2~L5.6~W2.5~H2.4~as_sheet, UP TO 4.8 MT FREEZER  (2,20,FREEZER MEDIUM,as_sheet,5.6,2.5,2.4,SUB FRAME + LIGHT BOX ASSY,SUB FRAME + LIGHT BOX ASSY,9005.248808,8639.85,4.058,ACCEPTED,,MISSING_IN_MES 1MM GALV PLATE (-239.72),[DATA] Excel line 1MM GALV PLATE (R157-R240) has no MES line on this body.
UP_TO_4.8_MT_FREEZER_2~L5.6~W2.5~H2.4~as_sheet, UP TO 4.8 MT FREEZER  (2,20,FREEZER MEDIUM,as_sheet,5.6,2.5,2.4,REAR FRAME + FLOOR PLATE,REAR FRAME & FLOOR PLATE,4633.7716,4633.77,0.0,PASS,,,
UP_TO_4.8_MT_FREEZER_2~L5.6~W2.5~H2.4~as_sheet, UP TO 4.8 MT FREEZER  (2,20,FREEZER MEDIUM,as_sheet,5.6,2.5,2.4,SPRAY PAINTING,SPRAY PAINTING,750.0,750.0,0.0,PASS,,,
UP_TO_4.8_MT_FREEZER_2~L5.6~W2.5~H2.4~as_sheet, UP TO 4.8 MT FREEZER  (2,20,FREEZER MEDIUM,as_sheet,5.6,2.5,2.4,REFLEXITE TAPE,REFLEXITE TAPE,246.6,246.6,0.0,PASS,,,
UP_TO_4.8_MT_FREEZER_2~L5.6~W2.5~H2.4~all_eps, UP TO 4.8 MT FREEZER  (2,20,FREEZER MEDIUM,all_eps,5.6,2.5,2.4,FRONT,FRONT,3649.523745,4377.13,,UNVERIFIABLE,EXCEL_NO_PRICE:EPS,,
UP_TO_4.8_MT_FREEZER_2~L5.6~W2.5~H2.4~all_eps, UP TO 4.8 MT FREEZER  (2,20,FREEZER MEDIUM,all_eps,5.6,2.5,2.4,SRD,,0.0,,,SKIP,,,
UP_TO_4.8_MT_FREEZER_2~L5.6~W2.5~H2.4~all_eps, UP TO 4.8 MT FREEZER  (2,20,FREEZER MEDIUM,all_eps,5.6,2.5,2.4,SRD DOOR FITTINGS,,0.0,,,SKIP,,,
UP_TO_4.8_MT_FREEZER_2~L5.6~W2.5~H2.4~all_eps, UP TO 4.8 MT FREEZER  (2,20,FREEZER MEDIUM,all_eps,5.6,2.5,2.4,DRD,DRD,4416.116435,4296.23,,UNVERIFIABLE,EXCEL_NO_PRICE:EPS,,
UP_TO_4.8_MT_FREEZER_2~L5.6~W2.5~H2.4~all_eps, UP TO 4.8 MT FREEZER  (2,20,FREEZER MEDIUM,all_eps,5.6,2.5,2.4,DRD DOOR FITTINGS,DRD DOOR FITTINGS,5920.59594,5920.6,0.0,PASS,,,
UP_TO_4.8_MT_FREEZER_2~L5.6~W2.5~H2.4~all_eps, UP TO 4.8 MT FREEZER  (2,20,FREEZER MEDIUM,all_eps,5.6,2.5,2.4,SIDES,SIDES,16536.432447,19942.44,,UNVERIFIABLE,EXCEL_NO_PRICE:EPS,,
UP_TO_4.8_MT_FREEZER_2~L5.6~W2.5~H2.4~all_eps, UP TO 4.8 MT FREEZER  (2,20,FREEZER MEDIUM,all_eps,5.6,2.5,2.4,ROOF,ROOF,9974.103623,9946.66,0.275,PASS,,,
UP_TO_4.8_MT_FREEZER_2~L5.6~W2.5~H2.4~all_eps, UP TO 4.8 MT FREEZER  (2,20,FREEZER MEDIUM,all_eps,5.6,2.5,2.4,FLOOR,FLOOR,43746.054108,43746.01,0.0,PASS,,,
UP_TO_4.8_MT_FREEZER_2~L5.6~W2.5~H2.4~all_eps, UP TO 4.8 MT FREEZER  (2,20,FREEZER MEDIUM,all_eps,5.6,2.5,2.4,ALUMINIUM,ALUMINIUM,8192.828,8192.83,0.0,PASS,,,
UP_TO_4.8_MT_FREEZER_2~L5.6~W2.5~H2.4~all_eps, UP TO 4.8 MT FREEZER  (2,20,FREEZER MEDIUM,all_eps,5.6,2.5,2.4,SUB FRAME + LIGHT BOX ASSY,SUB FRAME + LIGHT BOX ASSY,9005.248808,8639.85,4.058,ACCEPTED,,MISSING_IN_MES 1MM GALV PLATE (-239.72),[DATA] Excel line 1MM GALV PLATE (R157-R240) has no MES line on this body.
UP_TO_4.8_MT_FREEZER_2~L5.6~W2.5~H2.4~all_eps, UP TO 4.8 MT FREEZER  (2,20,FREEZER MEDIUM,all_eps,5.6,2.5,2.4,REAR FRAME + FLOOR PLATE,REAR FRAME & FLOOR PLATE,4633.7716,4633.77,0.0,PASS,,,
UP_TO_4.8_MT_FREEZER_2~L5.6~W2.5~H2.4~all_eps, UP TO 4.8 MT FREEZER  (2,20,FREEZER MEDIUM,all_eps,5.6,2.5,2.4,SPRAY PAINTING,SPRAY PAINTING,750.0,750.0,0.0,PASS,,,
UP_TO_4.8_MT_FREEZER_2~L5.6~W2.5~H2.4~all_eps, UP TO 4.8 MT FREEZER  (2,20,FREEZER MEDIUM,all_eps,5.6,2.5,2.4,REFLEXITE TAPE,REFLEXITE TAPE,246.6,246.6,0.0,PASS,,,
UP_TO_4.8_MT_FREEZER_2~L5.6~W2.5~H2.4~all_pu, UP TO 4.8 MT FREEZER  (2,20,FREEZER MEDIUM,all_pu,5.6,2.5,2.4,FRONT,FRONT,5227.241456,5217.9,0.179,PASS,,,
UP_TO_4.8_MT_FREEZER_2~L5.6~W2.5~H2.4~all_pu, UP TO 4.8 MT FREEZER  (2,20,FREEZER MEDIUM,all_pu,5.6,2.5,2.4,SRD,,0.0,,,SKIP,,,
UP_TO_4.8_MT_FREEZER_2~L5.6~W2.5~H2.4~all_pu, UP TO 4.8 MT FREEZER  (2,20,FREEZER MEDIUM,all_pu,5.6,2.5,2.4,SRD DOOR FITTINGS,,0.0,,,SKIP,,,
UP_TO_4.8_MT_FREEZER_2~L5.6~W2.5~H2.4~all_pu, UP TO 4.8 MT FREEZER  (2,20,FREEZER MEDIUM,all_pu,5.6,2.5,2.4,DRD,DRD,5994.22456,5874.34,2.0,ACCEPTED,,GROUP_DIFF 130*62MM TAPPING BLOCKS ~ 2 MES line(s) (-120.00),"[DATA] 130*62MM TAPPING BLOCKS: Excel 2 x R234 per size (R936 a double door) vs MES 6 x R68 per size (R816): R60 per size, 1-3 % of the door section."
UP_TO_4.8_MT_FREEZER_2~L5.6~W2.5~H2.4~all_pu, UP TO 4.8 MT FREEZER  (2,20,FREEZER MEDIUM,all_pu,5.6,2.5,2.4,DRD DOOR FITTINGS,DRD DOOR FITTINGS,5983.98526,5983.99,0.0,PASS,,,
UP_TO_4.8_MT_FREEZER_2~L5.6~W2.5~H2.4~all_pu, UP TO 4.8 MT FREEZER  (2,20,FREEZER MEDIUM,all_pu,5.6,2.5,2.4,SIDES,SIDES,23824.574319,23798.69,0.109,PASS,,,
UP_TO_4.8_MT_FREEZER_2~L5.6~W2.5~H2.4~all_pu, UP TO 4.8 MT FREEZER  (2,20,FREEZER MEDIUM,all_pu,5.6,2.5,2.4,ROOF,ROOF,12009.570172,11982.13,0.228,PASS,,,
UP_TO_4.8_MT_FREEZER_2~L5.6~W2.5~H2.4~all_pu, UP TO 4.8 MT FREEZER  (2,20,FREEZER MEDIUM,all_pu,5.6,2.5,2.4,FLOOR,FLOOR,45781.520657,45781.48,0.0,PASS,,,
UP_TO_4.8_MT_FREEZER_2~L5.6~W2.5~H2.4~all_pu, UP TO 4.8 MT FREEZER  (2,20,FREEZER MEDIUM,all_pu,5.6,2.5,2.4,ALUMINIUM,ALUMINIUM,8192.828,8192.83,0.0,PASS,,,
UP_TO_4.8_MT_FREEZER_2~L5.6~W2.5~H2.4~all_pu, UP TO 4.8 MT FREEZER  (2,20,FREEZER MEDIUM,all_pu,5.6,2.5,2.4,SUB FRAME + LIGHT BOX ASSY,SUB FRAME + LIGHT BOX ASSY,9005.248808,8639.85,4.058,ACCEPTED,,MISSING_IN_MES 1MM GALV PLATE (-239.72),[DATA] Excel line 1MM GALV PLATE (R157-R240) has no MES line on this body.
UP_TO_4.8_MT_FREEZER_2~L5.6~W2.5~H2.4~all_pu, UP TO 4.8 MT FREEZER  (2,20,FREEZER MEDIUM,all_pu,5.6,2.5,2.4,REAR FRAME + FLOOR PLATE,REAR FRAME & FLOOR PLATE,4633.7716,4633.77,0.0,PASS,,,
UP_TO_4.8_MT_FREEZER_2~L5.6~W2.5~H2.4~all_pu, UP TO 4.8 MT FREEZER  (2,20,FREEZER MEDIUM,all_pu,5.6,2.5,2.4,SPRAY PAINTING,SPRAY PAINTING,750.0,750.0,0.0,PASS,,,
UP_TO_4.8_MT_FREEZER_2~L5.6~W2.5~H2.4~all_pu, UP TO 4.8 MT FREEZER  (2,20,FREEZER MEDIUM,all_pu,5.6,2.5,2.4,REFLEXITE TAPE,REFLEXITE TAPE,246.6,246.6,0.0,PASS,,,
UP_TO_4.8_MT_FREEZER_2~L5.6~W2.5~H2.4~srd, UP TO 4.8 MT FREEZER  (2,20,FREEZER MEDIUM,srd,5.6,2.5,2.4,FRONT,FRONT,5227.241456,5217.9,0.179,PASS,,,
UP_TO_4.8_MT_FREEZER_2~L5.6~W2.5~H2.4~srd, UP TO 4.8 MT FREEZER  (2,20,FREEZER MEDIUM,srd,5.6,2.5,2.4,SRD,SRD,5439.592954,3916.52,28.0,ACCEPTED,,BOTH PU (-1463.01) [ZERO_FORMULA],"[DATA] 130*62MM TAPPING BLOCKS: Excel 2 x R234 per size (R936 a double door) vs MES 6 x R68 per size (R816): R60 per size, 1-3 % of the door section."
UP_TO_4.8_MT_FREEZER_2~L5.6~W2.5~H2.4~srd, UP TO 4.8 MT FREEZER  (2,20,FREEZER MEDIUM,srd,5.6,2.5,2.4,SRD DOOR FITTINGS,SRD DOOR FITTINGS,6821.62802,7695.84,12.815,ACCEPTED,,PRICE_DIFF SILPLUS X WHITE SILICONE (+580.75),"[DATA] SRD DOOR FITTINGS on every body: MES CSLB HINGES R293.46 x2 (Excel R146.73 x2 - the pair price applied per hinge) and SILPLUS X WHITE R232.30 (Excel R116.15); per body also 34MM LOCKING POLE R126 (Excel R42), 28782 BIG HORIZ CAPPING R197.20 (Excel R240.58), ALU CORNERS R45 (Excel R54.90), 28780 BIG VERTICAL renamed 28778; Burt prices 2317 DOOR RUBBER / 28777 DOOR CAPPING at R0 on some sheets."
UP_TO_4.8_MT_FREEZER_2~L5.6~W2.5~H2.4~srd, UP TO 4.8 MT FREEZER  (2,20,FREEZER MEDIUM,srd,5.6,2.5,2.4,DRD,,0.0,,,SKIP,,,
UP_TO_4.8_MT_FREEZER_2~L5.6~W2.5~H2.4~srd, UP TO 4.8 MT FREEZER  (2,20,FREEZER MEDIUM,srd,5.6,2.5,2.4,DRD DOOR FITTINGS,,0.0,,,SKIP,,,
UP_TO_4.8_MT_FREEZER_2~L5.6~W2.5~H2.4~srd, UP TO 4.8 MT FREEZER  (2,20,FREEZER MEDIUM,srd,5.6,2.5,2.4,SIDES,SIDES,23824.574319,23798.69,0.109,PASS,,,
UP_TO_4.8_MT_FREEZER_2~L5.6~W2.5~H2.4~srd, UP TO 4.8 MT FREEZER  (2,20,FREEZER MEDIUM,srd,5.6,2.5,2.4,ROOF,ROOF,12009.570172,11982.13,0.228,PASS,,,
UP_TO_4.8_MT_FREEZER_2~L5.6~W2.5~H2.4~srd, UP TO 4.8 MT FREEZER  (2,20,FREEZER MEDIUM,srd,5.6,2.5,2.4,FLOOR,FLOOR,45781.520657,45781.48,0.0,PASS,,,
UP_TO_4.8_MT_FREEZER_2~L5.6~W2.5~H2.4~srd, UP TO 4.8 MT FREEZER  (2,20,FREEZER MEDIUM,srd,5.6,2.5,2.4,ALUMINIUM,ALUMINIUM,8192.828,8192.83,0.0,PASS,,,
UP_TO_4.8_MT_FREEZER_2~L5.6~W2.5~H2.4~srd, UP TO 4.8 MT FREEZER  (2,20,FREEZER MEDIUM,srd,5.6,2.5,2.4,SUB FRAME + LIGHT BOX ASSY,SUB FRAME + LIGHT BOX ASSY,9005.248808,8639.85,4.058,ACCEPTED,,MISSING_IN_MES 1MM GALV PLATE (-239.72),[DATA] Excel line 1MM GALV PLATE (R157-R240) has no MES line on this body.
UP_TO_4.8_MT_FREEZER_2~L5.6~W2.5~H2.4~srd, UP TO 4.8 MT FREEZER  (2,20,FREEZER MEDIUM,srd,5.6,2.5,2.4,REAR FRAME + FLOOR PLATE,REAR FRAME & FLOOR PLATE,0.0,4633.77,,ACCEPTED,EXTRA_IN_MES,,"[RULING] Burt gates REAR FRAME + FLOOR PLATE on the DRD flags, so a single-rear-door body carries R0 there; MES always includes the section (R2.4k-R5.5k). Which is right needs Burt/Michael."
UP_TO_4.8_MT_FREEZER_2~L5.6~W2.5~H2.4~srd, UP TO 4.8 MT FREEZER  (2,20,FREEZER MEDIUM,srd,5.6,2.5,2.4,SPRAY PAINTING,SPRAY PAINTING,750.0,750.0,0.0,PASS,,,
UP_TO_4.8_MT_FREEZER_2~L5.6~W2.5~H2.4~srd, UP TO 4.8 MT FREEZER  (2,20,FREEZER MEDIUM,srd,5.6,2.5,2.4,REFLEXITE TAPE,REFLEXITE TAPE,246.6,246.6,0.0,PASS,,,
UP_TO_4.8_MT_FREEZER_2~L5.6~W2.5~H2.4~drd, UP TO 4.8 MT FREEZER  (2,20,FREEZER MEDIUM,drd,5.6,2.5,2.4,FRONT,FRONT,5227.241456,5217.9,0.179,PASS,,,
UP_TO_4.8_MT_FREEZER_2~L5.6~W2.5~H2.4~drd, UP TO 4.8 MT FREEZER  (2,20,FREEZER MEDIUM,drd,5.6,2.5,2.4,SRD,,0.0,,,SKIP,,,
UP_TO_4.8_MT_FREEZER_2~L5.6~W2.5~H2.4~drd, UP TO 4.8 MT FREEZER  (2,20,FREEZER MEDIUM,drd,5.6,2.5,2.4,SRD DOOR FITTINGS,,0.0,,,SKIP,,,
UP_TO_4.8_MT_FREEZER_2~L5.6~W2.5~H2.4~drd, UP TO 4.8 MT FREEZER  (2,20,FREEZER MEDIUM,drd,5.6,2.5,2.4,DRD,DRD,5994.22456,5874.34,2.0,ACCEPTED,,GROUP_DIFF 130*62MM TAPPING BLOCKS ~ 2 MES line(s) (-120.00),"[DATA] 130*62MM TAPPING BLOCKS: Excel 2 x R234 per size (R936 a double door) vs MES 6 x R68 per size (R816): R60 per size, 1-3 % of the door section."
UP_TO_4.8_MT_FREEZER_2~L5.6~W2.5~H2.4~drd, UP TO 4.8 MT FREEZER  (2,20,FREEZER MEDIUM,drd,5.6,2.5,2.4,DRD DOOR FITTINGS,DRD DOOR FITTINGS,5983.98526,5983.99,0.0,PASS,,,
UP_TO_4.8_MT_FREEZER_2~L5.6~W2.5~H2.4~drd, UP TO 4.8 MT FREEZER  (2,20,FREEZER MEDIUM,drd,5.6,2.5,2.4,SIDES,SIDES,23824.574319,23798.69,0.109,PASS,,,
UP_TO_4.8_MT_FREEZER_2~L5.6~W2.5~H2.4~drd, UP TO 4.8 MT FREEZER  (2,20,FREEZER MEDIUM,drd,5.6,2.5,2.4,ROOF,ROOF,12009.570172,11982.13,0.228,PASS,,,
UP_TO_4.8_MT_FREEZER_2~L5.6~W2.5~H2.4~drd, UP TO 4.8 MT FREEZER  (2,20,FREEZER MEDIUM,drd,5.6,2.5,2.4,FLOOR,FLOOR,45781.520657,45781.48,0.0,PASS,,,
UP_TO_4.8_MT_FREEZER_2~L5.6~W2.5~H2.4~drd, UP TO 4.8 MT FREEZER  (2,20,FREEZER MEDIUM,drd,5.6,2.5,2.4,ALUMINIUM,ALUMINIUM,8192.828,8192.83,0.0,PASS,,,
UP_TO_4.8_MT_FREEZER_2~L5.6~W2.5~H2.4~drd, UP TO 4.8 MT FREEZER  (2,20,FREEZER MEDIUM,drd,5.6,2.5,2.4,SUB FRAME + LIGHT BOX ASSY,SUB FRAME + LIGHT BOX ASSY,9005.248808,8639.85,4.058,ACCEPTED,,MISSING_IN_MES 1MM GALV PLATE (-239.72),[DATA] Excel line 1MM GALV PLATE (R157-R240) has no MES line on this body.
UP_TO_4.8_MT_FREEZER_2~L5.6~W2.5~H2.4~drd, UP TO 4.8 MT FREEZER  (2,20,FREEZER MEDIUM,drd,5.6,2.5,2.4,REAR FRAME + FLOOR PLATE,REAR FRAME & FLOOR PLATE,4633.7716,4633.77,0.0,PASS,,,
UP_TO_4.8_MT_FREEZER_2~L5.6~W2.5~H2.4~drd, UP TO 4.8 MT FREEZER  (2,20,FREEZER MEDIUM,drd,5.6,2.5,2.4,SPRAY PAINTING,SPRAY PAINTING,750.0,750.0,0.0,PASS,,,
UP_TO_4.8_MT_FREEZER_2~L5.6~W2.5~H2.4~drd, UP TO 4.8 MT FREEZER  (2,20,FREEZER MEDIUM,drd,5.6,2.5,2.4,REFLEXITE TAPE,REFLEXITE TAPE,246.6,246.6,0.0,PASS,,,
UP_TO_4.8_MT_FREEZER_2~L5.6~W2.5~H2.4~foam_4g, UP TO 4.8 MT FREEZER  (2,20,FREEZER MEDIUM,foam_4g,5.6,2.5,2.4,FRONT,FRONT,5691.123592,5681.79,0.164,PASS,,,
UP_TO_4.8_MT_FREEZER_2~L5.6~W2.5~H2.4~foam_4g, UP TO 4.8 MT FREEZER  (2,20,FREEZER MEDIUM,foam_4g,5.6,2.5,2.4,SRD,,0.0,,,SKIP,,,
UP_TO_4.8_MT_FREEZER_2~L5.6~W2.5~H2.4~foam_4g, UP TO 4.8 MT FREEZER  (2,20,FREEZER MEDIUM,foam_4g,5.6,2.5,2.4,SRD DOOR FITTINGS,,0.0,,,SKIP,,,
UP_TO_4.8_MT_FREEZER_2~L5.6~W2.5~H2.4~foam_4g, UP TO 4.8 MT FREEZER  (2,20,FREEZER MEDIUM,foam_4g,5.6,2.5,2.4,DRD,DRD,6458.106696,6338.22,1.856,ACCEPTED,,GROUP_DIFF 130*62MM TAPPING BLOCKS ~ 2 MES line(s) (-120.00),"[DATA] 130*62MM TAPPING BLOCKS: Excel 2 x R234 per size (R936 a double door) vs MES 6 x R68 per size (R816): R60 per size, 1-3 % of the door section."
UP_TO_4.8_MT_FREEZER_2~L5.6~W2.5~H2.4~foam_4g, UP TO 4.8 MT FREEZER  (2,20,FREEZER MEDIUM,foam_4g,5.6,2.5,2.4,DRD DOOR FITTINGS,DRD DOOR FITTINGS,5983.98526,5983.99,0.0,PASS,,,
UP_TO_4.8_MT_FREEZER_2~L5.6~W2.5~H2.4~foam_4g, UP TO 4.8 MT FREEZER  (2,20,FREEZER MEDIUM,foam_4g,5.6,2.5,2.4,SIDES,SIDES,25972.880933,25947.0,0.1,PASS,,,
UP_TO_4.8_MT_FREEZER_2~L5.6~W2.5~H2.4~foam_4g, UP TO 4.8 MT FREEZER  (2,20,FREEZER MEDIUM,foam_4g,5.6,2.5,2.4,ROOF,ROOF,13370.16436,13342.72,0.205,PASS,,,
UP_TO_4.8_MT_FREEZER_2~L5.6~W2.5~H2.4~foam_4g, UP TO 4.8 MT FREEZER  (2,20,FREEZER MEDIUM,foam_4g,5.6,2.5,2.4,FLOOR,FLOOR,47142.114846,47142.08,0.0,PASS,,,
UP_TO_4.8_MT_FREEZER_2~L5.6~W2.5~H2.4~foam_4g, UP TO 4.8 MT FREEZER  (2,20,FREEZER MEDIUM,foam_4g,5.6,2.5,2.4,ALUMINIUM,ALUMINIUM,8192.828,8192.83,0.0,PASS,,,
UP_TO_4.8_MT_FREEZER_2~L5.6~W2.5~H2.4~foam_4g, UP TO 4.8 MT FREEZER  (2,20,FREEZER MEDIUM,foam_4g,5.6,2.5,2.4,SUB FRAME + LIGHT BOX ASSY,SUB FRAME + LIGHT BOX ASSY,9005.248808,8639.85,4.058,ACCEPTED,,MISSING_IN_MES 1MM GALV PLATE (-239.72),[DATA] Excel line 1MM GALV PLATE (R157-R240) has no MES line on this body.
UP_TO_4.8_MT_FREEZER_2~L5.6~W2.5~H2.4~foam_4g, UP TO 4.8 MT FREEZER  (2,20,FREEZER MEDIUM,foam_4g,5.6,2.5,2.4,REAR FRAME + FLOOR PLATE,REAR FRAME & FLOOR PLATE,4633.7716,4633.77,0.0,PASS,,,
UP_TO_4.8_MT_FREEZER_2~L5.6~W2.5~H2.4~foam_4g, UP TO 4.8 MT FREEZER  (2,20,FREEZER MEDIUM,foam_4g,5.6,2.5,2.4,SPRAY PAINTING,SPRAY PAINTING,750.0,750.0,0.0,PASS,,,
UP_TO_4.8_MT_FREEZER_2~L5.6~W2.5~H2.4~foam_4g, UP TO 4.8 MT FREEZER  (2,20,FREEZER MEDIUM,foam_4g,5.6,2.5,2.4,REFLEXITE TAPE,REFLEXITE TAPE,246.6,246.6,0.0,PASS,,,
4.9_+_UP_FREEZER_BODY_2~L4.9~W2.6~H2.56~as_sheet, 4.9 & UP FREEZER BODY (2,21,FREEZER LARGE,as_sheet,4.9,2.6,2.56,FRONT,FRONT,5588.153405,5596.29,0.146,PASS,,,
4.9_+_UP_FREEZER_BODY_2~L4.9~W2.6~H2.56~as_sheet, 4.9 & UP FREEZER BODY (2,21,FREEZER LARGE,as_sheet,4.9,2.6,2.56,SRD,,0.0,,,SKIP,,,
4.9_+_UP_FREEZER_BODY_2~L4.9~W2.6~H2.56~as_sheet, 4.9 & UP FREEZER BODY (2,21,FREEZER LARGE,as_sheet,4.9,2.6,2.56,SRD DOOR FITTINGS,,0.0,,,SKIP,,,
4.9_+_UP_FREEZER_BODY_2~L4.9~W2.6~H2.56~as_sheet, 4.9 & UP FREEZER BODY (2,21,FREEZER LARGE,as_sheet,4.9,2.6,2.56,DRD,DRD,6352.841946,6232.97,1.887,ACCEPTED,,GROUP_DIFF 130*62MM TAPPING BLOCKS ~ 2 MES line(s) (-120.00),"[DATA] 130*62MM TAPPING BLOCKS: Excel 2 x R234 per size (R936 a double door) vs MES 6 x R68 per size (R816): R60 per size, 1-3 % of the door section."
4.9_+_UP_FREEZER_BODY_2~L4.9~W2.6~H2.56~as_sheet, 4.9 & UP FREEZER BODY (2,21,FREEZER LARGE,as_sheet,4.9,2.6,2.56,DRD DOOR FITTINGS,DRD DOOR FITTINGS,6438.75928,6438.76,0.0,PASS,,,
4.9_+_UP_FREEZER_BODY_2~L4.9~W2.6~H2.56~as_sheet, 4.9 & UP FREEZER BODY (2,21,FREEZER LARGE,as_sheet,4.9,2.6,2.56,SIDES,SIDES,21723.518019,21981.05,1.185,ACCEPTED,,QTY_DIFF Rhinotex 1150 Bioshield (+88.22),[MES] FREEZER LARGE SIDES skin formulas take the panel height from WIDTH: (length+{Waste})*(width-{ROOF EPS}-{ROOF PU}-{FLOOR EPS}+{Waste}) where Burt uses HEIGHT (C6); +1.2 % at W 2.6 / H 2.56 and growing with the W-H gap.
4.9_+_UP_FREEZER_BODY_2~L4.9~W2.6~H2.56~as_sheet, 4.9 & UP FREEZER BODY (2,21,FREEZER LARGE,as_sheet,4.9,2.6,2.56,ROOF,ROOF,11996.67899,12041.98,0.378,PASS,,,
4.9_+_UP_FREEZER_BODY_2~L4.9~W2.6~H2.56~as_sheet, 4.9 & UP FREEZER BODY (2,21,FREEZER LARGE,as_sheet,4.9,2.6,2.56,FLOOR,FLOOR,22693.883877,22055.49,2.813,ACCEPTED,,QTY_DIFF 100*50 LVL Beam (-638.58),"[DATA] 100*50 LVL Beam quantity: MES ((length+{Waste})/0.356-7.27/1.22)*2.736 = R3 187 vs Burt's beam count x spacing = R3 825 at 4.9 m (-R640, 2.8 % of the section)."
4.9_+_UP_FREEZER_BODY_2~L4.9~W2.6~H2.56~as_sheet, 4.9 & UP FREEZER BODY (2,21,FREEZER LARGE,as_sheet,4.9,2.6,2.56,ALUMINIUM,ALUMINIUM,8693.878,8693.88,0.0,PASS,,,
4.9_+_UP_FREEZER_BODY_2~L4.9~W2.6~H2.56~as_sheet, 4.9 & UP FREEZER BODY (2,21,FREEZER LARGE,as_sheet,4.9,2.6,2.56,SUB FRAME + LIGHT BOX ASSY,SUB FRAME + LIGHT BOX ASSY,8316.704025,8316.73,0.0,PASS,,,
4.9_+_UP_FREEZER_BODY_2~L4.9~W2.6~H2.56~as_sheet, 4.9 & UP FREEZER BODY (2,21,FREEZER LARGE,as_sheet,4.9,2.6,2.56,REAR FRAME + FLOOR PLATE,REAR FRAME & FLOOR PLATE,5432.105904,5432.11,0.0,PASS,,,
4.9_+_UP_FREEZER_BODY_2~L4.9~W2.6~H2.56~as_sheet, 4.9 & UP FREEZER BODY (2,21,FREEZER LARGE,as_sheet,4.9,2.6,2.56,SPRAY PAINTING,SPRAY PAINTING,750.0,750.0,0.0,PASS,,,
4.9_+_UP_FREEZER_BODY_2~L4.9~W2.6~H2.56~as_sheet, 4.9 & UP FREEZER BODY (2,21,FREEZER LARGE,as_sheet,4.9,2.6,2.56,REFLEXITE TAPE,REFLEXITE TAPE,225.9,225.9,0.0,PASS,,,
4.9_+_UP_FREEZER_BODY_2~L4.9~W2.6~H2.56~all_eps, 4.9 & UP FREEZER BODY (2,21,FREEZER LARGE,all_eps,4.9,2.6,2.56,FRONT,FRONT,4043.588126,4051.64,,UNVERIFIABLE,EXCEL_NO_PRICE:EPS,,
4.9_+_UP_FREEZER_BODY_2~L4.9~W2.6~H2.56~all_eps, 4.9 & UP FREEZER BODY (2,21,FREEZER LARGE,all_eps,4.9,2.6,2.56,SRD,,0.0,,,SKIP,,,
4.9_+_UP_FREEZER_BODY_2~L4.9~W2.6~H2.56~all_eps, 4.9 & UP FREEZER BODY (2,21,FREEZER LARGE,all_eps,4.9,2.6,2.56,SRD DOOR FITTINGS,,0.0,,,SKIP,,,
4.9_+_UP_FREEZER_BODY_2~L4.9~W2.6~H2.56~all_eps, 4.9 & UP FREEZER BODY (2,21,FREEZER LARGE,all_eps,4.9,2.6,2.56,DRD,DRD,4807.917059,6027.23,,UNVERIFIABLE,EXCEL_NO_PRICE:EPS,,
4.9_+_UP_FREEZER_BODY_2~L4.9~W2.6~H2.56~all_eps, 4.9 & UP FREEZER BODY (2,21,FREEZER LARGE,all_eps,4.9,2.6,2.56,DRD DOOR FITTINGS,DRD DOOR FITTINGS,6394.50624,6394.51,0.0,PASS,,,
4.9_+_UP_FREEZER_BODY_2~L4.9~W2.6~H2.56~all_eps, 4.9 & UP FREEZER BODY (2,21,FREEZER LARGE,all_eps,4.9,2.6,2.56,SIDES,SIDES,15479.701232,15737.14,,UNVERIFIABLE,EXCEL_NO_PRICE:EPS,,
4.9_+_UP_FREEZER_BODY_2~L4.9~W2.6~H2.56~all_eps, 4.9 & UP FREEZER BODY (2,21,FREEZER LARGE,all_eps,4.9,2.6,2.56,ROOF,ROOF,9752.221553,9797.52,0.464,PASS,,,
4.9_+_UP_FREEZER_BODY_2~L4.9~W2.6~H2.56~all_eps, 4.9 & UP FREEZER BODY (2,21,FREEZER LARGE,all_eps,4.9,2.6,2.56,FLOOR,FLOOR,20449.42644,19811.03,3.122,ACCEPTED,,QTY_DIFF 100*50 LVL Beam (-638.58),"[DATA] 100*50 LVL Beam quantity: MES ((length+{Waste})/0.356-7.27/1.22)*2.736 = R3 187 vs Burt's beam count x spacing = R3 825 at 4.9 m (-R640, 2.8 % of the section)."
4.9_+_UP_FREEZER_BODY_2~L4.9~W2.6~H2.56~all_eps, 4.9 & UP FREEZER BODY (2,21,FREEZER LARGE,all_eps,4.9,2.6,2.56,ALUMINIUM,ALUMINIUM,8693.878,8693.88,0.0,PASS,,,
4.9_+_UP_FREEZER_BODY_2~L4.9~W2.6~H2.56~all_eps, 4.9 & UP FREEZER BODY (2,21,FREEZER LARGE,all_eps,4.9,2.6,2.56,SUB FRAME + LIGHT BOX ASSY,SUB FRAME + LIGHT BOX ASSY,8316.704025,8316.73,0.0,PASS,,,
4.9_+_UP_FREEZER_BODY_2~L4.9~W2.6~H2.56~all_eps, 4.9 & UP FREEZER BODY (2,21,FREEZER LARGE,all_eps,4.9,2.6,2.56,REAR FRAME + FLOOR PLATE,REAR FRAME & FLOOR PLATE,5432.105904,5432.11,0.0,PASS,,,
4.9_+_UP_FREEZER_BODY_2~L4.9~W2.6~H2.56~all_eps, 4.9 & UP FREEZER BODY (2,21,FREEZER LARGE,all_eps,4.9,2.6,2.56,SPRAY PAINTING,SPRAY PAINTING,750.0,750.0,0.0,PASS,,,
4.9_+_UP_FREEZER_BODY_2~L4.9~W2.6~H2.56~all_eps, 4.9 & UP FREEZER BODY (2,21,FREEZER LARGE,all_eps,4.9,2.6,2.56,REFLEXITE TAPE,REFLEXITE TAPE,225.9,225.9,0.0,PASS,,,
4.9_+_UP_FREEZER_BODY_2~L4.9~W2.6~H2.56~all_pu, 4.9 & UP FREEZER BODY (2,21,FREEZER LARGE,all_pu,4.9,2.6,2.56,FRONT,FRONT,5588.153405,5596.29,0.146,PASS,,,
4.9_+_UP_FREEZER_BODY_2~L4.9~W2.6~H2.56~all_pu, 4.9 & UP FREEZER BODY (2,21,FREEZER LARGE,all_pu,4.9,2.6,2.56,SRD,,0.0,,,SKIP,,,
4.9_+_UP_FREEZER_BODY_2~L4.9~W2.6~H2.56~all_pu, 4.9 & UP FREEZER BODY (2,21,FREEZER LARGE,all_pu,4.9,2.6,2.56,SRD DOOR FITTINGS,,0.0,,,SKIP,,,
4.9_+_UP_FREEZER_BODY_2~L4.9~W2.6~H2.56~all_pu, 4.9 & UP FREEZER BODY (2,21,FREEZER LARGE,all_pu,4.9,2.6,2.56,DRD,DRD,6352.841946,6232.97,1.887,ACCEPTED,,GROUP_DIFF 130*62MM TAPPING BLOCKS ~ 2 MES line(s) (-120.00),"[DATA] 130*62MM TAPPING BLOCKS: Excel 2 x R234 per size (R936 a double door) vs MES 6 x R68 per size (R816): R60 per size, 1-3 % of the door section."
4.9_+_UP_FREEZER_BODY_2~L4.9~W2.6~H2.56~all_pu, 4.9 & UP FREEZER BODY (2,21,FREEZER LARGE,all_pu,4.9,2.6,2.56,DRD DOOR FITTINGS,DRD DOOR FITTINGS,6438.75928,6438.76,0.0,PASS,,,
4.9_+_UP_FREEZER_BODY_2~L4.9~W2.6~H2.56~all_pu, 4.9 & UP FREEZER BODY (2,21,FREEZER LARGE,all_pu,4.9,2.6,2.56,SIDES,SIDES,21723.518019,21981.05,1.185,ACCEPTED,,QTY_DIFF Rhinotex 1150 Bioshield (+88.22),[MES] FREEZER LARGE SIDES skin formulas take the panel height from WIDTH: (length+{Waste})*(width-{ROOF EPS}-{ROOF PU}-{FLOOR EPS}+{Waste}) where Burt uses HEIGHT (C6); +1.2 % at W 2.6 / H 2.56 and growing with the W-H gap.
4.9_+_UP_FREEZER_BODY_2~L4.9~W2.6~H2.56~all_pu, 4.9 & UP FREEZER BODY (2,21,FREEZER LARGE,all_pu,4.9,2.6,2.56,ROOF,ROOF,11996.67899,12041.98,0.378,PASS,,,
4.9_+_UP_FREEZER_BODY_2~L4.9~W2.6~H2.56~all_pu, 4.9 & UP FREEZER BODY (2,21,FREEZER LARGE,all_pu,4.9,2.6,2.56,FLOOR,FLOOR,22693.883877,22055.49,2.813,ACCEPTED,,QTY_DIFF 100*50 LVL Beam (-638.58),"[DATA] 100*50 LVL Beam quantity: MES ((length+{Waste})/0.356-7.27/1.22)*2.736 = R3 187 vs Burt's beam count x spacing = R3 825 at 4.9 m (-R640, 2.8 % of the section)."
4.9_+_UP_FREEZER_BODY_2~L4.9~W2.6~H2.56~all_pu, 4.9 & UP FREEZER BODY (2,21,FREEZER LARGE,all_pu,4.9,2.6,2.56,ALUMINIUM,ALUMINIUM,8693.878,8693.88,0.0,PASS,,,
4.9_+_UP_FREEZER_BODY_2~L4.9~W2.6~H2.56~all_pu, 4.9 & UP FREEZER BODY (2,21,FREEZER LARGE,all_pu,4.9,2.6,2.56,SUB FRAME + LIGHT BOX ASSY,SUB FRAME + LIGHT BOX ASSY,8316.704025,8316.73,0.0,PASS,,,
4.9_+_UP_FREEZER_BODY_2~L4.9~W2.6~H2.56~all_pu, 4.9 & UP FREEZER BODY (2,21,FREEZER LARGE,all_pu,4.9,2.6,2.56,REAR FRAME + FLOOR PLATE,REAR FRAME & FLOOR PLATE,5432.105904,5432.11,0.0,PASS,,,
4.9_+_UP_FREEZER_BODY_2~L4.9~W2.6~H2.56~all_pu, 4.9 & UP FREEZER BODY (2,21,FREEZER LARGE,all_pu,4.9,2.6,2.56,SPRAY PAINTING,SPRAY PAINTING,750.0,750.0,0.0,PASS,,,
4.9_+_UP_FREEZER_BODY_2~L4.9~W2.6~H2.56~all_pu, 4.9 & UP FREEZER BODY (2,21,FREEZER LARGE,all_pu,4.9,2.6,2.56,REFLEXITE TAPE,REFLEXITE TAPE,225.9,225.9,0.0,PASS,,,
4.9_+_UP_FREEZER_BODY_2~L4.9~W2.6~H2.56~srd, 4.9 & UP FREEZER BODY (2,21,FREEZER LARGE,srd,4.9,2.6,2.56,FRONT,FRONT,5588.153405,5596.29,0.146,PASS,,,
4.9_+_UP_FREEZER_BODY_2~L4.9~W2.6~H2.56~srd, 4.9 & UP FREEZER BODY (2,21,FREEZER LARGE,srd,4.9,2.6,2.56,SRD,SRD,5680.305873,4157.23,26.813,ACCEPTED,,BOTH PU (-1463.01) [ZERO_FORMULA],"[DATA] 130*62MM TAPPING BLOCKS: Excel 2 x R234 per size (R936 a double door) vs MES 6 x R68 per size (R816): R60 per size, 1-3 % of the door section."
4.9_+_UP_FREEZER_BODY_2~L4.9~W2.6~H2.56~srd, 4.9 & UP FREEZER BODY (2,21,FREEZER LARGE,srd,4.9,2.6,2.56,SRD DOOR FITTINGS,SRD DOOR FITTINGS,7088.08054,7458.09,5.22,ACCEPTED,,PRICE_DIFF CSLB HINGES (+293.46),"[DATA] SRD DOOR FITTINGS on every body: MES CSLB HINGES R293.46 x2 (Excel R146.73 x2 - the pair price applied per hinge) and SILPLUS X WHITE R232.30 (Excel R116.15); per body also 34MM LOCKING POLE R126 (Excel R42), 28782 BIG HORIZ CAPPING R197.20 (Excel R240.58), ALU CORNERS R45 (Excel R54.90), 28780 BIG VERTICAL renamed 28778; Burt prices 2317 DOOR RUBBER / 28777 DOOR CAPPING at R0 on some sheets."
4.9_+_UP_FREEZER_BODY_2~L4.9~W2.6~H2.56~srd, 4.9 & UP FREEZER BODY (2,21,FREEZER LARGE,srd,4.9,2.6,2.56,DRD,,0.0,,,SKIP,,,
4.9_+_UP_FREEZER_BODY_2~L4.9~W2.6~H2.56~srd, 4.9 & UP FREEZER BODY (2,21,FREEZER LARGE,srd,4.9,2.6,2.56,DRD DOOR FITTINGS,,0.0,,,SKIP,,,
4.9_+_UP_FREEZER_BODY_2~L4.9~W2.6~H2.56~srd, 4.9 & UP FREEZER BODY (2,21,FREEZER LARGE,srd,4.9,2.6,2.56,SIDES,SIDES,21723.518019,21981.05,1.185,ACCEPTED,,QTY_DIFF Rhinotex 1150 Bioshield (+88.22),[MES] FREEZER LARGE SIDES skin formulas take the panel height from WIDTH: (length+{Waste})*(width-{ROOF EPS}-{ROOF PU}-{FLOOR EPS}+{Waste}) where Burt uses HEIGHT (C6); +1.2 % at W 2.6 / H 2.56 and growing with the W-H gap.
4.9_+_UP_FREEZER_BODY_2~L4.9~W2.6~H2.56~srd, 4.9 & UP FREEZER BODY (2,21,FREEZER LARGE,srd,4.9,2.6,2.56,ROOF,ROOF,11996.67899,12041.98,0.378,PASS,,,
4.9_+_UP_FREEZER_BODY_2~L4.9~W2.6~H2.56~srd, 4.9 & UP FREEZER BODY (2,21,FREEZER LARGE,srd,4.9,2.6,2.56,FLOOR,FLOOR,22693.883877,22055.49,2.813,ACCEPTED,,QTY_DIFF 100*50 LVL Beam (-638.58),"[DATA] 100*50 LVL Beam quantity: MES ((length+{Waste})/0.356-7.27/1.22)*2.736 = R3 187 vs Burt's beam count x spacing = R3 825 at 4.9 m (-R640, 2.8 % of the section)."
4.9_+_UP_FREEZER_BODY_2~L4.9~W2.6~H2.56~srd, 4.9 & UP FREEZER BODY (2,21,FREEZER LARGE,srd,4.9,2.6,2.56,ALUMINIUM,ALUMINIUM,8693.878,8693.88,0.0,PASS,,,
4.9_+_UP_FREEZER_BODY_2~L4.9~W2.6~H2.56~srd, 4.9 & UP FREEZER BODY (2,21,FREEZER LARGE,srd,4.9,2.6,2.56,SUB FRAME + LIGHT BOX ASSY,SUB FRAME + LIGHT BOX ASSY,8316.704025,8316.73,0.0,PASS,,,
4.9_+_UP_FREEZER_BODY_2~L4.9~W2.6~H2.56~srd, 4.9 & UP FREEZER BODY (2,21,FREEZER LARGE,srd,4.9,2.6,2.56,REAR FRAME + FLOOR PLATE,REAR FRAME & FLOOR PLATE,0.0,5432.11,,ACCEPTED,EXTRA_IN_MES,,"[RULING] Burt gates REAR FRAME + FLOOR PLATE on the DRD flags, so a single-rear-door body carries R0 there; MES always includes the section (R2.4k-R5.5k). Which is right needs Burt/Michael."
4.9_+_UP_FREEZER_BODY_2~L4.9~W2.6~H2.56~srd, 4.9 & UP FREEZER BODY (2,21,FREEZER LARGE,srd,4.9,2.6,2.56,SPRAY PAINTING,SPRAY PAINTING,750.0,750.0,0.0,PASS,,,
4.9_+_UP_FREEZER_BODY_2~L4.9~W2.6~H2.56~srd, 4.9 & UP FREEZER BODY (2,21,FREEZER LARGE,srd,4.9,2.6,2.56,REFLEXITE TAPE,REFLEXITE TAPE,225.9,225.9,0.0,PASS,,,
4.9_+_UP_FREEZER_BODY_2~L4.9~W2.6~H2.56~drd, 4.9 & UP FREEZER BODY (2,21,FREEZER LARGE,drd,4.9,2.6,2.56,FRONT,FRONT,5588.153405,5596.29,0.146,PASS,,,
4.9_+_UP_FREEZER_BODY_2~L4.9~W2.6~H2.56~drd, 4.9 & UP FREEZER BODY (2,21,FREEZER LARGE,drd,4.9,2.6,2.56,SRD,,0.0,,,SKIP,,,
4.9_+_UP_FREEZER_BODY_2~L4.9~W2.6~H2.56~drd, 4.9 & UP FREEZER BODY (2,21,FREEZER LARGE,drd,4.9,2.6,2.56,SRD DOOR FITTINGS,,0.0,,,SKIP,,,
4.9_+_UP_FREEZER_BODY_2~L4.9~W2.6~H2.56~drd, 4.9 & UP FREEZER BODY (2,21,FREEZER LARGE,drd,4.9,2.6,2.56,DRD,DRD,6352.841946,6232.97,1.887,ACCEPTED,,GROUP_DIFF 130*62MM TAPPING BLOCKS ~ 2 MES line(s) (-120.00),"[DATA] 130*62MM TAPPING BLOCKS: Excel 2 x R234 per size (R936 a double door) vs MES 6 x R68 per size (R816): R60 per size, 1-3 % of the door section."
4.9_+_UP_FREEZER_BODY_2~L4.9~W2.6~H2.56~drd, 4.9 & UP FREEZER BODY (2,21,FREEZER LARGE,drd,4.9,2.6,2.56,DRD DOOR FITTINGS,DRD DOOR FITTINGS,6438.75928,6438.76,0.0,PASS,,,
4.9_+_UP_FREEZER_BODY_2~L4.9~W2.6~H2.56~drd, 4.9 & UP FREEZER BODY (2,21,FREEZER LARGE,drd,4.9,2.6,2.56,SIDES,SIDES,21723.518019,21981.05,1.185,ACCEPTED,,QTY_DIFF Rhinotex 1150 Bioshield (+88.22),[MES] FREEZER LARGE SIDES skin formulas take the panel height from WIDTH: (length+{Waste})*(width-{ROOF EPS}-{ROOF PU}-{FLOOR EPS}+{Waste}) where Burt uses HEIGHT (C6); +1.2 % at W 2.6 / H 2.56 and growing with the W-H gap.
4.9_+_UP_FREEZER_BODY_2~L4.9~W2.6~H2.56~drd, 4.9 & UP FREEZER BODY (2,21,FREEZER LARGE,drd,4.9,2.6,2.56,ROOF,ROOF,11996.67899,12041.98,0.378,PASS,,,
4.9_+_UP_FREEZER_BODY_2~L4.9~W2.6~H2.56~drd, 4.9 & UP FREEZER BODY (2,21,FREEZER LARGE,drd,4.9,2.6,2.56,FLOOR,FLOOR,22693.883877,22055.49,2.813,ACCEPTED,,QTY_DIFF 100*50 LVL Beam (-638.58),"[DATA] 100*50 LVL Beam quantity: MES ((length+{Waste})/0.356-7.27/1.22)*2.736 = R3 187 vs Burt's beam count x spacing = R3 825 at 4.9 m (-R640, 2.8 % of the section)."
4.9_+_UP_FREEZER_BODY_2~L4.9~W2.6~H2.56~drd, 4.9 & UP FREEZER BODY (2,21,FREEZER LARGE,drd,4.9,2.6,2.56,ALUMINIUM,ALUMINIUM,8693.878,8693.88,0.0,PASS,,,
4.9_+_UP_FREEZER_BODY_2~L4.9~W2.6~H2.56~drd, 4.9 & UP FREEZER BODY (2,21,FREEZER LARGE,drd,4.9,2.6,2.56,SUB FRAME + LIGHT BOX ASSY,SUB FRAME + LIGHT BOX ASSY,8316.704025,8316.73,0.0,PASS,,,
4.9_+_UP_FREEZER_BODY_2~L4.9~W2.6~H2.56~drd, 4.9 & UP FREEZER BODY (2,21,FREEZER LARGE,drd,4.9,2.6,2.56,REAR FRAME + FLOOR PLATE,REAR FRAME & FLOOR PLATE,5432.105904,5432.11,0.0,PASS,,,
4.9_+_UP_FREEZER_BODY_2~L4.9~W2.6~H2.56~drd, 4.9 & UP FREEZER BODY (2,21,FREEZER LARGE,drd,4.9,2.6,2.56,SPRAY PAINTING,SPRAY PAINTING,750.0,750.0,0.0,PASS,,,
4.9_+_UP_FREEZER_BODY_2~L4.9~W2.6~H2.56~drd, 4.9 & UP FREEZER BODY (2,21,FREEZER LARGE,drd,4.9,2.6,2.56,REFLEXITE TAPE,REFLEXITE TAPE,225.9,225.9,0.0,PASS,,,
4.9_+_UP_FREEZER_BODY_2~L4.9~W2.6~H2.56~foam_4g, 4.9 & UP FREEZER BODY (2,21,FREEZER LARGE,foam_4g,4.9,2.6,2.56,FRONT,FRONT,6052.035541,6060.17,0.134,PASS,,,
4.9_+_UP_FREEZER_BODY_2~L4.9~W2.6~H2.56~foam_4g, 4.9 & UP FREEZER BODY (2,21,FREEZER LARGE,foam_4g,4.9,2.6,2.56,SRD,,0.0,,,SKIP,,,
4.9_+_UP_FREEZER_BODY_2~L4.9~W2.6~H2.56~foam_4g, 4.9 & UP FREEZER BODY (2,21,FREEZER LARGE,foam_4g,4.9,2.6,2.56,SRD DOOR FITTINGS,,0.0,,,SKIP,,,
4.9_+_UP_FREEZER_BODY_2~L4.9~W2.6~H2.56~foam_4g, 4.9 & UP FREEZER BODY (2,21,FREEZER LARGE,foam_4g,4.9,2.6,2.56,DRD,DRD,6816.724082,6696.85,1.759,ACCEPTED,,GROUP_DIFF 130*62MM TAPPING BLOCKS ~ 2 MES line(s) (-120.00),"[DATA] 130*62MM TAPPING BLOCKS: Excel 2 x R234 per size (R936 a double door) vs MES 6 x R68 per size (R816): R60 per size, 1-3 % of the door section."
4.9_+_UP_FREEZER_BODY_2~L4.9~W2.6~H2.56~foam_4g, 4.9 & UP FREEZER BODY (2,21,FREEZER LARGE,foam_4g,4.9,2.6,2.56,DRD DOOR FITTINGS,DRD DOOR FITTINGS,6438.75928,6438.76,0.0,PASS,,,
4.9_+_UP_FREEZER_BODY_2~L4.9~W2.6~H2.56~foam_4g, 4.9 & UP FREEZER BODY (2,21,FREEZER LARGE,foam_4g,4.9,2.6,2.56,SIDES,SIDES,23605.662751,23863.2,1.091,ACCEPTED,,QTY_DIFF Rhinotex 1150 Bioshield (+88.22),[MES] FREEZER LARGE SIDES skin formulas take the panel height from WIDTH: (length+{Waste})*(width-{ROOF EPS}-{ROOF PU}-{FLOOR EPS}+{Waste}) where Burt uses HEIGHT (C6); +1.2 % at W 2.6 / H 2.56 and growing with the W-H gap.
4.9_+_UP_FREEZER_BODY_2~L4.9~W2.6~H2.56~foam_4g, 4.9 & UP FREEZER BODY (2,21,FREEZER LARGE,foam_4g,4.9,2.6,2.56,ROOF,ROOF,13565.132934,13610.43,0.334,PASS,,,
4.9_+_UP_FREEZER_BODY_2~L4.9~W2.6~H2.56~foam_4g, 4.9 & UP FREEZER BODY (2,21,FREEZER LARGE,foam_4g,4.9,2.6,2.56,FLOOR,FLOOR,24262.337821,23623.95,2.631,ACCEPTED,,QTY_DIFF 100*50 LVL Beam (-638.58),"[DATA] 100*50 LVL Beam quantity: MES ((length+{Waste})/0.356-7.27/1.22)*2.736 = R3 187 vs Burt's beam count x spacing = R3 825 at 4.9 m (-R640, 2.8 % of the section)."
4.9_+_UP_FREEZER_BODY_2~L4.9~W2.6~H2.56~foam_4g, 4.9 & UP FREEZER BODY (2,21,FREEZER LARGE,foam_4g,4.9,2.6,2.56,ALUMINIUM,ALUMINIUM,8693.878,8693.88,0.0,PASS,,,
4.9_+_UP_FREEZER_BODY_2~L4.9~W2.6~H2.56~foam_4g, 4.9 & UP FREEZER BODY (2,21,FREEZER LARGE,foam_4g,4.9,2.6,2.56,SUB FRAME + LIGHT BOX ASSY,SUB FRAME + LIGHT BOX ASSY,8316.704025,8316.73,0.0,PASS,,,
4.9_+_UP_FREEZER_BODY_2~L4.9~W2.6~H2.56~foam_4g, 4.9 & UP FREEZER BODY (2,21,FREEZER LARGE,foam_4g,4.9,2.6,2.56,REAR FRAME + FLOOR PLATE,REAR FRAME & FLOOR PLATE,5432.105904,5432.11,0.0,PASS,,,
4.9_+_UP_FREEZER_BODY_2~L4.9~W2.6~H2.56~foam_4g, 4.9 & UP FREEZER BODY (2,21,FREEZER LARGE,foam_4g,4.9,2.6,2.56,SPRAY PAINTING,SPRAY PAINTING,750.0,750.0,0.0,PASS,,,
4.9_+_UP_FREEZER_BODY_2~L4.9~W2.6~H2.56~foam_4g, 4.9 & UP FREEZER BODY (2,21,FREEZER LARGE,foam_4g,4.9,2.6,2.56,REFLEXITE TAPE,REFLEXITE TAPE,225.9,225.9,0.0,PASS,,,
4.9_+_UP_FREEZER_BODY_2~L6.5~W2.6~H2.56~as_sheet, 4.9 & UP FREEZER BODY (2,21,FREEZER LARGE,as_sheet,6.5,2.6,2.56,FRONT,FRONT,5588.153405,5596.29,0.146,PASS,,,
4.9_+_UP_FREEZER_BODY_2~L6.5~W2.6~H2.56~as_sheet, 4.9 & UP FREEZER BODY (2,21,FREEZER LARGE,as_sheet,6.5,2.6,2.56,SRD,,0.0,,,SKIP,,,
4.9_+_UP_FREEZER_BODY_2~L6.5~W2.6~H2.56~as_sheet, 4.9 & UP FREEZER BODY (2,21,FREEZER LARGE,as_sheet,6.5,2.6,2.56,SRD DOOR FITTINGS,,0.0,,,SKIP,,,
4.9_+_UP_FREEZER_BODY_2~L6.5~W2.6~H2.56~as_sheet, 4.9 & UP FREEZER BODY (2,21,FREEZER LARGE,as_sheet,6.5,2.6,2.56,DRD,DRD,6352.841946,6232.97,1.887,ACCEPTED,,GROUP_DIFF 130*62MM TAPPING BLOCKS ~ 2 MES line(s) (-120.00),"[DATA] 130*62MM TAPPING BLOCKS: Excel 2 x R234 per size (R936 a double door) vs MES 6 x R68 per size (R816): R60 per size, 1-3 % of the door section."
4.9_+_UP_FREEZER_BODY_2~L6.5~W2.6~H2.56~as_sheet, 4.9 & UP FREEZER BODY (2,21,FREEZER LARGE,as_sheet,6.5,2.6,2.56,DRD DOOR FITTINGS,DRD DOOR FITTINGS,6438.75928,6438.76,0.0,PASS,,,
4.9_+_UP_FREEZER_BODY_2~L6.5~W2.6~H2.56~as_sheet, 4.9 & UP FREEZER BODY (2,21,FREEZER LARGE,as_sheet,6.5,2.6,2.56,SIDES,SIDES,28623.045555,28961.52,1.183,ACCEPTED,,QTY_DIFF Rhinotex 1150 Bioshield (+116.73),[MES] FREEZER LARGE SIDES skin formulas take the panel height from WIDTH: (length+{Waste})*(width-{ROOF EPS}-{ROOF PU}-{FLOOR EPS}+{Waste}) where Burt uses HEIGHT (C6); +1.2 % at W 2.6 / H 2.56 and growing with the W-H gap.
4.9_+_UP_FREEZER_BODY_2~L6.5~W2.6~H2.56~as_sheet, 4.9 & UP FREEZER BODY (2,21,FREEZER LARGE,as_sheet,6.5,2.6,2.56,ROOF,ROOF,15828.178672,15867.13,0.246,PASS,,,
4.9_+_UP_FREEZER_BODY_2~L6.5~W2.6~H2.56~as_sheet, 4.9 & UP FREEZER BODY (2,21,FREEZER LARGE,as_sheet,6.5,2.6,2.56,FLOOR,FLOOR,29941.74266,29869.54,0.241,PASS,,,
4.9_+_UP_FREEZER_BODY_2~L6.5~W2.6~H2.56~as_sheet, 4.9 & UP FREEZER BODY (2,21,FREEZER LARGE,as_sheet,6.5,2.6,2.56,ALUMINIUM,ALUMINIUM,10686.038,10686.04,0.0,PASS,,,
4.9_+_UP_FREEZER_BODY_2~L6.5~W2.6~H2.56~as_sheet, 4.9 & UP FREEZER BODY (2,21,FREEZER LARGE,as_sheet,6.5,2.6,2.56,SUB FRAME + LIGHT BOX ASSY,SUB FRAME + LIGHT BOX ASSY,9094.304025,9094.33,0.0,PASS,,,
4.9_+_UP_FREEZER_BODY_2~L6.5~W2.6~H2.56~as_sheet, 4.9 & UP FREEZER BODY (2,21,FREEZER LARGE,as_sheet,6.5,2.6,2.56,REAR FRAME + FLOOR PLATE,REAR FRAME & FLOOR PLATE,5432.105904,5432.11,0.0,PASS,,,
4.9_+_UP_FREEZER_BODY_2~L6.5~W2.6~H2.56~as_sheet, 4.9 & UP FREEZER BODY (2,21,FREEZER LARGE,as_sheet,6.5,2.6,2.56,SPRAY PAINTING,SPRAY PAINTING,750.0,750.0,0.0,PASS,,,
4.9_+_UP_FREEZER_BODY_2~L6.5~W2.6~H2.56~as_sheet, 4.9 & UP FREEZER BODY (2,21,FREEZER LARGE,as_sheet,6.5,2.6,2.56,REFLEXITE TAPE,REFLEXITE TAPE,283.5,283.5,0.0,PASS,,,
4.9_+_UP_FREEZER_BODY_2~L6.5~W2.6~H2.56~all_eps, 4.9 & UP FREEZER BODY (2,21,FREEZER LARGE,all_eps,6.5,2.6,2.56,FRONT,FRONT,4043.588126,4051.64,,UNVERIFIABLE,EXCEL_NO_PRICE:EPS,,
4.9_+_UP_FREEZER_BODY_2~L6.5~W2.6~H2.56~all_eps, 4.9 & UP FREEZER BODY (2,21,FREEZER LARGE,all_eps,6.5,2.6,2.56,SRD,,0.0,,,SKIP,,,
4.9_+_UP_FREEZER_BODY_2~L6.5~W2.6~H2.56~all_eps, 4.9 & UP FREEZER BODY (2,21,FREEZER LARGE,all_eps,6.5,2.6,2.56,SRD DOOR FITTINGS,,0.0,,,SKIP,,,
4.9_+_UP_FREEZER_BODY_2~L6.5~W2.6~H2.56~all_eps, 4.9 & UP FREEZER BODY (2,21,FREEZER LARGE,all_eps,6.5,2.6,2.56,DRD,DRD,4807.917059,6027.23,,UNVERIFIABLE,EXCEL_NO_PRICE:EPS,,
4.9_+_UP_FREEZER_BODY_2~L6.5~W2.6~H2.56~all_eps, 4.9 & UP FREEZER BODY (2,21,FREEZER LARGE,all_eps,6.5,2.6,2.56,DRD DOOR FITTINGS,DRD DOOR FITTINGS,6394.50624,6394.51,0.0,PASS,,,
4.9_+_UP_FREEZER_BODY_2~L6.5~W2.6~H2.56~all_eps, 4.9 & UP FREEZER BODY (2,21,FREEZER LARGE,all_eps,6.5,2.6,2.56,SIDES,SIDES,20362.27879,20700.66,,UNVERIFIABLE,EXCEL_NO_PRICE:EPS,,
4.9_+_UP_FREEZER_BODY_2~L6.5~W2.6~H2.56~all_eps, 4.9 & UP FREEZER BODY (2,21,FREEZER LARGE,all_eps,6.5,2.6,2.56,ROOF,ROOF,12858.240043,12897.19,0.303,PASS,,,
4.9_+_UP_FREEZER_BODY_2~L6.5~W2.6~H2.56~all_eps, 4.9 & UP FREEZER BODY (2,21,FREEZER LARGE,all_eps,6.5,2.6,2.56,FLOOR,FLOOR,26971.804031,26899.61,0.268,PASS,,,
4.9_+_UP_FREEZER_BODY_2~L6.5~W2.6~H2.56~all_eps, 4.9 & UP FREEZER BODY (2,21,FREEZER LARGE,all_eps,6.5,2.6,2.56,ALUMINIUM,ALUMINIUM,10686.038,10686.04,0.0,PASS,,,
4.9_+_UP_FREEZER_BODY_2~L6.5~W2.6~H2.56~all_eps, 4.9 & UP FREEZER BODY (2,21,FREEZER LARGE,all_eps,6.5,2.6,2.56,SUB FRAME + LIGHT BOX ASSY,SUB FRAME + LIGHT BOX ASSY,9094.304025,9094.33,0.0,PASS,,,
4.9_+_UP_FREEZER_BODY_2~L6.5~W2.6~H2.56~all_eps, 4.9 & UP FREEZER BODY (2,21,FREEZER LARGE,all_eps,6.5,2.6,2.56,REAR FRAME + FLOOR PLATE,REAR FRAME & FLOOR PLATE,5432.105904,5432.11,0.0,PASS,,,
4.9_+_UP_FREEZER_BODY_2~L6.5~W2.6~H2.56~all_eps, 4.9 & UP FREEZER BODY (2,21,FREEZER LARGE,all_eps,6.5,2.6,2.56,SPRAY PAINTING,SPRAY PAINTING,750.0,750.0,0.0,PASS,,,
4.9_+_UP_FREEZER_BODY_2~L6.5~W2.6~H2.56~all_eps, 4.9 & UP FREEZER BODY (2,21,FREEZER LARGE,all_eps,6.5,2.6,2.56,REFLEXITE TAPE,REFLEXITE TAPE,283.5,283.5,0.0,PASS,,,
4.9_+_UP_FREEZER_BODY_2~L6.5~W2.6~H2.56~all_pu, 4.9 & UP FREEZER BODY (2,21,FREEZER LARGE,all_pu,6.5,2.6,2.56,FRONT,FRONT,5588.153405,5596.29,0.146,PASS,,,
4.9_+_UP_FREEZER_BODY_2~L6.5~W2.6~H2.56~all_pu, 4.9 & UP FREEZER BODY (2,21,FREEZER LARGE,all_pu,6.5,2.6,2.56,SRD,,0.0,,,SKIP,,,
4.9_+_UP_FREEZER_BODY_2~L6.5~W2.6~H2.56~all_pu, 4.9 & UP FREEZER BODY (2,21,FREEZER LARGE,all_pu,6.5,2.6,2.56,SRD DOOR FITTINGS,,0.0,,,SKIP,,,
4.9_+_UP_FREEZER_BODY_2~L6.5~W2.6~H2.56~all_pu, 4.9 & UP FREEZER BODY (2,21,FREEZER LARGE,all_pu,6.5,2.6,2.56,DRD,DRD,6352.841946,6232.97,1.887,ACCEPTED,,GROUP_DIFF 130*62MM TAPPING BLOCKS ~ 2 MES line(s) (-120.00),"[DATA] 130*62MM TAPPING BLOCKS: Excel 2 x R234 per size (R936 a double door) vs MES 6 x R68 per size (R816): R60 per size, 1-3 % of the door section."
4.9_+_UP_FREEZER_BODY_2~L6.5~W2.6~H2.56~all_pu, 4.9 & UP FREEZER BODY (2,21,FREEZER LARGE,all_pu,6.5,2.6,2.56,DRD DOOR FITTINGS,DRD DOOR FITTINGS,6438.75928,6438.76,0.0,PASS,,,
4.9_+_UP_FREEZER_BODY_2~L6.5~W2.6~H2.56~all_pu, 4.9 & UP FREEZER BODY (2,21,FREEZER LARGE,all_pu,6.5,2.6,2.56,SIDES,SIDES,28623.045555,28961.52,1.183,ACCEPTED,,QTY_DIFF Rhinotex 1150 Bioshield (+116.73),[MES] FREEZER LARGE SIDES skin formulas take the panel height from WIDTH: (length+{Waste})*(width-{ROOF EPS}-{ROOF PU}-{FLOOR EPS}+{Waste}) where Burt uses HEIGHT (C6); +1.2 % at W 2.6 / H 2.56 and growing with the W-H gap.
4.9_+_UP_FREEZER_BODY_2~L6.5~W2.6~H2.56~all_pu, 4.9 & UP FREEZER BODY (2,21,FREEZER LARGE,all_pu,6.5,2.6,2.56,ROOF,ROOF,15828.178672,15867.13,0.246,PASS,,,
4.9_+_UP_FREEZER_BODY_2~L6.5~W2.6~H2.56~all_pu, 4.9 & UP FREEZER BODY (2,21,FREEZER LARGE,all_pu,6.5,2.6,2.56,FLOOR,FLOOR,29941.74266,29869.54,0.241,PASS,,,
4.9_+_UP_FREEZER_BODY_2~L6.5~W2.6~H2.56~all_pu, 4.9 & UP FREEZER BODY (2,21,FREEZER LARGE,all_pu,6.5,2.6,2.56,ALUMINIUM,ALUMINIUM,10686.038,10686.04,0.0,PASS,,,
4.9_+_UP_FREEZER_BODY_2~L6.5~W2.6~H2.56~all_pu, 4.9 & UP FREEZER BODY (2,21,FREEZER LARGE,all_pu,6.5,2.6,2.56,SUB FRAME + LIGHT BOX ASSY,SUB FRAME + LIGHT BOX ASSY,9094.304025,9094.33,0.0,PASS,,,
4.9_+_UP_FREEZER_BODY_2~L6.5~W2.6~H2.56~all_pu, 4.9 & UP FREEZER BODY (2,21,FREEZER LARGE,all_pu,6.5,2.6,2.56,REAR FRAME + FLOOR PLATE,REAR FRAME & FLOOR PLATE,5432.105904,5432.11,0.0,PASS,,,
4.9_+_UP_FREEZER_BODY_2~L6.5~W2.6~H2.56~all_pu, 4.9 & UP FREEZER BODY (2,21,FREEZER LARGE,all_pu,6.5,2.6,2.56,SPRAY PAINTING,SPRAY PAINTING,750.0,750.0,0.0,PASS,,,
4.9_+_UP_FREEZER_BODY_2~L6.5~W2.6~H2.56~all_pu, 4.9 & UP FREEZER BODY (2,21,FREEZER LARGE,all_pu,6.5,2.6,2.56,REFLEXITE TAPE,REFLEXITE TAPE,283.5,283.5,0.0,PASS,,,
4.9_+_UP_FREEZER_BODY_2~L6.5~W2.6~H2.56~srd, 4.9 & UP FREEZER BODY (2,21,FREEZER LARGE,srd,6.5,2.6,2.56,FRONT,FRONT,5588.153405,5596.29,0.146,PASS,,,
4.9_+_UP_FREEZER_BODY_2~L6.5~W2.6~H2.56~srd, 4.9 & UP FREEZER BODY (2,21,FREEZER LARGE,srd,6.5,2.6,2.56,SRD,SRD,5680.305873,4157.23,26.813,ACCEPTED,,BOTH PU (-1463.01) [ZERO_FORMULA],"[DATA] 130*62MM TAPPING BLOCKS: Excel 2 x R234 per size (R936 a double door) vs MES 6 x R68 per size (R816): R60 per size, 1-3 % of the door section."
4.9_+_UP_FREEZER_BODY_2~L6.5~W2.6~H2.56~srd, 4.9 & UP FREEZER BODY (2,21,FREEZER LARGE,srd,6.5,2.6,2.56,SRD DOOR FITTINGS,SRD DOOR FITTINGS,7088.08054,7458.09,5.22,ACCEPTED,,PRICE_DIFF CSLB HINGES (+293.46),"[DATA] SRD DOOR FITTINGS on every body: MES CSLB HINGES R293.46 x2 (Excel R146.73 x2 - the pair price applied per hinge) and SILPLUS X WHITE R232.30 (Excel R116.15); per body also 34MM LOCKING POLE R126 (Excel R42), 28782 BIG HORIZ CAPPING R197.20 (Excel R240.58), ALU CORNERS R45 (Excel R54.90), 28780 BIG VERTICAL renamed 28778; Burt prices 2317 DOOR RUBBER / 28777 DOOR CAPPING at R0 on some sheets."
4.9_+_UP_FREEZER_BODY_2~L6.5~W2.6~H2.56~srd, 4.9 & UP FREEZER BODY (2,21,FREEZER LARGE,srd,6.5,2.6,2.56,DRD,,0.0,,,SKIP,,,
4.9_+_UP_FREEZER_BODY_2~L6.5~W2.6~H2.56~srd, 4.9 & UP FREEZER BODY (2,21,FREEZER LARGE,srd,6.5,2.6,2.56,DRD DOOR FITTINGS,,0.0,,,SKIP,,,
4.9_+_UP_FREEZER_BODY_2~L6.5~W2.6~H2.56~srd, 4.9 & UP FREEZER BODY (2,21,FREEZER LARGE,srd,6.5,2.6,2.56,SIDES,SIDES,28623.045555,28961.52,1.183,ACCEPTED,,QTY_DIFF Rhinotex 1150 Bioshield (+116.73),[MES] FREEZER LARGE SIDES skin formulas take the panel height from WIDTH: (length+{Waste})*(width-{ROOF EPS}-{ROOF PU}-{FLOOR EPS}+{Waste}) where Burt uses HEIGHT (C6); +1.2 % at W 2.6 / H 2.56 and growing with the W-H gap.
4.9_+_UP_FREEZER_BODY_2~L6.5~W2.6~H2.56~srd, 4.9 & UP FREEZER BODY (2,21,FREEZER LARGE,srd,6.5,2.6,2.56,ROOF,ROOF,15828.178672,15867.13,0.246,PASS,,,
4.9_+_UP_FREEZER_BODY_2~L6.5~W2.6~H2.56~srd, 4.9 & UP FREEZER BODY (2,21,FREEZER LARGE,srd,6.5,2.6,2.56,FLOOR,FLOOR,29941.74266,29869.54,0.241,PASS,,,
4.9_+_UP_FREEZER_BODY_2~L6.5~W2.6~H2.56~srd, 4.9 & UP FREEZER BODY (2,21,FREEZER LARGE,srd,6.5,2.6,2.56,ALUMINIUM,ALUMINIUM,10686.038,10686.04,0.0,PASS,,,
4.9_+_UP_FREEZER_BODY_2~L6.5~W2.6~H2.56~srd, 4.9 & UP FREEZER BODY (2,21,FREEZER LARGE,srd,6.5,2.6,2.56,SUB FRAME + LIGHT BOX ASSY,SUB FRAME + LIGHT BOX ASSY,9094.304025,9094.33,0.0,PASS,,,
4.9_+_UP_FREEZER_BODY_2~L6.5~W2.6~H2.56~srd, 4.9 & UP FREEZER BODY (2,21,FREEZER LARGE,srd,6.5,2.6,2.56,REAR FRAME + FLOOR PLATE,REAR FRAME & FLOOR PLATE,0.0,5432.11,,ACCEPTED,EXTRA_IN_MES,,"[RULING] Burt gates REAR FRAME + FLOOR PLATE on the DRD flags, so a single-rear-door body carries R0 there; MES always includes the section (R2.4k-R5.5k). Which is right needs Burt/Michael."
4.9_+_UP_FREEZER_BODY_2~L6.5~W2.6~H2.56~srd, 4.9 & UP FREEZER BODY (2,21,FREEZER LARGE,srd,6.5,2.6,2.56,SPRAY PAINTING,SPRAY PAINTING,750.0,750.0,0.0,PASS,,,
4.9_+_UP_FREEZER_BODY_2~L6.5~W2.6~H2.56~srd, 4.9 & UP FREEZER BODY (2,21,FREEZER LARGE,srd,6.5,2.6,2.56,REFLEXITE TAPE,REFLEXITE TAPE,283.5,283.5,0.0,PASS,,,
4.9_+_UP_FREEZER_BODY_2~L6.5~W2.6~H2.56~drd, 4.9 & UP FREEZER BODY (2,21,FREEZER LARGE,drd,6.5,2.6,2.56,FRONT,FRONT,5588.153405,5596.29,0.146,PASS,,,
4.9_+_UP_FREEZER_BODY_2~L6.5~W2.6~H2.56~drd, 4.9 & UP FREEZER BODY (2,21,FREEZER LARGE,drd,6.5,2.6,2.56,SRD,,0.0,,,SKIP,,,
4.9_+_UP_FREEZER_BODY_2~L6.5~W2.6~H2.56~drd, 4.9 & UP FREEZER BODY (2,21,FREEZER LARGE,drd,6.5,2.6,2.56,SRD DOOR FITTINGS,,0.0,,,SKIP,,,
4.9_+_UP_FREEZER_BODY_2~L6.5~W2.6~H2.56~drd, 4.9 & UP FREEZER BODY (2,21,FREEZER LARGE,drd,6.5,2.6,2.56,DRD,DRD,6352.841946,6232.97,1.887,ACCEPTED,,GROUP_DIFF 130*62MM TAPPING BLOCKS ~ 2 MES line(s) (-120.00),"[DATA] 130*62MM TAPPING BLOCKS: Excel 2 x R234 per size (R936 a double door) vs MES 6 x R68 per size (R816): R60 per size, 1-3 % of the door section."
4.9_+_UP_FREEZER_BODY_2~L6.5~W2.6~H2.56~drd, 4.9 & UP FREEZER BODY (2,21,FREEZER LARGE,drd,6.5,2.6,2.56,DRD DOOR FITTINGS,DRD DOOR FITTINGS,6438.75928,6438.76,0.0,PASS,,,
4.9_+_UP_FREEZER_BODY_2~L6.5~W2.6~H2.56~drd, 4.9 & UP FREEZER BODY (2,21,FREEZER LARGE,drd,6.5,2.6,2.56,SIDES,SIDES,28623.045555,28961.52,1.183,ACCEPTED,,QTY_DIFF Rhinotex 1150 Bioshield (+116.73),[MES] FREEZER LARGE SIDES skin formulas take the panel height from WIDTH: (length+{Waste})*(width-{ROOF EPS}-{ROOF PU}-{FLOOR EPS}+{Waste}) where Burt uses HEIGHT (C6); +1.2 % at W 2.6 / H 2.56 and growing with the W-H gap.
4.9_+_UP_FREEZER_BODY_2~L6.5~W2.6~H2.56~drd, 4.9 & UP FREEZER BODY (2,21,FREEZER LARGE,drd,6.5,2.6,2.56,ROOF,ROOF,15828.178672,15867.13,0.246,PASS,,,
4.9_+_UP_FREEZER_BODY_2~L6.5~W2.6~H2.56~drd, 4.9 & UP FREEZER BODY (2,21,FREEZER LARGE,drd,6.5,2.6,2.56,FLOOR,FLOOR,29941.74266,29869.54,0.241,PASS,,,
4.9_+_UP_FREEZER_BODY_2~L6.5~W2.6~H2.56~drd, 4.9 & UP FREEZER BODY (2,21,FREEZER LARGE,drd,6.5,2.6,2.56,ALUMINIUM,ALUMINIUM,10686.038,10686.04,0.0,PASS,,,
4.9_+_UP_FREEZER_BODY_2~L6.5~W2.6~H2.56~drd, 4.9 & UP FREEZER BODY (2,21,FREEZER LARGE,drd,6.5,2.6,2.56,SUB FRAME + LIGHT BOX ASSY,SUB FRAME + LIGHT BOX ASSY,9094.304025,9094.33,0.0,PASS,,,
4.9_+_UP_FREEZER_BODY_2~L6.5~W2.6~H2.56~drd, 4.9 & UP FREEZER BODY (2,21,FREEZER LARGE,drd,6.5,2.6,2.56,REAR FRAME + FLOOR PLATE,REAR FRAME & FLOOR PLATE,5432.105904,5432.11,0.0,PASS,,,
4.9_+_UP_FREEZER_BODY_2~L6.5~W2.6~H2.56~drd, 4.9 & UP FREEZER BODY (2,21,FREEZER LARGE,drd,6.5,2.6,2.56,SPRAY PAINTING,SPRAY PAINTING,750.0,750.0,0.0,PASS,,,
4.9_+_UP_FREEZER_BODY_2~L6.5~W2.6~H2.56~drd, 4.9 & UP FREEZER BODY (2,21,FREEZER LARGE,drd,6.5,2.6,2.56,REFLEXITE TAPE,REFLEXITE TAPE,283.5,283.5,0.0,PASS,,,
4.9_+_UP_FREEZER_BODY_2~L6.5~W2.6~H2.56~foam_4g, 4.9 & UP FREEZER BODY (2,21,FREEZER LARGE,foam_4g,6.5,2.6,2.56,FRONT,FRONT,6052.035541,6060.17,0.134,PASS,,,
4.9_+_UP_FREEZER_BODY_2~L6.5~W2.6~H2.56~foam_4g, 4.9 & UP FREEZER BODY (2,21,FREEZER LARGE,foam_4g,6.5,2.6,2.56,SRD,,0.0,,,SKIP,,,
4.9_+_UP_FREEZER_BODY_2~L6.5~W2.6~H2.56~foam_4g, 4.9 & UP FREEZER BODY (2,21,FREEZER LARGE,foam_4g,6.5,2.6,2.56,SRD DOOR FITTINGS,,0.0,,,SKIP,,,
4.9_+_UP_FREEZER_BODY_2~L6.5~W2.6~H2.56~foam_4g, 4.9 & UP FREEZER BODY (2,21,FREEZER LARGE,foam_4g,6.5,2.6,2.56,DRD,DRD,6816.724082,6696.85,1.759,ACCEPTED,,GROUP_DIFF 130*62MM TAPPING BLOCKS ~ 2 MES line(s) (-120.00),"[DATA] 130*62MM TAPPING BLOCKS: Excel 2 x R234 per size (R936 a double door) vs MES 6 x R68 per size (R816): R60 per size, 1-3 % of the door section."
4.9_+_UP_FREEZER_BODY_2~L6.5~W2.6~H2.56~foam_4g, 4.9 & UP FREEZER BODY (2,21,FREEZER LARGE,foam_4g,6.5,2.6,2.56,DRD DOOR FITTINGS,DRD DOOR FITTINGS,6438.75928,6438.76,0.0,PASS,,,
4.9_+_UP_FREEZER_BODY_2~L6.5~W2.6~H2.56~foam_4g, 4.9 & UP FREEZER BODY (2,21,FREEZER LARGE,foam_4g,6.5,2.6,2.56,SIDES,SIDES,31113.560302,31452.04,1.088,ACCEPTED,,QTY_DIFF Rhinotex 1150 Bioshield (+116.73),[MES] FREEZER LARGE SIDES skin formulas take the panel height from WIDTH: (length+{Waste})*(width-{ROOF EPS}-{ROOF PU}-{FLOOR EPS}+{Waste}) where Burt uses HEIGHT (C6); +1.2 % at W 2.6 / H 2.56 and growing with the W-H gap.
4.9_+_UP_FREEZER_BODY_2~L6.5~W2.6~H2.56~foam_4g, 4.9 & UP FREEZER BODY (2,21,FREEZER LARGE,foam_4g,6.5,2.6,2.56,ROOF,ROOF,17903.607628,17942.56,0.218,PASS,,,
4.9_+_UP_FREEZER_BODY_2~L6.5~W2.6~H2.56~foam_4g, 4.9 & UP FREEZER BODY (2,21,FREEZER LARGE,foam_4g,6.5,2.6,2.56,FLOOR,FLOOR,32017.171616,31944.97,0.226,PASS,,,
4.9_+_UP_FREEZER_BODY_2~L6.5~W2.6~H2.56~foam_4g, 4.9 & UP FREEZER BODY (2,21,FREEZER LARGE,foam_4g,6.5,2.6,2.56,ALUMINIUM,ALUMINIUM,10686.038,10686.04,0.0,PASS,,,
4.9_+_UP_FREEZER_BODY_2~L6.5~W2.6~H2.56~foam_4g, 4.9 & UP FREEZER BODY (2,21,FREEZER LARGE,foam_4g,6.5,2.6,2.56,SUB FRAME + LIGHT BOX ASSY,SUB FRAME + LIGHT BOX ASSY,9094.304025,9094.33,0.0,PASS,,,
4.9_+_UP_FREEZER_BODY_2~L6.5~W2.6~H2.56~foam_4g, 4.9 & UP FREEZER BODY (2,21,FREEZER LARGE,foam_4g,6.5,2.6,2.56,REAR FRAME + FLOOR PLATE,REAR FRAME & FLOOR PLATE,5432.105904,5432.11,0.0,PASS,,,
4.9_+_UP_FREEZER_BODY_2~L6.5~W2.6~H2.56~foam_4g, 4.9 & UP FREEZER BODY (2,21,FREEZER LARGE,foam_4g,6.5,2.6,2.56,SPRAY PAINTING,SPRAY PAINTING,750.0,750.0,0.0,PASS,,,
4.9_+_UP_FREEZER_BODY_2~L6.5~W2.6~H2.56~foam_4g, 4.9 & UP FREEZER BODY (2,21,FREEZER LARGE,foam_4g,6.5,2.6,2.56,REFLEXITE TAPE,REFLEXITE TAPE,283.5,283.5,0.0,PASS,,,
4.9_+_UP_FREEZER_BODY_2~L8.2~W2.6~H2.56~as_sheet, 4.9 & UP FREEZER BODY (2,21,FREEZER LARGE,as_sheet,8.2,2.6,2.56,FRONT,FRONT,5588.153405,5596.29,0.146,PASS,,,
4.9_+_UP_FREEZER_BODY_2~L8.2~W2.6~H2.56~as_sheet, 4.9 & UP FREEZER BODY (2,21,FREEZER LARGE,as_sheet,8.2,2.6,2.56,SRD,,0.0,,,SKIP,,,
4.9_+_UP_FREEZER_BODY_2~L8.2~W2.6~H2.56~as_sheet, 4.9 & UP FREEZER BODY (2,21,FREEZER LARGE,as_sheet,8.2,2.6,2.56,SRD DOOR FITTINGS,,0.0,,,SKIP,,,
4.9_+_UP_FREEZER_BODY_2~L8.2~W2.6~H2.56~as_sheet, 4.9 & UP FREEZER BODY (2,21,FREEZER LARGE,as_sheet,8.2,2.6,2.56,DRD,DRD,6352.841946,6232.97,1.887,ACCEPTED,,GROUP_DIFF 130*62MM TAPPING BLOCKS ~ 2 MES line(s) (-120.00),"[DATA] 130*62MM TAPPING BLOCKS: Excel 2 x R234 per size (R936 a double door) vs MES 6 x R68 per size (R816): R60 per size, 1-3 % of the door section."
4.9_+_UP_FREEZER_BODY_2~L8.2~W2.6~H2.56~as_sheet, 4.9 & UP FREEZER BODY (2,21,FREEZER LARGE,as_sheet,8.2,2.6,2.56,DRD DOOR FITTINGS,DRD DOOR FITTINGS,6438.75928,6438.76,0.0,PASS,,,
4.9_+_UP_FREEZER_BODY_2~L8.2~W2.6~H2.56~as_sheet, 4.9 & UP FREEZER BODY (2,21,FREEZER LARGE,as_sheet,8.2,2.6,2.56,SIDES,SIDES,35953.793562,36378.27,1.181,ACCEPTED,,QTY_DIFF Rhinotex 1150 Bioshield (+147.02),[MES] FREEZER LARGE SIDES skin formulas take the panel height from WIDTH: (length+{Waste})*(width-{ROOF EPS}-{ROOF PU}-{FLOOR EPS}+{Waste}) where Burt uses HEIGHT (C6); +1.2 % at W 2.6 / H 2.56 and growing with the W-H gap.
4.9_+_UP_FREEZER_BODY_2~L8.2~W2.6~H2.56~as_sheet, 4.9 & UP FREEZER BODY (2,21,FREEZER LARGE,as_sheet,8.2,2.6,2.56,ROOF,ROOF,19899.147084,19931.35,0.162,PASS,,,
4.9_+_UP_FREEZER_BODY_2~L8.2~W2.6~H2.56~as_sheet, 4.9 & UP FREEZER BODY (2,21,FREEZER LARGE,as_sheet,8.2,2.6,2.56,FLOOR,FLOOR,37642.592617,38171.97,1.406,ACCEPTED,,QTY_DIFF 100*50 LVL Beam (+529.09),"[DATA] 100*50 LVL Beam quantity: MES ((length+{Waste})/0.356-7.27/1.22)*2.736 = R3 187 vs Burt's beam count x spacing = R3 825 at 4.9 m (-R640, 2.8 % of the section)."
4.9_+_UP_FREEZER_BODY_2~L8.2~W2.6~H2.56~as_sheet, 4.9 & UP FREEZER BODY (2,21,FREEZER LARGE,as_sheet,8.2,2.6,2.56,ALUMINIUM,ALUMINIUM,12802.708,12802.71,0.0,PASS,,,
4.9_+_UP_FREEZER_BODY_2~L8.2~W2.6~H2.56~as_sheet, 4.9 & UP FREEZER BODY (2,21,FREEZER LARGE,as_sheet,8.2,2.6,2.56,SUB FRAME + LIGHT BOX ASSY,SUB FRAME + LIGHT BOX ASSY,9920.504025,9920.53,0.0,PASS,,,
4.9_+_UP_FREEZER_BODY_2~L8.2~W2.6~H2.56~as_sheet, 4.9 & UP FREEZER BODY (2,21,FREEZER LARGE,as_sheet,8.2,2.6,2.56,REAR FRAME + FLOOR PLATE,REAR FRAME & FLOOR PLATE,5432.105904,5432.11,0.0,PASS,,,
4.9_+_UP_FREEZER_BODY_2~L8.2~W2.6~H2.56~as_sheet, 4.9 & UP FREEZER BODY (2,21,FREEZER LARGE,as_sheet,8.2,2.6,2.56,SPRAY PAINTING,SPRAY PAINTING,750.0,750.0,0.0,PASS,,,
4.9_+_UP_FREEZER_BODY_2~L8.2~W2.6~H2.56~as_sheet, 4.9 & UP FREEZER BODY (2,21,FREEZER LARGE,as_sheet,8.2,2.6,2.56,REFLEXITE TAPE,REFLEXITE TAPE,344.7,344.7,0.0,PASS,,,
4.9_+_UP_FREEZER_BODY_2~L8.2~W2.6~H2.56~all_eps, 4.9 & UP FREEZER BODY (2,21,FREEZER LARGE,all_eps,8.2,2.6,2.56,FRONT,FRONT,4043.588126,4051.64,,UNVERIFIABLE,EXCEL_NO_PRICE:EPS,,
4.9_+_UP_FREEZER_BODY_2~L8.2~W2.6~H2.56~all_eps, 4.9 & UP FREEZER BODY (2,21,FREEZER LARGE,all_eps,8.2,2.6,2.56,SRD,,0.0,,,SKIP,,,
4.9_+_UP_FREEZER_BODY_2~L8.2~W2.6~H2.56~all_eps, 4.9 & UP FREEZER BODY (2,21,FREEZER LARGE,all_eps,8.2,2.6,2.56,SRD DOOR FITTINGS,,0.0,,,SKIP,,,
4.9_+_UP_FREEZER_BODY_2~L8.2~W2.6~H2.56~all_eps, 4.9 & UP FREEZER BODY (2,21,FREEZER LARGE,all_eps,8.2,2.6,2.56,DRD,DRD,4807.917059,6027.23,,UNVERIFIABLE,EXCEL_NO_PRICE:EPS,,
4.9_+_UP_FREEZER_BODY_2~L8.2~W2.6~H2.56~all_eps, 4.9 & UP FREEZER BODY (2,21,FREEZER LARGE,all_eps,8.2,2.6,2.56,DRD DOOR FITTINGS,DRD DOOR FITTINGS,6394.50624,6394.51,0.0,PASS,,,
4.9_+_UP_FREEZER_BODY_2~L8.2~W2.6~H2.56~all_eps, 4.9 & UP FREEZER BODY (2,21,FREEZER LARGE,all_eps,8.2,2.6,2.56,SIDES,SIDES,25550.017445,25974.39,,UNVERIFIABLE,EXCEL_NO_PRICE:EPS,,
4.9_+_UP_FREEZER_BODY_2~L8.2~W2.6~H2.56~all_eps, 4.9 & UP FREEZER BODY (2,21,FREEZER LARGE,all_eps,8.2,2.6,2.56,ROOF,ROOF,16158.384688,16190.59,0.199,PASS,,,
4.9_+_UP_FREEZER_BODY_2~L8.2~W2.6~H2.56~all_eps, 4.9 & UP FREEZER BODY (2,21,FREEZER LARGE,all_eps,8.2,2.6,2.56,FLOOR,FLOOR,33901.830222,34431.21,1.562,ACCEPTED,,QTY_DIFF 100*50 LVL Beam (+529.09),"[DATA] 100*50 LVL Beam quantity: MES ((length+{Waste})/0.356-7.27/1.22)*2.736 = R3 187 vs Burt's beam count x spacing = R3 825 at 4.9 m (-R640, 2.8 % of the section)."
4.9_+_UP_FREEZER_BODY_2~L8.2~W2.6~H2.56~all_eps, 4.9 & UP FREEZER BODY (2,21,FREEZER LARGE,all_eps,8.2,2.6,2.56,ALUMINIUM,ALUMINIUM,12802.708,12802.71,0.0,PASS,,,
4.9_+_UP_FREEZER_BODY_2~L8.2~W2.6~H2.56~all_eps, 4.9 & UP FREEZER BODY (2,21,FREEZER LARGE,all_eps,8.2,2.6,2.56,SUB FRAME + LIGHT BOX ASSY,SUB FRAME + LIGHT BOX ASSY,9920.504025,9920.53,0.0,PASS,,,
4.9_+_UP_FREEZER_BODY_2~L8.2~W2.6~H2.56~all_eps, 4.9 & UP FREEZER BODY (2,21,FREEZER LARGE,all_eps,8.2,2.6,2.56,REAR FRAME + FLOOR PLATE,REAR FRAME & FLOOR PLATE,5432.105904,5432.11,0.0,PASS,,,
4.9_+_UP_FREEZER_BODY_2~L8.2~W2.6~H2.56~all_eps, 4.9 & UP FREEZER BODY (2,21,FREEZER LARGE,all_eps,8.2,2.6,2.56,SPRAY PAINTING,SPRAY PAINTING,750.0,750.0,0.0,PASS,,,
4.9_+_UP_FREEZER_BODY_2~L8.2~W2.6~H2.56~all_eps, 4.9 & UP FREEZER BODY (2,21,FREEZER LARGE,all_eps,8.2,2.6,2.56,REFLEXITE TAPE,REFLEXITE TAPE,344.7,344.7,0.0,PASS,,,
4.9_+_UP_FREEZER_BODY_2~L8.2~W2.6~H2.56~all_pu, 4.9 & UP FREEZER BODY (2,21,FREEZER LARGE,all_pu,8.2,2.6,2.56,FRONT,FRONT,5588.153405,5596.29,0.146,PASS,,,
4.9_+_UP_FREEZER_BODY_2~L8.2~W2.6~H2.56~all_pu, 4.9 & UP FREEZER BODY (2,21,FREEZER LARGE,all_pu,8.2,2.6,2.56,SRD,,0.0,,,SKIP,,,
4.9_+_UP_FREEZER_BODY_2~L8.2~W2.6~H2.56~all_pu, 4.9 & UP FREEZER BODY (2,21,FREEZER LARGE,all_pu,8.2,2.6,2.56,SRD DOOR FITTINGS,,0.0,,,SKIP,,,
4.9_+_UP_FREEZER_BODY_2~L8.2~W2.6~H2.56~all_pu, 4.9 & UP FREEZER BODY (2,21,FREEZER LARGE,all_pu,8.2,2.6,2.56,DRD,DRD,6352.841946,6232.97,1.887,ACCEPTED,,GROUP_DIFF 130*62MM TAPPING BLOCKS ~ 2 MES line(s) (-120.00),"[DATA] 130*62MM TAPPING BLOCKS: Excel 2 x R234 per size (R936 a double door) vs MES 6 x R68 per size (R816): R60 per size, 1-3 % of the door section."
4.9_+_UP_FREEZER_BODY_2~L8.2~W2.6~H2.56~all_pu, 4.9 & UP FREEZER BODY (2,21,FREEZER LARGE,all_pu,8.2,2.6,2.56,DRD DOOR FITTINGS,DRD DOOR FITTINGS,6438.75928,6438.76,0.0,PASS,,,
4.9_+_UP_FREEZER_BODY_2~L8.2~W2.6~H2.56~all_pu, 4.9 & UP FREEZER BODY (2,21,FREEZER LARGE,all_pu,8.2,2.6,2.56,SIDES,SIDES,35953.793562,36378.27,1.181,ACCEPTED,,QTY_DIFF Rhinotex 1150 Bioshield (+147.02),[MES] FREEZER LARGE SIDES skin formulas take the panel height from WIDTH: (length+{Waste})*(width-{ROOF EPS}-{ROOF PU}-{FLOOR EPS}+{Waste}) where Burt uses HEIGHT (C6); +1.2 % at W 2.6 / H 2.56 and growing with the W-H gap.
4.9_+_UP_FREEZER_BODY_2~L8.2~W2.6~H2.56~all_pu, 4.9 & UP FREEZER BODY (2,21,FREEZER LARGE,all_pu,8.2,2.6,2.56,ROOF,ROOF,19899.147084,19931.35,0.162,PASS,,,
4.9_+_UP_FREEZER_BODY_2~L8.2~W2.6~H2.56~all_pu, 4.9 & UP FREEZER BODY (2,21,FREEZER LARGE,all_pu,8.2,2.6,2.56,FLOOR,FLOOR,37642.592617,38171.97,1.406,ACCEPTED,,QTY_DIFF 100*50 LVL Beam (+529.09),"[DATA] 100*50 LVL Beam quantity: MES ((length+{Waste})/0.356-7.27/1.22)*2.736 = R3 187 vs Burt's beam count x spacing = R3 825 at 4.9 m (-R640, 2.8 % of the section)."
4.9_+_UP_FREEZER_BODY_2~L8.2~W2.6~H2.56~all_pu, 4.9 & UP FREEZER BODY (2,21,FREEZER LARGE,all_pu,8.2,2.6,2.56,ALUMINIUM,ALUMINIUM,12802.708,12802.71,0.0,PASS,,,
4.9_+_UP_FREEZER_BODY_2~L8.2~W2.6~H2.56~all_pu, 4.9 & UP FREEZER BODY (2,21,FREEZER LARGE,all_pu,8.2,2.6,2.56,SUB FRAME + LIGHT BOX ASSY,SUB FRAME + LIGHT BOX ASSY,9920.504025,9920.53,0.0,PASS,,,
4.9_+_UP_FREEZER_BODY_2~L8.2~W2.6~H2.56~all_pu, 4.9 & UP FREEZER BODY (2,21,FREEZER LARGE,all_pu,8.2,2.6,2.56,REAR FRAME + FLOOR PLATE,REAR FRAME & FLOOR PLATE,5432.105904,5432.11,0.0,PASS,,,
4.9_+_UP_FREEZER_BODY_2~L8.2~W2.6~H2.56~all_pu, 4.9 & UP FREEZER BODY (2,21,FREEZER LARGE,all_pu,8.2,2.6,2.56,SPRAY PAINTING,SPRAY PAINTING,750.0,750.0,0.0,PASS,,,
4.9_+_UP_FREEZER_BODY_2~L8.2~W2.6~H2.56~all_pu, 4.9 & UP FREEZER BODY (2,21,FREEZER LARGE,all_pu,8.2,2.6,2.56,REFLEXITE TAPE,REFLEXITE TAPE,344.7,344.7,0.0,PASS,,,
4.9_+_UP_FREEZER_BODY_2~L8.2~W2.6~H2.56~srd, 4.9 & UP FREEZER BODY (2,21,FREEZER LARGE,srd,8.2,2.6,2.56,FRONT,FRONT,5588.153405,5596.29,0.146,PASS,,,
4.9_+_UP_FREEZER_BODY_2~L8.2~W2.6~H2.56~srd, 4.9 & UP FREEZER BODY (2,21,FREEZER LARGE,srd,8.2,2.6,2.56,SRD,SRD,5680.305873,4157.23,26.813,ACCEPTED,,BOTH PU (-1463.01) [ZERO_FORMULA],"[DATA] 130*62MM TAPPING BLOCKS: Excel 2 x R234 per size (R936 a double door) vs MES 6 x R68 per size (R816): R60 per size, 1-3 % of the door section."
4.9_+_UP_FREEZER_BODY_2~L8.2~W2.6~H2.56~srd, 4.9 & UP FREEZER BODY (2,21,FREEZER LARGE,srd,8.2,2.6,2.56,SRD DOOR FITTINGS,SRD DOOR FITTINGS,7088.08054,7458.09,5.22,ACCEPTED,,PRICE_DIFF CSLB HINGES (+293.46),"[DATA] SRD DOOR FITTINGS on every body: MES CSLB HINGES R293.46 x2 (Excel R146.73 x2 - the pair price applied per hinge) and SILPLUS X WHITE R232.30 (Excel R116.15); per body also 34MM LOCKING POLE R126 (Excel R42), 28782 BIG HORIZ CAPPING R197.20 (Excel R240.58), ALU CORNERS R45 (Excel R54.90), 28780 BIG VERTICAL renamed 28778; Burt prices 2317 DOOR RUBBER / 28777 DOOR CAPPING at R0 on some sheets."
4.9_+_UP_FREEZER_BODY_2~L8.2~W2.6~H2.56~srd, 4.9 & UP FREEZER BODY (2,21,FREEZER LARGE,srd,8.2,2.6,2.56,DRD,,0.0,,,SKIP,,,
4.9_+_UP_FREEZER_BODY_2~L8.2~W2.6~H2.56~srd, 4.9 & UP FREEZER BODY (2,21,FREEZER LARGE,srd,8.2,2.6,2.56,DRD DOOR FITTINGS,,0.0,,,SKIP,,,
4.9_+_UP_FREEZER_BODY_2~L8.2~W2.6~H2.56~srd, 4.9 & UP FREEZER BODY (2,21,FREEZER LARGE,srd,8.2,2.6,2.56,SIDES,SIDES,35953.793562,36378.27,1.181,ACCEPTED,,QTY_DIFF Rhinotex 1150 Bioshield (+147.02),[MES] FREEZER LARGE SIDES skin formulas take the panel height from WIDTH: (length+{Waste})*(width-{ROOF EPS}-{ROOF PU}-{FLOOR EPS}+{Waste}) where Burt uses HEIGHT (C6); +1.2 % at W 2.6 / H 2.56 and growing with the W-H gap.
4.9_+_UP_FREEZER_BODY_2~L8.2~W2.6~H2.56~srd, 4.9 & UP FREEZER BODY (2,21,FREEZER LARGE,srd,8.2,2.6,2.56,ROOF,ROOF,19899.147084,19931.35,0.162,PASS,,,
4.9_+_UP_FREEZER_BODY_2~L8.2~W2.6~H2.56~srd, 4.9 & UP FREEZER BODY (2,21,FREEZER LARGE,srd,8.2,2.6,2.56,FLOOR,FLOOR,37642.592617,38171.97,1.406,ACCEPTED,,QTY_DIFF 100*50 LVL Beam (+529.09),"[DATA] 100*50 LVL Beam quantity: MES ((length+{Waste})/0.356-7.27/1.22)*2.736 = R3 187 vs Burt's beam count x spacing = R3 825 at 4.9 m (-R640, 2.8 % of the section)."
4.9_+_UP_FREEZER_BODY_2~L8.2~W2.6~H2.56~srd, 4.9 & UP FREEZER BODY (2,21,FREEZER LARGE,srd,8.2,2.6,2.56,ALUMINIUM,ALUMINIUM,12802.708,12802.71,0.0,PASS,,,
4.9_+_UP_FREEZER_BODY_2~L8.2~W2.6~H2.56~srd, 4.9 & UP FREEZER BODY (2,21,FREEZER LARGE,srd,8.2,2.6,2.56,SUB FRAME + LIGHT BOX ASSY,SUB FRAME + LIGHT BOX ASSY,9920.504025,9920.53,0.0,PASS,,,
4.9_+_UP_FREEZER_BODY_2~L8.2~W2.6~H2.56~srd, 4.9 & UP FREEZER BODY (2,21,FREEZER LARGE,srd,8.2,2.6,2.56,REAR FRAME + FLOOR PLATE,REAR FRAME & FLOOR PLATE,0.0,5432.11,,ACCEPTED,EXTRA_IN_MES,,"[RULING] Burt gates REAR FRAME + FLOOR PLATE on the DRD flags, so a single-rear-door body carries R0 there; MES always includes the section (R2.4k-R5.5k). Which is right needs Burt/Michael."
4.9_+_UP_FREEZER_BODY_2~L8.2~W2.6~H2.56~srd, 4.9 & UP FREEZER BODY (2,21,FREEZER LARGE,srd,8.2,2.6,2.56,SPRAY PAINTING,SPRAY PAINTING,750.0,750.0,0.0,PASS,,,
4.9_+_UP_FREEZER_BODY_2~L8.2~W2.6~H2.56~srd, 4.9 & UP FREEZER BODY (2,21,FREEZER LARGE,srd,8.2,2.6,2.56,REFLEXITE TAPE,REFLEXITE TAPE,344.7,344.7,0.0,PASS,,,
4.9_+_UP_FREEZER_BODY_2~L8.2~W2.6~H2.56~drd, 4.9 & UP FREEZER BODY (2,21,FREEZER LARGE,drd,8.2,2.6,2.56,FRONT,FRONT,5588.153405,5596.29,0.146,PASS,,,
4.9_+_UP_FREEZER_BODY_2~L8.2~W2.6~H2.56~drd, 4.9 & UP FREEZER BODY (2,21,FREEZER LARGE,drd,8.2,2.6,2.56,SRD,,0.0,,,SKIP,,,
4.9_+_UP_FREEZER_BODY_2~L8.2~W2.6~H2.56~drd, 4.9 & UP FREEZER BODY (2,21,FREEZER LARGE,drd,8.2,2.6,2.56,SRD DOOR FITTINGS,,0.0,,,SKIP,,,
4.9_+_UP_FREEZER_BODY_2~L8.2~W2.6~H2.56~drd, 4.9 & UP FREEZER BODY (2,21,FREEZER LARGE,drd,8.2,2.6,2.56,DRD,DRD,6352.841946,6232.97,1.887,ACCEPTED,,GROUP_DIFF 130*62MM TAPPING BLOCKS ~ 2 MES line(s) (-120.00),"[DATA] 130*62MM TAPPING BLOCKS: Excel 2 x R234 per size (R936 a double door) vs MES 6 x R68 per size (R816): R60 per size, 1-3 % of the door section."
4.9_+_UP_FREEZER_BODY_2~L8.2~W2.6~H2.56~drd, 4.9 & UP FREEZER BODY (2,21,FREEZER LARGE,drd,8.2,2.6,2.56,DRD DOOR FITTINGS,DRD DOOR FITTINGS,6438.75928,6438.76,0.0,PASS,,,
4.9_+_UP_FREEZER_BODY_2~L8.2~W2.6~H2.56~drd, 4.9 & UP FREEZER BODY (2,21,FREEZER LARGE,drd,8.2,2.6,2.56,SIDES,SIDES,35953.793562,36378.27,1.181,ACCEPTED,,QTY_DIFF Rhinotex 1150 Bioshield (+147.02),[MES] FREEZER LARGE SIDES skin formulas take the panel height from WIDTH: (length+{Waste})*(width-{ROOF EPS}-{ROOF PU}-{FLOOR EPS}+{Waste}) where Burt uses HEIGHT (C6); +1.2 % at W 2.6 / H 2.56 and growing with the W-H gap.
4.9_+_UP_FREEZER_BODY_2~L8.2~W2.6~H2.56~drd, 4.9 & UP FREEZER BODY (2,21,FREEZER LARGE,drd,8.2,2.6,2.56,ROOF,ROOF,19899.147084,19931.35,0.162,PASS,,,
4.9_+_UP_FREEZER_BODY_2~L8.2~W2.6~H2.56~drd, 4.9 & UP FREEZER BODY (2,21,FREEZER LARGE,drd,8.2,2.6,2.56,FLOOR,FLOOR,37642.592617,38171.97,1.406,ACCEPTED,,QTY_DIFF 100*50 LVL Beam (+529.09),"[DATA] 100*50 LVL Beam quantity: MES ((length+{Waste})/0.356-7.27/1.22)*2.736 = R3 187 vs Burt's beam count x spacing = R3 825 at 4.9 m (-R640, 2.8 % of the section)."
4.9_+_UP_FREEZER_BODY_2~L8.2~W2.6~H2.56~drd, 4.9 & UP FREEZER BODY (2,21,FREEZER LARGE,drd,8.2,2.6,2.56,ALUMINIUM,ALUMINIUM,12802.708,12802.71,0.0,PASS,,,
4.9_+_UP_FREEZER_BODY_2~L8.2~W2.6~H2.56~drd, 4.9 & UP FREEZER BODY (2,21,FREEZER LARGE,drd,8.2,2.6,2.56,SUB FRAME + LIGHT BOX ASSY,SUB FRAME + LIGHT BOX ASSY,9920.504025,9920.53,0.0,PASS,,,
4.9_+_UP_FREEZER_BODY_2~L8.2~W2.6~H2.56~drd, 4.9 & UP FREEZER BODY (2,21,FREEZER LARGE,drd,8.2,2.6,2.56,REAR FRAME + FLOOR PLATE,REAR FRAME & FLOOR PLATE,5432.105904,5432.11,0.0,PASS,,,
4.9_+_UP_FREEZER_BODY_2~L8.2~W2.6~H2.56~drd, 4.9 & UP FREEZER BODY (2,21,FREEZER LARGE,drd,8.2,2.6,2.56,SPRAY PAINTING,SPRAY PAINTING,750.0,750.0,0.0,PASS,,,
4.9_+_UP_FREEZER_BODY_2~L8.2~W2.6~H2.56~drd, 4.9 & UP FREEZER BODY (2,21,FREEZER LARGE,drd,8.2,2.6,2.56,REFLEXITE TAPE,REFLEXITE TAPE,344.7,344.7,0.0,PASS,,,
4.9_+_UP_FREEZER_BODY_2~L8.2~W2.6~H2.56~foam_4g, 4.9 & UP FREEZER BODY (2,21,FREEZER LARGE,foam_4g,8.2,2.6,2.56,FRONT,FRONT,6052.035541,6060.17,0.134,PASS,,,
4.9_+_UP_FREEZER_BODY_2~L8.2~W2.6~H2.56~foam_4g, 4.9 & UP FREEZER BODY (2,21,FREEZER LARGE,foam_4g,8.2,2.6,2.56,SRD,,0.0,,,SKIP,,,
4.9_+_UP_FREEZER_BODY_2~L8.2~W2.6~H2.56~foam_4g, 4.9 & UP FREEZER BODY (2,21,FREEZER LARGE,foam_4g,8.2,2.6,2.56,SRD DOOR FITTINGS,,0.0,,,SKIP,,,
4.9_+_UP_FREEZER_BODY_2~L8.2~W2.6~H2.56~foam_4g, 4.9 & UP FREEZER BODY (2,21,FREEZER LARGE,foam_4g,8.2,2.6,2.56,DRD,DRD,6816.724082,6696.85,1.759,ACCEPTED,,GROUP_DIFF 130*62MM TAPPING BLOCKS ~ 2 MES line(s) (-120.00),"[DATA] 130*62MM TAPPING BLOCKS: Excel 2 x R234 per size (R936 a double door) vs MES 6 x R68 per size (R816): R60 per size, 1-3 % of the door section."
4.9_+_UP_FREEZER_BODY_2~L8.2~W2.6~H2.56~foam_4g, 4.9 & UP FREEZER BODY (2,21,FREEZER LARGE,foam_4g,8.2,2.6,2.56,DRD DOOR FITTINGS,DRD DOOR FITTINGS,6438.75928,6438.76,0.0,PASS,,,
4.9_+_UP_FREEZER_BODY_2~L8.2~W2.6~H2.56~foam_4g, 4.9 & UP FREEZER BODY (2,21,FREEZER LARGE,foam_4g,8.2,2.6,2.56,SIDES,SIDES,39090.70145,39515.18,1.086,ACCEPTED,,QTY_DIFF Rhinotex 1150 Bioshield (+147.02),[MES] FREEZER LARGE SIDES skin formulas take the panel height from WIDTH: (length+{Waste})*(width-{ROOF EPS}-{ROOF PU}-{FLOOR EPS}+{Waste}) where Burt uses HEIGHT (C6); +1.2 % at W 2.6 / H 2.56 and growing with the W-H gap.
4.9_+_UP_FREEZER_BODY_2~L8.2~W2.6~H2.56~foam_4g, 4.9 & UP FREEZER BODY (2,21,FREEZER LARGE,foam_4g,8.2,2.6,2.56,ROOF,ROOF,22513.23699,22545.44,0.143,PASS,,,
4.9_+_UP_FREEZER_BODY_2~L8.2~W2.6~H2.56~foam_4g, 4.9 & UP FREEZER BODY (2,21,FREEZER LARGE,foam_4g,8.2,2.6,2.56,FLOOR,FLOOR,40256.682524,40786.06,1.315,ACCEPTED,,QTY_DIFF 100*50 LVL Beam (+529.09),"[DATA] 100*50 LVL Beam quantity: MES ((length+{Waste})/0.356-7.27/1.22)*2.736 = R3 187 vs Burt's beam count x spacing = R3 825 at 4.9 m (-R640, 2.8 % of the section)."
4.9_+_UP_FREEZER_BODY_2~L8.2~W2.6~H2.56~foam_4g, 4.9 & UP FREEZER BODY (2,21,FREEZER LARGE,foam_4g,8.2,2.6,2.56,ALUMINIUM,ALUMINIUM,12802.708,12802.71,0.0,PASS,,,
4.9_+_UP_FREEZER_BODY_2~L8.2~W2.6~H2.56~foam_4g, 4.9 & UP FREEZER BODY (2,21,FREEZER LARGE,foam_4g,8.2,2.6,2.56,SUB FRAME + LIGHT BOX ASSY,SUB FRAME + LIGHT BOX ASSY,9920.504025,9920.53,0.0,PASS,,,
4.9_+_UP_FREEZER_BODY_2~L8.2~W2.6~H2.56~foam_4g, 4.9 & UP FREEZER BODY (2,21,FREEZER LARGE,foam_4g,8.2,2.6,2.56,REAR FRAME + FLOOR PLATE,REAR FRAME & FLOOR PLATE,5432.105904,5432.11,0.0,PASS,,,
4.9_+_UP_FREEZER_BODY_2~L8.2~W2.6~H2.56~foam_4g, 4.9 & UP FREEZER BODY (2,21,FREEZER LARGE,foam_4g,8.2,2.6,2.56,SPRAY PAINTING,SPRAY PAINTING,750.0,750.0,0.0,PASS,,,
4.9_+_UP_FREEZER_BODY_2~L8.2~W2.6~H2.56~foam_4g, 4.9 & UP FREEZER BODY (2,21,FREEZER LARGE,foam_4g,8.2,2.6,2.56,REFLEXITE TAPE,REFLEXITE TAPE,344.7,344.7,0.0,PASS,,,
