scenario_id,sheet,trailer_id,trailer_name,variant,length,width,height,section_excel,section_mes,excel_total,mes_total,variance_pct,status,reason,likely_cause,accepted_reason
UP_TO_2.3_CHILLER_BODY~L1.8~W1.8~H1.8~as_sheet,UP TO 2.3 CHILLER BODY,25,CHILLER 2.3 METER,as_sheet,1.8,1.8,1.8,FRONT,FRONT,2103.338848,2108.9,0.264,PASS,,,
UP_TO_2.3_CHILLER_BODY~L1.8~W1.8~H1.8~as_sheet,UP TO 2.3 CHILLER BODY,25,CHILLER 2.3 METER,as_sheet,1.8,1.8,1.8,SRD,,0.0,,,SKIP,,,
UP_TO_2.3_CHILLER_BODY~L1.8~W1.8~H1.8~as_sheet,UP TO 2.3 CHILLER BODY,25,CHILLER 2.3 METER,as_sheet,1.8,1.8,1.8,SRD DOOR FITTINGS,,0.0,,,SKIP,,,
UP_TO_2.3_CHILLER_BODY~L1.8~W1.8~H1.8~as_sheet,UP TO 2.3 CHILLER BODY,25,CHILLER 2.3 METER,as_sheet,1.8,1.8,1.8,DRD,DRD,2847.785049,2727.83,4.212,ACCEPTED,,GROUP_DIFF 130*62MM TAPPING BLOCKS ~ 1 MES line(s) (-120.00),"[DATA] 130*62MM TAPPING BLOCKS: Excel 2 x R234 per size (R936 a double door) vs MES 6 x R68 per size (R816): R60 per size, 1-3 % of the door section."
UP_TO_2.3_CHILLER_BODY~L1.8~W1.8~H1.8~as_sheet,UP TO 2.3 CHILLER BODY,25,CHILLER 2.3 METER,as_sheet,1.8,1.8,1.8,DRD DOOR FITTINGS,DRD DOOR FITTINGS,4799.12194,4799.12,0.0,PASS,,,
UP_TO_2.3_CHILLER_BODY~L1.8~W1.8~H1.8~as_sheet,UP TO 2.3 CHILLER BODY,25,CHILLER 2.3 METER,as_sheet,1.8,1.8,1.8,SIDES,SIDES,4671.830585,4658.2,0.292,PASS,,,
UP_TO_2.3_CHILLER_BODY~L1.8~W1.8~H1.8~as_sheet,UP TO 2.3 CHILLER BODY,25,CHILLER 2.3 METER,as_sheet,1.8,1.8,1.8,ROOF,ROOF,2647.321166,2632.68,0.553,PASS,,,
UP_TO_2.3_CHILLER_BODY~L1.8~W1.8~H1.8~as_sheet,UP TO 2.3 CHILLER BODY,25,CHILLER 2.3 METER,as_sheet,1.8,1.8,1.8,FLOOR,FLOOR,5011.562192,5011.56,0.0,PASS,,,
UP_TO_2.3_CHILLER_BODY~L1.8~W1.8~H1.8~as_sheet,UP TO 2.3 CHILLER BODY,25,CHILLER 2.3 METER,as_sheet,1.8,1.8,1.8,ALUMINIUM,ALUMINIUM,3540.816,3540.82,0.0,PASS,,,
UP_TO_2.3_CHILLER_BODY~L1.8~W1.8~H1.8~as_sheet,UP TO 2.3 CHILLER BODY,25,CHILLER 2.3 METER,as_sheet,1.8,1.8,1.8,SUB FRAME + LIGHT BOX ASSY,SUB FRAME + LIGHT BOX ASSY,3082.148426,2925.6,5.079,ACCEPTED,,MISSING_IN_MES 1MM GALV PLATE (-156.55),[DATA] Excel line 1MM GALV PLATE (R157-R240) has no MES line on this body.
UP_TO_2.3_CHILLER_BODY~L1.8~W1.8~H1.8~as_sheet,UP TO 2.3 CHILLER BODY,25,CHILLER 2.3 METER,as_sheet,1.8,1.8,1.8,REAR FRAME + FLOOR PLATE,REAR FRAME & FLOOR PLATE,2447.54552,2447.57,0.001,PASS,,,
UP_TO_2.3_CHILLER_BODY~L1.8~W1.8~H1.8~as_sheet,UP TO 2.3 CHILLER BODY,25,CHILLER 2.3 METER,as_sheet,1.8,1.8,1.8,SPRAY PAINTING,SPRAY PAINTING,750.0,750.0,0.0,PASS,,,
UP_TO_2.3_CHILLER_BODY~L1.8~W1.8~H1.8~all_eps,UP TO 2.3 CHILLER BODY,25,CHILLER 2.3 METER,all_eps,1.8,1.8,1.8,FRONT,FRONT,2103.338848,2108.9,0.264,PASS,,,
UP_TO_2.3_CHILLER_BODY~L1.8~W1.8~H1.8~all_eps,UP TO 2.3 CHILLER BODY,25,CHILLER 2.3 METER,all_eps,1.8,1.8,1.8,SRD,,0.0,,,SKIP,,,
UP_TO_2.3_CHILLER_BODY~L1.8~W1.8~H1.8~all_eps,UP TO 2.3 CHILLER BODY,25,CHILLER 2.3 METER,all_eps,1.8,1.8,1.8,SRD DOOR FITTINGS,,0.0,,,SKIP,,,
UP_TO_2.3_CHILLER_BODY~L1.8~W1.8~H1.8~all_eps,UP TO 2.3 CHILLER BODY,25,CHILLER 2.3 METER,all_eps,1.8,1.8,1.8,DRD,DRD,2847.785049,2727.83,4.212,ACCEPTED,,GROUP_DIFF 130*62MM TAPPING BLOCKS ~ 1 MES line(s) (-120.00),"[DATA] 130*62MM TAPPING BLOCKS: Excel 2 x R234 per size (R936 a double door) vs MES 6 x R68 per size (R816): R60 per size, 1-3 % of the door section."
UP_TO_2.3_CHILLER_BODY~L1.8~W1.8~H1.8~all_eps,UP TO 2.3 CHILLER BODY,25,CHILLER 2.3 METER,all_eps,1.8,1.8,1.8,DRD DOOR FITTINGS,DRD DOOR FITTINGS,4799.12194,4799.12,0.0,PASS,,,
UP_TO_2.3_CHILLER_BODY~L1.8~W1.8~H1.8~all_eps,UP TO 2.3 CHILLER BODY,25,CHILLER 2.3 METER,all_eps,1.8,1.8,1.8,SIDES,SIDES,4671.830585,4658.2,0.292,PASS,,,
UP_TO_2.3_CHILLER_BODY~L1.8~W1.8~H1.8~all_eps,UP TO 2.3 CHILLER BODY,25,CHILLER 2.3 METER,all_eps,1.8,1.8,1.8,ROOF,ROOF,2647.321166,2632.68,0.553,PASS,,,
UP_TO_2.3_CHILLER_BODY~L1.8~W1.8~H1.8~all_eps,UP TO 2.3 CHILLER BODY,25,CHILLER 2.3 METER,all_eps,1.8,1.8,1.8,FLOOR,FLOOR,5011.562192,5011.56,0.0,PASS,,,
UP_TO_2.3_CHILLER_BODY~L1.8~W1.8~H1.8~all_eps,UP TO 2.3 CHILLER BODY,25,CHILLER 2.3 METER,all_eps,1.8,1.8,1.8,ALUMINIUM,ALUMINIUM,3540.816,3540.82,0.0,PASS,,,
UP_TO_2.3_CHILLER_BODY~L1.8~W1.8~H1.8~all_eps,UP TO 2.3 CHILLER BODY,25,CHILLER 2.3 METER,all_eps,1.8,1.8,1.8,SUB FRAME + LIGHT BOX ASSY,SUB FRAME + LIGHT BOX ASSY,3082.148426,2925.6,5.079,ACCEPTED,,MISSING_IN_MES 1MM GALV PLATE (-156.55),[DATA] Excel line 1MM GALV PLATE (R157-R240) has no MES line on this body.
UP_TO_2.3_CHILLER_BODY~L1.8~W1.8~H1.8~all_eps,UP TO 2.3 CHILLER BODY,25,CHILLER 2.3 METER,all_eps,1.8,1.8,1.8,REAR FRAME + FLOOR PLATE,REAR FRAME & FLOOR PLATE,2447.54552,2447.57,0.001,PASS,,,
UP_TO_2.3_CHILLER_BODY~L1.8~W1.8~H1.8~all_eps,UP TO 2.3 CHILLER BODY,25,CHILLER 2.3 METER,all_eps,1.8,1.8,1.8,SPRAY PAINTING,SPRAY PAINTING,750.0,750.0,0.0,PASS,,,
UP_TO_2.3_CHILLER_BODY~L1.8~W1.8~H1.8~all_pu,UP TO 2.3 CHILLER BODY,25,CHILLER 2.3 METER,all_pu,1.8,1.8,1.8,FRONT,FRONT,2325.74899,1750.83,24.72,ACCEPTED,,QTY_DIFF PU (-551.31) [ZERO_FORMULA],"[MES] chiller PU insulation lines carry a literal x0 quantity formula (2.44*1.22*0*2, 1.22*2.44*0*(length+{Waste})/1.22): PU prices at R0 on FRONT/SIDES/ROOF/FLOOR (ZERO_FORMULA); the icecream/freezer bodies use {PANEL PU} tokens and price live. SIDES/ROOF/FLOOR skins also hard-code both roof and floor deductions where Burt's cells deduct only the roof under PU."
UP_TO_2.3_CHILLER_BODY~L1.8~W1.8~H1.8~all_pu,UP TO 2.3 CHILLER BODY,25,CHILLER 2.3 METER,all_pu,1.8,1.8,1.8,SRD,,0.0,,,SKIP,,,
UP_TO_2.3_CHILLER_BODY~L1.8~W1.8~H1.8~all_pu,UP TO 2.3 CHILLER BODY,25,CHILLER 2.3 METER,all_pu,1.8,1.8,1.8,SRD DOOR FITTINGS,,0.0,,,SKIP,,,
UP_TO_2.3_CHILLER_BODY~L1.8~W1.8~H1.8~all_pu,UP TO 2.3 CHILLER BODY,25,CHILLER 2.3 METER,all_pu,1.8,1.8,1.8,DRD,DRD,3484.659832,14586.54,318.593,ACCEPTED,,PRICE_DIFF PU (+11653.57),[MES] DRD PU line priced at the raw 32D rate (R4 100 x 2.98 sheets) instead of the per-sheet price Burt uses (R185.20/sheet): MES DRD +R11.6k (2.3 chiller) / +R23.3k (4.9 chiller) under PU.
UP_TO_2.3_CHILLER_BODY~L1.8~W1.8~H1.8~all_pu,UP TO 2.3 CHILLER BODY,25,CHILLER 2.3 METER,all_pu,1.8,1.8,1.8,DRD DOOR FITTINGS,DRD DOOR FITTINGS,4862.51126,4862.51,0.0,PASS,,,
UP_TO_2.3_CHILLER_BODY~L1.8~W1.8~H1.8~all_pu,UP TO 2.3 CHILLER BODY,25,CHILLER 2.3 METER,all_pu,1.8,1.8,1.8,SIDES,SIDES,5070.237439,3804.02,24.974,ACCEPTED,,BOTH PU (-1102.61) [ZERO_FORMULA],"[MES] chiller PU insulation lines carry a literal x0 quantity formula (2.44*1.22*0*2, 1.22*2.44*0*(length+{Waste})/1.22): PU prices at R0 on FRONT/SIDES/ROOF/FLOOR (ZERO_FORMULA); the icecream/freezer bodies use {PANEL PU} tokens and price live. SIDES/ROOF/FLOOR skins also hard-code both roof and floor deductions where Burt's cells deduct only the roof under PU."
UP_TO_2.3_CHILLER_BODY~L1.8~W1.8~H1.8~all_pu,UP TO 2.3 CHILLER BODY,25,CHILLER 2.3 METER,all_pu,1.8,1.8,1.8,ROOF,ROOF,2809.815597,2096.86,25.374,ACCEPTED,,BOTH PU (-698.32) [ZERO_FORMULA],"[MES] chiller PU insulation lines carry a literal x0 quantity formula (2.44*1.22*0*2, 1.22*2.44*0*(length+{Waste})/1.22): PU prices at R0 on FRONT/SIDES/ROOF/FLOOR (ZERO_FORMULA); the icecream/freezer bodies use {PANEL PU} tokens and price live. SIDES/ROOF/FLOOR skins also hard-code both roof and floor deductions where Burt's cells deduct only the roof under PU."
UP_TO_2.3_CHILLER_BODY~L1.8~W1.8~H1.8~all_pu,UP TO 2.3 CHILLER BODY,25,CHILLER 2.3 METER,all_pu,1.8,1.8,1.8,FLOOR,FLOOR,5174.056623,4475.74,13.497,ACCEPTED,,BOTH PU (-698.32) [ZERO_FORMULA],"[MES] chiller PU insulation lines carry a literal x0 quantity formula (2.44*1.22*0*2, 1.22*2.44*0*(length+{Waste})/1.22): PU prices at R0 on FRONT/SIDES/ROOF/FLOOR (ZERO_FORMULA); the icecream/freezer bodies use {PANEL PU} tokens and price live. SIDES/ROOF/FLOOR skins also hard-code both roof and floor deductions where Burt's cells deduct only the roof under PU."
UP_TO_2.3_CHILLER_BODY~L1.8~W1.8~H1.8~all_pu,UP TO 2.3 CHILLER BODY,25,CHILLER 2.3 METER,all_pu,1.8,1.8,1.8,ALUMINIUM,ALUMINIUM,3540.816,3540.82,0.0,PASS,,,
UP_TO_2.3_CHILLER_BODY~L1.8~W1.8~H1.8~all_pu,UP TO 2.3 CHILLER BODY,25,CHILLER 2.3 METER,all_pu,1.8,1.8,1.8,SUB FRAME + LIGHT BOX ASSY,SUB FRAME + LIGHT BOX ASSY,3082.148426,2925.6,5.079,ACCEPTED,,MISSING_IN_MES 1MM GALV PLATE (-156.55),[DATA] Excel line 1MM GALV PLATE (R157-R240) has no MES line on this body.
UP_TO_2.3_CHILLER_BODY~L1.8~W1.8~H1.8~all_pu,UP TO 2.3 CHILLER BODY,25,CHILLER 2.3 METER,all_pu,1.8,1.8,1.8,REAR FRAME + FLOOR PLATE,REAR FRAME & FLOOR PLATE,2447.54552,2447.57,0.001,PASS,,,
UP_TO_2.3_CHILLER_BODY~L1.8~W1.8~H1.8~all_pu,UP TO 2.3 CHILLER BODY,25,CHILLER 2.3 METER,all_pu,1.8,1.8,1.8,SPRAY PAINTING,SPRAY PAINTING,750.0,750.0,0.0,PASS,,,
UP_TO_2.3_CHILLER_BODY~L1.8~W1.8~H1.8~srd,UP TO 2.3 CHILLER BODY,25,CHILLER 2.3 METER,srd,1.8,1.8,1.8,FRONT,FRONT,2103.338848,2108.9,0.264,PASS,,,
UP_TO_2.3_CHILLER_BODY~L1.8~W1.8~H1.8~srd,UP TO 2.3 CHILLER BODY,25,CHILLER 2.3 METER,srd,1.8,1.8,1.8,SRD,SRD,2315.702868,1856.3,19.839,ACCEPTED,,BOTH EPS (-399.39) [ZERO_FORMULA],[MES] SRD EPS line formula ends in *0 (ZERO_FORMULA) on the chillers: EPS on a single rear door prices at R0 (-R400 to -R780); the 4MM PF PLYWOOD / GLUE LINE rows under SRD are R0 on Burt's side instead.
UP_TO_2.3_CHILLER_BODY~L1.8~W1.8~H1.8~srd,UP TO 2.3 CHILLER BODY,25,CHILLER 2.3 METER,srd,1.8,1.8,1.8,SRD DOOR FITTINGS,SRD DOOR FITTINGS,5501.00542,5970.8,8.54,ACCEPTED,,PRICE_DIFF CSLB HINGES (+293.46),"[DATA] SRD DOOR FITTINGS on every body: MES CSLB HINGES R293.46 x2 (Excel R146.73 x2 - the pair price applied per hinge) and SILPLUS X WHITE R232.30 (Excel R116.15); per body also 34MM LOCKING POLE R126 (Excel R42), 28782 BIG HORIZ CAPPING R197.20 (Excel R240.58), ALU CORNERS R45 (Excel R54.90), 28780 BIG VERTICAL renamed 28778; Burt prices 2317 DOOR RUBBER / 28777 DOOR CAPPING at R0 on some sheets."
UP_TO_2.3_CHILLER_BODY~L1.8~W1.8~H1.8~srd,UP TO 2.3 CHILLER BODY,25,CHILLER 2.3 METER,srd,1.8,1.8,1.8,DRD,,0.0,,,SKIP,,,
UP_TO_2.3_CHILLER_BODY~L1.8~W1.8~H1.8~srd,UP TO 2.3 CHILLER BODY,25,CHILLER 2.3 METER,srd,1.8,1.8,1.8,DRD DOOR FITTINGS,,0.0,,,SKIP,,,
UP_TO_2.3_CHILLER_BODY~L1.8~W1.8~H1.8~srd,UP TO 2.3 CHILLER BODY,25,CHILLER 2.3 METER,srd,1.8,1.8,1.8,SIDES,SIDES,4671.830585,4658.2,0.292,PASS,,,
UP_TO_2.3_CHILLER_BODY~L1.8~W1.8~H1.8~srd,UP TO 2.3 CHILLER BODY,25,CHILLER 2.3 METER,srd,1.8,1.8,1.8,ROOF,ROOF,2647.321166,2632.68,0.553,PASS,,,
UP_TO_2.3_CHILLER_BODY~L1.8~W1.8~H1.8~srd,UP TO 2.3 CHILLER BODY,25,CHILLER 2.3 METER,srd,1.8,1.8,1.8,FLOOR,FLOOR,5011.562192,5011.56,0.0,PASS,,,
UP_TO_2.3_CHILLER_BODY~L1.8~W1.8~H1.8~srd,UP TO 2.3 CHILLER BODY,25,CHILLER 2.3 METER,srd,1.8,1.8,1.8,ALUMINIUM,ALUMINIUM,3540.816,3540.82,0.0,PASS,,,
UP_TO_2.3_CHILLER_BODY~L1.8~W1.8~H1.8~srd,UP TO 2.3 CHILLER BODY,25,CHILLER 2.3 METER,srd,1.8,1.8,1.8,SUB FRAME + LIGHT BOX ASSY,SUB FRAME + LIGHT BOX ASSY,3082.148426,2925.6,5.079,ACCEPTED,,MISSING_IN_MES 1MM GALV PLATE (-156.55),[DATA] Excel line 1MM GALV PLATE (R157-R240) has no MES line on this body.
UP_TO_2.3_CHILLER_BODY~L1.8~W1.8~H1.8~srd,UP TO 2.3 CHILLER BODY,25,CHILLER 2.3 METER,srd,1.8,1.8,1.8,REAR FRAME + FLOOR PLATE,REAR FRAME & FLOOR PLATE,0.0,2447.57,,ACCEPTED,EXTRA_IN_MES,,"[RULING] Burt gates REAR FRAME + FLOOR PLATE on the DRD flags, so a single-rear-door body carries R0 there; MES always includes the section (R2.4k-R5.5k). Which is right needs Burt/Michael."
UP_TO_2.3_CHILLER_BODY~L1.8~W1.8~H1.8~srd,UP TO 2.3 CHILLER BODY,25,CHILLER 2.3 METER,srd,1.8,1.8,1.8,SPRAY PAINTING,SPRAY PAINTING,750.0,750.0,0.0,PASS,,,
UP_TO_2.3_CHILLER_BODY~L1.8~W1.8~H1.8~drd,UP TO 2.3 CHILLER BODY,25,CHILLER 2.3 METER,drd,1.8,1.8,1.8,FRONT,FRONT,2103.338848,2108.9,0.264,PASS,,,
UP_TO_2.3_CHILLER_BODY~L1.8~W1.8~H1.8~drd,UP TO 2.3 CHILLER BODY,25,CHILLER 2.3 METER,drd,1.8,1.8,1.8,SRD,,0.0,,,SKIP,,,
UP_TO_2.3_CHILLER_BODY~L1.8~W1.8~H1.8~drd,UP TO 2.3 CHILLER BODY,25,CHILLER 2.3 METER,drd,1.8,1.8,1.8,SRD DOOR FITTINGS,,0.0,,,SKIP,,,
UP_TO_2.3_CHILLER_BODY~L1.8~W1.8~H1.8~drd,UP TO 2.3 CHILLER BODY,25,CHILLER 2.3 METER,drd,1.8,1.8,1.8,DRD,DRD,2847.785049,2727.83,4.212,ACCEPTED,,GROUP_DIFF 130*62MM TAPPING BLOCKS ~ 1 MES line(s) (-120.00),"[DATA] 130*62MM TAPPING BLOCKS: Excel 2 x R234 per size (R936 a double door) vs MES 6 x R68 per size (R816): R60 per size, 1-3 % of the door section."
UP_TO_2.3_CHILLER_BODY~L1.8~W1.8~H1.8~drd,UP TO 2.3 CHILLER BODY,25,CHILLER 2.3 METER,drd,1.8,1.8,1.8,DRD DOOR FITTINGS,DRD DOOR FITTINGS,4799.12194,4799.12,0.0,PASS,,,
UP_TO_2.3_CHILLER_BODY~L1.8~W1.8~H1.8~drd,UP TO 2.3 CHILLER BODY,25,CHILLER 2.3 METER,drd,1.8,1.8,1.8,SIDES,SIDES,4671.830585,4658.2,0.292,PASS,,,
UP_TO_2.3_CHILLER_BODY~L1.8~W1.8~H1.8~drd,UP TO 2.3 CHILLER BODY,25,CHILLER 2.3 METER,drd,1.8,1.8,1.8,ROOF,ROOF,2647.321166,2632.68,0.553,PASS,,,
UP_TO_2.3_CHILLER_BODY~L1.8~W1.8~H1.8~drd,UP TO 2.3 CHILLER BODY,25,CHILLER 2.3 METER,drd,1.8,1.8,1.8,FLOOR,FLOOR,5011.562192,5011.56,0.0,PASS,,,
UP_TO_2.3_CHILLER_BODY~L1.8~W1.8~H1.8~drd,UP TO 2.3 CHILLER BODY,25,CHILLER 2.3 METER,drd,1.8,1.8,1.8,ALUMINIUM,ALUMINIUM,3540.816,3540.82,0.0,PASS,,,
UP_TO_2.3_CHILLER_BODY~L1.8~W1.8~H1.8~drd,UP TO 2.3 CHILLER BODY,25,CHILLER 2.3 METER,drd,1.8,1.8,1.8,SUB FRAME + LIGHT BOX ASSY,SUB FRAME + LIGHT BOX ASSY,3082.148426,2925.6,5.079,ACCEPTED,,MISSING_IN_MES 1MM GALV PLATE (-156.55),[DATA] Excel line 1MM GALV PLATE (R157-R240) has no MES line on this body.
UP_TO_2.3_CHILLER_BODY~L1.8~W1.8~H1.8~drd,UP TO 2.3 CHILLER BODY,25,CHILLER 2.3 METER,drd,1.8,1.8,1.8,REAR FRAME + FLOOR PLATE,REAR FRAME & FLOOR PLATE,2447.54552,2447.57,0.001,PASS,,,
UP_TO_2.3_CHILLER_BODY~L1.8~W1.8~H1.8~drd,UP TO 2.3 CHILLER BODY,25,CHILLER 2.3 METER,drd,1.8,1.8,1.8,SPRAY PAINTING,SPRAY PAINTING,750.0,750.0,0.0,PASS,,,
UP_TO_2.3_CHILLER_BODY~L1.8~W1.8~H1.8~foam_4g,UP TO 2.3 CHILLER BODY,25,CHILLER 2.3 METER,foam_4g,1.8,1.8,1.8,FRONT,FRONT,2103.338848,2108.9,0.264,PASS,,,
UP_TO_2.3_CHILLER_BODY~L1.8~W1.8~H1.8~foam_4g,UP TO 2.3 CHILLER BODY,25,CHILLER 2.3 METER,foam_4g,1.8,1.8,1.8,SRD,,0.0,,,SKIP,,,
UP_TO_2.3_CHILLER_BODY~L1.8~W1.8~H1.8~foam_4g,UP TO 2.3 CHILLER BODY,25,CHILLER 2.3 METER,foam_4g,1.8,1.8,1.8,SRD DOOR FITTINGS,,0.0,,,SKIP,,,
UP_TO_2.3_CHILLER_BODY~L1.8~W1.8~H1.8~foam_4g,UP TO 2.3 CHILLER BODY,25,CHILLER 2.3 METER,foam_4g,1.8,1.8,1.8,DRD,DRD,2847.785049,2727.83,4.212,ACCEPTED,,GROUP_DIFF 130*62MM TAPPING BLOCKS ~ 1 MES line(s) (-120.00),"[DATA] 130*62MM TAPPING BLOCKS: Excel 2 x R234 per size (R936 a double door) vs MES 6 x R68 per size (R816): R60 per size, 1-3 % of the door section."
UP_TO_2.3_CHILLER_BODY~L1.8~W1.8~H1.8~foam_4g,UP TO 2.3 CHILLER BODY,25,CHILLER 2.3 METER,foam_4g,1.8,1.8,1.8,DRD DOOR FITTINGS,DRD DOOR FITTINGS,4799.12194,4799.12,0.0,PASS,,,
UP_TO_2.3_CHILLER_BODY~L1.8~W1.8~H1.8~foam_4g,UP TO 2.3 CHILLER BODY,25,CHILLER 2.3 METER,foam_4g,1.8,1.8,1.8,SIDES,SIDES,4671.830585,4658.2,0.292,PASS,,,
UP_TO_2.3_CHILLER_BODY~L1.8~W1.8~H1.8~foam_4g,UP TO 2.3 CHILLER BODY,25,CHILLER 2.3 METER,foam_4g,1.8,1.8,1.8,ROOF,ROOF,2647.321166,2632.68,0.553,PASS,,,
UP_TO_2.3_CHILLER_BODY~L1.8~W1.8~H1.8~foam_4g,UP TO 2.3 CHILLER BODY,25,CHILLER 2.3 METER,foam_4g,1.8,1.8,1.8,FLOOR,FLOOR,5011.562192,5011.56,0.0,PASS,,,
UP_TO_2.3_CHILLER_BODY~L1.8~W1.8~H1.8~foam_4g,UP TO 2.3 CHILLER BODY,25,CHILLER 2.3 METER,foam_4g,1.8,1.8,1.8,ALUMINIUM,ALUMINIUM,3540.816,3540.82,0.0,PASS,,,
UP_TO_2.3_CHILLER_BODY~L1.8~W1.8~H1.8~foam_4g,UP TO 2.3 CHILLER BODY,25,CHILLER 2.3 METER,foam_4g,1.8,1.8,1.8,SUB FRAME + LIGHT BOX ASSY,SUB FRAME + LIGHT BOX ASSY,3082.148426,2925.6,5.079,ACCEPTED,,MISSING_IN_MES 1MM GALV PLATE (-156.55),[DATA] Excel line 1MM GALV PLATE (R157-R240) has no MES line on this body.
UP_TO_2.3_CHILLER_BODY~L1.8~W1.8~H1.8~foam_4g,UP TO 2.3 CHILLER BODY,25,CHILLER 2.3 METER,foam_4g,1.8,1.8,1.8,REAR FRAME + FLOOR PLATE,REAR FRAME & FLOOR PLATE,2447.54552,2447.57,0.001,PASS,,,
UP_TO_2.3_CHILLER_BODY~L1.8~W1.8~H1.8~foam_4g,UP TO 2.3 CHILLER BODY,25,CHILLER 2.3 METER,foam_4g,1.8,1.8,1.8,SPRAY PAINTING,SPRAY PAINTING,750.0,750.0,0.0,PASS,,,
UP_TO_2.3_CHILLER_BODY~L2.3~W1.8~H1.8~as_sheet,UP TO 2.3 CHILLER BODY,25,CHILLER 2.3 METER,as_sheet,2.3,1.8,1.8,FRONT,FRONT,2103.338848,2108.9,0.264,PASS,,,
UP_TO_2.3_CHILLER_BODY~L2.3~W1.8~H1.8~as_sheet,UP TO 2.3 CHILLER BODY,25,CHILLER 2.3 METER,as_sheet,2.3,1.8,1.8,SRD,,0.0,,,SKIP,,,
UP_TO_2.3_CHILLER_BODY~L2.3~W1.8~H1.8~as_sheet,UP TO 2.3 CHILLER BODY,25,CHILLER 2.3 METER,as_sheet,2.3,1.8,1.8,SRD DOOR FITTINGS,,0.0,,,SKIP,,,
UP_TO_2.3_CHILLER_BODY~L2.3~W1.8~H1.8~as_sheet,UP TO 2.3 CHILLER BODY,25,CHILLER 2.3 METER,as_sheet,2.3,1.8,1.8,DRD,DRD,2847.785049,2727.83,4.212,ACCEPTED,,GROUP_DIFF 130*62MM TAPPING BLOCKS ~ 1 MES line(s) (-120.00),"[DATA] 130*62MM TAPPING BLOCKS: Excel 2 x R234 per size (R936 a double door) vs MES 6 x R68 per size (R816): R60 per size, 1-3 % of the door section."
UP_TO_2.3_CHILLER_BODY~L2.3~W1.8~H1.8~as_sheet,UP TO 2.3 CHILLER BODY,25,CHILLER 2.3 METER,as_sheet,2.3,1.8,1.8,DRD DOOR FITTINGS,DRD DOOR FITTINGS,4799.12194,4799.12,0.0,PASS,,,
UP_TO_2.3_CHILLER_BODY~L2.3~W1.8~H1.8~as_sheet,UP TO 2.3 CHILLER BODY,25,CHILLER 2.3 METER,as_sheet,2.3,1.8,1.8,SIDES,SIDES,5814.439848,5798.9,0.267,PASS,,,
UP_TO_2.3_CHILLER_BODY~L2.3~W1.8~H1.8~as_sheet,UP TO 2.3 CHILLER BODY,25,CHILLER 2.3 METER,as_sheet,2.3,1.8,1.8,ROOF,ROOF,3292.605278,3275.99,0.505,PASS,,,
UP_TO_2.3_CHILLER_BODY~L2.3~W1.8~H1.8~as_sheet,UP TO 2.3 CHILLER BODY,25,CHILLER 2.3 METER,as_sheet,2.3,1.8,1.8,FLOOR,FLOOR,6094.167818,6094.17,0.0,PASS,,,
UP_TO_2.3_CHILLER_BODY~L2.3~W1.8~H1.8~as_sheet,UP TO 2.3 CHILLER BODY,25,CHILLER 2.3 METER,as_sheet,2.3,1.8,1.8,ALUMINIUM,ALUMINIUM,4084.066,4084.07,0.0,PASS,,,
UP_TO_2.3_CHILLER_BODY~L2.3~W1.8~H1.8~as_sheet,UP TO 2.3 CHILLER BODY,25,CHILLER 2.3 METER,as_sheet,2.3,1.8,1.8,SUB FRAME + LIGHT BOX ASSY,SUB FRAME + LIGHT BOX ASSY,3237.538286,3080.99,4.835,ACCEPTED,,MISSING_IN_MES 1MM GALV PLATE (-156.55),[DATA] Excel line 1MM GALV PLATE (R157-R240) has no MES line on this body.
UP_TO_2.3_CHILLER_BODY~L2.3~W1.8~H1.8~as_sheet,UP TO 2.3 CHILLER BODY,25,CHILLER 2.3 METER,as_sheet,2.3,1.8,1.8,REAR FRAME + FLOOR PLATE,REAR FRAME & FLOOR PLATE,2447.54552,2447.57,0.001,PASS,,,
UP_TO_2.3_CHILLER_BODY~L2.3~W1.8~H1.8~as_sheet,UP TO 2.3 CHILLER BODY,25,CHILLER 2.3 METER,as_sheet,2.3,1.8,1.8,SPRAY PAINTING,SPRAY PAINTING,750.0,750.0,0.0,PASS,,,
UP_TO_2.3_CHILLER_BODY~L2.3~W1.8~H1.8~all_eps,UP TO 2.3 CHILLER BODY,25,CHILLER 2.3 METER,all_eps,2.3,1.8,1.8,FRONT,FRONT,2103.338848,2108.9,0.264,PASS,,,
UP_TO_2.3_CHILLER_BODY~L2.3~W1.8~H1.8~all_eps,UP TO 2.3 CHILLER BODY,25,CHILLER 2.3 METER,all_eps,2.3,1.8,1.8,SRD,,0.0,,,SKIP,,,
UP_TO_2.3_CHILLER_BODY~L2.3~W1.8~H1.8~all_eps,UP TO 2.3 CHILLER BODY,25,CHILLER 2.3 METER,all_eps,2.3,1.8,1.8,SRD DOOR FITTINGS,,0.0,,,SKIP,,,
UP_TO_2.3_CHILLER_BODY~L2.3~W1.8~H1.8~all_eps,UP TO 2.3 CHILLER BODY,25,CHILLER 2.3 METER,all_eps,2.3,1.8,1.8,DRD,DRD,2847.785049,2727.83,4.212,ACCEPTED,,GROUP_DIFF 130*62MM TAPPING BLOCKS ~ 1 MES line(s) (-120.00),"[DATA] 130*62MM TAPPING BLOCKS: Excel 2 x R234 per size (R936 a double door) vs MES 6 x R68 per size (R816): R60 per size, 1-3 % of the door section."
UP_TO_2.3_CHILLER_BODY~L2.3~W1.8~H1.8~all_eps,UP TO 2.3 CHILLER BODY,25,CHILLER 2.3 METER,all_eps,2.3,1.8,1.8,DRD DOOR FITTINGS,DRD DOOR FITTINGS,4799.12194,4799.12,0.0,PASS,,,
UP_TO_2.3_CHILLER_BODY~L2.3~W1.8~H1.8~all_eps,UP TO 2.3 CHILLER BODY,25,CHILLER 2.3 METER,all_eps,2.3,1.8,1.8,SIDES,SIDES,5814.439848,5798.9,0.267,PASS,,,
UP_TO_2.3_CHILLER_BODY~L2.3~W1.8~H1.8~all_eps,UP TO 2.3 CHILLER BODY,25,CHILLER 2.3 METER,all_eps,2.3,1.8,1.8,ROOF,ROOF,3292.605278,3275.99,0.505,PASS,,,
UP_TO_2.3_CHILLER_BODY~L2.3~W1.8~H1.8~all_eps,UP TO 2.3 CHILLER BODY,25,CHILLER 2.3 METER,all_eps,2.3,1.8,1.8,FLOOR,FLOOR,6094.167818,6094.17,0.0,PASS,,,
UP_TO_2.3_CHILLER_BODY~L2.3~W1.8~H1.8~all_eps,UP TO 2.3 CHILLER BODY,25,CHILLER 2.3 METER,all_eps,2.3,1.8,1.8,ALUMINIUM,ALUMINIUM,4084.066,4084.07,0.0,PASS,,,
UP_TO_2.3_CHILLER_BODY~L2.3~W1.8~H1.8~all_eps,UP TO 2.3 CHILLER BODY,25,CHILLER 2.3 METER,all_eps,2.3,1.8,1.8,SUB FRAME + LIGHT BOX ASSY,SUB FRAME + LIGHT BOX ASSY,3237.538286,3080.99,4.835,ACCEPTED,,MISSING_IN_MES 1MM GALV PLATE (-156.55),[DATA] Excel line 1MM GALV PLATE (R157-R240) has no MES line on this body.
UP_TO_2.3_CHILLER_BODY~L2.3~W1.8~H1.8~all_eps,UP TO 2.3 CHILLER BODY,25,CHILLER 2.3 METER,all_eps,2.3,1.8,1.8,REAR FRAME + FLOOR PLATE,REAR FRAME & FLOOR PLATE,2447.54552,2447.57,0.001,PASS,,,
UP_TO_2.3_CHILLER_BODY~L2.3~W1.8~H1.8~all_eps,UP TO 2.3 CHILLER BODY,25,CHILLER 2.3 METER,all_eps,2.3,1.8,1.8,SPRAY PAINTING,SPRAY PAINTING,750.0,750.0,0.0,PASS,,,
UP_TO_2.3_CHILLER_BODY~L2.3~W1.8~H1.8~all_pu,UP TO 2.3 CHILLER BODY,25,CHILLER 2.3 METER,all_pu,2.3,1.8,1.8,FRONT,FRONT,2325.74899,1750.83,24.72,ACCEPTED,,QTY_DIFF PU (-551.31) [ZERO_FORMULA],"[MES] chiller PU insulation lines carry a literal x0 quantity formula (2.44*1.22*0*2, 1.22*2.44*0*(length+{Waste})/1.22): PU prices at R0 on FRONT/SIDES/ROOF/FLOOR (ZERO_FORMULA); the icecream/freezer bodies use {PANEL PU} tokens and price live. SIDES/ROOF/FLOOR skins also hard-code both roof and floor deductions where Burt's cells deduct only the roof under PU."
UP_TO_2.3_CHILLER_BODY~L2.3~W1.8~H1.8~all_pu,UP TO 2.3 CHILLER BODY,25,CHILLER 2.3 METER,all_pu,2.3,1.8,1.8,SRD,,0.0,,,SKIP,,,
UP_TO_2.3_CHILLER_BODY~L2.3~W1.8~H1.8~all_pu,UP TO 2.3 CHILLER BODY,25,CHILLER 2.3 METER,all_pu,2.3,1.8,1.8,SRD DOOR FITTINGS,,0.0,,,SKIP,,,
UP_TO_2.3_CHILLER_BODY~L2.3~W1.8~H1.8~all_pu,UP TO 2.3 CHILLER BODY,25,CHILLER 2.3 METER,all_pu,2.3,1.8,1.8,DRD,DRD,3484.659832,14586.54,318.593,ACCEPTED,,PRICE_DIFF PU (+11653.57),[MES] DRD PU line priced at the raw 32D rate (R4 100 x 2.98 sheets) instead of the per-sheet price Burt uses (R185.20/sheet): MES DRD +R11.6k (2.3 chiller) / +R23.3k (4.9 chiller) under PU.
UP_TO_2.3_CHILLER_BODY~L2.3~W1.8~H1.8~all_pu,UP TO 2.3 CHILLER BODY,25,CHILLER 2.3 METER,all_pu,2.3,1.8,1.8,DRD DOOR FITTINGS,DRD DOOR FITTINGS,4862.51126,4862.51,0.0,PASS,,,
UP_TO_2.3_CHILLER_BODY~L2.3~W1.8~H1.8~all_pu,UP TO 2.3 CHILLER BODY,25,CHILLER 2.3 METER,all_pu,2.3,1.8,1.8,SIDES,SIDES,6019.457408,4713.86,21.69,ACCEPTED,,BOTH PU (-1102.61) [ZERO_FORMULA],"[MES] chiller PU insulation lines carry a literal x0 quantity formula (2.44*1.22*0*2, 1.22*2.44*0*(length+{Waste})/1.22): PU prices at R0 on FRONT/SIDES/ROOF/FLOOR (ZERO_FORMULA); the icecream/freezer bodies use {PANEL PU} tokens and price live. SIDES/ROOF/FLOOR skins also hard-code both roof and floor deductions where Burt's cells deduct only the roof under PU."
UP_TO_2.3_CHILLER_BODY~L2.3~W1.8~H1.8~all_pu,UP TO 2.3 CHILLER BODY,25,CHILLER 2.3 METER,all_pu,2.3,1.8,1.8,ROOF,ROOF,3310.281709,2595.34,21.598,ACCEPTED,,BOTH PU (-698.32) [ZERO_FORMULA],"[MES] chiller PU insulation lines carry a literal x0 quantity formula (2.44*1.22*0*2, 1.22*2.44*0*(length+{Waste})/1.22): PU prices at R0 on FRONT/SIDES/ROOF/FLOOR (ZERO_FORMULA); the icecream/freezer bodies use {PANEL PU} tokens and price live. SIDES/ROOF/FLOOR skins also hard-code both roof and floor deductions where Burt's cells deduct only the roof under PU."
UP_TO_2.3_CHILLER_BODY~L2.3~W1.8~H1.8~all_pu,UP TO 2.3 CHILLER BODY,25,CHILLER 2.3 METER,all_pu,2.3,1.8,1.8,FLOOR,FLOOR,6111.844249,5413.52,11.426,ACCEPTED,,BOTH PU (-698.32) [ZERO_FORMULA],"[MES] chiller PU insulation lines carry a literal x0 quantity formula (2.44*1.22*0*2, 1.22*2.44*0*(length+{Waste})/1.22): PU prices at R0 on FRONT/SIDES/ROOF/FLOOR (ZERO_FORMULA); the icecream/freezer bodies use {PANEL PU} tokens and price live. SIDES/ROOF/FLOOR skins also hard-code both roof and floor deductions where Burt's cells deduct only the roof under PU."
UP_TO_2.3_CHILLER_BODY~L2.3~W1.8~H1.8~all_pu,UP TO 2.3 CHILLER BODY,25,CHILLER 2.3 METER,all_pu,2.3,1.8,1.8,ALUMINIUM,ALUMINIUM,4084.066,4084.07,0.0,PASS,,,
UP_TO_2.3_CHILLER_BODY~L2.3~W1.8~H1.8~all_pu,UP TO 2.3 CHILLER BODY,25,CHILLER 2.3 METER,all_pu,2.3,1.8,1.8,SUB FRAME + LIGHT BOX ASSY,SUB FRAME + LIGHT BOX ASSY,3237.538286,3080.99,4.835,ACCEPTED,,MISSING_IN_MES 1MM GALV PLATE (-156.55),[DATA] Excel line 1MM GALV PLATE (R157-R240) has no MES line on this body.
UP_TO_2.3_CHILLER_BODY~L2.3~W1.8~H1.8~all_pu,UP TO 2.3 CHILLER BODY,25,CHILLER 2.3 METER,all_pu,2.3,1.8,1.8,REAR FRAME + FLOOR PLATE,REAR FRAME & FLOOR PLATE,2447.54552,2447.57,0.001,PASS,,,
UP_TO_2.3_CHILLER_BODY~L2.3~W1.8~H1.8~all_pu,UP TO 2.3 CHILLER BODY,25,CHILLER 2.3 METER,all_pu,2.3,1.8,1.8,SPRAY PAINTING,SPRAY PAINTING,750.0,750.0,0.0,PASS,,,
UP_TO_2.3_CHILLER_BODY~L2.3~W1.8~H1.8~srd,UP TO 2.3 CHILLER BODY,25,CHILLER 2.3 METER,srd,2.3,1.8,1.8,FRONT,FRONT,2103.338848,2108.9,0.264,PASS,,,
UP_TO_2.3_CHILLER_BODY~L2.3~W1.8~H1.8~srd,UP TO 2.3 CHILLER BODY,25,CHILLER 2.3 METER,srd,2.3,1.8,1.8,SRD,SRD,2315.702868,1856.3,19.839,ACCEPTED,,BOTH EPS (-399.39) [ZERO_FORMULA],[MES] SRD EPS line formula ends in *0 (ZERO_FORMULA) on the chillers: EPS on a single rear door prices at R0 (-R400 to -R780); the 4MM PF PLYWOOD / GLUE LINE rows under SRD are R0 on Burt's side instead.
UP_TO_2.3_CHILLER_BODY~L2.3~W1.8~H1.8~srd,UP TO 2.3 CHILLER BODY,25,CHILLER 2.3 METER,srd,2.3,1.8,1.8,SRD DOOR FITTINGS,SRD DOOR FITTINGS,5501.00542,5970.8,8.54,ACCEPTED,,PRICE_DIFF CSLB HINGES (+293.46),"[DATA] SRD DOOR FITTINGS on every body: MES CSLB HINGES R293.46 x2 (Excel R146.73 x2 - the pair price applied per hinge) and SILPLUS X WHITE R232.30 (Excel R116.15); per body also 34MM LOCKING POLE R126 (Excel R42), 28782 BIG HORIZ CAPPING R197.20 (Excel R240.58), ALU CORNERS R45 (Excel R54.90), 28780 BIG VERTICAL renamed 28778; Burt prices 2317 DOOR RUBBER / 28777 DOOR CAPPING at R0 on some sheets."
UP_TO_2.3_CHILLER_BODY~L2.3~W1.8~H1.8~srd,UP TO 2.3 CHILLER BODY,25,CHILLER 2.3 METER,srd,2.3,1.8,1.8,DRD,,0.0,,,SKIP,,,
UP_TO_2.3_CHILLER_BODY~L2.3~W1.8~H1.8~srd,UP TO 2.3 CHILLER BODY,25,CHILLER 2.3 METER,srd,2.3,1.8,1.8,DRD DOOR FITTINGS,,0.0,,,SKIP,,,
UP_TO_2.3_CHILLER_BODY~L2.3~W1.8~H1.8~srd,UP TO 2.3 CHILLER BODY,25,CHILLER 2.3 METER,srd,2.3,1.8,1.8,SIDES,SIDES,5814.439848,5798.9,0.267,PASS,,,
UP_TO_2.3_CHILLER_BODY~L2.3~W1.8~H1.8~srd,UP TO 2.3 CHILLER BODY,25,CHILLER 2.3 METER,srd,2.3,1.8,1.8,ROOF,ROOF,3292.605278,3275.99,0.505,PASS,,,
UP_TO_2.3_CHILLER_BODY~L2.3~W1.8~H1.8~srd,UP TO 2.3 CHILLER BODY,25,CHILLER 2.3 METER,srd,2.3,1.8,1.8,FLOOR,FLOOR,6094.167818,6094.17,0.0,PASS,,,
UP_TO_2.3_CHILLER_BODY~L2.3~W1.8~H1.8~srd,UP TO 2.3 CHILLER BODY,25,CHILLER 2.3 METER,srd,2.3,1.8,1.8,ALUMINIUM,ALUMINIUM,4084.066,4084.07,0.0,PASS,,,
UP_TO_2.3_CHILLER_BODY~L2.3~W1.8~H1.8~srd,UP TO 2.3 CHILLER BODY,25,CHILLER 2.3 METER,srd,2.3,1.8,1.8,SUB FRAME + LIGHT BOX ASSY,SUB FRAME + LIGHT BOX ASSY,3237.538286,3080.99,4.835,ACCEPTED,,MISSING_IN_MES 1MM GALV PLATE (-156.55),[DATA] Excel line 1MM GALV PLATE (R157-R240) has no MES line on this body.
UP_TO_2.3_CHILLER_BODY~L2.3~W1.8~H1.8~srd,UP TO 2.3 CHILLER BODY,25,CHILLER 2.3 METER,srd,2.3,1.8,1.8,REAR FRAME + FLOOR PLATE,REAR FRAME & FLOOR PLATE,0.0,2447.57,,ACCEPTED,EXTRA_IN_MES,,"[RULING] Burt gates REAR FRAME + FLOOR PLATE on the DRD flags, so a single-rear-door body carries R0 there; MES always includes the section (R2.4k-R5.5k). Which is right needs Burt/Michael."
UP_TO_2.3_CHILLER_BODY~L2.3~W1.8~H1.8~srd,UP TO 2.3 CHILLER BODY,25,CHILLER 2.3 METER,srd,2.3,1.8,1.8,SPRAY PAINTING,SPRAY PAINTING,750.0,750.0,0.0,PASS,,,
UP_TO_2.3_CHILLER_BODY~L2.3~W1.8~H1.8~drd,UP TO 2.3 CHILLER BODY,25,CHILLER 2.3 METER,drd,2.3,1.8,1.8,FRONT,FRONT,2103.338848,2108.9,0.264,PASS,,,
UP_TO_2.3_CHILLER_BODY~L2.3~W1.8~H1.8~drd,UP TO 2.3 CHILLER BODY,25,CHILLER 2.3 METER,drd,2.3,1.8,1.8,SRD,,0.0,,,SKIP,,,
UP_TO_2.3_CHILLER_BODY~L2.3~W1.8~H1.8~drd,UP TO 2.3 CHILLER BODY,25,CHILLER 2.3 METER,drd,2.3,1.8,1.8,SRD DOOR FITTINGS,,0.0,,,SKIP,,,
UP_TO_2.3_CHILLER_BODY~L2.3~W1.8~H1.8~drd,UP TO 2.3 CHILLER BODY,25,CHILLER 2.3 METER,drd,2.3,1.8,1.8,DRD,DRD,2847.785049,2727.83,4.212,ACCEPTED,,GROUP_DIFF 130*62MM TAPPING BLOCKS ~ 1 MES line(s) (-120.00),"[DATA] 130*62MM TAPPING BLOCKS: Excel 2 x R234 per size (R936 a double door) vs MES 6 x R68 per size (R816): R60 per size, 1-3 % of the door section."
UP_TO_2.3_CHILLER_BODY~L2.3~W1.8~H1.8~drd,UP TO 2.3 CHILLER BODY,25,CHILLER 2.3 METER,drd,2.3,1.8,1.8,DRD DOOR FITTINGS,DRD DOOR FITTINGS,4799.12194,4799.12,0.0,PASS,,,
UP_TO_2.3_CHILLER_BODY~L2.3~W1.8~H1.8~drd,UP TO 2.3 CHILLER BODY,25,CHILLER 2.3 METER,drd,2.3,1.8,1.8,SIDES,SIDES,5814.439848,5798.9,0.267,PASS,,,
UP_TO_2.3_CHILLER_BODY~L2.3~W1.8~H1.8~drd,UP TO 2.3 CHILLER BODY,25,CHILLER 2.3 METER,drd,2.3,1.8,1.8,ROOF,ROOF,3292.605278,3275.99,0.505,PASS,,,
UP_TO_2.3_CHILLER_BODY~L2.3~W1.8~H1.8~drd,UP TO 2.3 CHILLER BODY,25,CHILLER 2.3 METER,drd,2.3,1.8,1.8,FLOOR,FLOOR,6094.167818,6094.17,0.0,PASS,,,
UP_TO_2.3_CHILLER_BODY~L2.3~W1.8~H1.8~drd,UP TO 2.3 CHILLER BODY,25,CHILLER 2.3 METER,drd,2.3,1.8,1.8,ALUMINIUM,ALUMINIUM,4084.066,4084.07,0.0,PASS,,,
UP_TO_2.3_CHILLER_BODY~L2.3~W1.8~H1.8~drd,UP TO 2.3 CHILLER BODY,25,CHILLER 2.3 METER,drd,2.3,1.8,1.8,SUB FRAME + LIGHT BOX ASSY,SUB FRAME + LIGHT BOX ASSY,3237.538286,3080.99,4.835,ACCEPTED,,MISSING_IN_MES 1MM GALV PLATE (-156.55),[DATA] Excel line 1MM GALV PLATE (R157-R240) has no MES line on this body.
UP_TO_2.3_CHILLER_BODY~L2.3~W1.8~H1.8~drd,UP TO 2.3 CHILLER BODY,25,CHILLER 2.3 METER,drd,2.3,1.8,1.8,REAR FRAME + FLOOR PLATE,REAR FRAME & FLOOR PLATE,2447.54552,2447.57,0.001,PASS,,,
UP_TO_2.3_CHILLER_BODY~L2.3~W1.8~H1.8~drd,UP TO 2.3 CHILLER BODY,25,CHILLER 2.3 METER,drd,2.3,1.8,1.8,SPRAY PAINTING,SPRAY PAINTING,750.0,750.0,0.0,PASS,,,
UP_TO_2.3_CHILLER_BODY~L2.3~W1.8~H1.8~foam_4g,UP TO 2.3 CHILLER BODY,25,CHILLER 2.3 METER,foam_4g,2.3,1.8,1.8,FRONT,FRONT,2103.338848,2108.9,0.264,PASS,,,
UP_TO_2.3_CHILLER_BODY~L2.3~W1.8~H1.8~foam_4g,UP TO 2.3 CHILLER BODY,25,CHILLER 2.3 METER,foam_4g,2.3,1.8,1.8,SRD,,0.0,,,SKIP,,,
UP_TO_2.3_CHILLER_BODY~L2.3~W1.8~H1.8~foam_4g,UP TO 2.3 CHILLER BODY,25,CHILLER 2.3 METER,foam_4g,2.3,1.8,1.8,SRD DOOR FITTINGS,,0.0,,,SKIP,,,
UP_TO_2.3_CHILLER_BODY~L2.3~W1.8~H1.8~foam_4g,UP TO 2.3 CHILLER BODY,25,CHILLER 2.3 METER,foam_4g,2.3,1.8,1.8,DRD,DRD,2847.785049,2727.83,4.212,ACCEPTED,,GROUP_DIFF 130*62MM TAPPING BLOCKS ~ 1 MES line(s) (-120.00),"[DATA] 130*62MM TAPPING BLOCKS: Excel 2 x R234 per size (R936 a double door) vs MES 6 x R68 per size (R816): R60 per size, 1-3 % of the door section."
UP_TO_2.3_CHILLER_BODY~L2.3~W1.8~H1.8~foam_4g,UP TO 2.3 CHILLER BODY,25,CHILLER 2.3 METER,foam_4g,2.3,1.8,1.8,DRD DOOR FITTINGS,DRD DOOR FITTINGS,4799.12194,4799.12,0.0,PASS,,,
UP_TO_2.3_CHILLER_BODY~L2.3~W1.8~H1.8~foam_4g,UP TO 2.3 CHILLER BODY,25,CHILLER 2.3 METER,foam_4g,2.3,1.8,1.8,SIDES,SIDES,5814.439848,5798.9,0.267,PASS,,,
UP_TO_2.3_CHILLER_BODY~L2.3~W1.8~H1.8~foam_4g,UP TO 2.3 CHILLER BODY,25,CHILLER 2.3 METER,foam_4g,2.3,1.8,1.8,ROOF,ROOF,3292.605278,3275.99,0.505,PASS,,,
UP_TO_2.3_CHILLER_BODY~L2.3~W1.8~H1.8~foam_4g,UP TO 2.3 CHILLER BODY,25,CHILLER 2.3 METER,foam_4g,2.3,1.8,1.8,FLOOR,FLOOR,6094.167818,6094.17,0.0,PASS,,,
UP_TO_2.3_CHILLER_BODY~L2.3~W1.8~H1.8~foam_4g,UP TO 2.3 CHILLER BODY,25,CHILLER 2.3 METER,foam_4g,2.3,1.8,1.8,ALUMINIUM,ALUMINIUM,4084.066,4084.07,0.0,PASS,,,
UP_TO_2.3_CHILLER_BODY~L2.3~W1.8~H1.8~foam_4g,UP TO 2.3 CHILLER BODY,25,CHILLER 2.3 METER,foam_4g,2.3,1.8,1.8,SUB FRAME + LIGHT BOX ASSY,SUB FRAME + LIGHT BOX ASSY,3237.538286,3080.99,4.835,ACCEPTED,,MISSING_IN_MES 1MM GALV PLATE (-156.55),[DATA] Excel line 1MM GALV PLATE (R157-R240) has no MES line on this body.
UP_TO_2.3_CHILLER_BODY~L2.3~W1.8~H1.8~foam_4g,UP TO 2.3 CHILLER BODY,25,CHILLER 2.3 METER,foam_4g,2.3,1.8,1.8,REAR FRAME + FLOOR PLATE,REAR FRAME & FLOOR PLATE,2447.54552,2447.57,0.001,PASS,,,
UP_TO_2.3_CHILLER_BODY~L2.3~W1.8~H1.8~foam_4g,UP TO 2.3 CHILLER BODY,25,CHILLER 2.3 METER,foam_4g,2.3,1.8,1.8,SPRAY PAINTING,SPRAY PAINTING,750.0,750.0,0.0,PASS,,,
UP_TO_2.3_CHILLER_BODY~L2.7~W1.8~H1.8~as_sheet,UP TO 2.3 CHILLER BODY,25,CHILLER 2.3 METER,as_sheet,2.7,1.8,1.8,FRONT,FRONT,2103.338848,2108.9,0.264,PASS,,,
UP_TO_2.3_CHILLER_BODY~L2.7~W1.8~H1.8~as_sheet,UP TO 2.3 CHILLER BODY,25,CHILLER 2.3 METER,as_sheet,2.7,1.8,1.8,SRD,,0.0,,,SKIP,,,
UP_TO_2.3_CHILLER_BODY~L2.7~W1.8~H1.8~as_sheet,UP TO 2.3 CHILLER BODY,25,CHILLER 2.3 METER,as_sheet,2.7,1.8,1.8,SRD DOOR FITTINGS,,0.0,,,SKIP,,,
UP_TO_2.3_CHILLER_BODY~L2.7~W1.8~H1.8~as_sheet,UP TO 2.3 CHILLER BODY,25,CHILLER 2.3 METER,as_sheet,2.7,1.8,1.8,DRD,DRD,2847.785049,2727.83,4.212,ACCEPTED,,GROUP_DIFF 130*62MM TAPPING BLOCKS ~ 1 MES line(s) (-120.00),"[DATA] 130*62MM TAPPING BLOCKS: Excel 2 x R234 per size (R936 a double door) vs MES 6 x R68 per size (R816): R60 per size, 1-3 % of the door section."
UP_TO_2.3_CHILLER_BODY~L2.7~W1.8~H1.8~as_sheet,UP TO 2.3 CHILLER BODY,25,CHILLER 2.3 METER,as_sheet,2.7,1.8,1.8,DRD DOOR FITTINGS,DRD DOOR FITTINGS,4799.12194,4799.12,0.0,PASS,,,
UP_TO_2.3_CHILLER_BODY~L2.7~W1.8~H1.8~as_sheet,UP TO 2.3 CHILLER BODY,25,CHILLER 2.3 METER,as_sheet,2.7,1.8,1.8,SIDES,SIDES,6728.527259,6711.46,0.254,PASS,,,
UP_TO_2.3_CHILLER_BODY~L2.7~W1.8~H1.8~as_sheet,UP TO 2.3 CHILLER BODY,25,CHILLER 2.3 METER,as_sheet,2.7,1.8,1.8,ROOF,ROOF,3808.832567,3790.63,0.478,PASS,,,
UP_TO_2.3_CHILLER_BODY~L2.7~W1.8~H1.8~as_sheet,UP TO 2.3 CHILLER BODY,25,CHILLER 2.3 METER,as_sheet,2.7,1.8,1.8,FLOOR,FLOOR,6960.252319,6960.25,0.0,PASS,,,
UP_TO_2.3_CHILLER_BODY~L2.7~W1.8~H1.8~as_sheet,UP TO 2.3 CHILLER BODY,25,CHILLER 2.3 METER,as_sheet,2.7,1.8,1.8,ALUMINIUM,ALUMINIUM,4518.666,4518.67,0.0,PASS,,,
UP_TO_2.3_CHILLER_BODY~L2.7~W1.8~H1.8~as_sheet,UP TO 2.3 CHILLER BODY,25,CHILLER 2.3 METER,as_sheet,2.7,1.8,1.8,SUB FRAME + LIGHT BOX ASSY,SUB FRAME + LIGHT BOX ASSY,3361.850174,3205.3,4.657,ACCEPTED,,MISSING_IN_MES 1MM GALV PLATE (-156.55),[DATA] Excel line 1MM GALV PLATE (R157-R240) has no MES line on this body.
UP_TO_2.3_CHILLER_BODY~L2.7~W1.8~H1.8~as_sheet,UP TO 2.3 CHILLER BODY,25,CHILLER 2.3 METER,as_sheet,2.7,1.8,1.8,REAR FRAME + FLOOR PLATE,REAR FRAME & FLOOR PLATE,2447.54552,2447.57,0.001,PASS,,,
UP_TO_2.3_CHILLER_BODY~L2.7~W1.8~H1.8~as_sheet,UP TO 2.3 CHILLER BODY,25,CHILLER 2.3 METER,as_sheet,2.7,1.8,1.8,SPRAY PAINTING,SPRAY PAINTING,750.0,750.0,0.0,PASS,,,
UP_TO_2.3_CHILLER_BODY~L2.7~W1.8~H1.8~all_eps,UP TO 2.3 CHILLER BODY,25,CHILLER 2.3 METER,all_eps,2.7,1.8,1.8,FRONT,FRONT,2103.338848,2108.9,0.264,PASS,,,
UP_TO_2.3_CHILLER_BODY~L2.7~W1.8~H1.8~all_eps,UP TO 2.3 CHILLER BODY,25,CHILLER 2.3 METER,all_eps,2.7,1.8,1.8,SRD,,0.0,,,SKIP,,,
UP_TO_2.3_CHILLER_BODY~L2.7~W1.8~H1.8~all_eps,UP TO 2.3 CHILLER BODY,25,CHILLER 2.3 METER,all_eps,2.7,1.8,1.8,SRD DOOR FITTINGS,,0.0,,,SKIP,,,
UP_TO_2.3_CHILLER_BODY~L2.7~W1.8~H1.8~all_eps,UP TO 2.3 CHILLER BODY,25,CHILLER 2.3 METER,all_eps,2.7,1.8,1.8,DRD,DRD,2847.785049,2727.83,4.212,ACCEPTED,,GROUP_DIFF 130*62MM TAPPING BLOCKS ~ 1 MES line(s) (-120.00),"[DATA] 130*62MM TAPPING BLOCKS: Excel 2 x R234 per size (R936 a double door) vs MES 6 x R68 per size (R816): R60 per size, 1-3 % of the door section."
UP_TO_2.3_CHILLER_BODY~L2.7~W1.8~H1.8~all_eps,UP TO 2.3 CHILLER BODY,25,CHILLER 2.3 METER,all_eps,2.7,1.8,1.8,DRD DOOR FITTINGS,DRD DOOR FITTINGS,4799.12194,4799.12,0.0,PASS,,,
UP_TO_2.3_CHILLER_BODY~L2.7~W1.8~H1.8~all_eps,UP TO 2.3 CHILLER BODY,25,CHILLER 2.3 METER,all_eps,2.7,1.8,1.8,SIDES,SIDES,6728.527259,6711.46,0.254,PASS,,,
UP_TO_2.3_CHILLER_BODY~L2.7~W1.8~H1.8~all_eps,UP TO 2.3 CHILLER BODY,25,CHILLER 2.3 METER,all_eps,2.7,1.8,1.8,ROOF,ROOF,3808.832567,3790.63,0.478,PASS,,,
UP_TO_2.3_CHILLER_BODY~L2.7~W1.8~H1.8~all_eps,UP TO 2.3 CHILLER BODY,25,CHILLER 2.3 METER,all_eps,2.7,1.8,1.8,FLOOR,FLOOR,6960.252319,6960.25,0.0,PASS,,,
UP_TO_2.3_CHILLER_BODY~L2.7~W1.8~H1.8~all_eps,UP TO 2.3 CHILLER BODY,25,CHILLER 2.3 METER,all_eps,2.7,1.8,1.8,ALUMINIUM,ALUMINIUM,4518.666,4518.67,0.0,PASS,,,
UP_TO_2.3_CHILLER_BODY~L2.7~W1.8~H1.8~all_eps,UP TO 2.3 CHILLER BODY,25,CHILLER 2.3 METER,all_eps,2.7,1.8,1.8,SUB FRAME + LIGHT BOX ASSY,SUB FRAME + LIGHT BOX ASSY,3361.850174,3205.3,4.657,ACCEPTED,,MISSING_IN_MES 1MM GALV PLATE (-156.55),[DATA] Excel line 1MM GALV PLATE (R157-R240) has no MES line on this body.
UP_TO_2.3_CHILLER_BODY~L2.7~W1.8~H1.8~all_eps,UP TO 2.3 CHILLER BODY,25,CHILLER 2.3 METER,all_eps,2.7,1.8,1.8,REAR FRAME + FLOOR PLATE,REAR FRAME & FLOOR PLATE,2447.54552,2447.57,0.001,PASS,,,
UP_TO_2.3_CHILLER_BODY~L2.7~W1.8~H1.8~all_eps,UP TO 2.3 CHILLER BODY,25,CHILLER 2.3 METER,all_eps,2.7,1.8,1.8,SPRAY PAINTING,SPRAY PAINTING,750.0,750.0,0.0,PASS,,,
UP_TO_2.3_CHILLER_BODY~L2.7~W1.8~H1.8~all_pu,UP TO 2.3 CHILLER BODY,25,CHILLER 2.3 METER,all_pu,2.7,1.8,1.8,FRONT,FRONT,2325.74899,1750.83,24.72,ACCEPTED,,QTY_DIFF PU (-551.31) [ZERO_FORMULA],"[MES] chiller PU insulation lines carry a literal x0 quantity formula (2.44*1.22*0*2, 1.22*2.44*0*(length+{Waste})/1.22): PU prices at R0 on FRONT/SIDES/ROOF/FLOOR (ZERO_FORMULA); the icecream/freezer bodies use {PANEL PU} tokens and price live. SIDES/ROOF/FLOOR skins also hard-code both roof and floor deductions where Burt's cells deduct only the roof under PU."
UP_TO_2.3_CHILLER_BODY~L2.7~W1.8~H1.8~all_pu,UP TO 2.3 CHILLER BODY,25,CHILLER 2.3 METER,all_pu,2.7,1.8,1.8,SRD,,0.0,,,SKIP,,,
UP_TO_2.3_CHILLER_BODY~L2.7~W1.8~H1.8~all_pu,UP TO 2.3 CHILLER BODY,25,CHILLER 2.3 METER,all_pu,2.7,1.8,1.8,SRD DOOR FITTINGS,,0.0,,,SKIP,,,
UP_TO_2.3_CHILLER_BODY~L2.7~W1.8~H1.8~all_pu,UP TO 2.3 CHILLER BODY,25,CHILLER 2.3 METER,all_pu,2.7,1.8,1.8,DRD,DRD,3484.659832,14586.54,318.593,ACCEPTED,,PRICE_DIFF PU (+11653.57),[MES] DRD PU line priced at the raw 32D rate (R4 100 x 2.98 sheets) instead of the per-sheet price Burt uses (R185.20/sheet): MES DRD +R11.6k (2.3 chiller) / +R23.3k (4.9 chiller) under PU.
UP_TO_2.3_CHILLER_BODY~L2.7~W1.8~H1.8~all_pu,UP TO 2.3 CHILLER BODY,25,CHILLER 2.3 METER,all_pu,2.7,1.8,1.8,DRD DOOR FITTINGS,DRD DOOR FITTINGS,4862.51126,4862.51,0.0,PASS,,,
UP_TO_2.3_CHILLER_BODY~L2.7~W1.8~H1.8~all_pu,UP TO 2.3 CHILLER BODY,25,CHILLER 2.3 METER,all_pu,2.7,1.8,1.8,SIDES,SIDES,6778.833384,5441.73,19.725,ACCEPTED,,BOTH PU (-1102.61) [ZERO_FORMULA],"[MES] chiller PU insulation lines carry a literal x0 quantity formula (2.44*1.22*0*2, 1.22*2.44*0*(length+{Waste})/1.22): PU prices at R0 on FRONT/SIDES/ROOF/FLOOR (ZERO_FORMULA); the icecream/freezer bodies use {PANEL PU} tokens and price live. SIDES/ROOF/FLOOR skins also hard-code both roof and floor deductions where Burt's cells deduct only the roof under PU."
UP_TO_2.3_CHILLER_BODY~L2.7~W1.8~H1.8~all_pu,UP TO 2.3 CHILLER BODY,25,CHILLER 2.3 METER,all_pu,2.7,1.8,1.8,ROOF,ROOF,3710.654598,2994.13,19.31,ACCEPTED,,BOTH PU (-698.32) [ZERO_FORMULA],"[MES] chiller PU insulation lines carry a literal x0 quantity formula (2.44*1.22*0*2, 1.22*2.44*0*(length+{Waste})/1.22): PU prices at R0 on FRONT/SIDES/ROOF/FLOOR (ZERO_FORMULA); the icecream/freezer bodies use {PANEL PU} tokens and price live. SIDES/ROOF/FLOOR skins also hard-code both roof and floor deductions where Burt's cells deduct only the roof under PU."
UP_TO_2.3_CHILLER_BODY~L2.7~W1.8~H1.8~all_pu,UP TO 2.3 CHILLER BODY,25,CHILLER 2.3 METER,all_pu,2.7,1.8,1.8,FLOOR,FLOOR,6862.07435,6163.75,10.177,ACCEPTED,,BOTH PU (-698.32) [ZERO_FORMULA],"[MES] chiller PU insulation lines carry a literal x0 quantity formula (2.44*1.22*0*2, 1.22*2.44*0*(length+{Waste})/1.22): PU prices at R0 on FRONT/SIDES/ROOF/FLOOR (ZERO_FORMULA); the icecream/freezer bodies use {PANEL PU} tokens and price live. SIDES/ROOF/FLOOR skins also hard-code both roof and floor deductions where Burt's cells deduct only the roof under PU."
UP_TO_2.3_CHILLER_BODY~L2.7~W1.8~H1.8~all_pu,UP TO 2.3 CHILLER BODY,25,CHILLER 2.3 METER,all_pu,2.7,1.8,1.8,ALUMINIUM,ALUMINIUM,4518.666,4518.67,0.0,PASS,,,
UP_TO_2.3_CHILLER_BODY~L2.7~W1.8~H1.8~all_pu,UP TO 2.3 CHILLER BODY,25,CHILLER 2.3 METER,all_pu,2.7,1.8,1.8,SUB FRAME + LIGHT BOX ASSY,SUB FRAME + LIGHT BOX ASSY,3361.850174,3205.3,4.657,ACCEPTED,,MISSING_IN_MES 1MM GALV PLATE (-156.55),[DATA] Excel line 1MM GALV PLATE (R157-R240) has no MES line on this body.
UP_TO_2.3_CHILLER_BODY~L2.7~W1.8~H1.8~all_pu,UP TO 2.3 CHILLER BODY,25,CHILLER 2.3 METER,all_pu,2.7,1.8,1.8,REAR FRAME + FLOOR PLATE,REAR FRAME & FLOOR PLATE,2447.54552,2447.57,0.001,PASS,,,
UP_TO_2.3_CHILLER_BODY~L2.7~W1.8~H1.8~all_pu,UP TO 2.3 CHILLER BODY,25,CHILLER 2.3 METER,all_pu,2.7,1.8,1.8,SPRAY PAINTING,SPRAY PAINTING,750.0,750.0,0.0,PASS,,,
UP_TO_2.3_CHILLER_BODY~L2.7~W1.8~H1.8~srd,UP TO 2.3 CHILLER BODY,25,CHILLER 2.3 METER,srd,2.7,1.8,1.8,FRONT,FRONT,2103.338848,2108.9,0.264,PASS,,,
UP_TO_2.3_CHILLER_BODY~L2.7~W1.8~H1.8~srd,UP TO 2.3 CHILLER BODY,25,CHILLER 2.3 METER,srd,2.7,1.8,1.8,SRD,SRD,2315.702868,1856.3,19.839,ACCEPTED,,BOTH EPS (-399.39) [ZERO_FORMULA],[MES] SRD EPS line formula ends in *0 (ZERO_FORMULA) on the chillers: EPS on a single rear door prices at R0 (-R400 to -R780); the 4MM PF PLYWOOD / GLUE LINE rows under SRD are R0 on Burt's side instead.
UP_TO_2.3_CHILLER_BODY~L2.7~W1.8~H1.8~srd,UP TO 2.3 CHILLER BODY,25,CHILLER 2.3 METER,srd,2.7,1.8,1.8,SRD DOOR FITTINGS,SRD DOOR FITTINGS,5501.00542,5970.8,8.54,ACCEPTED,,PRICE_DIFF CSLB HINGES (+293.46),"[DATA] SRD DOOR FITTINGS on every body: MES CSLB HINGES R293.46 x2 (Excel R146.73 x2 - the pair price applied per hinge) and SILPLUS X WHITE R232.30 (Excel R116.15); per body also 34MM LOCKING POLE R126 (Excel R42), 28782 BIG HORIZ CAPPING R197.20 (Excel R240.58), ALU CORNERS R45 (Excel R54.90), 28780 BIG VERTICAL renamed 28778; Burt prices 2317 DOOR RUBBER / 28777 DOOR CAPPING at R0 on some sheets."
UP_TO_2.3_CHILLER_BODY~L2.7~W1.8~H1.8~srd,UP TO 2.3 CHILLER BODY,25,CHILLER 2.3 METER,srd,2.7,1.8,1.8,DRD,,0.0,,,SKIP,,,
UP_TO_2.3_CHILLER_BODY~L2.7~W1.8~H1.8~srd,UP TO 2.3 CHILLER BODY,25,CHILLER 2.3 METER,srd,2.7,1.8,1.8,DRD DOOR FITTINGS,,0.0,,,SKIP,,,
UP_TO_2.3_CHILLER_BODY~L2.7~W1.8~H1.8~srd,UP TO 2.3 CHILLER BODY,25,CHILLER 2.3 METER,srd,2.7,1.8,1.8,SIDES,SIDES,6728.527259,6711.46,0.254,PASS,,,
UP_TO_2.3_CHILLER_BODY~L2.7~W1.8~H1.8~srd,UP TO 2.3 CHILLER BODY,25,CHILLER 2.3 METER,srd,2.7,1.8,1.8,ROOF,ROOF,3808.832567,3790.63,0.478,PASS,,,
UP_TO_2.3_CHILLER_BODY~L2.7~W1.8~H1.8~srd,UP TO 2.3 CHILLER BODY,25,CHILLER 2.3 METER,srd,2.7,1.8,1.8,FLOOR,FLOOR,6960.252319,6960.25,0.0,PASS,,,
UP_TO_2.3_CHILLER_BODY~L2.7~W1.8~H1.8~srd,UP TO 2.3 CHILLER BODY,25,CHILLER 2.3 METER,srd,2.7,1.8,1.8,ALUMINIUM,ALUMINIUM,4518.666,4518.67,0.0,PASS,,,
UP_TO_2.3_CHILLER_BODY~L2.7~W1.8~H1.8~srd,UP TO 2.3 CHILLER BODY,25,CHILLER 2.3 METER,srd,2.7,1.8,1.8,SUB FRAME + LIGHT BOX ASSY,SUB FRAME + LIGHT BOX ASSY,3361.850174,3205.3,4.657,ACCEPTED,,MISSING_IN_MES 1MM GALV PLATE (-156.55),[DATA] Excel line 1MM GALV PLATE (R157-R240) has no MES line on this body.
UP_TO_2.3_CHILLER_BODY~L2.7~W1.8~H1.8~srd,UP TO 2.3 CHILLER BODY,25,CHILLER 2.3 METER,srd,2.7,1.8,1.8,REAR FRAME + FLOOR PLATE,REAR FRAME & FLOOR PLATE,0.0,2447.57,,ACCEPTED,EXTRA_IN_MES,,"[RULING] Burt gates REAR FRAME + FLOOR PLATE on the DRD flags, so a single-rear-door body carries R0 there; MES always includes the section (R2.4k-R5.5k). Which is right needs Burt/Michael."
UP_TO_2.3_CHILLER_BODY~L2.7~W1.8~H1.8~srd,UP TO 2.3 CHILLER BODY,25,CHILLER 2.3 METER,srd,2.7,1.8,1.8,SPRAY PAINTING,SPRAY PAINTING,750.0,750.0,0.0,PASS,,,
UP_TO_2.3_CHILLER_BODY~L2.7~W1.8~H1.8~drd,UP TO 2.3 CHILLER BODY,25,CHILLER 2.3 METER,drd,2.7,1.8,1.8,FRONT,FRONT,2103.338848,2108.9,0.264,PASS,,,
UP_TO_2.3_CHILLER_BODY~L2.7~W1.8~H1.8~drd,UP TO 2.3 CHILLER BODY,25,CHILLER 2.3 METER,drd,2.7,1.8,1.8,SRD,,0.0,,,SKIP,,,
UP_TO_2.3_CHILLER_BODY~L2.7~W1.8~H1.8~drd,UP TO 2.3 CHILLER BODY,25,CHILLER 2.3 METER,drd,2.7,1.8,1.8,SRD DOOR FITTINGS,,0.0,,,SKIP,,,
UP_TO_2.3_CHILLER_BODY~L2.7~W1.8~H1.8~drd,UP TO 2.3 CHILLER BODY,25,CHILLER 2.3 METER,drd,2.7,1.8,1.8,DRD,DRD,2847.785049,2727.83,4.212,ACCEPTED,,GROUP_DIFF 130*62MM TAPPING BLOCKS ~ 1 MES line(s) (-120.00),"[DATA] 130*62MM TAPPING BLOCKS: Excel 2 x R234 per size (R936 a double door) vs MES 6 x R68 per size (R816): R60 per size, 1-3 % of the door section."
UP_TO_2.3_CHILLER_BODY~L2.7~W1.8~H1.8~drd,UP TO 2.3 CHILLER BODY,25,CHILLER 2.3 METER,drd,2.7,1.8,1.8,DRD DOOR FITTINGS,DRD DOOR FITTINGS,4799.12194,4799.12,0.0,PASS,,,
UP_TO_2.3_CHILLER_BODY~L2.7~W1.8~H1.8~drd,UP TO 2.3 CHILLER BODY,25,CHILLER 2.3 METER,drd,2.7,1.8,1.8,SIDES,SIDES,6728.527259,6711.46,0.254,PASS,,,
UP_TO_2.3_CHILLER_BODY~L2.7~W1.8~H1.8~drd,UP TO 2.3 CHILLER BODY,25,CHILLER 2.3 METER,drd,2.7,1.8,1.8,ROOF,ROOF,3808.832567,3790.63,0.478,PASS,,,
UP_TO_2.3_CHILLER_BODY~L2.7~W1.8~H1.8~drd,UP TO 2.3 CHILLER BODY,25,CHILLER 2.3 METER,drd,2.7,1.8,1.8,FLOOR,FLOOR,6960.252319,6960.25,0.0,PASS,,,
UP_TO_2.3_CHILLER_BODY~L2.7~W1.8~H1.8~drd,UP TO 2.3 CHILLER BODY,25,CHILLER 2.3 METER,drd,2.7,1.8,1.8,ALUMINIUM,ALUMINIUM,4518.666,4518.67,0.0,PASS,,,
UP_TO_2.3_CHILLER_BODY~L2.7~W1.8~H1.8~drd,UP TO 2.3 CHILLER BODY,25,CHILLER 2.3 METER,drd,2.7,1.8,1.8,SUB FRAME + LIGHT BOX ASSY,SUB FRAME + LIGHT BOX ASSY,3361.850174,3205.3,4.657,ACCEPTED,,MISSING_IN_MES 1MM GALV PLATE (-156.55),[DATA] Excel line 1MM GALV PLATE (R157-R240) has no MES line on this body.
UP_TO_2.3_CHILLER_BODY~L2.7~W1.8~H1.8~drd,UP TO 2.3 CHILLER BODY,25,CHILLER 2.3 METER,drd,2.7,1.8,1.8,REAR FRAME + FLOOR PLATE,REAR FRAME & FLOOR PLATE,2447.54552,2447.57,0.001,PASS,,,
UP_TO_2.3_CHILLER_BODY~L2.7~W1.8~H1.8~drd,UP TO 2.3 CHILLER BODY,25,CHILLER 2.3 METER,drd,2.7,1.8,1.8,SPRAY PAINTING,SPRAY PAINTING,750.0,750.0,0.0,PASS,,,
UP_TO_2.3_CHILLER_BODY~L2.7~W1.8~H1.8~foam_4g,UP TO 2.3 CHILLER BODY,25,CHILLER 2.3 METER,foam_4g,2.7,1.8,1.8,FRONT,FRONT,2103.338848,2108.9,0.264,PASS,,,
UP_TO_2.3_CHILLER_BODY~L2.7~W1.8~H1.8~foam_4g,UP TO 2.3 CHILLER BODY,25,CHILLER 2.3 METER,foam_4g,2.7,1.8,1.8,SRD,,0.0,,,SKIP,,,
UP_TO_2.3_CHILLER_BODY~L2.7~W1.8~H1.8~foam_4g,UP TO 2.3 CHILLER BODY,25,CHILLER 2.3 METER,foam_4g,2.7,1.8,1.8,SRD DOOR FITTINGS,,0.0,,,SKIP,,,
UP_TO_2.3_CHILLER_BODY~L2.7~W1.8~H1.8~foam_4g,UP TO 2.3 CHILLER BODY,25,CHILLER 2.3 METER,foam_4g,2.7,1.8,1.8,DRD,DRD,2847.785049,2727.83,4.212,ACCEPTED,,GROUP_DIFF 130*62MM TAPPING BLOCKS ~ 1 MES line(s) (-120.00),"[DATA] 130*62MM TAPPING BLOCKS: Excel 2 x R234 per size (R936 a double door) vs MES 6 x R68 per size (R816): R60 per size, 1-3 % of the door section."
UP_TO_2.3_CHILLER_BODY~L2.7~W1.8~H1.8~foam_4g,UP TO 2.3 CHILLER BODY,25,CHILLER 2.3 METER,foam_4g,2.7,1.8,1.8,DRD DOOR FITTINGS,DRD DOOR FITTINGS,4799.12194,4799.12,0.0,PASS,,,
UP_TO_2.3_CHILLER_BODY~L2.7~W1.8~H1.8~foam_4g,UP TO 2.3 CHILLER BODY,25,CHILLER 2.3 METER,foam_4g,2.7,1.8,1.8,SIDES,SIDES,6728.527259,6711.46,0.254,PASS,,,
UP_TO_2.3_CHILLER_BODY~L2.7~W1.8~H1.8~foam_4g,UP TO 2.3 CHILLER BODY,25,CHILLER 2.3 METER,foam_4g,2.7,1.8,1.8,ROOF,ROOF,3808.832567,3790.63,0.478,PASS,,,
UP_TO_2.3_CHILLER_BODY~L2.7~W1.8~H1.8~foam_4g,UP TO 2.3 CHILLER BODY,25,CHILLER 2.3 METER,foam_4g,2.7,1.8,1.8,FLOOR,FLOOR,6960.252319,6960.25,0.0,PASS,,,
UP_TO_2.3_CHILLER_BODY~L2.7~W1.8~H1.8~foam_4g,UP TO 2.3 CHILLER BODY,25,CHILLER 2.3 METER,foam_4g,2.7,1.8,1.8,ALUMINIUM,ALUMINIUM,4518.666,4518.67,0.0,PASS,,,
UP_TO_2.3_CHILLER_BODY~L2.7~W1.8~H1.8~foam_4g,UP TO 2.3 CHILLER BODY,25,CHILLER 2.3 METER,foam_4g,2.7,1.8,1.8,SUB FRAME + LIGHT BOX ASSY,SUB FRAME + LIGHT BOX ASSY,3361.850174,3205.3,4.657,ACCEPTED,,MISSING_IN_MES 1MM GALV PLATE (-156.55),[DATA] Excel line 1MM GALV PLATE (R157-R240) has no MES line on this body.
UP_TO_2.3_CHILLER_BODY~L2.7~W1.8~H1.8~foam_4g,UP TO 2.3 CHILLER BODY,25,CHILLER 2.3 METER,foam_4g,2.7,1.8,1.8,REAR FRAME + FLOOR PLATE,REAR FRAME & FLOOR PLATE,2447.54552,2447.57,0.001,PASS,,,
UP_TO_2.3_CHILLER_BODY~L2.7~W1.8~H1.8~foam_4g,UP TO 2.3 CHILLER BODY,25,CHILLER 2.3 METER,foam_4g,2.7,1.8,1.8,SPRAY PAINTING,SPRAY PAINTING,750.0,750.0,0.0,PASS,,,
UP_TO_5.5_CHILLER_AND_2.~L3~W2.3~H2.3~as_sheet,UP TO 5.5 CHILLER AND 2.3 WIDE,26,CHILLER MEDIUM,as_sheet,3.0,2.3,2.3,FRONT,FRONT,4250.996789,4266.89,0.374,PASS,,,
UP_TO_5.5_CHILLER_AND_2.~L3~W2.3~H2.3~as_sheet,UP TO 5.5 CHILLER AND 2.3 WIDE,26,CHILLER MEDIUM,as_sheet,3.0,2.3,2.3,SRD,,0.0,,,SKIP,,,
UP_TO_5.5_CHILLER_AND_2.~L3~W2.3~H2.3~as_sheet,UP TO 5.5 CHILLER AND 2.3 WIDE,26,CHILLER MEDIUM,as_sheet,3.0,2.3,2.3,SRD DOOR FITTINGS,,0.0,,,SKIP,,,
UP_TO_5.5_CHILLER_AND_2.~L3~W2.3~H2.3~as_sheet,UP TO 5.5 CHILLER AND 2.3 WIDE,26,CHILLER MEDIUM,as_sheet,3.0,2.3,2.3,DRD,DRD,4550.659701,4430.76,2.635,ACCEPTED,,GROUP_DIFF 130*62MM TAPPING BLOCKS ~ 2 MES line(s) (-120.00),"[DATA] 130*62MM TAPPING BLOCKS: Excel 2 x R234 per size (R936 a double door) vs MES 6 x R68 per size (R816): R60 per size, 1-3 % of the door section."
UP_TO_5.5_CHILLER_AND_2.~L3~W2.3~H2.3~as_sheet,UP TO 5.5 CHILLER AND 2.3 WIDE,26,CHILLER MEDIUM,as_sheet,3.0,2.3,2.3,DRD DOOR FITTINGS,DRD DOOR FITTINGS,5450.13694,5450.14,0.0,PASS,,,
UP_TO_5.5_CHILLER_AND_2.~L3~W2.3~H2.3~as_sheet,UP TO 5.5 CHILLER AND 2.3 WIDE,26,CHILLER MEDIUM,as_sheet,3.0,2.3,2.3,SIDES,SIDES,10602.213575,10582.2,0.189,PASS,,,
UP_TO_5.5_CHILLER_AND_2.~L3~W2.3~H2.3~as_sheet,UP TO 5.5 CHILLER AND 2.3 WIDE,26,CHILLER MEDIUM,as_sheet,3.0,2.3,2.3,ROOF,ROOF,5231.045145,5230.99,0.001,PASS,,,
UP_TO_5.5_CHILLER_AND_2.~L3~W2.3~H2.3~as_sheet,UP TO 5.5 CHILLER AND 2.3 WIDE,26,CHILLER MEDIUM,as_sheet,3.0,2.3,2.3,FLOOR,FLOOR,9354.131097,9354.13,0.0,PASS,,,
UP_TO_5.5_CHILLER_AND_2.~L3~W2.3~H2.3~as_sheet,UP TO 5.5 CHILLER AND 2.3 WIDE,26,CHILLER MEDIUM,as_sheet,3.0,2.3,2.3,ALUMINIUM,ALUMINIUM,5150.741,5150.74,0.0,PASS,,,
UP_TO_5.5_CHILLER_AND_2.~L3~W2.3~H2.3~as_sheet,UP TO 5.5 CHILLER AND 2.3 WIDE,26,CHILLER MEDIUM,as_sheet,3.0,2.3,2.3,SUB FRAME + LIGHT BOX ASSY,SUB FRAME + LIGHT BOX ASSY,6891.316432,7101.11,3.044,ACCEPTED,,EXTRA_IN_MES 1.2MM GALV PLATE (+449.52),[DATA] MES prices 1.2MM GALV PLATE R449.52 where Excel prices 1MM GALV PLATE R239.72.
UP_TO_5.5_CHILLER_AND_2.~L3~W2.3~H2.3~as_sheet,UP TO 5.5 CHILLER AND 2.3 WIDE,26,CHILLER MEDIUM,as_sheet,3.0,2.3,2.3,REAR FRAME + FLOOR PLATE,REAR FRAME & FLOOR PLATE,3129.9508,3129.75,0.006,PASS,,,
UP_TO_5.5_CHILLER_AND_2.~L3~W2.3~H2.3~as_sheet,UP TO 5.5 CHILLER AND 2.3 WIDE,26,CHILLER MEDIUM,as_sheet,3.0,2.3,2.3,SPRAY PAINTING,SPRAY PAINTING,750.0,750.0,0.0,PASS,,,
UP_TO_5.5_CHILLER_AND_2.~L3~W2.3~H2.3~as_sheet,UP TO 5.5 CHILLER AND 2.3 WIDE,26,CHILLER MEDIUM,as_sheet,3.0,2.3,2.3,REFLEXITE TAPE,REFLEXITE TAPE,149.4,149.4,0.0,PASS,,,
UP_TO_5.5_CHILLER_AND_2.~L3~W2.3~H2.3~all_eps,UP TO 5.5 CHILLER AND 2.3 WIDE,26,CHILLER MEDIUM,all_eps,3.0,2.3,2.3,FRONT,FRONT,4250.996789,4266.89,0.374,PASS,,,
UP_TO_5.5_CHILLER_AND_2.~L3~W2.3~H2.3~all_eps,UP TO 5.5 CHILLER AND 2.3 WIDE,26,CHILLER MEDIUM,all_eps,3.0,2.3,2.3,SRD,,0.0,,,SKIP,,,
UP_TO_5.5_CHILLER_AND_2.~L3~W2.3~H2.3~all_eps,UP TO 5.5 CHILLER AND 2.3 WIDE,26,CHILLER MEDIUM,all_eps,3.0,2.3,2.3,SRD DOOR FITTINGS,,0.0,,,SKIP,,,
UP_TO_5.5_CHILLER_AND_2.~L3~W2.3~H2.3~all_eps,UP TO 5.5 CHILLER AND 2.3 WIDE,26,CHILLER MEDIUM,all_eps,3.0,2.3,2.3,DRD,DRD,4550.659701,4430.76,2.635,ACCEPTED,,GROUP_DIFF 130*62MM TAPPING BLOCKS ~ 2 MES line(s) (-120.00),"[DATA] 130*62MM TAPPING BLOCKS: Excel 2 x R234 per size (R936 a double door) vs MES 6 x R68 per size (R816): R60 per size, 1-3 % of the door section."
UP_TO_5.5_CHILLER_AND_2.~L3~W2.3~H2.3~all_eps,UP TO 5.5 CHILLER AND 2.3 WIDE,26,CHILLER MEDIUM,all_eps,3.0,2.3,2.3,DRD DOOR FITTINGS,DRD DOOR FITTINGS,5450.13694,5450.14,0.0,PASS,,,
UP_TO_5.5_CHILLER_AND_2.~L3~W2.3~H2.3~all_eps,UP TO 5.5 CHILLER AND 2.3 WIDE,26,CHILLER MEDIUM,all_eps,3.0,2.3,2.3,SIDES,SIDES,10602.213575,10582.2,0.189,PASS,,,
UP_TO_5.5_CHILLER_AND_2.~L3~W2.3~H2.3~all_eps,UP TO 5.5 CHILLER AND 2.3 WIDE,26,CHILLER MEDIUM,all_eps,3.0,2.3,2.3,ROOF,ROOF,5231.045145,5230.99,0.001,PASS,,,
UP_TO_5.5_CHILLER_AND_2.~L3~W2.3~H2.3~all_eps,UP TO 5.5 CHILLER AND 2.3 WIDE,26,CHILLER MEDIUM,all_eps,3.0,2.3,2.3,FLOOR,FLOOR,9354.131097,9354.13,0.0,PASS,,,
UP_TO_5.5_CHILLER_AND_2.~L3~W2.3~H2.3~all_eps,UP TO 5.5 CHILLER AND 2.3 WIDE,26,CHILLER MEDIUM,all_eps,3.0,2.3,2.3,ALUMINIUM,ALUMINIUM,5150.741,5150.74,0.0,PASS,,,
UP_TO_5.5_CHILLER_AND_2.~L3~W2.3~H2.3~all_eps,UP TO 5.5 CHILLER AND 2.3 WIDE,26,CHILLER MEDIUM,all_eps,3.0,2.3,2.3,SUB FRAME + LIGHT BOX ASSY,SUB FRAME + LIGHT BOX ASSY,6891.316432,7101.11,3.044,ACCEPTED,,EXTRA_IN_MES 1.2MM GALV PLATE (+449.52),[DATA] MES prices 1.2MM GALV PLATE R449.52 where Excel prices 1MM GALV PLATE R239.72.
UP_TO_5.5_CHILLER_AND_2.~L3~W2.3~H2.3~all_eps,UP TO 5.5 CHILLER AND 2.3 WIDE,26,CHILLER MEDIUM,all_eps,3.0,2.3,2.3,REAR FRAME + FLOOR PLATE,REAR FRAME & FLOOR PLATE,3129.9508,3129.75,0.006,PASS,,,
UP_TO_5.5_CHILLER_AND_2.~L3~W2.3~H2.3~all_eps,UP TO 5.5 CHILLER AND 2.3 WIDE,26,CHILLER MEDIUM,all_eps,3.0,2.3,2.3,SPRAY PAINTING,SPRAY PAINTING,750.0,750.0,0.0,PASS,,,
UP_TO_5.5_CHILLER_AND_2.~L3~W2.3~H2.3~all_eps,UP TO 5.5 CHILLER AND 2.3 WIDE,26,CHILLER MEDIUM,all_eps,3.0,2.3,2.3,REFLEXITE TAPE,REFLEXITE TAPE,149.4,149.4,0.0,PASS,,,
UP_TO_5.5_CHILLER_AND_2.~L3~W2.3~H2.3~all_pu,UP TO 5.5 CHILLER AND 2.3 WIDE,26,CHILLER MEDIUM,all_pu,3.0,2.3,2.3,FRONT,FRONT,4852.924509,3676.99,24.231,ACCEPTED,,QTY_DIFF PU (-1102.61) [ZERO_FORMULA],"[MES] chiller PU insulation lines carry a literal x0 quantity formula (2.44*1.22*0*2, 1.22*2.44*0*(length+{Waste})/1.22): PU prices at R0 on FRONT/SIDES/ROOF/FLOOR (ZERO_FORMULA); the icecream/freezer bodies use {PANEL PU} tokens and price live. SIDES/ROOF/FLOOR skins also hard-code both roof and floor deductions where Burt's cells deduct only the roof under PU."
UP_TO_5.5_CHILLER_AND_2.~L3~W2.3~H2.3~all_pu,UP TO 5.5 CHILLER AND 2.3 WIDE,26,CHILLER MEDIUM,all_pu,3.0,2.3,2.3,SRD,,0.0,,,SKIP,,,
UP_TO_5.5_CHILLER_AND_2.~L3~W2.3~H2.3~all_pu,UP TO 5.5 CHILLER AND 2.3 WIDE,26,CHILLER MEDIUM,all_pu,3.0,2.3,2.3,SRD DOOR FITTINGS,,0.0,,,SKIP,,,
UP_TO_5.5_CHILLER_AND_2.~L3~W2.3~H2.3~all_pu,UP TO 5.5 CHILLER AND 2.3 WIDE,26,CHILLER MEDIUM,all_pu,3.0,2.3,2.3,DRD,DRD,5113.158748,4927.59,3.629,ACCEPTED,,GROUP_DIFF 130*62MM TAPPING BLOCKS ~ 2 MES line(s) (-120.00),"[DATA] 130*62MM TAPPING BLOCKS: Excel 2 x R234 per size (R936 a double door) vs MES 6 x R68 per size (R816): R60 per size, 1-3 % of the door section."
UP_TO_5.5_CHILLER_AND_2.~L3~W2.3~H2.3~all_pu,UP TO 5.5 CHILLER AND 2.3 WIDE,26,CHILLER MEDIUM,all_pu,3.0,2.3,2.3,DRD DOOR FITTINGS,DRD DOOR FITTINGS,5513.52626,5503.48,0.182,PASS,,,
UP_TO_5.5_CHILLER_AND_2.~L3~W2.3~H2.3~all_pu,UP TO 5.5 CHILLER AND 2.3 WIDE,26,CHILLER MEDIUM,all_pu,3.0,2.3,2.3,SIDES,SIDES,11931.349807,8869.76,25.66,ACCEPTED,,BOTH PU (-2756.53) [ZERO_FORMULA],"[MES] chiller PU insulation lines carry a literal x0 quantity formula (2.44*1.22*0*2, 1.22*2.44*0*(length+{Waste})/1.22): PU prices at R0 on FRONT/SIDES/ROOF/FLOOR (ZERO_FORMULA); the icecream/freezer bodies use {PANEL PU} tokens and price live. SIDES/ROOF/FLOOR skins also hard-code both roof and floor deductions where Burt's cells deduct only the roof under PU."
UP_TO_5.5_CHILLER_AND_2.~L3~W2.3~H2.3~all_pu,UP TO 5.5 CHILLER AND 2.3 WIDE,26,CHILLER MEDIUM,all_pu,3.0,2.3,2.3,ROOF,ROOF,5854.703923,4108.85,29.82,ACCEPTED,,BOTH PU (-1745.80) [ZERO_FORMULA],"[MES] chiller PU insulation lines carry a literal x0 quantity formula (2.44*1.22*0*2, 1.22*2.44*0*(length+{Waste})/1.22): PU prices at R0 on FRONT/SIDES/ROOF/FLOOR (ZERO_FORMULA); the icecream/freezer bodies use {PANEL PU} tokens and price live. SIDES/ROOF/FLOOR skins also hard-code both roof and floor deductions where Burt's cells deduct only the roof under PU."
UP_TO_5.5_CHILLER_AND_2.~L3~W2.3~H2.3~all_pu,UP TO 5.5 CHILLER AND 2.3 WIDE,26,CHILLER MEDIUM,all_pu,3.0,2.3,2.3,FLOOR,FLOOR,9977.789875,8231.99,17.497,ACCEPTED,,BOTH PU (-1745.80) [ZERO_FORMULA],"[MES] chiller PU insulation lines carry a literal x0 quantity formula (2.44*1.22*0*2, 1.22*2.44*0*(length+{Waste})/1.22): PU prices at R0 on FRONT/SIDES/ROOF/FLOOR (ZERO_FORMULA); the icecream/freezer bodies use {PANEL PU} tokens and price live. SIDES/ROOF/FLOOR skins also hard-code both roof and floor deductions where Burt's cells deduct only the roof under PU."
UP_TO_5.5_CHILLER_AND_2.~L3~W2.3~H2.3~all_pu,UP TO 5.5 CHILLER AND 2.3 WIDE,26,CHILLER MEDIUM,all_pu,3.0,2.3,2.3,ALUMINIUM,ALUMINIUM,5150.741,5150.74,0.0,PASS,,,
UP_TO_5.5_CHILLER_AND_2.~L3~W2.3~H2.3~all_pu,UP TO 5.5 CHILLER AND 2.3 WIDE,26,CHILLER MEDIUM,all_pu,3.0,2.3,2.3,SUB FRAME + LIGHT BOX ASSY,SUB FRAME + LIGHT BOX ASSY,6891.316432,7101.11,3.044,ACCEPTED,,EXTRA_IN_MES 1.2MM GALV PLATE (+449.52),[DATA] MES prices 1.2MM GALV PLATE R449.52 where Excel prices 1MM GALV PLATE R239.72.
UP_TO_5.5_CHILLER_AND_2.~L3~W2.3~H2.3~all_pu,UP TO 5.5 CHILLER AND 2.3 WIDE,26,CHILLER MEDIUM,all_pu,3.0,2.3,2.3,REAR FRAME + FLOOR PLATE,REAR FRAME & FLOOR PLATE,3129.9508,3129.75,0.006,PASS,,,
UP_TO_5.5_CHILLER_AND_2.~L3~W2.3~H2.3~all_pu,UP TO 5.5 CHILLER AND 2.3 WIDE,26,CHILLER MEDIUM,all_pu,3.0,2.3,2.3,SPRAY PAINTING,SPRAY PAINTING,750.0,750.0,0.0,PASS,,,
UP_TO_5.5_CHILLER_AND_2.~L3~W2.3~H2.3~all_pu,UP TO 5.5 CHILLER AND 2.3 WIDE,26,CHILLER MEDIUM,all_pu,3.0,2.3,2.3,REFLEXITE TAPE,REFLEXITE TAPE,149.4,149.4,0.0,PASS,,,
UP_TO_5.5_CHILLER_AND_2.~L3~W2.3~H2.3~srd,UP TO 5.5 CHILLER AND 2.3 WIDE,26,CHILLER MEDIUM,srd,3.0,2.3,2.3,FRONT,FRONT,4250.996789,4266.89,0.374,PASS,,,
UP_TO_5.5_CHILLER_AND_2.~L3~W2.3~H2.3~srd,UP TO 5.5 CHILLER AND 2.3 WIDE,26,CHILLER MEDIUM,srd,3.0,2.3,2.3,SRD,SRD,3510.663632,3709.88,5.675,ACCEPTED,,BOTH EPS (-626.02) [ZERO_FORMULA],[MES] SRD EPS line formula ends in *0 (ZERO_FORMULA) on the chillers: EPS on a single rear door prices at R0 (-R400 to -R780); the 4MM PF PLYWOOD / GLUE LINE rows under SRD are R0 on Burt's side instead.
UP_TO_5.5_CHILLER_AND_2.~L3~W2.3~H2.3~srd,UP TO 5.5 CHILLER AND 2.3 WIDE,26,CHILLER MEDIUM,srd,3.0,2.3,2.3,SRD DOOR FITTINGS,SRD DOOR FITTINGS,6166.05802,7053.99,14.4,ACCEPTED,,PRICE_DIFF SILPLUS X WHITE SILICONE (+534.29),"[DATA] SRD DOOR FITTINGS on every body: MES CSLB HINGES R293.46 x2 (Excel R146.73 x2 - the pair price applied per hinge) and SILPLUS X WHITE R232.30 (Excel R116.15); per body also 34MM LOCKING POLE R126 (Excel R42), 28782 BIG HORIZ CAPPING R197.20 (Excel R240.58), ALU CORNERS R45 (Excel R54.90), 28780 BIG VERTICAL renamed 28778; Burt prices 2317 DOOR RUBBER / 28777 DOOR CAPPING at R0 on some sheets."
UP_TO_5.5_CHILLER_AND_2.~L3~W2.3~H2.3~srd,UP TO 5.5 CHILLER AND 2.3 WIDE,26,CHILLER MEDIUM,srd,3.0,2.3,2.3,DRD,,0.0,,,SKIP,,,
UP_TO_5.5_CHILLER_AND_2.~L3~W2.3~H2.3~srd,UP TO 5.5 CHILLER AND 2.3 WIDE,26,CHILLER MEDIUM,srd,3.0,2.3,2.3,DRD DOOR FITTINGS,,0.0,,,SKIP,,,
UP_TO_5.5_CHILLER_AND_2.~L3~W2.3~H2.3~srd,UP TO 5.5 CHILLER AND 2.3 WIDE,26,CHILLER MEDIUM,srd,3.0,2.3,2.3,SIDES,SIDES,10602.213575,10582.2,0.189,PASS,,,
UP_TO_5.5_CHILLER_AND_2.~L3~W2.3~H2.3~srd,UP TO 5.5 CHILLER AND 2.3 WIDE,26,CHILLER MEDIUM,srd,3.0,2.3,2.3,ROOF,ROOF,5231.045145,5230.99,0.001,PASS,,,
UP_TO_5.5_CHILLER_AND_2.~L3~W2.3~H2.3~srd,UP TO 5.5 CHILLER AND 2.3 WIDE,26,CHILLER MEDIUM,srd,3.0,2.3,2.3,FLOOR,FLOOR,9354.131097,9354.13,0.0,PASS,,,
UP_TO_5.5_CHILLER_AND_2.~L3~W2.3~H2.3~srd,UP TO 5.5 CHILLER AND 2.3 WIDE,26,CHILLER MEDIUM,srd,3.0,2.3,2.3,ALUMINIUM,ALUMINIUM,5150.741,5150.74,0.0,PASS,,,
UP_TO_5.5_CHILLER_AND_2.~L3~W2.3~H2.3~srd,UP TO 5.5 CHILLER AND 2.3 WIDE,26,CHILLER MEDIUM,srd,3.0,2.3,2.3,SUB FRAME + LIGHT BOX ASSY,SUB FRAME + LIGHT BOX ASSY,6891.316432,7101.11,3.044,ACCEPTED,,EXTRA_IN_MES 1.2MM GALV PLATE (+449.52),[DATA] MES prices 1.2MM GALV PLATE R449.52 where Excel prices 1MM GALV PLATE R239.72.
UP_TO_5.5_CHILLER_AND_2.~L3~W2.3~H2.3~srd,UP TO 5.5 CHILLER AND 2.3 WIDE,26,CHILLER MEDIUM,srd,3.0,2.3,2.3,REAR FRAME + FLOOR PLATE,REAR FRAME & FLOOR PLATE,0.0,3129.75,,ACCEPTED,EXTRA_IN_MES,EXTRA_IN_MES 2.5MM 3CR12 REAR FRAME (+738.36),"[RULING] Burt gates REAR FRAME + FLOOR PLATE on the DRD flags, so a single-rear-door body carries R0 there; MES always includes the section (R2.4k-R5.5k). Which is right needs Burt/Michael."
UP_TO_5.5_CHILLER_AND_2.~L3~W2.3~H2.3~srd,UP TO 5.5 CHILLER AND 2.3 WIDE,26,CHILLER MEDIUM,srd,3.0,2.3,2.3,SPRAY PAINTING,SPRAY PAINTING,750.0,750.0,0.0,PASS,,,
UP_TO_5.5_CHILLER_AND_2.~L3~W2.3~H2.3~srd,UP TO 5.5 CHILLER AND 2.3 WIDE,26,CHILLER MEDIUM,srd,3.0,2.3,2.3,REFLEXITE TAPE,REFLEXITE TAPE,149.4,149.4,0.0,PASS,,,
UP_TO_5.5_CHILLER_AND_2.~L3~W2.3~H2.3~drd,UP TO 5.5 CHILLER AND 2.3 WIDE,26,CHILLER MEDIUM,drd,3.0,2.3,2.3,FRONT,FRONT,4250.996789,4266.89,0.374,PASS,,,
UP_TO_5.5_CHILLER_AND_2.~L3~W2.3~H2.3~drd,UP TO 5.5 CHILLER AND 2.3 WIDE,26,CHILLER MEDIUM,drd,3.0,2.3,2.3,SRD,,0.0,,,SKIP,,,
UP_TO_5.5_CHILLER_AND_2.~L3~W2.3~H2.3~drd,UP TO 5.5 CHILLER AND 2.3 WIDE,26,CHILLER MEDIUM,drd,3.0,2.3,2.3,SRD DOOR FITTINGS,,0.0,,,SKIP,,,
UP_TO_5.5_CHILLER_AND_2.~L3~W2.3~H2.3~drd,UP TO 5.5 CHILLER AND 2.3 WIDE,26,CHILLER MEDIUM,drd,3.0,2.3,2.3,DRD,DRD,4550.659701,4430.76,2.635,ACCEPTED,,GROUP_DIFF 130*62MM TAPPING BLOCKS ~ 2 MES line(s) (-120.00),"[DATA] 130*62MM TAPPING BLOCKS: Excel 2 x R234 per size (R936 a double door) vs MES 6 x R68 per size (R816): R60 per size, 1-3 % of the door section."
UP_TO_5.5_CHILLER_AND_2.~L3~W2.3~H2.3~drd,UP TO 5.5 CHILLER AND 2.3 WIDE,26,CHILLER MEDIUM,drd,3.0,2.3,2.3,DRD DOOR FITTINGS,DRD DOOR FITTINGS,5450.13694,5450.14,0.0,PASS,,,
UP_TO_5.5_CHILLER_AND_2.~L3~W2.3~H2.3~drd,UP TO 5.5 CHILLER AND 2.3 WIDE,26,CHILLER MEDIUM,drd,3.0,2.3,2.3,SIDES,SIDES,10602.213575,10582.2,0.189,PASS,,,
UP_TO_5.5_CHILLER_AND_2.~L3~W2.3~H2.3~drd,UP TO 5.5 CHILLER AND 2.3 WIDE,26,CHILLER MEDIUM,drd,3.0,2.3,2.3,ROOF,ROOF,5231.045145,5230.99,0.001,PASS,,,
UP_TO_5.5_CHILLER_AND_2.~L3~W2.3~H2.3~drd,UP TO 5.5 CHILLER AND 2.3 WIDE,26,CHILLER MEDIUM,drd,3.0,2.3,2.3,FLOOR,FLOOR,9354.131097,9354.13,0.0,PASS,,,
UP_TO_5.5_CHILLER_AND_2.~L3~W2.3~H2.3~drd,UP TO 5.5 CHILLER AND 2.3 WIDE,26,CHILLER MEDIUM,drd,3.0,2.3,2.3,ALUMINIUM,ALUMINIUM,5150.741,5150.74,0.0,PASS,,,
UP_TO_5.5_CHILLER_AND_2.~L3~W2.3~H2.3~drd,UP TO 5.5 CHILLER AND 2.3 WIDE,26,CHILLER MEDIUM,drd,3.0,2.3,2.3,SUB FRAME + LIGHT BOX ASSY,SUB FRAME + LIGHT BOX ASSY,6891.316432,7101.11,3.044,ACCEPTED,,EXTRA_IN_MES 1.2MM GALV PLATE (+449.52),[DATA] MES prices 1.2MM GALV PLATE R449.52 where Excel prices 1MM GALV PLATE R239.72.
UP_TO_5.5_CHILLER_AND_2.~L3~W2.3~H2.3~drd,UP TO 5.5 CHILLER AND 2.3 WIDE,26,CHILLER MEDIUM,drd,3.0,2.3,2.3,REAR FRAME + FLOOR PLATE,REAR FRAME & FLOOR PLATE,3129.9508,3129.75,0.006,PASS,,,
UP_TO_5.5_CHILLER_AND_2.~L3~W2.3~H2.3~drd,UP TO 5.5 CHILLER AND 2.3 WIDE,26,CHILLER MEDIUM,drd,3.0,2.3,2.3,SPRAY PAINTING,SPRAY PAINTING,750.0,750.0,0.0,PASS,,,
UP_TO_5.5_CHILLER_AND_2.~L3~W2.3~H2.3~drd,UP TO 5.5 CHILLER AND 2.3 WIDE,26,CHILLER MEDIUM,drd,3.0,2.3,2.3,REFLEXITE TAPE,REFLEXITE TAPE,149.4,149.4,0.0,PASS,,,
UP_TO_5.5_CHILLER_AND_2.~L3~W2.3~H2.3~foam_4g,UP TO 5.5 CHILLER AND 2.3 WIDE,26,CHILLER MEDIUM,foam_4g,3.0,2.3,2.3,FRONT,FRONT,4250.996789,4266.89,0.374,PASS,,,
UP_TO_5.5_CHILLER_AND_2.~L3~W2.3~H2.3~foam_4g,UP TO 5.5 CHILLER AND 2.3 WIDE,26,CHILLER MEDIUM,foam_4g,3.0,2.3,2.3,SRD,,0.0,,,SKIP,,,
UP_TO_5.5_CHILLER_AND_2.~L3~W2.3~H2.3~foam_4g,UP TO 5.5 CHILLER AND 2.3 WIDE,26,CHILLER MEDIUM,foam_4g,3.0,2.3,2.3,SRD DOOR FITTINGS,,0.0,,,SKIP,,,
UP_TO_5.5_CHILLER_AND_2.~L3~W2.3~H2.3~foam_4g,UP TO 5.5 CHILLER AND 2.3 WIDE,26,CHILLER MEDIUM,foam_4g,3.0,2.3,2.3,DRD,DRD,4550.659701,4430.76,2.635,ACCEPTED,,GROUP_DIFF 130*62MM TAPPING BLOCKS ~ 2 MES line(s) (-120.00),"[DATA] 130*62MM TAPPING BLOCKS: Excel 2 x R234 per size (R936 a double door) vs MES 6 x R68 per size (R816): R60 per size, 1-3 % of the door section."
UP_TO_5.5_CHILLER_AND_2.~L3~W2.3~H2.3~foam_4g,UP TO 5.5 CHILLER AND 2.3 WIDE,26,CHILLER MEDIUM,foam_4g,3.0,2.3,2.3,DRD DOOR FITTINGS,DRD DOOR FITTINGS,5450.13694,5450.14,0.0,PASS,,,
UP_TO_5.5_CHILLER_AND_2.~L3~W2.3~H2.3~foam_4g,UP TO 5.5 CHILLER AND 2.3 WIDE,26,CHILLER MEDIUM,foam_4g,3.0,2.3,2.3,SIDES,SIDES,10602.213575,10582.2,0.189,PASS,,,
UP_TO_5.5_CHILLER_AND_2.~L3~W2.3~H2.3~foam_4g,UP TO 5.5 CHILLER AND 2.3 WIDE,26,CHILLER MEDIUM,foam_4g,3.0,2.3,2.3,ROOF,ROOF,5231.045145,5230.99,0.001,PASS,,,
UP_TO_5.5_CHILLER_AND_2.~L3~W2.3~H2.3~foam_4g,UP TO 5.5 CHILLER AND 2.3 WIDE,26,CHILLER MEDIUM,foam_4g,3.0,2.3,2.3,FLOOR,FLOOR,9354.131097,9354.13,0.0,PASS,,,
UP_TO_5.5_CHILLER_AND_2.~L3~W2.3~H2.3~foam_4g,UP TO 5.5 CHILLER AND 2.3 WIDE,26,CHILLER MEDIUM,foam_4g,3.0,2.3,2.3,ALUMINIUM,ALUMINIUM,5150.741,5150.74,0.0,PASS,,,
UP_TO_5.5_CHILLER_AND_2.~L3~W2.3~H2.3~foam_4g,UP TO 5.5 CHILLER AND 2.3 WIDE,26,CHILLER MEDIUM,foam_4g,3.0,2.3,2.3,SUB FRAME + LIGHT BOX ASSY,SUB FRAME + LIGHT BOX ASSY,6891.316432,7101.11,3.044,ACCEPTED,,EXTRA_IN_MES 1.2MM GALV PLATE (+449.52),[DATA] MES prices 1.2MM GALV PLATE R449.52 where Excel prices 1MM GALV PLATE R239.72.
UP_TO_5.5_CHILLER_AND_2.~L3~W2.3~H2.3~foam_4g,UP TO 5.5 CHILLER AND 2.3 WIDE,26,CHILLER MEDIUM,foam_4g,3.0,2.3,2.3,REAR FRAME + FLOOR PLATE,REAR FRAME & FLOOR PLATE,3129.9508,3129.75,0.006,PASS,,,
UP_TO_5.5_CHILLER_AND_2.~L3~W2.3~H2.3~foam_4g,UP TO 5.5 CHILLER AND 2.3 WIDE,26,CHILLER MEDIUM,foam_4g,3.0,2.3,2.3,SPRAY PAINTING,SPRAY PAINTING,750.0,750.0,0.0,PASS,,,
UP_TO_5.5_CHILLER_AND_2.~L3~W2.3~H2.3~foam_4g,UP TO 5.5 CHILLER AND 2.3 WIDE,26,CHILLER MEDIUM,foam_4g,3.0,2.3,2.3,REFLEXITE TAPE,REFLEXITE TAPE,149.4,149.4,0.0,PASS,,,
UP_TO_5.5_CHILLER_AND_2.~L4.2~W2.3~H2.3~as_sheet,UP TO 5.5 CHILLER AND 2.3 WIDE,26,CHILLER MEDIUM,as_sheet,4.2,2.3,2.3,FRONT,FRONT,4250.996789,4266.89,0.374,PASS,,,
UP_TO_5.5_CHILLER_AND_2.~L4.2~W2.3~H2.3~as_sheet,UP TO 5.5 CHILLER AND 2.3 WIDE,26,CHILLER MEDIUM,as_sheet,4.2,2.3,2.3,SRD,,0.0,,,SKIP,,,
UP_TO_5.5_CHILLER_AND_2.~L4.2~W2.3~H2.3~as_sheet,UP TO 5.5 CHILLER AND 2.3 WIDE,26,CHILLER MEDIUM,as_sheet,4.2,2.3,2.3,SRD DOOR FITTINGS,,0.0,,,SKIP,,,
UP_TO_5.5_CHILLER_AND_2.~L4.2~W2.3~H2.3~as_sheet,UP TO 5.5 CHILLER AND 2.3 WIDE,26,CHILLER MEDIUM,as_sheet,4.2,2.3,2.3,DRD,DRD,4550.659701,4430.76,2.635,ACCEPTED,,GROUP_DIFF 130*62MM TAPPING BLOCKS ~ 2 MES line(s) (-120.00),"[DATA] 130*62MM TAPPING BLOCKS: Excel 2 x R234 per size (R936 a double door) vs MES 6 x R68 per size (R816): R60 per size, 1-3 % of the door section."
UP_TO_5.5_CHILLER_AND_2.~L4.2~W2.3~H2.3~as_sheet,UP TO 5.5 CHILLER AND 2.3 WIDE,26,CHILLER MEDIUM,as_sheet,4.2,2.3,2.3,DRD DOOR FITTINGS,DRD DOOR FITTINGS,5450.13694,5450.14,0.0,PASS,,,
UP_TO_5.5_CHILLER_AND_2.~L4.2~W2.3~H2.3~as_sheet,UP TO 5.5 CHILLER AND 2.3 WIDE,26,CHILLER MEDIUM,as_sheet,4.2,2.3,2.3,SIDES,SIDES,14569.478233,14544.93,0.168,PASS,,,
UP_TO_5.5_CHILLER_AND_2.~L4.2~W2.3~H2.3~as_sheet,UP TO 5.5 CHILLER AND 2.3 WIDE,26,CHILLER MEDIUM,as_sheet,4.2,2.3,2.3,ROOF,ROOF,7169.485013,7169.42,0.001,PASS,,,
UP_TO_5.5_CHILLER_AND_2.~L4.2~W2.3~H2.3~as_sheet,UP TO 5.5 CHILLER AND 2.3 WIDE,26,CHILLER MEDIUM,as_sheet,4.2,2.3,2.3,FLOOR,FLOOR,12964.302571,12964.3,0.0,PASS,,,
UP_TO_5.5_CHILLER_AND_2.~L4.2~W2.3~H2.3~as_sheet,UP TO 5.5 CHILLER AND 2.3 WIDE,26,CHILLER MEDIUM,as_sheet,4.2,2.3,2.3,ALUMINIUM,ALUMINIUM,6429.821,6429.82,0.0,PASS,,,
UP_TO_5.5_CHILLER_AND_2.~L4.2~W2.3~H2.3~as_sheet,UP TO 5.5 CHILLER AND 2.3 WIDE,26,CHILLER MEDIUM,as_sheet,4.2,2.3,2.3,SUB FRAME + LIGHT BOX ASSY,SUB FRAME + LIGHT BOX ASSY,7474.516432,7684.31,2.807,ACCEPTED,,EXTRA_IN_MES 1.2MM GALV PLATE (+449.52),[DATA] MES prices 1.2MM GALV PLATE R449.52 where Excel prices 1MM GALV PLATE R239.72.
UP_TO_5.5_CHILLER_AND_2.~L4.2~W2.3~H2.3~as_sheet,UP TO 5.5 CHILLER AND 2.3 WIDE,26,CHILLER MEDIUM,as_sheet,4.2,2.3,2.3,REAR FRAME + FLOOR PLATE,REAR FRAME & FLOOR PLATE,3129.9508,3129.75,0.006,PASS,,,
UP_TO_5.5_CHILLER_AND_2.~L4.2~W2.3~H2.3~as_sheet,UP TO 5.5 CHILLER AND 2.3 WIDE,26,CHILLER MEDIUM,as_sheet,4.2,2.3,2.3,SPRAY PAINTING,SPRAY PAINTING,750.0,750.0,0.0,PASS,,,
UP_TO_5.5_CHILLER_AND_2.~L4.2~W2.3~H2.3~as_sheet,UP TO 5.5 CHILLER AND 2.3 WIDE,26,CHILLER MEDIUM,as_sheet,4.2,2.3,2.3,REFLEXITE TAPE,REFLEXITE TAPE,192.6,192.6,0.0,PASS,,,
UP_TO_5.5_CHILLER_AND_2.~L4.2~W2.3~H2.3~all_eps,UP TO 5.5 CHILLER AND 2.3 WIDE,26,CHILLER MEDIUM,all_eps,4.2,2.3,2.3,FRONT,FRONT,4250.996789,4266.89,0.374,PASS,,,
UP_TO_5.5_CHILLER_AND_2.~L4.2~W2.3~H2.3~all_eps,UP TO 5.5 CHILLER AND 2.3 WIDE,26,CHILLER MEDIUM,all_eps,4.2,2.3,2.3,SRD,,0.0,,,SKIP,,,
UP_TO_5.5_CHILLER_AND_2.~L4.2~W2.3~H2.3~all_eps,UP TO 5.5 CHILLER AND 2.3 WIDE,26,CHILLER MEDIUM,all_eps,4.2,2.3,2.3,SRD DOOR FITTINGS,,0.0,,,SKIP,,,
UP_TO_5.5_CHILLER_AND_2.~L4.2~W2.3~H2.3~all_eps,UP TO 5.5 CHILLER AND 2.3 WIDE,26,CHILLER MEDIUM,all_eps,4.2,2.3,2.3,DRD,DRD,4550.659701,4430.76,2.635,ACCEPTED,,GROUP_DIFF 130*62MM TAPPING BLOCKS ~ 2 MES line(s) (-120.00),"[DATA] 130*62MM TAPPING BLOCKS: Excel 2 x R234 per size (R936 a double door) vs MES 6 x R68 per size (R816): R60 per size, 1-3 % of the door section."
UP_TO_5.5_CHILLER_AND_2.~L4.2~W2.3~H2.3~all_eps,UP TO 5.5 CHILLER AND 2.3 WIDE,26,CHILLER MEDIUM,all_eps,4.2,2.3,2.3,DRD DOOR FITTINGS,DRD DOOR FITTINGS,5450.13694,5450.14,0.0,PASS,,,
UP_TO_5.5_CHILLER_AND_2.~L4.2~W2.3~H2.3~all_eps,UP TO 5.5 CHILLER AND 2.3 WIDE,26,CHILLER MEDIUM,all_eps,4.2,2.3,2.3,SIDES,SIDES,14569.478233,14544.93,0.168,PASS,,,
UP_TO_5.5_CHILLER_AND_2.~L4.2~W2.3~H2.3~all_eps,UP TO 5.5 CHILLER AND 2.3 WIDE,26,CHILLER MEDIUM,all_eps,4.2,2.3,2.3,ROOF,ROOF,7169.485013,7169.42,0.001,PASS,,,
UP_TO_5.5_CHILLER_AND_2.~L4.2~W2.3~H2.3~all_eps,UP TO 5.5 CHILLER AND 2.3 WIDE,26,CHILLER MEDIUM,all_eps,4.2,2.3,2.3,FLOOR,FLOOR,12964.302571,12964.3,0.0,PASS,,,
UP_TO_5.5_CHILLER_AND_2.~L4.2~W2.3~H2.3~all_eps,UP TO 5.5 CHILLER AND 2.3 WIDE,26,CHILLER MEDIUM,all_eps,4.2,2.3,2.3,ALUMINIUM,ALUMINIUM,6429.821,6429.82,0.0,PASS,,,
UP_TO_5.5_CHILLER_AND_2.~L4.2~W2.3~H2.3~all_eps,UP TO 5.5 CHILLER AND 2.3 WIDE,26,CHILLER MEDIUM,all_eps,4.2,2.3,2.3,SUB FRAME + LIGHT BOX ASSY,SUB FRAME + LIGHT BOX ASSY,7474.516432,7684.31,2.807,ACCEPTED,,EXTRA_IN_MES 1.2MM GALV PLATE (+449.52),[DATA] MES prices 1.2MM GALV PLATE R449.52 where Excel prices 1MM GALV PLATE R239.72.
UP_TO_5.5_CHILLER_AND_2.~L4.2~W2.3~H2.3~all_eps,UP TO 5.5 CHILLER AND 2.3 WIDE,26,CHILLER MEDIUM,all_eps,4.2,2.3,2.3,REAR FRAME + FLOOR PLATE,REAR FRAME & FLOOR PLATE,3129.9508,3129.75,0.006,PASS,,,
UP_TO_5.5_CHILLER_AND_2.~L4.2~W2.3~H2.3~all_eps,UP TO 5.5 CHILLER AND 2.3 WIDE,26,CHILLER MEDIUM,all_eps,4.2,2.3,2.3,SPRAY PAINTING,SPRAY PAINTING,750.0,750.0,0.0,PASS,,,
UP_TO_5.5_CHILLER_AND_2.~L4.2~W2.3~H2.3~all_eps,UP TO 5.5 CHILLER AND 2.3 WIDE,26,CHILLER MEDIUM,all_eps,4.2,2.3,2.3,REFLEXITE TAPE,REFLEXITE TAPE,192.6,192.6,0.0,PASS,,,
UP_TO_5.5_CHILLER_AND_2.~L4.2~W2.3~H2.3~all_pu,UP TO 5.5 CHILLER AND 2.3 WIDE,26,CHILLER MEDIUM,all_pu,4.2,2.3,2.3,FRONT,FRONT,4852.924509,3676.99,24.231,ACCEPTED,,QTY_DIFF PU (-1102.61) [ZERO_FORMULA],"[MES] chiller PU insulation lines carry a literal x0 quantity formula (2.44*1.22*0*2, 1.22*2.44*0*(length+{Waste})/1.22): PU prices at R0 on FRONT/SIDES/ROOF/FLOOR (ZERO_FORMULA); the icecream/freezer bodies use {PANEL PU} tokens and price live. SIDES/ROOF/FLOOR skins also hard-code both roof and floor deductions where Burt's cells deduct only the roof under PU."
UP_TO_5.5_CHILLER_AND_2.~L4.2~W2.3~H2.3~all_pu,UP TO 5.5 CHILLER AND 2.3 WIDE,26,CHILLER MEDIUM,all_pu,4.2,2.3,2.3,SRD,,0.0,,,SKIP,,,
UP_TO_5.5_CHILLER_AND_2.~L4.2~W2.3~H2.3~all_pu,UP TO 5.5 CHILLER AND 2.3 WIDE,26,CHILLER MEDIUM,all_pu,4.2,2.3,2.3,SRD DOOR FITTINGS,,0.0,,,SKIP,,,
UP_TO_5.5_CHILLER_AND_2.~L4.2~W2.3~H2.3~all_pu,UP TO 5.5 CHILLER AND 2.3 WIDE,26,CHILLER MEDIUM,all_pu,4.2,2.3,2.3,DRD,DRD,5113.158748,4927.59,3.629,ACCEPTED,,GROUP_DIFF 130*62MM TAPPING BLOCKS ~ 2 MES line(s) (-120.00),"[DATA] 130*62MM TAPPING BLOCKS: Excel 2 x R234 per size (R936 a double door) vs MES 6 x R68 per size (R816): R60 per size, 1-3 % of the door section."
UP_TO_5.5_CHILLER_AND_2.~L4.2~W2.3~H2.3~all_pu,UP TO 5.5 CHILLER AND 2.3 WIDE,26,CHILLER MEDIUM,all_pu,4.2,2.3,2.3,DRD DOOR FITTINGS,DRD DOOR FITTINGS,5513.52626,5503.48,0.182,PASS,,,
UP_TO_5.5_CHILLER_AND_2.~L4.2~W2.3~H2.3~all_pu,UP TO 5.5 CHILLER AND 2.3 WIDE,26,CHILLER MEDIUM,all_pu,4.2,2.3,2.3,SIDES,SIDES,16417.093605,12158.74,25.939,ACCEPTED,,BOTH PU (-3841.07) [ZERO_FORMULA],"[MES] chiller PU insulation lines carry a literal x0 quantity formula (2.44*1.22*0*2, 1.22*2.44*0*(length+{Waste})/1.22): PU prices at R0 on FRONT/SIDES/ROOF/FLOOR (ZERO_FORMULA); the icecream/freezer bodies use {PANEL PU} tokens and price live. SIDES/ROOF/FLOOR skins also hard-code both roof and floor deductions where Burt's cells deduct only the roof under PU."
UP_TO_5.5_CHILLER_AND_2.~L4.2~W2.3~H2.3~all_pu,UP TO 5.5 CHILLER AND 2.3 WIDE,26,CHILLER MEDIUM,all_pu,4.2,2.3,2.3,ROOF,ROOF,8038.517735,5605.77,30.264,ACCEPTED,,BOTH PU (-2432.68) [ZERO_FORMULA],"[MES] chiller PU insulation lines carry a literal x0 quantity formula (2.44*1.22*0*2, 1.22*2.44*0*(length+{Waste})/1.22): PU prices at R0 on FRONT/SIDES/ROOF/FLOOR (ZERO_FORMULA); the icecream/freezer bodies use {PANEL PU} tokens and price live. SIDES/ROOF/FLOOR skins also hard-code both roof and floor deductions where Burt's cells deduct only the roof under PU."
UP_TO_5.5_CHILLER_AND_2.~L4.2~W2.3~H2.3~all_pu,UP TO 5.5 CHILLER AND 2.3 WIDE,26,CHILLER MEDIUM,all_pu,4.2,2.3,2.3,FLOOR,FLOOR,13833.335294,11400.66,17.586,ACCEPTED,,BOTH PU (-2432.68) [ZERO_FORMULA],"[MES] chiller PU insulation lines carry a literal x0 quantity formula (2.44*1.22*0*2, 1.22*2.44*0*(length+{Waste})/1.22): PU prices at R0 on FRONT/SIDES/ROOF/FLOOR (ZERO_FORMULA); the icecream/freezer bodies use {PANEL PU} tokens and price live. SIDES/ROOF/FLOOR skins also hard-code both roof and floor deductions where Burt's cells deduct only the roof under PU."
UP_TO_5.5_CHILLER_AND_2.~L4.2~W2.3~H2.3~all_pu,UP TO 5.5 CHILLER AND 2.3 WIDE,26,CHILLER MEDIUM,all_pu,4.2,2.3,2.3,ALUMINIUM,ALUMINIUM,6429.821,6429.82,0.0,PASS,,,
UP_TO_5.5_CHILLER_AND_2.~L4.2~W2.3~H2.3~all_pu,UP TO 5.5 CHILLER AND 2.3 WIDE,26,CHILLER MEDIUM,all_pu,4.2,2.3,2.3,SUB FRAME + LIGHT BOX ASSY,SUB FRAME + LIGHT BOX ASSY,7474.516432,7684.31,2.807,ACCEPTED,,EXTRA_IN_MES 1.2MM GALV PLATE (+449.52),[DATA] MES prices 1.2MM GALV PLATE R449.52 where Excel prices 1MM GALV PLATE R239.72.
UP_TO_5.5_CHILLER_AND_2.~L4.2~W2.3~H2.3~all_pu,UP TO 5.5 CHILLER AND 2.3 WIDE,26,CHILLER MEDIUM,all_pu,4.2,2.3,2.3,REAR FRAME + FLOOR PLATE,REAR FRAME & FLOOR PLATE,3129.9508,3129.75,0.006,PASS,,,
UP_TO_5.5_CHILLER_AND_2.~L4.2~W2.3~H2.3~all_pu,UP TO 5.5 CHILLER AND 2.3 WIDE,26,CHILLER MEDIUM,all_pu,4.2,2.3,2.3,SPRAY PAINTING,SPRAY PAINTING,750.0,750.0,0.0,PASS,,,
UP_TO_5.5_CHILLER_AND_2.~L4.2~W2.3~H2.3~all_pu,UP TO 5.5 CHILLER AND 2.3 WIDE,26,CHILLER MEDIUM,all_pu,4.2,2.3,2.3,REFLEXITE TAPE,REFLEXITE TAPE,192.6,192.6,0.0,PASS,,,
UP_TO_5.5_CHILLER_AND_2.~L4.2~W2.3~H2.3~srd,UP TO 5.5 CHILLER AND 2.3 WIDE,26,CHILLER MEDIUM,srd,4.2,2.3,2.3,FRONT,FRONT,4250.996789,4266.89,0.374,PASS,,,
UP_TO_5.5_CHILLER_AND_2.~L4.2~W2.3~H2.3~srd,UP TO 5.5 CHILLER AND 2.3 WIDE,26,CHILLER MEDIUM,srd,4.2,2.3,2.3,SRD,SRD,3510.663632,3709.88,5.675,ACCEPTED,,BOTH EPS (-626.02) [ZERO_FORMULA],[MES] SRD EPS line formula ends in *0 (ZERO_FORMULA) on the chillers: EPS on a single rear door prices at R0 (-R400 to -R780); the 4MM PF PLYWOOD / GLUE LINE rows under SRD are R0 on Burt's side instead.
UP_TO_5.5_CHILLER_AND_2.~L4.2~W2.3~H2.3~srd,UP TO 5.5 CHILLER AND 2.3 WIDE,26,CHILLER MEDIUM,srd,4.2,2.3,2.3,SRD DOOR FITTINGS,SRD DOOR FITTINGS,6166.05802,7053.99,14.4,ACCEPTED,,PRICE_DIFF SILPLUS X WHITE SILICONE (+534.29),"[DATA] SRD DOOR FITTINGS on every body: MES CSLB HINGES R293.46 x2 (Excel R146.73 x2 - the pair price applied per hinge) and SILPLUS X WHITE R232.30 (Excel R116.15); per body also 34MM LOCKING POLE R126 (Excel R42), 28782 BIG HORIZ CAPPING R197.20 (Excel R240.58), ALU CORNERS R45 (Excel R54.90), 28780 BIG VERTICAL renamed 28778; Burt prices 2317 DOOR RUBBER / 28777 DOOR CAPPING at R0 on some sheets."
UP_TO_5.5_CHILLER_AND_2.~L4.2~W2.3~H2.3~srd,UP TO 5.5 CHILLER AND 2.3 WIDE,26,CHILLER MEDIUM,srd,4.2,2.3,2.3,DRD,,0.0,,,SKIP,,,
UP_TO_5.5_CHILLER_AND_2.~L4.2~W2.3~H2.3~srd,UP TO 5.5 CHILLER AND 2.3 WIDE,26,CHILLER MEDIUM,srd,4.2,2.3,2.3,DRD DOOR FITTINGS,,0.0,,,SKIP,,,
UP_TO_5.5_CHILLER_AND_2.~L4.2~W2.3~H2.3~srd,UP TO 5.5 CHILLER AND 2.3 WIDE,26,CHILLER MEDIUM,srd,4.2,2.3,2.3,SIDES,SIDES,14569.478233,14544.93,0.168,PASS,,,
UP_TO_5.5_CHILLER_AND_2.~L4.2~W2.3~H2.3~srd,UP TO 5.5 CHILLER AND 2.3 WIDE,26,CHILLER MEDIUM,srd,4.2,2.3,2.3,ROOF,ROOF,7169.485013,7169.42,0.001,PASS,,,
UP_TO_5.5_CHILLER_AND_2.~L4.2~W2.3~H2.3~srd,UP TO 5.5 CHILLER AND 2.3 WIDE,26,CHILLER MEDIUM,srd,4.2,2.3,2.3,FLOOR,FLOOR,12964.302571,12964.3,0.0,PASS,,,
UP_TO_5.5_CHILLER_AND_2.~L4.2~W2.3~H2.3~srd,UP TO 5.5 CHILLER AND 2.3 WIDE,26,CHILLER MEDIUM,srd,4.2,2.3,2.3,ALUMINIUM,ALUMINIUM,6429.821,6429.82,0.0,PASS,,,
UP_TO_5.5_CHILLER_AND_2.~L4.2~W2.3~H2.3~srd,UP TO 5.5 CHILLER AND 2.3 WIDE,26,CHILLER MEDIUM,srd,4.2,2.3,2.3,SUB FRAME + LIGHT BOX ASSY,SUB FRAME + LIGHT BOX ASSY,7474.516432,7684.31,2.807,ACCEPTED,,EXTRA_IN_MES 1.2MM GALV PLATE (+449.52),[DATA] MES prices 1.2MM GALV PLATE R449.52 where Excel prices 1MM GALV PLATE R239.72.
UP_TO_5.5_CHILLER_AND_2.~L4.2~W2.3~H2.3~srd,UP TO 5.5 CHILLER AND 2.3 WIDE,26,CHILLER MEDIUM,srd,4.2,2.3,2.3,REAR FRAME + FLOOR PLATE,REAR FRAME & FLOOR PLATE,0.0,3129.75,,ACCEPTED,EXTRA_IN_MES,EXTRA_IN_MES 2.5MM 3CR12 REAR FRAME (+738.36),"[RULING] Burt gates REAR FRAME + FLOOR PLATE on the DRD flags, so a single-rear-door body carries R0 there; MES always includes the section (R2.4k-R5.5k). Which is right needs Burt/Michael."
UP_TO_5.5_CHILLER_AND_2.~L4.2~W2.3~H2.3~srd,UP TO 5.5 CHILLER AND 2.3 WIDE,26,CHILLER MEDIUM,srd,4.2,2.3,2.3,SPRAY PAINTING,SPRAY PAINTING,750.0,750.0,0.0,PASS,,,
UP_TO_5.5_CHILLER_AND_2.~L4.2~W2.3~H2.3~srd,UP TO 5.5 CHILLER AND 2.3 WIDE,26,CHILLER MEDIUM,srd,4.2,2.3,2.3,REFLEXITE TAPE,REFLEXITE TAPE,192.6,192.6,0.0,PASS,,,
UP_TO_5.5_CHILLER_AND_2.~L4.2~W2.3~H2.3~drd,UP TO 5.5 CHILLER AND 2.3 WIDE,26,CHILLER MEDIUM,drd,4.2,2.3,2.3,FRONT,FRONT,4250.996789,4266.89,0.374,PASS,,,
UP_TO_5.5_CHILLER_AND_2.~L4.2~W2.3~H2.3~drd,UP TO 5.5 CHILLER AND 2.3 WIDE,26,CHILLER MEDIUM,drd,4.2,2.3,2.3,SRD,,0.0,,,SKIP,,,
UP_TO_5.5_CHILLER_AND_2.~L4.2~W2.3~H2.3~drd,UP TO 5.5 CHILLER AND 2.3 WIDE,26,CHILLER MEDIUM,drd,4.2,2.3,2.3,SRD DOOR FITTINGS,,0.0,,,SKIP,,,
UP_TO_5.5_CHILLER_AND_2.~L4.2~W2.3~H2.3~drd,UP TO 5.5 CHILLER AND 2.3 WIDE,26,CHILLER MEDIUM,drd,4.2,2.3,2.3,DRD,DRD,4550.659701,4430.76,2.635,ACCEPTED,,GROUP_DIFF 130*62MM TAPPING BLOCKS ~ 2 MES line(s) (-120.00),"[DATA] 130*62MM TAPPING BLOCKS: Excel 2 x R234 per size (R936 a double door) vs MES 6 x R68 per size (R816): R60 per size, 1-3 % of the door section."
UP_TO_5.5_CHILLER_AND_2.~L4.2~W2.3~H2.3~drd,UP TO 5.5 CHILLER AND 2.3 WIDE,26,CHILLER MEDIUM,drd,4.2,2.3,2.3,DRD DOOR FITTINGS,DRD DOOR FITTINGS,5450.13694,5450.14,0.0,PASS,,,
UP_TO_5.5_CHILLER_AND_2.~L4.2~W2.3~H2.3~drd,UP TO 5.5 CHILLER AND 2.3 WIDE,26,CHILLER MEDIUM,drd,4.2,2.3,2.3,SIDES,SIDES,14569.478233,14544.93,0.168,PASS,,,
UP_TO_5.5_CHILLER_AND_2.~L4.2~W2.3~H2.3~drd,UP TO 5.5 CHILLER AND 2.3 WIDE,26,CHILLER MEDIUM,drd,4.2,2.3,2.3,ROOF,ROOF,7169.485013,7169.42,0.001,PASS,,,
UP_TO_5.5_CHILLER_AND_2.~L4.2~W2.3~H2.3~drd,UP TO 5.5 CHILLER AND 2.3 WIDE,26,CHILLER MEDIUM,drd,4.2,2.3,2.3,FLOOR,FLOOR,12964.302571,12964.3,0.0,PASS,,,
UP_TO_5.5_CHILLER_AND_2.~L4.2~W2.3~H2.3~drd,UP TO 5.5 CHILLER AND 2.3 WIDE,26,CHILLER MEDIUM,drd,4.2,2.3,2.3,ALUMINIUM,ALUMINIUM,6429.821,6429.82,0.0,PASS,,,
UP_TO_5.5_CHILLER_AND_2.~L4.2~W2.3~H2.3~drd,UP TO 5.5 CHILLER AND 2.3 WIDE,26,CHILLER MEDIUM,drd,4.2,2.3,2.3,SUB FRAME + LIGHT BOX ASSY,SUB FRAME + LIGHT BOX ASSY,7474.516432,7684.31,2.807,ACCEPTED,,EXTRA_IN_MES 1.2MM GALV PLATE (+449.52),[DATA] MES prices 1.2MM GALV PLATE R449.52 where Excel prices 1MM GALV PLATE R239.72.
UP_TO_5.5_CHILLER_AND_2.~L4.2~W2.3~H2.3~drd,UP TO 5.5 CHILLER AND 2.3 WIDE,26,CHILLER MEDIUM,drd,4.2,2.3,2.3,REAR FRAME + FLOOR PLATE,REAR FRAME & FLOOR PLATE,3129.9508,3129.75,0.006,PASS,,,
UP_TO_5.5_CHILLER_AND_2.~L4.2~W2.3~H2.3~drd,UP TO 5.5 CHILLER AND 2.3 WIDE,26,CHILLER MEDIUM,drd,4.2,2.3,2.3,SPRAY PAINTING,SPRAY PAINTING,750.0,750.0,0.0,PASS,,,
UP_TO_5.5_CHILLER_AND_2.~L4.2~W2.3~H2.3~drd,UP TO 5.5 CHILLER AND 2.3 WIDE,26,CHILLER MEDIUM,drd,4.2,2.3,2.3,REFLEXITE TAPE,REFLEXITE TAPE,192.6,192.6,0.0,PASS,,,
UP_TO_5.5_CHILLER_AND_2.~L4.2~W2.3~H2.3~foam_4g,UP TO 5.5 CHILLER AND 2.3 WIDE,26,CHILLER MEDIUM,foam_4g,4.2,2.3,2.3,FRONT,FRONT,4250.996789,4266.89,0.374,PASS,,,
UP_TO_5.5_CHILLER_AND_2.~L4.2~W2.3~H2.3~foam_4g,UP TO 5.5 CHILLER AND 2.3 WIDE,26,CHILLER MEDIUM,foam_4g,4.2,2.3,2.3,SRD,,0.0,,,SKIP,,,
UP_TO_5.5_CHILLER_AND_2.~L4.2~W2.3~H2.3~foam_4g,UP TO 5.5 CHILLER AND 2.3 WIDE,26,CHILLER MEDIUM,foam_4g,4.2,2.3,2.3,SRD DOOR FITTINGS,,0.0,,,SKIP,,,
UP_TO_5.5_CHILLER_AND_2.~L4.2~W2.3~H2.3~foam_4g,UP TO 5.5 CHILLER AND 2.3 WIDE,26,CHILLER MEDIUM,foam_4g,4.2,2.3,2.3,DRD,DRD,4550.659701,4430.76,2.635,ACCEPTED,,GROUP_DIFF 130*62MM TAPPING BLOCKS ~ 2 MES line(s) (-120.00),"[DATA] 130*62MM TAPPING BLOCKS: Excel 2 x R234 per size (R936 a double door) vs MES 6 x R68 per size (R816): R60 per size, 1-3 % of the door section."
UP_TO_5.5_CHILLER_AND_2.~L4.2~W2.3~H2.3~foam_4g,UP TO 5.5 CHILLER AND 2.3 WIDE,26,CHILLER MEDIUM,foam_4g,4.2,2.3,2.3,DRD DOOR FITTINGS,DRD DOOR FITTINGS,5450.13694,5450.14,0.0,PASS,,,
UP_TO_5.5_CHILLER_AND_2.~L4.2~W2.3~H2.3~foam_4g,UP TO 5.5 CHILLER AND 2.3 WIDE,26,CHILLER MEDIUM,foam_4g,4.2,2.3,2.3,SIDES,SIDES,14569.478233,14544.93,0.168,PASS,,,
UP_TO_5.5_CHILLER_AND_2.~L4.2~W2.3~H2.3~foam_4g,UP TO 5.5 CHILLER AND 2.3 WIDE,26,CHILLER MEDIUM,foam_4g,4.2,2.3,2.3,ROOF,ROOF,7169.485013,7169.42,0.001,PASS,,,
UP_TO_5.5_CHILLER_AND_2.~L4.2~W2.3~H2.3~foam_4g,UP TO 5.5 CHILLER AND 2.3 WIDE,26,CHILLER MEDIUM,foam_4g,4.2,2.3,2.3,FLOOR,FLOOR,12964.302571,12964.3,0.0,PASS,,,
UP_TO_5.5_CHILLER_AND_2.~L4.2~W2.3~H2.3~foam_4g,UP TO 5.5 CHILLER AND 2.3 WIDE,26,CHILLER MEDIUM,foam_4g,4.2,2.3,2.3,ALUMINIUM,ALUMINIUM,6429.821,6429.82,0.0,PASS,,,
UP_TO_5.5_CHILLER_AND_2.~L4.2~W2.3~H2.3~foam_4g,UP TO 5.5 CHILLER AND 2.3 WIDE,26,CHILLER MEDIUM,foam_4g,4.2,2.3,2.3,SUB FRAME + LIGHT BOX ASSY,SUB FRAME + LIGHT BOX ASSY,7474.516432,7684.31,2.807,ACCEPTED,,EXTRA_IN_MES 1.2MM GALV PLATE (+449.52),[DATA] MES prices 1.2MM GALV PLATE R449.52 where Excel prices 1MM GALV PLATE R239.72.
UP_TO_5.5_CHILLER_AND_2.~L4.2~W2.3~H2.3~foam_4g,UP TO 5.5 CHILLER AND 2.3 WIDE,26,CHILLER MEDIUM,foam_4g,4.2,2.3,2.3,REAR FRAME + FLOOR PLATE,REAR FRAME & FLOOR PLATE,3129.9508,3129.75,0.006,PASS,,,
UP_TO_5.5_CHILLER_AND_2.~L4.2~W2.3~H2.3~foam_4g,UP TO 5.5 CHILLER AND 2.3 WIDE,26,CHILLER MEDIUM,foam_4g,4.2,2.3,2.3,SPRAY PAINTING,SPRAY PAINTING,750.0,750.0,0.0,PASS,,,
UP_TO_5.5_CHILLER_AND_2.~L4.2~W2.3~H2.3~foam_4g,UP TO 5.5 CHILLER AND 2.3 WIDE,26,CHILLER MEDIUM,foam_4g,4.2,2.3,2.3,REFLEXITE TAPE,REFLEXITE TAPE,192.6,192.6,0.0,PASS,,,
UP_TO_5.5_CHILLER_AND_2.~L5.5~W2.3~H2.3~as_sheet,UP TO 5.5 CHILLER AND 2.3 WIDE,26,CHILLER MEDIUM,as_sheet,5.5,2.3,2.3,FRONT,FRONT,4250.996789,4266.89,0.374,PASS,,,
UP_TO_5.5_CHILLER_AND_2.~L5.5~W2.3~H2.3~as_sheet,UP TO 5.5 CHILLER AND 2.3 WIDE,26,CHILLER MEDIUM,as_sheet,5.5,2.3,2.3,SRD,,0.0,,,SKIP,,,
UP_TO_5.5_CHILLER_AND_2.~L5.5~W2.3~H2.3~as_sheet,UP TO 5.5 CHILLER AND 2.3 WIDE,26,CHILLER MEDIUM,as_sheet,5.5,2.3,2.3,SRD DOOR FITTINGS,,0.0,,,SKIP,,,
UP_TO_5.5_CHILLER_AND_2.~L5.5~W2.3~H2.3~as_sheet,UP TO 5.5 CHILLER AND 2.3 WIDE,26,CHILLER MEDIUM,as_sheet,5.5,2.3,2.3,DRD,DRD,4550.659701,4430.76,2.635,ACCEPTED,,GROUP_DIFF 130*62MM TAPPING BLOCKS ~ 2 MES line(s) (-120.00),"[DATA] 130*62MM TAPPING BLOCKS: Excel 2 x R234 per size (R936 a double door) vs MES 6 x R68 per size (R816): R60 per size, 1-3 % of the door section."
UP_TO_5.5_CHILLER_AND_2.~L5.5~W2.3~H2.3~as_sheet,UP TO 5.5 CHILLER AND 2.3 WIDE,26,CHILLER MEDIUM,as_sheet,5.5,2.3,2.3,DRD DOOR FITTINGS,DRD DOOR FITTINGS,5450.13694,5450.14,0.0,PASS,,,
UP_TO_5.5_CHILLER_AND_2.~L5.5~W2.3~H2.3~as_sheet,UP TO 5.5 CHILLER AND 2.3 WIDE,26,CHILLER MEDIUM,as_sheet,5.5,2.3,2.3,SIDES,SIDES,18867.348279,18837.9,0.156,PASS,,,
UP_TO_5.5_CHILLER_AND_2.~L5.5~W2.3~H2.3~as_sheet,UP TO 5.5 CHILLER AND 2.3 WIDE,26,CHILLER MEDIUM,as_sheet,5.5,2.3,2.3,ROOF,ROOF,9269.461536,9269.37,0.001,PASS,,,
UP_TO_5.5_CHILLER_AND_2.~L5.5~W2.3~H2.3~as_sheet,UP TO 5.5 CHILLER AND 2.3 WIDE,26,CHILLER MEDIUM,as_sheet,5.5,2.3,2.3,FLOOR,FLOOR,16875.321668,16875.32,0.0,PASS,,,
UP_TO_5.5_CHILLER_AND_2.~L5.5~W2.3~H2.3~as_sheet,UP TO 5.5 CHILLER AND 2.3 WIDE,26,CHILLER MEDIUM,as_sheet,5.5,2.3,2.3,ALUMINIUM,ALUMINIUM,7815.491,7815.49,0.0,PASS,,,
UP_TO_5.5_CHILLER_AND_2.~L5.5~W2.3~H2.3~as_sheet,UP TO 5.5 CHILLER AND 2.3 WIDE,26,CHILLER MEDIUM,as_sheet,5.5,2.3,2.3,SUB FRAME + LIGHT BOX ASSY,SUB FRAME + LIGHT BOX ASSY,8106.316432,8316.11,2.588,ACCEPTED,,EXTRA_IN_MES 1.2MM GALV PLATE (+449.52),[DATA] MES prices 1.2MM GALV PLATE R449.52 where Excel prices 1MM GALV PLATE R239.72.
UP_TO_5.5_CHILLER_AND_2.~L5.5~W2.3~H2.3~as_sheet,UP TO 5.5 CHILLER AND 2.3 WIDE,26,CHILLER MEDIUM,as_sheet,5.5,2.3,2.3,REAR FRAME + FLOOR PLATE,REAR FRAME & FLOOR PLATE,3129.9508,3129.75,0.006,PASS,,,
UP_TO_5.5_CHILLER_AND_2.~L5.5~W2.3~H2.3~as_sheet,UP TO 5.5 CHILLER AND 2.3 WIDE,26,CHILLER MEDIUM,as_sheet,5.5,2.3,2.3,SPRAY PAINTING,SPRAY PAINTING,750.0,750.0,0.0,PASS,,,
UP_TO_5.5_CHILLER_AND_2.~L5.5~W2.3~H2.3~as_sheet,UP TO 5.5 CHILLER AND 2.3 WIDE,26,CHILLER MEDIUM,as_sheet,5.5,2.3,2.3,REFLEXITE TAPE,REFLEXITE TAPE,239.4,239.4,0.0,PASS,,,
UP_TO_5.5_CHILLER_AND_2.~L5.5~W2.3~H2.3~all_eps,UP TO 5.5 CHILLER AND 2.3 WIDE,26,CHILLER MEDIUM,all_eps,5.5,2.3,2.3,FRONT,FRONT,4250.996789,4266.89,0.374,PASS,,,
UP_TO_5.5_CHILLER_AND_2.~L5.5~W2.3~H2.3~all_eps,UP TO 5.5 CHILLER AND 2.3 WIDE,26,CHILLER MEDIUM,all_eps,5.5,2.3,2.3,SRD,,0.0,,,SKIP,,,
UP_TO_5.5_CHILLER_AND_2.~L5.5~W2.3~H2.3~all_eps,UP TO 5.5 CHILLER AND 2.3 WIDE,26,CHILLER MEDIUM,all_eps,5.5,2.3,2.3,SRD DOOR FITTINGS,,0.0,,,SKIP,,,
UP_TO_5.5_CHILLER_AND_2.~L5.5~W2.3~H2.3~all_eps,UP TO 5.5 CHILLER AND 2.3 WIDE,26,CHILLER MEDIUM,all_eps,5.5,2.3,2.3,DRD,DRD,4550.659701,4430.76,2.635,ACCEPTED,,GROUP_DIFF 130*62MM TAPPING BLOCKS ~ 2 MES line(s) (-120.00),"[DATA] 130*62MM TAPPING BLOCKS: Excel 2 x R234 per size (R936 a double door) vs MES 6 x R68 per size (R816): R60 per size, 1-3 % of the door section."
UP_TO_5.5_CHILLER_AND_2.~L5.5~W2.3~H2.3~all_eps,UP TO 5.5 CHILLER AND 2.3 WIDE,26,CHILLER MEDIUM,all_eps,5.5,2.3,2.3,DRD DOOR FITTINGS,DRD DOOR FITTINGS,5450.13694,5450.14,0.0,PASS,,,
UP_TO_5.5_CHILLER_AND_2.~L5.5~W2.3~H2.3~all_eps,UP TO 5.5 CHILLER AND 2.3 WIDE,26,CHILLER MEDIUM,all_eps,5.5,2.3,2.3,SIDES,SIDES,18867.348279,18837.9,0.156,PASS,,,
UP_TO_5.5_CHILLER_AND_2.~L5.5~W2.3~H2.3~all_eps,UP TO 5.5 CHILLER AND 2.3 WIDE,26,CHILLER MEDIUM,all_eps,5.5,2.3,2.3,ROOF,ROOF,9269.461536,9269.37,0.001,PASS,,,
UP_TO_5.5_CHILLER_AND_2.~L5.5~W2.3~H2.3~all_eps,UP TO 5.5 CHILLER AND 2.3 WIDE,26,CHILLER MEDIUM,all_eps,5.5,2.3,2.3,FLOOR,FLOOR,16875.321668,16875.32,0.0,PASS,,,
UP_TO_5.5_CHILLER_AND_2.~L5.5~W2.3~H2.3~all_eps,UP TO 5.5 CHILLER AND 2.3 WIDE,26,CHILLER MEDIUM,all_eps,5.5,2.3,2.3,ALUMINIUM,ALUMINIUM,7815.491,7815.49,0.0,PASS,,,
UP_TO_5.5_CHILLER_AND_2.~L5.5~W2.3~H2.3~all_eps,UP TO 5.5 CHILLER AND 2.3 WIDE,26,CHILLER MEDIUM,all_eps,5.5,2.3,2.3,SUB FRAME + LIGHT BOX ASSY,SUB FRAME + LIGHT BOX ASSY,8106.316432,8316.11,2.588,ACCEPTED,,EXTRA_IN_MES 1.2MM GALV PLATE (+449.52),[DATA] MES prices 1.2MM GALV PLATE R449.52 where Excel prices 1MM GALV PLATE R239.72.
UP_TO_5.5_CHILLER_AND_2.~L5.5~W2.3~H2.3~all_eps,UP TO 5.5 CHILLER AND 2.3 WIDE,26,CHILLER MEDIUM,all_eps,5.5,2.3,2.3,REAR FRAME + FLOOR PLATE,REAR FRAME & FLOOR PLATE,3129.9508,3129.75,0.006,PASS,,,
UP_TO_5.5_CHILLER_AND_2.~L5.5~W2.3~H2.3~all_eps,UP TO 5.5 CHILLER AND 2.3 WIDE,26,CHILLER MEDIUM,all_eps,5.5,2.3,2.3,SPRAY PAINTING,SPRAY PAINTING,750.0,750.0,0.0,PASS,,,
UP_TO_5.5_CHILLER_AND_2.~L5.5~W2.3~H2.3~all_eps,UP TO 5.5 CHILLER AND 2.3 WIDE,26,CHILLER MEDIUM,all_eps,5.5,2.3,2.3,REFLEXITE TAPE,REFLEXITE TAPE,239.4,239.4,0.0,PASS,,,
UP_TO_5.5_CHILLER_AND_2.~L5.5~W2.3~H2.3~all_pu,UP TO 5.5 CHILLER AND 2.3 WIDE,26,CHILLER MEDIUM,all_pu,5.5,2.3,2.3,FRONT,FRONT,4852.924509,3676.99,24.231,ACCEPTED,,QTY_DIFF PU (-1102.61) [ZERO_FORMULA],"[MES] chiller PU insulation lines carry a literal x0 quantity formula (2.44*1.22*0*2, 1.22*2.44*0*(length+{Waste})/1.22): PU prices at R0 on FRONT/SIDES/ROOF/FLOOR (ZERO_FORMULA); the icecream/freezer bodies use {PANEL PU} tokens and price live. SIDES/ROOF/FLOOR skins also hard-code both roof and floor deductions where Burt's cells deduct only the roof under PU."
UP_TO_5.5_CHILLER_AND_2.~L5.5~W2.3~H2.3~all_pu,UP TO 5.5 CHILLER AND 2.3 WIDE,26,CHILLER MEDIUM,all_pu,5.5,2.3,2.3,SRD,,0.0,,,SKIP,,,
UP_TO_5.5_CHILLER_AND_2.~L5.5~W2.3~H2.3~all_pu,UP TO 5.5 CHILLER AND 2.3 WIDE,26,CHILLER MEDIUM,all_pu,5.5,2.3,2.3,SRD DOOR FITTINGS,,0.0,,,SKIP,,,
UP_TO_5.5_CHILLER_AND_2.~L5.5~W2.3~H2.3~all_pu,UP TO 5.5 CHILLER AND 2.3 WIDE,26,CHILLER MEDIUM,all_pu,5.5,2.3,2.3,DRD,DRD,5113.158748,4927.59,3.629,ACCEPTED,,GROUP_DIFF 130*62MM TAPPING BLOCKS ~ 2 MES line(s) (-120.00),"[DATA] 130*62MM TAPPING BLOCKS: Excel 2 x R234 per size (R936 a double door) vs MES 6 x R68 per size (R816): R60 per size, 1-3 % of the door section."
UP_TO_5.5_CHILLER_AND_2.~L5.5~W2.3~H2.3~all_pu,UP TO 5.5 CHILLER AND 2.3 WIDE,26,CHILLER MEDIUM,all_pu,5.5,2.3,2.3,DRD DOOR FITTINGS,DRD DOOR FITTINGS,5513.52626,5503.48,0.182,PASS,,,
UP_TO_5.5_CHILLER_AND_2.~L5.5~W2.3~H2.3~all_pu,UP TO 5.5 CHILLER AND 2.3 WIDE,26,CHILLER MEDIUM,all_pu,5.5,2.3,2.3,SIDES,SIDES,21276.649387,15721.81,26.108,ACCEPTED,,BOTH PU (-5015.98) [ZERO_FORMULA],"[MES] chiller PU insulation lines carry a literal x0 quantity formula (2.44*1.22*0*2, 1.22*2.44*0*(length+{Waste})/1.22): PU prices at R0 on FRONT/SIDES/ROOF/FLOOR (ZERO_FORMULA); the icecream/freezer bodies use {PANEL PU} tokens and price live. SIDES/ROOF/FLOOR skins also hard-code both roof and floor deductions where Burt's cells deduct only the roof under PU."
UP_TO_5.5_CHILLER_AND_2.~L5.5~W2.3~H2.3~all_pu,UP TO 5.5 CHILLER AND 2.3 WIDE,26,CHILLER MEDIUM,all_pu,5.5,2.3,2.3,ROOF,ROOF,10404.316032,7227.44,30.534,ACCEPTED,,BOTH PU (-3176.79) [ZERO_FORMULA],"[MES] chiller PU insulation lines carry a literal x0 quantity formula (2.44*1.22*0*2, 1.22*2.44*0*(length+{Waste})/1.22): PU prices at R0 on FRONT/SIDES/ROOF/FLOOR (ZERO_FORMULA); the icecream/freezer bodies use {PANEL PU} tokens and price live. SIDES/ROOF/FLOOR skins also hard-code both roof and floor deductions where Burt's cells deduct only the roof under PU."
UP_TO_5.5_CHILLER_AND_2.~L5.5~W2.3~H2.3~all_pu,UP TO 5.5 CHILLER AND 2.3 WIDE,26,CHILLER MEDIUM,all_pu,5.5,2.3,2.3,FLOOR,FLOOR,18010.176165,14833.39,17.639,ACCEPTED,,BOTH PU (-3176.79) [ZERO_FORMULA],"[MES] chiller PU insulation lines carry a literal x0 quantity formula (2.44*1.22*0*2, 1.22*2.44*0*(length+{Waste})/1.22): PU prices at R0 on FRONT/SIDES/ROOF/FLOOR (ZERO_FORMULA); the icecream/freezer bodies use {PANEL PU} tokens and price live. SIDES/ROOF/FLOOR skins also hard-code both roof and floor deductions where Burt's cells deduct only the roof under PU."
UP_TO_5.5_CHILLER_AND_2.~L5.5~W2.3~H2.3~all_pu,UP TO 5.5 CHILLER AND 2.3 WIDE,26,CHILLER MEDIUM,all_pu,5.5,2.3,2.3,ALUMINIUM,ALUMINIUM,7815.491,7815.49,0.0,PASS,,,
UP_TO_5.5_CHILLER_AND_2.~L5.5~W2.3~H2.3~all_pu,UP TO 5.5 CHILLER AND 2.3 WIDE,26,CHILLER MEDIUM,all_pu,5.5,2.3,2.3,SUB FRAME + LIGHT BOX ASSY,SUB FRAME + LIGHT BOX ASSY,8106.316432,8316.11,2.588,ACCEPTED,,EXTRA_IN_MES 1.2MM GALV PLATE (+449.52),[DATA] MES prices 1.2MM GALV PLATE R449.52 where Excel prices 1MM GALV PLATE R239.72.
UP_TO_5.5_CHILLER_AND_2.~L5.5~W2.3~H2.3~all_pu,UP TO 5.5 CHILLER AND 2.3 WIDE,26,CHILLER MEDIUM,all_pu,5.5,2.3,2.3,REAR FRAME + FLOOR PLATE,REAR FRAME & FLOOR PLATE,3129.9508,3129.75,0.006,PASS,,,
UP_TO_5.5_CHILLER_AND_2.~L5.5~W2.3~H2.3~all_pu,UP TO 5.5 CHILLER AND 2.3 WIDE,26,CHILLER MEDIUM,all_pu,5.5,2.3,2.3,SPRAY PAINTING,SPRAY PAINTING,750.0,750.0,0.0,PASS,,,
UP_TO_5.5_CHILLER_AND_2.~L5.5~W2.3~H2.3~all_pu,UP TO 5.5 CHILLER AND 2.3 WIDE,26,CHILLER MEDIUM,all_pu,5.5,2.3,2.3,REFLEXITE TAPE,REFLEXITE TAPE,239.4,239.4,0.0,PASS,,,
UP_TO_5.5_CHILLER_AND_2.~L5.5~W2.3~H2.3~srd,UP TO 5.5 CHILLER AND 2.3 WIDE,26,CHILLER MEDIUM,srd,5.5,2.3,2.3,FRONT,FRONT,4250.996789,4266.89,0.374,PASS,,,
UP_TO_5.5_CHILLER_AND_2.~L5.5~W2.3~H2.3~srd,UP TO 5.5 CHILLER AND 2.3 WIDE,26,CHILLER MEDIUM,srd,5.5,2.3,2.3,SRD,SRD,3510.663632,3709.88,5.675,ACCEPTED,,BOTH EPS (-626.02) [ZERO_FORMULA],[MES] SRD EPS line formula ends in *0 (ZERO_FORMULA) on the chillers: EPS on a single rear door prices at R0 (-R400 to -R780); the 4MM PF PLYWOOD / GLUE LINE rows under SRD are R0 on Burt's side instead.
UP_TO_5.5_CHILLER_AND_2.~L5.5~W2.3~H2.3~srd,UP TO 5.5 CHILLER AND 2.3 WIDE,26,CHILLER MEDIUM,srd,5.5,2.3,2.3,SRD DOOR FITTINGS,SRD DOOR FITTINGS,6166.05802,7053.99,14.4,ACCEPTED,,PRICE_DIFF SILPLUS X WHITE SILICONE (+534.29),"[DATA] SRD DOOR FITTINGS on every body: MES CSLB HINGES R293.46 x2 (Excel R146.73 x2 - the pair price applied per hinge) and SILPLUS X WHITE R232.30 (Excel R116.15); per body also 34MM LOCKING POLE R126 (Excel R42), 28782 BIG HORIZ CAPPING R197.20 (Excel R240.58), ALU CORNERS R45 (Excel R54.90), 28780 BIG VERTICAL renamed 28778; Burt prices 2317 DOOR RUBBER / 28777 DOOR CAPPING at R0 on some sheets."
UP_TO_5.5_CHILLER_AND_2.~L5.5~W2.3~H2.3~srd,UP TO 5.5 CHILLER AND 2.3 WIDE,26,CHILLER MEDIUM,srd,5.5,2.3,2.3,DRD,,0.0,,,SKIP,,,
UP_TO_5.5_CHILLER_AND_2.~L5.5~W2.3~H2.3~srd,UP TO 5.5 CHILLER AND 2.3 WIDE,26,CHILLER MEDIUM,srd,5.5,2.3,2.3,DRD DOOR FITTINGS,,0.0,,,SKIP,,,
UP_TO_5.5_CHILLER_AND_2.~L5.5~W2.3~H2.3~srd,UP TO 5.5 CHILLER AND 2.3 WIDE,26,CHILLER MEDIUM,srd,5.5,2.3,2.3,SIDES,SIDES,18867.348279,18837.9,0.156,PASS,,,
UP_TO_5.5_CHILLER_AND_2.~L5.5~W2.3~H2.3~srd,UP TO 5.5 CHILLER AND 2.3 WIDE,26,CHILLER MEDIUM,srd,5.5,2.3,2.3,ROOF,ROOF,9269.461536,9269.37,0.001,PASS,,,
UP_TO_5.5_CHILLER_AND_2.~L5.5~W2.3~H2.3~srd,UP TO 5.5 CHILLER AND 2.3 WIDE,26,CHILLER MEDIUM,srd,5.5,2.3,2.3,FLOOR,FLOOR,16875.321668,16875.32,0.0,PASS,,,
UP_TO_5.5_CHILLER_AND_2.~L5.5~W2.3~H2.3~srd,UP TO 5.5 CHILLER AND 2.3 WIDE,26,CHILLER MEDIUM,srd,5.5,2.3,2.3,ALUMINIUM,ALUMINIUM,7815.491,7815.49,0.0,PASS,,,
UP_TO_5.5_CHILLER_AND_2.~L5.5~W2.3~H2.3~srd,UP TO 5.5 CHILLER AND 2.3 WIDE,26,CHILLER MEDIUM,srd,5.5,2.3,2.3,SUB FRAME + LIGHT BOX ASSY,SUB FRAME + LIGHT BOX ASSY,8106.316432,8316.11,2.588,ACCEPTED,,EXTRA_IN_MES 1.2MM GALV PLATE (+449.52),[DATA] MES prices 1.2MM GALV PLATE R449.52 where Excel prices 1MM GALV PLATE R239.72.
UP_TO_5.5_CHILLER_AND_2.~L5.5~W2.3~H2.3~srd,UP TO 5.5 CHILLER AND 2.3 WIDE,26,CHILLER MEDIUM,srd,5.5,2.3,2.3,REAR FRAME + FLOOR PLATE,REAR FRAME & FLOOR PLATE,0.0,3129.75,,ACCEPTED,EXTRA_IN_MES,EXTRA_IN_MES 2.5MM 3CR12 REAR FRAME (+738.36),"[RULING] Burt gates REAR FRAME + FLOOR PLATE on the DRD flags, so a single-rear-door body carries R0 there; MES always includes the section (R2.4k-R5.5k). Which is right needs Burt/Michael."
UP_TO_5.5_CHILLER_AND_2.~L5.5~W2.3~H2.3~srd,UP TO 5.5 CHILLER AND 2.3 WIDE,26,CHILLER MEDIUM,srd,5.5,2.3,2.3,SPRAY PAINTING,SPRAY PAINTING,750.0,750.0,0.0,PASS,,,
UP_TO_5.5_CHILLER_AND_2.~L5.5~W2.3~H2.3~srd,UP TO 5.5 CHILLER AND 2.3 WIDE,26,CHILLER MEDIUM,srd,5.5,2.3,2.3,REFLEXITE TAPE,REFLEXITE TAPE,239.4,239.4,0.0,PASS,,,
UP_TO_5.5_CHILLER_AND_2.~L5.5~W2.3~H2.3~drd,UP TO 5.5 CHILLER AND 2.3 WIDE,26,CHILLER MEDIUM,drd,5.5,2.3,2.3,FRONT,FRONT,4250.996789,4266.89,0.374,PASS,,,
UP_TO_5.5_CHILLER_AND_2.~L5.5~W2.3~H2.3~drd,UP TO 5.5 CHILLER AND 2.3 WIDE,26,CHILLER MEDIUM,drd,5.5,2.3,2.3,SRD,,0.0,,,SKIP,,,
UP_TO_5.5_CHILLER_AND_2.~L5.5~W2.3~H2.3~drd,UP TO 5.5 CHILLER AND 2.3 WIDE,26,CHILLER MEDIUM,drd,5.5,2.3,2.3,SRD DOOR FITTINGS,,0.0,,,SKIP,,,
UP_TO_5.5_CHILLER_AND_2.~L5.5~W2.3~H2.3~drd,UP TO 5.5 CHILLER AND 2.3 WIDE,26,CHILLER MEDIUM,drd,5.5,2.3,2.3,DRD,DRD,4550.659701,4430.76,2.635,ACCEPTED,,GROUP_DIFF 130*62MM TAPPING BLOCKS ~ 2 MES line(s) (-120.00),"[DATA] 130*62MM TAPPING BLOCKS: Excel 2 x R234 per size (R936 a double door) vs MES 6 x R68 per size (R816): R60 per size, 1-3 % of the door section."
UP_TO_5.5_CHILLER_AND_2.~L5.5~W2.3~H2.3~drd,UP TO 5.5 CHILLER AND 2.3 WIDE,26,CHILLER MEDIUM,drd,5.5,2.3,2.3,DRD DOOR FITTINGS,DRD DOOR FITTINGS,5450.13694,5450.14,0.0,PASS,,,
UP_TO_5.5_CHILLER_AND_2.~L5.5~W2.3~H2.3~drd,UP TO 5.5 CHILLER AND 2.3 WIDE,26,CHILLER MEDIUM,drd,5.5,2.3,2.3,SIDES,SIDES,18867.348279,18837.9,0.156,PASS,,,
UP_TO_5.5_CHILLER_AND_2.~L5.5~W2.3~H2.3~drd,UP TO 5.5 CHILLER AND 2.3 WIDE,26,CHILLER MEDIUM,drd,5.5,2.3,2.3,ROOF,ROOF,9269.461536,9269.37,0.001,PASS,,,
UP_TO_5.5_CHILLER_AND_2.~L5.5~W2.3~H2.3~drd,UP TO 5.5 CHILLER AND 2.3 WIDE,26,CHILLER MEDIUM,drd,5.5,2.3,2.3,FLOOR,FLOOR,16875.321668,16875.32,0.0,PASS,,,
UP_TO_5.5_CHILLER_AND_2.~L5.5~W2.3~H2.3~drd,UP TO 5.5 CHILLER AND 2.3 WIDE,26,CHILLER MEDIUM,drd,5.5,2.3,2.3,ALUMINIUM,ALUMINIUM,7815.491,7815.49,0.0,PASS,,,
UP_TO_5.5_CHILLER_AND_2.~L5.5~W2.3~H2.3~drd,UP TO 5.5 CHILLER AND 2.3 WIDE,26,CHILLER MEDIUM,drd,5.5,2.3,2.3,SUB FRAME + LIGHT BOX ASSY,SUB FRAME + LIGHT BOX ASSY,8106.316432,8316.11,2.588,ACCEPTED,,EXTRA_IN_MES 1.2MM GALV PLATE (+449.52),[DATA] MES prices 1.2MM GALV PLATE R449.52 where Excel prices 1MM GALV PLATE R239.72.
UP_TO_5.5_CHILLER_AND_2.~L5.5~W2.3~H2.3~drd,UP TO 5.5 CHILLER AND 2.3 WIDE,26,CHILLER MEDIUM,drd,5.5,2.3,2.3,REAR FRAME + FLOOR PLATE,REAR FRAME & FLOOR PLATE,3129.9508,3129.75,0.006,PASS,,,
UP_TO_5.5_CHILLER_AND_2.~L5.5~W2.3~H2.3~drd,UP TO 5.5 CHILLER AND 2.3 WIDE,26,CHILLER MEDIUM,drd,5.5,2.3,2.3,SPRAY PAINTING,SPRAY PAINTING,750.0,750.0,0.0,PASS,,,
UP_TO_5.5_CHILLER_AND_2.~L5.5~W2.3~H2.3~drd,UP TO 5.5 CHILLER AND 2.3 WIDE,26,CHILLER MEDIUM,drd,5.5,2.3,2.3,REFLEXITE TAPE,REFLEXITE TAPE,239.4,239.4,0.0,PASS,,,
UP_TO_5.5_CHILLER_AND_2.~L5.5~W2.3~H2.3~foam_4g,UP TO 5.5 CHILLER AND 2.3 WIDE,26,CHILLER MEDIUM,foam_4g,5.5,2.3,2.3,FRONT,FRONT,4250.996789,4266.89,0.374,PASS,,,
UP_TO_5.5_CHILLER_AND_2.~L5.5~W2.3~H2.3~foam_4g,UP TO 5.5 CHILLER AND 2.3 WIDE,26,CHILLER MEDIUM,foam_4g,5.5,2.3,2.3,SRD,,0.0,,,SKIP,,,
UP_TO_5.5_CHILLER_AND_2.~L5.5~W2.3~H2.3~foam_4g,UP TO 5.5 CHILLER AND 2.3 WIDE,26,CHILLER MEDIUM,foam_4g,5.5,2.3,2.3,SRD DOOR FITTINGS,,0.0,,,SKIP,,,
UP_TO_5.5_CHILLER_AND_2.~L5.5~W2.3~H2.3~foam_4g,UP TO 5.5 CHILLER AND 2.3 WIDE,26,CHILLER MEDIUM,foam_4g,5.5,2.3,2.3,DRD,DRD,4550.659701,4430.76,2.635,ACCEPTED,,GROUP_DIFF 130*62MM TAPPING BLOCKS ~ 2 MES line(s) (-120.00),"[DATA] 130*62MM TAPPING BLOCKS: Excel 2 x R234 per size (R936 a double door) vs MES 6 x R68 per size (R816): R60 per size, 1-3 % of the door section."
UP_TO_5.5_CHILLER_AND_2.~L5.5~W2.3~H2.3~foam_4g,UP TO 5.5 CHILLER AND 2.3 WIDE,26,CHILLER MEDIUM,foam_4g,5.5,2.3,2.3,DRD DOOR FITTINGS,DRD DOOR FITTINGS,5450.13694,5450.14,0.0,PASS,,,
UP_TO_5.5_CHILLER_AND_2.~L5.5~W2.3~H2.3~foam_4g,UP TO 5.5 CHILLER AND 2.3 WIDE,26,CHILLER MEDIUM,foam_4g,5.5,2.3,2.3,SIDES,SIDES,18867.348279,18837.9,0.156,PASS,,,
UP_TO_5.5_CHILLER_AND_2.~L5.5~W2.3~H2.3~foam_4g,UP TO 5.5 CHILLER AND 2.3 WIDE,26,CHILLER MEDIUM,foam_4g,5.5,2.3,2.3,ROOF,ROOF,9269.461536,9269.37,0.001,PASS,,,
UP_TO_5.5_CHILLER_AND_2.~L5.5~W2.3~H2.3~foam_4g,UP TO 5.5 CHILLER AND 2.3 WIDE,26,CHILLER MEDIUM,foam_4g,5.5,2.3,2.3,FLOOR,FLOOR,16875.321668,16875.32,0.0,PASS,,,
UP_TO_5.5_CHILLER_AND_2.~L5.5~W2.3~H2.3~foam_4g,UP TO 5.5 CHILLER AND 2.3 WIDE,26,CHILLER MEDIUM,foam_4g,5.5,2.3,2.3,ALUMINIUM,ALUMINIUM,7815.491,7815.49,0.0,PASS,,,
UP_TO_5.5_CHILLER_AND_2.~L5.5~W2.3~H2.3~foam_4g,UP TO 5.5 CHILLER AND 2.3 WIDE,26,CHILLER MEDIUM,foam_4g,5.5,2.3,2.3,SUB FRAME + LIGHT BOX ASSY,SUB FRAME + LIGHT BOX ASSY,8106.316432,8316.11,2.588,ACCEPTED,,EXTRA_IN_MES 1.2MM GALV PLATE (+449.52),[DATA] MES prices 1.2MM GALV PLATE R449.52 where Excel prices 1MM GALV PLATE R239.72.
UP_TO_5.5_CHILLER_AND_2.~L5.5~W2.3~H2.3~foam_4g,UP TO 5.5 CHILLER AND 2.3 WIDE,26,CHILLER MEDIUM,foam_4g,5.5,2.3,2.3,REAR FRAME + FLOOR PLATE,REAR FRAME & FLOOR PLATE,3129.9508,3129.75,0.006,PASS,,,
UP_TO_5.5_CHILLER_AND_2.~L5.5~W2.3~H2.3~foam_4g,UP TO 5.5 CHILLER AND 2.3 WIDE,26,CHILLER MEDIUM,foam_4g,5.5,2.3,2.3,SPRAY PAINTING,SPRAY PAINTING,750.0,750.0,0.0,PASS,,,
UP_TO_5.5_CHILLER_AND_2.~L5.5~W2.3~H2.3~foam_4g,UP TO 5.5 CHILLER AND 2.3 WIDE,26,CHILLER MEDIUM,foam_4g,5.5,2.3,2.3,REFLEXITE TAPE,REFLEXITE TAPE,239.4,239.4,0.0,PASS,,,
4.9_+_UP_CHILLER_AND_2.5~L4.9~W2.5~H2.56~as_sheet, 4.9 & UP CHILLER AND 2.5 WIDE ,27,CHILLER LARGE,as_sheet,4.9,2.5,2.56,FRONT,FRONT,4566.529064,4574.34,0.171,PASS,,,
4.9_+_UP_CHILLER_AND_2.5~L4.9~W2.5~H2.56~as_sheet, 4.9 & UP CHILLER AND 2.5 WIDE ,27,CHILLER LARGE,as_sheet,4.9,2.5,2.56,SRD,,0.0,,,SKIP,,,
4.9_+_UP_CHILLER_AND_2.5~L4.9~W2.5~H2.56~as_sheet, 4.9 & UP CHILLER AND 2.5 WIDE ,27,CHILLER LARGE,as_sheet,4.9,2.5,2.56,SRD DOOR FITTINGS,,0.0,,,SKIP,,,
4.9_+_UP_CHILLER_AND_2.5~L4.9~W2.5~H2.56~as_sheet, 4.9 & UP CHILLER AND 2.5 WIDE ,27,CHILLER LARGE,as_sheet,4.9,2.5,2.56,DRD,DRD,5715.188449,5595.13,2.101,ACCEPTED,,GROUP_DIFF 130*62MM TAPPING BLOCKS ~ 2 MES line(s) (-120.00),"[DATA] 130*62MM TAPPING BLOCKS: Excel 2 x R234 per size (R936 a double door) vs MES 6 x R68 per size (R816): R60 per size, 1-3 % of the door section."
4.9_+_UP_CHILLER_AND_2.5~L4.9~W2.5~H2.56~as_sheet, 4.9 & UP CHILLER AND 2.5 WIDE ,27,CHILLER LARGE,as_sheet,4.9,2.5,2.56,DRD DOOR FITTINGS,DRD DOOR FITTINGS,6200.61678,6200.62,0.0,PASS,,,
4.9_+_UP_CHILLER_AND_2.5~L4.9~W2.5~H2.56~as_sheet, 4.9 & UP CHILLER AND 2.5 WIDE ,27,CHILLER LARGE,as_sheet,4.9,2.5,2.56,SIDES,SIDES,18422.550199,18394.59,0.152,PASS,,,
4.9_+_UP_CHILLER_AND_2.5~L4.9~W2.5~H2.56~as_sheet, 4.9 & UP CHILLER AND 2.5 WIDE ,27,CHILLER LARGE,as_sheet,4.9,2.5,2.56,ROOF,ROOF,9514.041397,9484.34,0.312,PASS,,,
4.9_+_UP_CHILLER_AND_2.5~L4.9~W2.5~H2.56~as_sheet, 4.9 & UP CHILLER AND 2.5 WIDE ,27,CHILLER LARGE,as_sheet,4.9,2.5,2.56,FLOOR,FLOOR,16210.992888,16210.99,0.0,PASS,,,
4.9_+_UP_CHILLER_AND_2.5~L4.9~W2.5~H2.56~as_sheet, 4.9 & UP CHILLER AND 2.5 WIDE ,27,CHILLER LARGE,as_sheet,4.9,2.5,2.56,ALUMINIUM,ALUMINIUM,10285.7931,10285.79,0.0,PASS,,,
4.9_+_UP_CHILLER_AND_2.5~L4.9~W2.5~H2.56~as_sheet, 4.9 & UP CHILLER AND 2.5 WIDE ,27,CHILLER LARGE,as_sheet,4.9,2.5,2.56,SUB FRAME + LIGHT BOX ASSY,SUB FRAME + LIGHT BOX ASSY,7999.623068,7759.91,2.997,ACCEPTED,,MISSING_IN_MES 1MM GALV PLATE (-239.72),[DATA] Excel line 1MM GALV PLATE (R157-R240) has no MES line on this body.
4.9_+_UP_CHILLER_AND_2.5~L4.9~W2.5~H2.56~as_sheet, 4.9 & UP CHILLER AND 2.5 WIDE ,27,CHILLER LARGE,as_sheet,4.9,2.5,2.56,REAR FRAME + FLOOR PLATE,REAR FRAME & FLOOR PLATE,5472.944561,5472.97,0.0,PASS,,,
4.9_+_UP_CHILLER_AND_2.5~L4.9~W2.5~H2.56~as_sheet, 4.9 & UP CHILLER AND 2.5 WIDE ,27,CHILLER LARGE,as_sheet,4.9,2.5,2.56,SPRAY PAINTING,SPRAY PAINTING,750.0,750.0,0.0,PASS,,,
4.9_+_UP_CHILLER_AND_2.5~L4.9~W2.5~H2.56~as_sheet, 4.9 & UP CHILLER AND 2.5 WIDE ,27,CHILLER LARGE,as_sheet,4.9,2.5,2.56,REFLEXITE TAPE,REFLEXITE TAPE,224.1,224.1,0.0,PASS,,,
4.9_+_UP_CHILLER_AND_2.5~L4.9~W2.5~H2.56~all_eps, 4.9 & UP CHILLER AND 2.5 WIDE ,27,CHILLER LARGE,all_eps,4.9,2.5,2.56,FRONT,FRONT,4566.529064,4574.34,0.171,PASS,,,
4.9_+_UP_CHILLER_AND_2.5~L4.9~W2.5~H2.56~all_eps, 4.9 & UP CHILLER AND 2.5 WIDE ,27,CHILLER LARGE,all_eps,4.9,2.5,2.56,SRD,,0.0,,,SKIP,,,
4.9_+_UP_CHILLER_AND_2.5~L4.9~W2.5~H2.56~all_eps, 4.9 & UP CHILLER AND 2.5 WIDE ,27,CHILLER LARGE,all_eps,4.9,2.5,2.56,SRD DOOR FITTINGS,,0.0,,,SKIP,,,
4.9_+_UP_CHILLER_AND_2.5~L4.9~W2.5~H2.56~all_eps, 4.9 & UP CHILLER AND 2.5 WIDE ,27,CHILLER LARGE,all_eps,4.9,2.5,2.56,DRD,DRD,5715.188449,5595.13,2.101,ACCEPTED,,GROUP_DIFF 130*62MM TAPPING BLOCKS ~ 2 MES line(s) (-120.00),"[DATA] 130*62MM TAPPING BLOCKS: Excel 2 x R234 per size (R936 a double door) vs MES 6 x R68 per size (R816): R60 per size, 1-3 % of the door section."
4.9_+_UP_CHILLER_AND_2.5~L4.9~W2.5~H2.56~all_eps, 4.9 & UP CHILLER AND 2.5 WIDE ,27,CHILLER LARGE,all_eps,4.9,2.5,2.56,DRD DOOR FITTINGS,DRD DOOR FITTINGS,6200.61678,6200.62,0.0,PASS,,,
4.9_+_UP_CHILLER_AND_2.5~L4.9~W2.5~H2.56~all_eps, 4.9 & UP CHILLER AND 2.5 WIDE ,27,CHILLER LARGE,all_eps,4.9,2.5,2.56,SIDES,SIDES,18422.550199,18394.59,0.152,PASS,,,
4.9_+_UP_CHILLER_AND_2.5~L4.9~W2.5~H2.56~all_eps, 4.9 & UP CHILLER AND 2.5 WIDE ,27,CHILLER LARGE,all_eps,4.9,2.5,2.56,ROOF,ROOF,9514.041397,9484.34,0.312,PASS,,,
4.9_+_UP_CHILLER_AND_2.5~L4.9~W2.5~H2.56~all_eps, 4.9 & UP CHILLER AND 2.5 WIDE ,27,CHILLER LARGE,all_eps,4.9,2.5,2.56,FLOOR,FLOOR,16210.992888,16210.99,0.0,PASS,,,
4.9_+_UP_CHILLER_AND_2.5~L4.9~W2.5~H2.56~all_eps, 4.9 & UP CHILLER AND 2.5 WIDE ,27,CHILLER LARGE,all_eps,4.9,2.5,2.56,ALUMINIUM,ALUMINIUM,10285.7931,10285.79,0.0,PASS,,,
4.9_+_UP_CHILLER_AND_2.5~L4.9~W2.5~H2.56~all_eps, 4.9 & UP CHILLER AND 2.5 WIDE ,27,CHILLER LARGE,all_eps,4.9,2.5,2.56,SUB FRAME + LIGHT BOX ASSY,SUB FRAME + LIGHT BOX ASSY,7999.623068,7759.91,2.997,ACCEPTED,,MISSING_IN_MES 1MM GALV PLATE (-239.72),[DATA] Excel line 1MM GALV PLATE (R157-R240) has no MES line on this body.
4.9_+_UP_CHILLER_AND_2.5~L4.9~W2.5~H2.56~all_eps, 4.9 & UP CHILLER AND 2.5 WIDE ,27,CHILLER LARGE,all_eps,4.9,2.5,2.56,REAR FRAME + FLOOR PLATE,REAR FRAME & FLOOR PLATE,5472.944561,5472.97,0.0,PASS,,,
4.9_+_UP_CHILLER_AND_2.5~L4.9~W2.5~H2.56~all_eps, 4.9 & UP CHILLER AND 2.5 WIDE ,27,CHILLER LARGE,all_eps,4.9,2.5,2.56,SPRAY PAINTING,SPRAY PAINTING,750.0,750.0,0.0,PASS,,,
4.9_+_UP_CHILLER_AND_2.5~L4.9~W2.5~H2.56~all_eps, 4.9 & UP CHILLER AND 2.5 WIDE ,27,CHILLER LARGE,all_eps,4.9,2.5,2.56,REFLEXITE TAPE,REFLEXITE TAPE,224.1,224.1,0.0,PASS,,,
4.9_+_UP_CHILLER_AND_2.5~L4.9~W2.5~H2.56~all_pu, 4.9 & UP CHILLER AND 2.5 WIDE ,27,CHILLER LARGE,all_pu,4.9,2.5,2.56,FRONT,FRONT,5108.324552,5107.72,0.012,PASS,,,
4.9_+_UP_CHILLER_AND_2.5~L4.9~W2.5~H2.56~all_pu, 4.9 & UP CHILLER AND 2.5 WIDE ,27,CHILLER LARGE,all_pu,4.9,2.5,2.56,SRD,,0.0,,,SKIP,,,
4.9_+_UP_CHILLER_AND_2.5~L4.9~W2.5~H2.56~all_pu, 4.9 & UP CHILLER AND 2.5 WIDE ,27,CHILLER LARGE,all_pu,4.9,2.5,2.56,SRD DOOR FITTINGS,,0.0,,,SKIP,,,
4.9_+_UP_CHILLER_AND_2.5~L4.9~W2.5~H2.56~all_pu, 4.9 & UP CHILLER AND 2.5 WIDE ,27,CHILLER LARGE,all_pu,4.9,2.5,2.56,DRD,DRD,5763.910795,28951.0,402.281,ACCEPTED,,BOTH PU (+23307.15),[MES] DRD PU line priced at the raw 32D rate (R4 100 x 2.98 sheets) instead of the per-sheet price Burt uses (R185.20/sheet): MES DRD +R11.6k (2.3 chiller) / +R23.3k (4.9 chiller) under PU.
4.9_+_UP_CHILLER_AND_2.5~L4.9~W2.5~H2.56~all_pu, 4.9 & UP CHILLER AND 2.5 WIDE ,27,CHILLER LARGE,all_pu,4.9,2.5,2.56,DRD DOOR FITTINGS,DRD DOOR FITTINGS,6304.22746,6287.66,0.263,PASS,,,
4.9_+_UP_CHILLER_AND_2.5~L4.9~W2.5~H2.56~all_pu, 4.9 & UP CHILLER AND 2.5 WIDE ,27,CHILLER LARGE,all_pu,4.9,2.5,2.56,SIDES,SIDES,20592.275757,15347.31,25.471,ACCEPTED,,BOTH PU (-4473.71) [ZERO_FORMULA],"[MES] chiller PU insulation lines carry a literal x0 quantity formula (2.44*1.22*0*2, 1.22*2.44*0*(length+{Waste})/1.22): PU prices at R0 on FRONT/SIDES/ROOF/FLOOR (ZERO_FORMULA); the icecream/freezer bodies use {PANEL PU} tokens and price live. SIDES/ROOF/FLOOR skins also hard-code both roof and floor deductions where Burt's cells deduct only the roof under PU."
4.9_+_UP_CHILLER_AND_2.5~L4.9~W2.5~H2.56~all_pu, 4.9 & UP CHILLER AND 2.5 WIDE ,27,CHILLER LARGE,all_pu,4.9,2.5,2.56,ROOF,ROOF,9747.158121,6884.11,29.373,ACCEPTED,,BOTH PU (-2833.35) [ZERO_FORMULA],"[MES] chiller PU insulation lines carry a literal x0 quantity formula (2.44*1.22*0*2, 1.22*2.44*0*(length+{Waste})/1.22): PU prices at R0 on FRONT/SIDES/ROOF/FLOOR (ZERO_FORMULA); the icecream/freezer bodies use {PANEL PU} tokens and price live. SIDES/ROOF/FLOOR skins also hard-code both roof and floor deductions where Burt's cells deduct only the roof under PU."
4.9_+_UP_CHILLER_AND_2.5~L4.9~W2.5~H2.56~all_pu, 4.9 & UP CHILLER AND 2.5 WIDE ,27,CHILLER LARGE,all_pu,4.9,2.5,2.56,FLOOR,FLOOR,16444.109612,13610.76,17.23,ACCEPTED,,BOTH PU (-2833.35) [ZERO_FORMULA],"[MES] chiller PU insulation lines carry a literal x0 quantity formula (2.44*1.22*0*2, 1.22*2.44*0*(length+{Waste})/1.22): PU prices at R0 on FRONT/SIDES/ROOF/FLOOR (ZERO_FORMULA); the icecream/freezer bodies use {PANEL PU} tokens and price live. SIDES/ROOF/FLOOR skins also hard-code both roof and floor deductions where Burt's cells deduct only the roof under PU."
4.9_+_UP_CHILLER_AND_2.5~L4.9~W2.5~H2.56~all_pu, 4.9 & UP CHILLER AND 2.5 WIDE ,27,CHILLER LARGE,all_pu,4.9,2.5,2.56,ALUMINIUM,ALUMINIUM,10285.7931,10285.79,0.0,PASS,,,
4.9_+_UP_CHILLER_AND_2.5~L4.9~W2.5~H2.56~all_pu, 4.9 & UP CHILLER AND 2.5 WIDE ,27,CHILLER LARGE,all_pu,4.9,2.5,2.56,SUB FRAME + LIGHT BOX ASSY,SUB FRAME + LIGHT BOX ASSY,7999.623068,7759.91,2.997,ACCEPTED,,MISSING_IN_MES 1MM GALV PLATE (-239.72),[DATA] Excel line 1MM GALV PLATE (R157-R240) has no MES line on this body.
4.9_+_UP_CHILLER_AND_2.5~L4.9~W2.5~H2.56~all_pu, 4.9 & UP CHILLER AND 2.5 WIDE ,27,CHILLER LARGE,all_pu,4.9,2.5,2.56,REAR FRAME + FLOOR PLATE,REAR FRAME & FLOOR PLATE,5472.944561,5472.97,0.0,PASS,,,
4.9_+_UP_CHILLER_AND_2.5~L4.9~W2.5~H2.56~all_pu, 4.9 & UP CHILLER AND 2.5 WIDE ,27,CHILLER LARGE,all_pu,4.9,2.5,2.56,SPRAY PAINTING,SPRAY PAINTING,750.0,750.0,0.0,PASS,,,
4.9_+_UP_CHILLER_AND_2.5~L4.9~W2.5~H2.56~all_pu, 4.9 & UP CHILLER AND 2.5 WIDE ,27,CHILLER LARGE,all_pu,4.9,2.5,2.56,REFLEXITE TAPE,REFLEXITE TAPE,224.1,224.1,0.0,PASS,,,
4.9_+_UP_CHILLER_AND_2.5~L4.9~W2.5~H2.56~srd, 4.9 & UP CHILLER AND 2.5 WIDE ,27,CHILLER LARGE,srd,4.9,2.5,2.56,FRONT,FRONT,4566.529064,4574.34,0.171,PASS,,,
4.9_+_UP_CHILLER_AND_2.5~L4.9~W2.5~H2.56~srd, 4.9 & UP CHILLER AND 2.5 WIDE ,27,CHILLER LARGE,srd,4.9,2.5,2.56,SRD,SRD,4777.751788,3969.73,16.912,ACCEPTED,,BOTH EPS (-747.97) [ZERO_FORMULA],[MES] SRD EPS line formula ends in *0 (ZERO_FORMULA) on the chillers: EPS on a single rear door prices at R0 (-R400 to -R780); the 4MM PF PLYWOOD / GLUE LINE rows under SRD are R0 on Burt's side instead.
4.9_+_UP_CHILLER_AND_2.5~L4.9~W2.5~H2.56~srd, 4.9 & UP CHILLER AND 2.5 WIDE ,27,CHILLER LARGE,srd,4.9,2.5,2.56,SRD DOOR FITTINGS,SRD DOOR FITTINGS,6683.48854,7127.79,6.648,ACCEPTED,,MISSING_IN_MES 28780 BIG VERTICAL (-763.29),"[DATA] SRD DOOR FITTINGS on every body: MES CSLB HINGES R293.46 x2 (Excel R146.73 x2 - the pair price applied per hinge) and SILPLUS X WHITE R232.30 (Excel R116.15); per body also 34MM LOCKING POLE R126 (Excel R42), 28782 BIG HORIZ CAPPING R197.20 (Excel R240.58), ALU CORNERS R45 (Excel R54.90), 28780 BIG VERTICAL renamed 28778; Burt prices 2317 DOOR RUBBER / 28777 DOOR CAPPING at R0 on some sheets."
4.9_+_UP_CHILLER_AND_2.5~L4.9~W2.5~H2.56~srd, 4.9 & UP CHILLER AND 2.5 WIDE ,27,CHILLER LARGE,srd,4.9,2.5,2.56,DRD,,0.0,,,SKIP,,,
4.9_+_UP_CHILLER_AND_2.5~L4.9~W2.5~H2.56~srd, 4.9 & UP CHILLER AND 2.5 WIDE ,27,CHILLER LARGE,srd,4.9,2.5,2.56,DRD DOOR FITTINGS,,0.0,,,SKIP,,,
4.9_+_UP_CHILLER_AND_2.5~L4.9~W2.5~H2.56~srd, 4.9 & UP CHILLER AND 2.5 WIDE ,27,CHILLER LARGE,srd,4.9,2.5,2.56,SIDES,SIDES,18422.550199,18394.59,0.152,PASS,,,
4.9_+_UP_CHILLER_AND_2.5~L4.9~W2.5~H2.56~srd, 4.9 & UP CHILLER AND 2.5 WIDE ,27,CHILLER LARGE,srd,4.9,2.5,2.56,ROOF,ROOF,9514.041397,9484.34,0.312,PASS,,,
4.9_+_UP_CHILLER_AND_2.5~L4.9~W2.5~H2.56~srd, 4.9 & UP CHILLER AND 2.5 WIDE ,27,CHILLER LARGE,srd,4.9,2.5,2.56,FLOOR,FLOOR,16210.992888,16210.99,0.0,PASS,,,
4.9_+_UP_CHILLER_AND_2.5~L4.9~W2.5~H2.56~srd, 4.9 & UP CHILLER AND 2.5 WIDE ,27,CHILLER LARGE,srd,4.9,2.5,2.56,ALUMINIUM,ALUMINIUM,10285.7931,10285.79,0.0,PASS,,,
4.9_+_UP_CHILLER_AND_2.5~L4.9~W2.5~H2.56~srd, 4.9 & UP CHILLER AND 2.5 WIDE ,27,CHILLER LARGE,srd,4.9,2.5,2.56,SUB FRAME + LIGHT BOX ASSY,SUB FRAME + LIGHT BOX ASSY,7999.623068,7759.91,2.997,ACCEPTED,,MISSING_IN_MES 1MM GALV PLATE (-239.72),[DATA] Excel line 1MM GALV PLATE (R157-R240) has no MES line on this body.
4.9_+_UP_CHILLER_AND_2.5~L4.9~W2.5~H2.56~srd, 4.9 & UP CHILLER AND 2.5 WIDE ,27,CHILLER LARGE,srd,4.9,2.5,2.56,REAR FRAME + FLOOR PLATE,REAR FRAME & FLOOR PLATE,0.0,5472.97,,ACCEPTED,EXTRA_IN_MES,,"[RULING] Burt gates REAR FRAME + FLOOR PLATE on the DRD flags, so a single-rear-door body carries R0 there; MES always includes the section (R2.4k-R5.5k). Which is right needs Burt/Michael."
4.9_+_UP_CHILLER_AND_2.5~L4.9~W2.5~H2.56~srd, 4.9 & UP CHILLER AND 2.5 WIDE ,27,CHILLER LARGE,srd,4.9,2.5,2.56,SPRAY PAINTING,SPRAY PAINTING,750.0,750.0,0.0,PASS,,,
4.9_+_UP_CHILLER_AND_2.5~L4.9~W2.5~H2.56~srd, 4.9 & UP CHILLER AND 2.5 WIDE ,27,CHILLER LARGE,srd,4.9,2.5,2.56,REFLEXITE TAPE,REFLEXITE TAPE,224.1,224.1,0.0,PASS,,,
4.9_+_UP_CHILLER_AND_2.5~L4.9~W2.5~H2.56~drd, 4.9 & UP CHILLER AND 2.5 WIDE ,27,CHILLER LARGE,drd,4.9,2.5,2.56,FRONT,FRONT,4566.529064,4574.34,0.171,PASS,,,
4.9_+_UP_CHILLER_AND_2.5~L4.9~W2.5~H2.56~drd, 4.9 & UP CHILLER AND 2.5 WIDE ,27,CHILLER LARGE,drd,4.9,2.5,2.56,SRD,,0.0,,,SKIP,,,
4.9_+_UP_CHILLER_AND_2.5~L4.9~W2.5~H2.56~drd, 4.9 & UP CHILLER AND 2.5 WIDE ,27,CHILLER LARGE,drd,4.9,2.5,2.56,SRD DOOR FITTINGS,,0.0,,,SKIP,,,
4.9_+_UP_CHILLER_AND_2.5~L4.9~W2.5~H2.56~drd, 4.9 & UP CHILLER AND 2.5 WIDE ,27,CHILLER LARGE,drd,4.9,2.5,2.56,DRD,DRD,5715.188449,5595.13,2.101,ACCEPTED,,GROUP_DIFF 130*62MM TAPPING BLOCKS ~ 2 MES line(s) (-120.00),"[DATA] 130*62MM TAPPING BLOCKS: Excel 2 x R234 per size (R936 a double door) vs MES 6 x R68 per size (R816): R60 per size, 1-3 % of the door section."
4.9_+_UP_CHILLER_AND_2.5~L4.9~W2.5~H2.56~drd, 4.9 & UP CHILLER AND 2.5 WIDE ,27,CHILLER LARGE,drd,4.9,2.5,2.56,DRD DOOR FITTINGS,DRD DOOR FITTINGS,6200.61678,6200.62,0.0,PASS,,,
4.9_+_UP_CHILLER_AND_2.5~L4.9~W2.5~H2.56~drd, 4.9 & UP CHILLER AND 2.5 WIDE ,27,CHILLER LARGE,drd,4.9,2.5,2.56,SIDES,SIDES,18422.550199,18394.59,0.152,PASS,,,
4.9_+_UP_CHILLER_AND_2.5~L4.9~W2.5~H2.56~drd, 4.9 & UP CHILLER AND 2.5 WIDE ,27,CHILLER LARGE,drd,4.9,2.5,2.56,ROOF,ROOF,9514.041397,9484.34,0.312,PASS,,,
4.9_+_UP_CHILLER_AND_2.5~L4.9~W2.5~H2.56~drd, 4.9 & UP CHILLER AND 2.5 WIDE ,27,CHILLER LARGE,drd,4.9,2.5,2.56,FLOOR,FLOOR,16210.992888,16210.99,0.0,PASS,,,
4.9_+_UP_CHILLER_AND_2.5~L4.9~W2.5~H2.56~drd, 4.9 & UP CHILLER AND 2.5 WIDE ,27,CHILLER LARGE,drd,4.9,2.5,2.56,ALUMINIUM,ALUMINIUM,10285.7931,10285.79,0.0,PASS,,,
4.9_+_UP_CHILLER_AND_2.5~L4.9~W2.5~H2.56~drd, 4.9 & UP CHILLER AND 2.5 WIDE ,27,CHILLER LARGE,drd,4.9,2.5,2.56,SUB FRAME + LIGHT BOX ASSY,SUB FRAME + LIGHT BOX ASSY,7999.623068,7759.91,2.997,ACCEPTED,,MISSING_IN_MES 1MM GALV PLATE (-239.72),[DATA] Excel line 1MM GALV PLATE (R157-R240) has no MES line on this body.
4.9_+_UP_CHILLER_AND_2.5~L4.9~W2.5~H2.56~drd, 4.9 & UP CHILLER AND 2.5 WIDE ,27,CHILLER LARGE,drd,4.9,2.5,2.56,REAR FRAME + FLOOR PLATE,REAR FRAME & FLOOR PLATE,5472.944561,5472.97,0.0,PASS,,,
4.9_+_UP_CHILLER_AND_2.5~L4.9~W2.5~H2.56~drd, 4.9 & UP CHILLER AND 2.5 WIDE ,27,CHILLER LARGE,drd,4.9,2.5,2.56,SPRAY PAINTING,SPRAY PAINTING,750.0,750.0,0.0,PASS,,,
4.9_+_UP_CHILLER_AND_2.5~L4.9~W2.5~H2.56~drd, 4.9 & UP CHILLER AND 2.5 WIDE ,27,CHILLER LARGE,drd,4.9,2.5,2.56,REFLEXITE TAPE,REFLEXITE TAPE,224.1,224.1,0.0,PASS,,,
4.9_+_UP_CHILLER_AND_2.5~L4.9~W2.5~H2.56~foam_4g, 4.9 & UP CHILLER AND 2.5 WIDE ,27,CHILLER LARGE,foam_4g,4.9,2.5,2.56,FRONT,FRONT,4566.529064,4574.34,0.171,PASS,,,
4.9_+_UP_CHILLER_AND_2.5~L4.9~W2.5~H2.56~foam_4g, 4.9 & UP CHILLER AND 2.5 WIDE ,27,CHILLER LARGE,foam_4g,4.9,2.5,2.56,SRD,,0.0,,,SKIP,,,
4.9_+_UP_CHILLER_AND_2.5~L4.9~W2.5~H2.56~foam_4g, 4.9 & UP CHILLER AND 2.5 WIDE ,27,CHILLER LARGE,foam_4g,4.9,2.5,2.56,SRD DOOR FITTINGS,,0.0,,,SKIP,,,
4.9_+_UP_CHILLER_AND_2.5~L4.9~W2.5~H2.56~foam_4g, 4.9 & UP CHILLER AND 2.5 WIDE ,27,CHILLER LARGE,foam_4g,4.9,2.5,2.56,DRD,DRD,5715.188449,5595.13,2.101,ACCEPTED,,GROUP_DIFF 130*62MM TAPPING BLOCKS ~ 2 MES line(s) (-120.00),"[DATA] 130*62MM TAPPING BLOCKS: Excel 2 x R234 per size (R936 a double door) vs MES 6 x R68 per size (R816): R60 per size, 1-3 % of the door section."
4.9_+_UP_CHILLER_AND_2.5~L4.9~W2.5~H2.56~foam_4g, 4.9 & UP CHILLER AND 2.5 WIDE ,27,CHILLER LARGE,foam_4g,4.9,2.5,2.56,DRD DOOR FITTINGS,DRD DOOR FITTINGS,6200.61678,6200.62,0.0,PASS,,,
4.9_+_UP_CHILLER_AND_2.5~L4.9~W2.5~H2.56~foam_4g, 4.9 & UP CHILLER AND 2.5 WIDE ,27,CHILLER LARGE,foam_4g,4.9,2.5,2.56,SIDES,SIDES,18422.550199,18394.59,0.152,PASS,,,
4.9_+_UP_CHILLER_AND_2.5~L4.9~W2.5~H2.56~foam_4g, 4.9 & UP CHILLER AND 2.5 WIDE ,27,CHILLER LARGE,foam_4g,4.9,2.5,2.56,ROOF,ROOF,9514.041397,9484.34,0.312,PASS,,,
4.9_+_UP_CHILLER_AND_2.5~L4.9~W2.5~H2.56~foam_4g, 4.9 & UP CHILLER AND 2.5 WIDE ,27,CHILLER LARGE,foam_4g,4.9,2.5,2.56,FLOOR,FLOOR,16210.992888,16210.99,0.0,PASS,,,
4.9_+_UP_CHILLER_AND_2.5~L4.9~W2.5~H2.56~foam_4g, 4.9 & UP CHILLER AND 2.5 WIDE ,27,CHILLER LARGE,foam_4g,4.9,2.5,2.56,ALUMINIUM,ALUMINIUM,10285.7931,10285.79,0.0,PASS,,,
4.9_+_UP_CHILLER_AND_2.5~L4.9~W2.5~H2.56~foam_4g, 4.9 & UP CHILLER AND 2.5 WIDE ,27,CHILLER LARGE,foam_4g,4.9,2.5,2.56,SUB FRAME + LIGHT BOX ASSY,SUB FRAME + LIGHT BOX ASSY,7999.623068,7759.91,2.997,ACCEPTED,,MISSING_IN_MES 1MM GALV PLATE (-239.72),[DATA] Excel line 1MM GALV PLATE (R157-R240) has no MES line on this body.
4.9_+_UP_CHILLER_AND_2.5~L4.9~W2.5~H2.56~foam_4g, 4.9 & UP CHILLER AND 2.5 WIDE ,27,CHILLER LARGE,foam_4g,4.9,2.5,2.56,REAR FRAME + FLOOR PLATE,REAR FRAME & FLOOR PLATE,5472.944561,5472.97,0.0,PASS,,,
4.9_+_UP_CHILLER_AND_2.5~L4.9~W2.5~H2.56~foam_4g, 4.9 & UP CHILLER AND 2.5 WIDE ,27,CHILLER LARGE,foam_4g,4.9,2.5,2.56,SPRAY PAINTING,SPRAY PAINTING,750.0,750.0,0.0,PASS,,,
4.9_+_UP_CHILLER_AND_2.5~L4.9~W2.5~H2.56~foam_4g, 4.9 & UP CHILLER AND 2.5 WIDE ,27,CHILLER LARGE,foam_4g,4.9,2.5,2.56,REFLEXITE TAPE,REFLEXITE TAPE,224.1,224.1,0.0,PASS,,,
4.9_+_UP_CHILLER_AND_2.5~L4.9~W2.6~H2.56~as_sheet, 4.9 & UP CHILLER AND 2.5 WIDE ,27,CHILLER LARGE,as_sheet,4.9,2.6,2.56,FRONT,FRONT,4747.056155,4755.03,0.168,PASS,,,
4.9_+_UP_CHILLER_AND_2.5~L4.9~W2.6~H2.56~as_sheet, 4.9 & UP CHILLER AND 2.5 WIDE ,27,CHILLER LARGE,as_sheet,4.9,2.6,2.56,SRD,,0.0,,,SKIP,,,
4.9_+_UP_CHILLER_AND_2.5~L4.9~W2.6~H2.56~as_sheet, 4.9 & UP CHILLER AND 2.5 WIDE ,27,CHILLER LARGE,as_sheet,4.9,2.6,2.56,SRD DOOR FITTINGS,,0.0,,,SKIP,,,
4.9_+_UP_CHILLER_AND_2.5~L4.9~W2.6~H2.56~as_sheet, 4.9 & UP CHILLER AND 2.5 WIDE ,27,CHILLER LARGE,as_sheet,4.9,2.6,2.56,DRD,DRD,5907.123728,5787.06,2.033,ACCEPTED,,GROUP_DIFF 130*62MM TAPPING BLOCKS ~ 2 MES line(s) (-120.00),"[DATA] 130*62MM TAPPING BLOCKS: Excel 2 x R234 per size (R936 a double door) vs MES 6 x R68 per size (R816): R60 per size, 1-3 % of the door section."
4.9_+_UP_CHILLER_AND_2.5~L4.9~W2.6~H2.56~as_sheet, 4.9 & UP CHILLER AND 2.5 WIDE ,27,CHILLER LARGE,as_sheet,4.9,2.6,2.56,DRD DOOR FITTINGS,DRD DOOR FITTINGS,6247.51278,6247.51,0.0,PASS,,,
4.9_+_UP_CHILLER_AND_2.5~L4.9~W2.6~H2.56~as_sheet, 4.9 & UP CHILLER AND 2.5 WIDE ,27,CHILLER LARGE,as_sheet,4.9,2.6,2.56,SIDES,SIDES,18422.550199,18394.59,0.152,PASS,,,
4.9_+_UP_CHILLER_AND_2.5~L4.9~W2.6~H2.56~as_sheet, 4.9 & UP CHILLER AND 2.5 WIDE ,27,CHILLER LARGE,as_sheet,4.9,2.6,2.56,ROOF,ROOF,9869.900619,9839.8,0.305,PASS,,,
4.9_+_UP_CHILLER_AND_2.5~L4.9~W2.6~H2.56~as_sheet, 4.9 & UP CHILLER AND 2.5 WIDE ,27,CHILLER LARGE,as_sheet,4.9,2.6,2.56,FLOOR,FLOOR,16710.969657,16710.97,0.0,PASS,,,
4.9_+_UP_CHILLER_AND_2.5~L4.9~W2.6~H2.56~as_sheet, 4.9 & UP CHILLER AND 2.5 WIDE ,27,CHILLER LARGE,as_sheet,4.9,2.6,2.56,ALUMINIUM,ALUMINIUM,10321.540767,10321.54,0.0,PASS,,,
4.9_+_UP_CHILLER_AND_2.5~L4.9~W2.6~H2.56~as_sheet, 4.9 & UP CHILLER AND 2.5 WIDE ,27,CHILLER LARGE,as_sheet,4.9,2.6,2.56,SUB FRAME + LIGHT BOX ASSY,SUB FRAME + LIGHT BOX ASSY,7999.623068,7759.91,2.997,ACCEPTED,,MISSING_IN_MES 1MM GALV PLATE (-239.72),[DATA] Excel line 1MM GALV PLATE (R157-R240) has no MES line on this body.
4.9_+_UP_CHILLER_AND_2.5~L4.9~W2.6~H2.56~as_sheet, 4.9 & UP CHILLER AND 2.5 WIDE ,27,CHILLER LARGE,as_sheet,4.9,2.6,2.56,REAR FRAME + FLOOR PLATE,REAR FRAME & FLOOR PLATE,5502.400241,5502.42,0.0,PASS,,,
4.9_+_UP_CHILLER_AND_2.5~L4.9~W2.6~H2.56~as_sheet, 4.9 & UP CHILLER AND 2.5 WIDE ,27,CHILLER LARGE,as_sheet,4.9,2.6,2.56,SPRAY PAINTING,SPRAY PAINTING,750.0,750.0,0.0,PASS,,,
4.9_+_UP_CHILLER_AND_2.5~L4.9~W2.6~H2.56~as_sheet, 4.9 & UP CHILLER AND 2.5 WIDE ,27,CHILLER LARGE,as_sheet,4.9,2.6,2.56,REFLEXITE TAPE,REFLEXITE TAPE,225.9,225.9,0.0,PASS,,,
4.9_+_UP_CHILLER_AND_2.5~L4.9~W2.6~H2.56~all_eps, 4.9 & UP CHILLER AND 2.5 WIDE ,27,CHILLER LARGE,all_eps,4.9,2.6,2.56,FRONT,FRONT,4747.056155,4755.03,0.168,PASS,,,
4.9_+_UP_CHILLER_AND_2.5~L4.9~W2.6~H2.56~all_eps, 4.9 & UP CHILLER AND 2.5 WIDE ,27,CHILLER LARGE,all_eps,4.9,2.6,2.56,SRD,,0.0,,,SKIP,,,
4.9_+_UP_CHILLER_AND_2.5~L4.9~W2.6~H2.56~all_eps, 4.9 & UP CHILLER AND 2.5 WIDE ,27,CHILLER LARGE,all_eps,4.9,2.6,2.56,SRD DOOR FITTINGS,,0.0,,,SKIP,,,
4.9_+_UP_CHILLER_AND_2.5~L4.9~W2.6~H2.56~all_eps, 4.9 & UP CHILLER AND 2.5 WIDE ,27,CHILLER LARGE,all_eps,4.9,2.6,2.56,DRD,DRD,5907.123728,5787.06,2.033,ACCEPTED,,GROUP_DIFF 130*62MM TAPPING BLOCKS ~ 2 MES line(s) (-120.00),"[DATA] 130*62MM TAPPING BLOCKS: Excel 2 x R234 per size (R936 a double door) vs MES 6 x R68 per size (R816): R60 per size, 1-3 % of the door section."
4.9_+_UP_CHILLER_AND_2.5~L4.9~W2.6~H2.56~all_eps, 4.9 & UP CHILLER AND 2.5 WIDE ,27,CHILLER LARGE,all_eps,4.9,2.6,2.56,DRD DOOR FITTINGS,DRD DOOR FITTINGS,6247.51278,6247.51,0.0,PASS,,,
4.9_+_UP_CHILLER_AND_2.5~L4.9~W2.6~H2.56~all_eps, 4.9 & UP CHILLER AND 2.5 WIDE ,27,CHILLER LARGE,all_eps,4.9,2.6,2.56,SIDES,SIDES,18422.550199,18394.59,0.152,PASS,,,
4.9_+_UP_CHILLER_AND_2.5~L4.9~W2.6~H2.56~all_eps, 4.9 & UP CHILLER AND 2.5 WIDE ,27,CHILLER LARGE,all_eps,4.9,2.6,2.56,ROOF,ROOF,9869.900619,9839.8,0.305,PASS,,,
4.9_+_UP_CHILLER_AND_2.5~L4.9~W2.6~H2.56~all_eps, 4.9 & UP CHILLER AND 2.5 WIDE ,27,CHILLER LARGE,all_eps,4.9,2.6,2.56,FLOOR,FLOOR,16710.969657,16710.97,0.0,PASS,,,
4.9_+_UP_CHILLER_AND_2.5~L4.9~W2.6~H2.56~all_eps, 4.9 & UP CHILLER AND 2.5 WIDE ,27,CHILLER LARGE,all_eps,4.9,2.6,2.56,ALUMINIUM,ALUMINIUM,10321.540767,10321.54,0.0,PASS,,,
4.9_+_UP_CHILLER_AND_2.5~L4.9~W2.6~H2.56~all_eps, 4.9 & UP CHILLER AND 2.5 WIDE ,27,CHILLER LARGE,all_eps,4.9,2.6,2.56,SUB FRAME + LIGHT BOX ASSY,SUB FRAME + LIGHT BOX ASSY,7999.623068,7759.91,2.997,ACCEPTED,,MISSING_IN_MES 1MM GALV PLATE (-239.72),[DATA] Excel line 1MM GALV PLATE (R157-R240) has no MES line on this body.
4.9_+_UP_CHILLER_AND_2.5~L4.9~W2.6~H2.56~all_eps, 4.9 & UP CHILLER AND 2.5 WIDE ,27,CHILLER LARGE,all_eps,4.9,2.6,2.56,REAR FRAME + FLOOR PLATE,REAR FRAME & FLOOR PLATE,5502.400241,5502.42,0.0,PASS,,,
4.9_+_UP_CHILLER_AND_2.5~L4.9~W2.6~H2.56~all_eps, 4.9 & UP CHILLER AND 2.5 WIDE ,27,CHILLER LARGE,all_eps,4.9,2.6,2.56,SPRAY PAINTING,SPRAY PAINTING,750.0,750.0,0.0,PASS,,,
4.9_+_UP_CHILLER_AND_2.5~L4.9~W2.6~H2.56~all_eps, 4.9 & UP CHILLER AND 2.5 WIDE ,27,CHILLER LARGE,all_eps,4.9,2.6,2.56,REFLEXITE TAPE,REFLEXITE TAPE,225.9,225.9,0.0,PASS,,,
4.9_+_UP_CHILLER_AND_2.5~L4.9~W2.6~H2.56~all_pu, 4.9 & UP CHILLER AND 2.5 WIDE ,27,CHILLER LARGE,all_pu,4.9,2.6,2.56,FRONT,FRONT,5265.392232,5264.59,0.015,PASS,,,
4.9_+_UP_CHILLER_AND_2.5~L4.9~W2.6~H2.56~all_pu, 4.9 & UP CHILLER AND 2.5 WIDE ,27,CHILLER LARGE,all_pu,4.9,2.6,2.56,SRD,,0.0,,,SKIP,,,
4.9_+_UP_CHILLER_AND_2.5~L4.9~W2.6~H2.56~all_pu, 4.9 & UP CHILLER AND 2.5 WIDE ,27,CHILLER LARGE,all_pu,4.9,2.6,2.56,SRD DOOR FITTINGS,,0.0,,,SKIP,,,
4.9_+_UP_CHILLER_AND_2.5~L4.9~W2.6~H2.56~all_pu, 4.9 & UP CHILLER AND 2.5 WIDE ,27,CHILLER LARGE,all_pu,4.9,2.6,2.56,DRD,DRD,5913.521182,29100.6,392.103,ACCEPTED,,BOTH PU (+23307.15),[MES] DRD PU line priced at the raw 32D rate (R4 100 x 2.98 sheets) instead of the per-sheet price Burt uses (R185.20/sheet): MES DRD +R11.6k (2.3 chiller) / +R23.3k (4.9 chiller) under PU.
4.9_+_UP_CHILLER_AND_2.5~L4.9~W2.6~H2.56~all_pu, 4.9 & UP CHILLER AND 2.5 WIDE ,27,CHILLER LARGE,all_pu,4.9,2.6,2.56,DRD DOOR FITTINGS,DRD DOOR FITTINGS,6351.12346,6334.55,0.261,PASS,,,
4.9_+_UP_CHILLER_AND_2.5~L4.9~W2.6~H2.56~all_pu, 4.9 & UP CHILLER AND 2.5 WIDE ,27,CHILLER LARGE,all_pu,4.9,2.6,2.56,SIDES,SIDES,20592.275757,15347.31,25.471,ACCEPTED,,BOTH PU (-4473.71) [ZERO_FORMULA],"[MES] chiller PU insulation lines carry a literal x0 quantity formula (2.44*1.22*0*2, 1.22*2.44*0*(length+{Waste})/1.22): PU prices at R0 on FRONT/SIDES/ROOF/FLOOR (ZERO_FORMULA); the icecream/freezer bodies use {PANEL PU} tokens and price live. SIDES/ROOF/FLOOR skins also hard-code both roof and floor deductions where Burt's cells deduct only the roof under PU."
4.9_+_UP_CHILLER_AND_2.5~L4.9~W2.6~H2.56~all_pu, 4.9 & UP CHILLER AND 2.5 WIDE ,27,CHILLER LARGE,all_pu,4.9,2.6,2.56,ROOF,ROOF,10001.047343,7137.6,28.631,ACCEPTED,,BOTH PU (-2833.35) [ZERO_FORMULA],"[MES] chiller PU insulation lines carry a literal x0 quantity formula (2.44*1.22*0*2, 1.22*2.44*0*(length+{Waste})/1.22): PU prices at R0 on FRONT/SIDES/ROOF/FLOOR (ZERO_FORMULA); the icecream/freezer bodies use {PANEL PU} tokens and price live. SIDES/ROOF/FLOOR skins also hard-code both roof and floor deductions where Burt's cells deduct only the roof under PU."
4.9_+_UP_CHILLER_AND_2.5~L4.9~W2.6~H2.56~all_pu, 4.9 & UP CHILLER AND 2.5 WIDE ,27,CHILLER LARGE,all_pu,4.9,2.6,2.56,FLOOR,FLOOR,16842.116381,14008.76,16.823,ACCEPTED,,BOTH PU (-2833.35) [ZERO_FORMULA],"[MES] chiller PU insulation lines carry a literal x0 quantity formula (2.44*1.22*0*2, 1.22*2.44*0*(length+{Waste})/1.22): PU prices at R0 on FRONT/SIDES/ROOF/FLOOR (ZERO_FORMULA); the icecream/freezer bodies use {PANEL PU} tokens and price live. SIDES/ROOF/FLOOR skins also hard-code both roof and floor deductions where Burt's cells deduct only the roof under PU."
4.9_+_UP_CHILLER_AND_2.5~L4.9~W2.6~H2.56~all_pu, 4.9 & UP CHILLER AND 2.5 WIDE ,27,CHILLER LARGE,all_pu,4.9,2.6,2.56,ALUMINIUM,ALUMINIUM,10321.540767,10321.54,0.0,PASS,,,
4.9_+_UP_CHILLER_AND_2.5~L4.9~W2.6~H2.56~all_pu, 4.9 & UP CHILLER AND 2.5 WIDE ,27,CHILLER LARGE,all_pu,4.9,2.6,2.56,SUB FRAME + LIGHT BOX ASSY,SUB FRAME + LIGHT BOX ASSY,7999.623068,7759.91,2.997,ACCEPTED,,MISSING_IN_MES 1MM GALV PLATE (-239.72),[DATA] Excel line 1MM GALV PLATE (R157-R240) has no MES line on this body.
4.9_+_UP_CHILLER_AND_2.5~L4.9~W2.6~H2.56~all_pu, 4.9 & UP CHILLER AND 2.5 WIDE ,27,CHILLER LARGE,all_pu,4.9,2.6,2.56,REAR FRAME + FLOOR PLATE,REAR FRAME & FLOOR PLATE,5502.400241,5502.42,0.0,PASS,,,
4.9_+_UP_CHILLER_AND_2.5~L4.9~W2.6~H2.56~all_pu, 4.9 & UP CHILLER AND 2.5 WIDE ,27,CHILLER LARGE,all_pu,4.9,2.6,2.56,SPRAY PAINTING,SPRAY PAINTING,750.0,750.0,0.0,PASS,,,
4.9_+_UP_CHILLER_AND_2.5~L4.9~W2.6~H2.56~all_pu, 4.9 & UP CHILLER AND 2.5 WIDE ,27,CHILLER LARGE,all_pu,4.9,2.6,2.56,REFLEXITE TAPE,REFLEXITE TAPE,225.9,225.9,0.0,PASS,,,
4.9_+_UP_CHILLER_AND_2.5~L4.9~W2.6~H2.56~srd, 4.9 & UP CHILLER AND 2.5 WIDE ,27,CHILLER LARGE,srd,4.9,2.6,2.56,FRONT,FRONT,4747.056155,4755.03,0.168,PASS,,,
4.9_+_UP_CHILLER_AND_2.5~L4.9~W2.6~H2.56~srd, 4.9 & UP CHILLER AND 2.5 WIDE ,27,CHILLER LARGE,srd,4.9,2.6,2.56,SRD,SRD,4955.107829,4116.3,16.928,ACCEPTED,,BOTH EPS (-778.75) [ZERO_FORMULA],[MES] SRD EPS line formula ends in *0 (ZERO_FORMULA) on the chillers: EPS on a single rear door prices at R0 (-R400 to -R780); the 4MM PF PLYWOOD / GLUE LINE rows under SRD are R0 on Burt's side instead.
4.9_+_UP_CHILLER_AND_2.5~L4.9~W2.6~H2.56~srd, 4.9 & UP CHILLER AND 2.5 WIDE ,27,CHILLER LARGE,srd,4.9,2.6,2.56,SRD DOOR FITTINGS,SRD DOOR FITTINGS,6731.60454,7167.23,6.471,ACCEPTED,,MISSING_IN_MES 28780 BIG VERTICAL (-763.29),"[DATA] SRD DOOR FITTINGS on every body: MES CSLB HINGES R293.46 x2 (Excel R146.73 x2 - the pair price applied per hinge) and SILPLUS X WHITE R232.30 (Excel R116.15); per body also 34MM LOCKING POLE R126 (Excel R42), 28782 BIG HORIZ CAPPING R197.20 (Excel R240.58), ALU CORNERS R45 (Excel R54.90), 28780 BIG VERTICAL renamed 28778; Burt prices 2317 DOOR RUBBER / 28777 DOOR CAPPING at R0 on some sheets."
4.9_+_UP_CHILLER_AND_2.5~L4.9~W2.6~H2.56~srd, 4.9 & UP CHILLER AND 2.5 WIDE ,27,CHILLER LARGE,srd,4.9,2.6,2.56,DRD,,0.0,,,SKIP,,,
4.9_+_UP_CHILLER_AND_2.5~L4.9~W2.6~H2.56~srd, 4.9 & UP CHILLER AND 2.5 WIDE ,27,CHILLER LARGE,srd,4.9,2.6,2.56,DRD DOOR FITTINGS,,0.0,,,SKIP,,,
4.9_+_UP_CHILLER_AND_2.5~L4.9~W2.6~H2.56~srd, 4.9 & UP CHILLER AND 2.5 WIDE ,27,CHILLER LARGE,srd,4.9,2.6,2.56,SIDES,SIDES,18422.550199,18394.59,0.152,PASS,,,
4.9_+_UP_CHILLER_AND_2.5~L4.9~W2.6~H2.56~srd, 4.9 & UP CHILLER AND 2.5 WIDE ,27,CHILLER LARGE,srd,4.9,2.6,2.56,ROOF,ROOF,9869.900619,9839.8,0.305,PASS,,,
4.9_+_UP_CHILLER_AND_2.5~L4.9~W2.6~H2.56~srd, 4.9 & UP CHILLER AND 2.5 WIDE ,27,CHILLER LARGE,srd,4.9,2.6,2.56,FLOOR,FLOOR,16710.969657,16710.97,0.0,PASS,,,
4.9_+_UP_CHILLER_AND_2.5~L4.9~W2.6~H2.56~srd, 4.9 & UP CHILLER AND 2.5 WIDE ,27,CHILLER LARGE,srd,4.9,2.6,2.56,ALUMINIUM,ALUMINIUM,10321.540767,10321.54,0.0,PASS,,,
4.9_+_UP_CHILLER_AND_2.5~L4.9~W2.6~H2.56~srd, 4.9 & UP CHILLER AND 2.5 WIDE ,27,CHILLER LARGE,srd,4.9,2.6,2.56,SUB FRAME + LIGHT BOX ASSY,SUB FRAME + LIGHT BOX ASSY,7999.623068,7759.91,2.997,ACCEPTED,,MISSING_IN_MES 1MM GALV PLATE (-239.72),[DATA] Excel line 1MM GALV PLATE (R157-R240) has no MES line on this body.
4.9_+_UP_CHILLER_AND_2.5~L4.9~W2.6~H2.56~srd, 4.9 & UP CHILLER AND 2.5 WIDE ,27,CHILLER LARGE,srd,4.9,2.6,2.56,REAR FRAME + FLOOR PLATE,REAR FRAME & FLOOR PLATE,0.0,5502.42,,ACCEPTED,EXTRA_IN_MES,,"[RULING] Burt gates REAR FRAME + FLOOR PLATE on the DRD flags, so a single-rear-door body carries R0 there; MES always includes the section (R2.4k-R5.5k). Which is right needs Burt/Michael."
4.9_+_UP_CHILLER_AND_2.5~L4.9~W2.6~H2.56~srd, 4.9 & UP CHILLER AND 2.5 WIDE ,27,CHILLER LARGE,srd,4.9,2.6,2.56,SPRAY PAINTING,SPRAY PAINTING,750.0,750.0,0.0,PASS,,,
4.9_+_UP_CHILLER_AND_2.5~L4.9~W2.6~H2.56~srd, 4.9 & UP CHILLER AND 2.5 WIDE ,27,CHILLER LARGE,srd,4.9,2.6,2.56,REFLEXITE TAPE,REFLEXITE TAPE,225.9,225.9,0.0,PASS,,,
4.9_+_UP_CHILLER_AND_2.5~L4.9~W2.6~H2.56~drd, 4.9 & UP CHILLER AND 2.5 WIDE ,27,CHILLER LARGE,drd,4.9,2.6,2.56,FRONT,FRONT,4747.056155,4755.03,0.168,PASS,,,
4.9_+_UP_CHILLER_AND_2.5~L4.9~W2.6~H2.56~drd, 4.9 & UP CHILLER AND 2.5 WIDE ,27,CHILLER LARGE,drd,4.9,2.6,2.56,SRD,,0.0,,,SKIP,,,
4.9_+_UP_CHILLER_AND_2.5~L4.9~W2.6~H2.56~drd, 4.9 & UP CHILLER AND 2.5 WIDE ,27,CHILLER LARGE,drd,4.9,2.6,2.56,SRD DOOR FITTINGS,,0.0,,,SKIP,,,
4.9_+_UP_CHILLER_AND_2.5~L4.9~W2.6~H2.56~drd, 4.9 & UP CHILLER AND 2.5 WIDE ,27,CHILLER LARGE,drd,4.9,2.6,2.56,DRD,DRD,5907.123728,5787.06,2.033,ACCEPTED,,GROUP_DIFF 130*62MM TAPPING BLOCKS ~ 2 MES line(s) (-120.00),"[DATA] 130*62MM TAPPING BLOCKS: Excel 2 x R234 per size (R936 a double door) vs MES 6 x R68 per size (R816): R60 per size, 1-3 % of the door section."
4.9_+_UP_CHILLER_AND_2.5~L4.9~W2.6~H2.56~drd, 4.9 & UP CHILLER AND 2.5 WIDE ,27,CHILLER LARGE,drd,4.9,2.6,2.56,DRD DOOR FITTINGS,DRD DOOR FITTINGS,6247.51278,6247.51,0.0,PASS,,,
4.9_+_UP_CHILLER_AND_2.5~L4.9~W2.6~H2.56~drd, 4.9 & UP CHILLER AND 2.5 WIDE ,27,CHILLER LARGE,drd,4.9,2.6,2.56,SIDES,SIDES,18422.550199,18394.59,0.152,PASS,,,
4.9_+_UP_CHILLER_AND_2.5~L4.9~W2.6~H2.56~drd, 4.9 & UP CHILLER AND 2.5 WIDE ,27,CHILLER LARGE,drd,4.9,2.6,2.56,ROOF,ROOF,9869.900619,9839.8,0.305,PASS,,,
4.9_+_UP_CHILLER_AND_2.5~L4.9~W2.6~H2.56~drd, 4.9 & UP CHILLER AND 2.5 WIDE ,27,CHILLER LARGE,drd,4.9,2.6,2.56,FLOOR,FLOOR,16710.969657,16710.97,0.0,PASS,,,
4.9_+_UP_CHILLER_AND_2.5~L4.9~W2.6~H2.56~drd, 4.9 & UP CHILLER AND 2.5 WIDE ,27,CHILLER LARGE,drd,4.9,2.6,2.56,ALUMINIUM,ALUMINIUM,10321.540767,10321.54,0.0,PASS,,,
4.9_+_UP_CHILLER_AND_2.5~L4.9~W2.6~H2.56~drd, 4.9 & UP CHILLER AND 2.5 WIDE ,27,CHILLER LARGE,drd,4.9,2.6,2.56,SUB FRAME + LIGHT BOX ASSY,SUB FRAME + LIGHT BOX ASSY,7999.623068,7759.91,2.997,ACCEPTED,,MISSING_IN_MES 1MM GALV PLATE (-239.72),[DATA] Excel line 1MM GALV PLATE (R157-R240) has no MES line on this body.
4.9_+_UP_CHILLER_AND_2.5~L4.9~W2.6~H2.56~drd, 4.9 & UP CHILLER AND 2.5 WIDE ,27,CHILLER LARGE,drd,4.9,2.6,2.56,REAR FRAME + FLOOR PLATE,REAR FRAME & FLOOR PLATE,5502.400241,5502.42,0.0,PASS,,,
4.9_+_UP_CHILLER_AND_2.5~L4.9~W2.6~H2.56~drd, 4.9 & UP CHILLER AND 2.5 WIDE ,27,CHILLER LARGE,drd,4.9,2.6,2.56,SPRAY PAINTING,SPRAY PAINTING,750.0,750.0,0.0,PASS,,,
4.9_+_UP_CHILLER_AND_2.5~L4.9~W2.6~H2.56~drd, 4.9 & UP CHILLER AND 2.5 WIDE ,27,CHILLER LARGE,drd,4.9,2.6,2.56,REFLEXITE TAPE,REFLEXITE TAPE,225.9,225.9,0.0,PASS,,,
4.9_+_UP_CHILLER_AND_2.5~L4.9~W2.6~H2.56~foam_4g, 4.9 & UP CHILLER AND 2.5 WIDE ,27,CHILLER LARGE,foam_4g,4.9,2.6,2.56,FRONT,FRONT,4747.056155,4755.03,0.168,PASS,,,
4.9_+_UP_CHILLER_AND_2.5~L4.9~W2.6~H2.56~foam_4g, 4.9 & UP CHILLER AND 2.5 WIDE ,27,CHILLER LARGE,foam_4g,4.9,2.6,2.56,SRD,,0.0,,,SKIP,,,
4.9_+_UP_CHILLER_AND_2.5~L4.9~W2.6~H2.56~foam_4g, 4.9 & UP CHILLER AND 2.5 WIDE ,27,CHILLER LARGE,foam_4g,4.9,2.6,2.56,SRD DOOR FITTINGS,,0.0,,,SKIP,,,
4.9_+_UP_CHILLER_AND_2.5~L4.9~W2.6~H2.56~foam_4g, 4.9 & UP CHILLER AND 2.5 WIDE ,27,CHILLER LARGE,foam_4g,4.9,2.6,2.56,DRD,DRD,5907.123728,5787.06,2.033,ACCEPTED,,GROUP_DIFF 130*62MM TAPPING BLOCKS ~ 2 MES line(s) (-120.00),"[DATA] 130*62MM TAPPING BLOCKS: Excel 2 x R234 per size (R936 a double door) vs MES 6 x R68 per size (R816): R60 per size, 1-3 % of the door section."
4.9_+_UP_CHILLER_AND_2.5~L4.9~W2.6~H2.56~foam_4g, 4.9 & UP CHILLER AND 2.5 WIDE ,27,CHILLER LARGE,foam_4g,4.9,2.6,2.56,DRD DOOR FITTINGS,DRD DOOR FITTINGS,6247.51278,6247.51,0.0,PASS,,,
4.9_+_UP_CHILLER_AND_2.5~L4.9~W2.6~H2.56~foam_4g, 4.9 & UP CHILLER AND 2.5 WIDE ,27,CHILLER LARGE,foam_4g,4.9,2.6,2.56,SIDES,SIDES,18422.550199,18394.59,0.152,PASS,,,
4.9_+_UP_CHILLER_AND_2.5~L4.9~W2.6~H2.56~foam_4g, 4.9 & UP CHILLER AND 2.5 WIDE ,27,CHILLER LARGE,foam_4g,4.9,2.6,2.56,ROOF,ROOF,9869.900619,9839.8,0.305,PASS,,,
4.9_+_UP_CHILLER_AND_2.5~L4.9~W2.6~H2.56~foam_4g, 4.9 & UP CHILLER AND 2.5 WIDE ,27,CHILLER LARGE,foam_4g,4.9,2.6,2.56,FLOOR,FLOOR,16710.969657,16710.97,0.0,PASS,,,
4.9_+_UP_CHILLER_AND_2.5~L4.9~W2.6~H2.56~foam_4g, 4.9 & UP CHILLER AND 2.5 WIDE ,27,CHILLER LARGE,foam_4g,4.9,2.6,2.56,ALUMINIUM,ALUMINIUM,10321.540767,10321.54,0.0,PASS,,,
4.9_+_UP_CHILLER_AND_2.5~L4.9~W2.6~H2.56~foam_4g, 4.9 & UP CHILLER AND 2.5 WIDE ,27,CHILLER LARGE,foam_4g,4.9,2.6,2.56,SUB FRAME + LIGHT BOX ASSY,SUB FRAME + LIGHT BOX ASSY,7999.623068,7759.91,2.997,ACCEPTED,,MISSING_IN_MES 1MM GALV PLATE (-239.72),[DATA] Excel line 1MM GALV PLATE (R157-R240) has no MES line on this body.
4.9_+_UP_CHILLER_AND_2.5~L4.9~W2.6~H2.56~foam_4g, 4.9 & UP CHILLER AND 2.5 WIDE ,27,CHILLER LARGE,foam_4g,4.9,2.6,2.56,REAR FRAME + FLOOR PLATE,REAR FRAME & FLOOR PLATE,5502.400241,5502.42,0.0,PASS,,,
4.9_+_UP_CHILLER_AND_2.5~L4.9~W2.6~H2.56~foam_4g, 4.9 & UP CHILLER AND 2.5 WIDE ,27,CHILLER LARGE,foam_4g,4.9,2.6,2.56,SPRAY PAINTING,SPRAY PAINTING,750.0,750.0,0.0,PASS,,,
4.9_+_UP_CHILLER_AND_2.5~L4.9~W2.6~H2.56~foam_4g, 4.9 & UP CHILLER AND 2.5 WIDE ,27,CHILLER LARGE,foam_4g,4.9,2.6,2.56,REFLEXITE TAPE,REFLEXITE TAPE,225.9,225.9,0.0,PASS,,,
4.9_+_UP_CHILLER_AND_2.5~L5.8~W2.5~H2.56~as_sheet, 4.9 & UP CHILLER AND 2.5 WIDE ,27,CHILLER LARGE,as_sheet,5.8,2.5,2.56,FRONT,FRONT,4566.529064,4574.34,0.171,PASS,,,
4.9_+_UP_CHILLER_AND_2.5~L5.8~W2.5~H2.56~as_sheet, 4.9 & UP CHILLER AND 2.5 WIDE ,27,CHILLER LARGE,as_sheet,5.8,2.5,2.56,SRD,,0.0,,,SKIP,,,
4.9_+_UP_CHILLER_AND_2.5~L5.8~W2.5~H2.56~as_sheet, 4.9 & UP CHILLER AND 2.5 WIDE ,27,CHILLER LARGE,as_sheet,5.8,2.5,2.56,SRD DOOR FITTINGS,,0.0,,,SKIP,,,
4.9_+_UP_CHILLER_AND_2.5~L5.8~W2.5~H2.56~as_sheet, 4.9 & UP CHILLER AND 2.5 WIDE ,27,CHILLER LARGE,as_sheet,5.8,2.5,2.56,DRD,DRD,5715.188449,5595.13,2.101,ACCEPTED,,GROUP_DIFF 130*62MM TAPPING BLOCKS ~ 2 MES line(s) (-120.00),"[DATA] 130*62MM TAPPING BLOCKS: Excel 2 x R234 per size (R936 a double door) vs MES 6 x R68 per size (R816): R60 per size, 1-3 % of the door section."
4.9_+_UP_CHILLER_AND_2.5~L5.8~W2.5~H2.56~as_sheet, 4.9 & UP CHILLER AND 2.5 WIDE ,27,CHILLER LARGE,as_sheet,5.8,2.5,2.56,DRD DOOR FITTINGS,DRD DOOR FITTINGS,6200.61678,6200.62,0.0,PASS,,,
4.9_+_UP_CHILLER_AND_2.5~L5.8~W2.5~H2.56~as_sheet, 4.9 & UP CHILLER AND 2.5 WIDE ,27,CHILLER LARGE,as_sheet,5.8,2.5,2.56,SIDES,SIDES,21672.037843,21640.68,0.145,PASS,,,
4.9_+_UP_CHILLER_AND_2.5~L5.8~W2.5~H2.56~as_sheet, 4.9 & UP CHILLER AND 2.5 WIDE ,27,CHILLER LARGE,as_sheet,5.8,2.5,2.56,ROOF,ROOF,11198.263497,11164.99,0.297,PASS,,,
4.9_+_UP_CHILLER_AND_2.5~L5.8~W2.5~H2.56~as_sheet, 4.9 & UP CHILLER AND 2.5 WIDE ,27,CHILLER LARGE,as_sheet,5.8,2.5,2.56,FLOOR,FLOOR,18918.99267,18918.99,0.0,PASS,,,
4.9_+_UP_CHILLER_AND_2.5~L5.8~W2.5~H2.56~as_sheet, 4.9 & UP CHILLER AND 2.5 WIDE ,27,CHILLER LARGE,as_sheet,5.8,2.5,2.56,ALUMINIUM,ALUMINIUM,11607.1011,11607.1,0.0,PASS,,,
4.9_+_UP_CHILLER_AND_2.5~L5.8~W2.5~H2.56~as_sheet, 4.9 & UP CHILLER AND 2.5 WIDE ,27,CHILLER LARGE,as_sheet,5.8,2.5,2.56,SUB FRAME + LIGHT BOX ASSY,SUB FRAME + LIGHT BOX ASSY,8437.023068,8197.31,2.841,ACCEPTED,,MISSING_IN_MES 1MM GALV PLATE (-239.72),[DATA] Excel line 1MM GALV PLATE (R157-R240) has no MES line on this body.
4.9_+_UP_CHILLER_AND_2.5~L5.8~W2.5~H2.56~as_sheet, 4.9 & UP CHILLER AND 2.5 WIDE ,27,CHILLER LARGE,as_sheet,5.8,2.5,2.56,REAR FRAME + FLOOR PLATE,REAR FRAME & FLOOR PLATE,5472.944561,5472.97,0.0,PASS,,,
4.9_+_UP_CHILLER_AND_2.5~L5.8~W2.5~H2.56~as_sheet, 4.9 & UP CHILLER AND 2.5 WIDE ,27,CHILLER LARGE,as_sheet,5.8,2.5,2.56,SPRAY PAINTING,SPRAY PAINTING,750.0,750.0,0.0,PASS,,,
4.9_+_UP_CHILLER_AND_2.5~L5.8~W2.5~H2.56~as_sheet, 4.9 & UP CHILLER AND 2.5 WIDE ,27,CHILLER LARGE,as_sheet,5.8,2.5,2.56,REFLEXITE TAPE,REFLEXITE TAPE,256.5,256.5,0.0,PASS,,,
4.9_+_UP_CHILLER_AND_2.5~L5.8~W2.5~H2.56~all_eps, 4.9 & UP CHILLER AND 2.5 WIDE ,27,CHILLER LARGE,all_eps,5.8,2.5,2.56,FRONT,FRONT,4566.529064,4574.34,0.171,PASS,,,
4.9_+_UP_CHILLER_AND_2.5~L5.8~W2.5~H2.56~all_eps, 4.9 & UP CHILLER AND 2.5 WIDE ,27,CHILLER LARGE,all_eps,5.8,2.5,2.56,SRD,,0.0,,,SKIP,,,
4.9_+_UP_CHILLER_AND_2.5~L5.8~W2.5~H2.56~all_eps, 4.9 & UP CHILLER AND 2.5 WIDE ,27,CHILLER LARGE,all_eps,5.8,2.5,2.56,SRD DOOR FITTINGS,,0.0,,,SKIP,,,
4.9_+_UP_CHILLER_AND_2.5~L5.8~W2.5~H2.56~all_eps, 4.9 & UP CHILLER AND 2.5 WIDE ,27,CHILLER LARGE,all_eps,5.8,2.5,2.56,DRD,DRD,5715.188449,5595.13,2.101,ACCEPTED,,GROUP_DIFF 130*62MM TAPPING BLOCKS ~ 2 MES line(s) (-120.00),"[DATA] 130*62MM TAPPING BLOCKS: Excel 2 x R234 per size (R936 a double door) vs MES 6 x R68 per size (R816): R60 per size, 1-3 % of the door section."
4.9_+_UP_CHILLER_AND_2.5~L5.8~W2.5~H2.56~all_eps, 4.9 & UP CHILLER AND 2.5 WIDE ,27,CHILLER LARGE,all_eps,5.8,2.5,2.56,DRD DOOR FITTINGS,DRD DOOR FITTINGS,6200.61678,6200.62,0.0,PASS,,,
4.9_+_UP_CHILLER_AND_2.5~L5.8~W2.5~H2.56~all_eps, 4.9 & UP CHILLER AND 2.5 WIDE ,27,CHILLER LARGE,all_eps,5.8,2.5,2.56,SIDES,SIDES,21672.037843,21640.68,0.145,PASS,,,
4.9_+_UP_CHILLER_AND_2.5~L5.8~W2.5~H2.56~all_eps, 4.9 & UP CHILLER AND 2.5 WIDE ,27,CHILLER LARGE,all_eps,5.8,2.5,2.56,ROOF,ROOF,11198.263497,11164.99,0.297,PASS,,,
4.9_+_UP_CHILLER_AND_2.5~L5.8~W2.5~H2.56~all_eps, 4.9 & UP CHILLER AND 2.5 WIDE ,27,CHILLER LARGE,all_eps,5.8,2.5,2.56,FLOOR,FLOOR,18918.99267,18918.99,0.0,PASS,,,
4.9_+_UP_CHILLER_AND_2.5~L5.8~W2.5~H2.56~all_eps, 4.9 & UP CHILLER AND 2.5 WIDE ,27,CHILLER LARGE,all_eps,5.8,2.5,2.56,ALUMINIUM,ALUMINIUM,11607.1011,11607.1,0.0,PASS,,,
4.9_+_UP_CHILLER_AND_2.5~L5.8~W2.5~H2.56~all_eps, 4.9 & UP CHILLER AND 2.5 WIDE ,27,CHILLER LARGE,all_eps,5.8,2.5,2.56,SUB FRAME + LIGHT BOX ASSY,SUB FRAME + LIGHT BOX ASSY,8437.023068,8197.31,2.841,ACCEPTED,,MISSING_IN_MES 1MM GALV PLATE (-239.72),[DATA] Excel line 1MM GALV PLATE (R157-R240) has no MES line on this body.
4.9_+_UP_CHILLER_AND_2.5~L5.8~W2.5~H2.56~all_eps, 4.9 & UP CHILLER AND 2.5 WIDE ,27,CHILLER LARGE,all_eps,5.8,2.5,2.56,REAR FRAME + FLOOR PLATE,REAR FRAME & FLOOR PLATE,5472.944561,5472.97,0.0,PASS,,,
4.9_+_UP_CHILLER_AND_2.5~L5.8~W2.5~H2.56~all_eps, 4.9 & UP CHILLER AND 2.5 WIDE ,27,CHILLER LARGE,all_eps,5.8,2.5,2.56,SPRAY PAINTING,SPRAY PAINTING,750.0,750.0,0.0,PASS,,,
4.9_+_UP_CHILLER_AND_2.5~L5.8~W2.5~H2.56~all_eps, 4.9 & UP CHILLER AND 2.5 WIDE ,27,CHILLER LARGE,all_eps,5.8,2.5,2.56,REFLEXITE TAPE,REFLEXITE TAPE,256.5,256.5,0.0,PASS,,,
4.9_+_UP_CHILLER_AND_2.5~L5.8~W2.5~H2.56~all_pu, 4.9 & UP CHILLER AND 2.5 WIDE ,27,CHILLER LARGE,all_pu,5.8,2.5,2.56,FRONT,FRONT,5108.324552,5107.72,0.012,PASS,,,
4.9_+_UP_CHILLER_AND_2.5~L5.8~W2.5~H2.56~all_pu, 4.9 & UP CHILLER AND 2.5 WIDE ,27,CHILLER LARGE,all_pu,5.8,2.5,2.56,SRD,,0.0,,,SKIP,,,
4.9_+_UP_CHILLER_AND_2.5~L5.8~W2.5~H2.56~all_pu, 4.9 & UP CHILLER AND 2.5 WIDE ,27,CHILLER LARGE,all_pu,5.8,2.5,2.56,SRD DOOR FITTINGS,,0.0,,,SKIP,,,
4.9_+_UP_CHILLER_AND_2.5~L5.8~W2.5~H2.56~all_pu, 4.9 & UP CHILLER AND 2.5 WIDE ,27,CHILLER LARGE,all_pu,5.8,2.5,2.56,DRD,DRD,5763.910795,28951.0,402.281,ACCEPTED,,BOTH PU (+23307.15),[MES] DRD PU line priced at the raw 32D rate (R4 100 x 2.98 sheets) instead of the per-sheet price Burt uses (R185.20/sheet): MES DRD +R11.6k (2.3 chiller) / +R23.3k (4.9 chiller) under PU.
4.9_+_UP_CHILLER_AND_2.5~L5.8~W2.5~H2.56~all_pu, 4.9 & UP CHILLER AND 2.5 WIDE ,27,CHILLER LARGE,all_pu,5.8,2.5,2.56,DRD DOOR FITTINGS,DRD DOOR FITTINGS,6304.22746,6287.66,0.263,PASS,,,
4.9_+_UP_CHILLER_AND_2.5~L5.8~W2.5~H2.56~all_pu, 4.9 & UP CHILLER AND 2.5 WIDE ,27,CHILLER LARGE,all_pu,5.8,2.5,2.56,SIDES,SIDES,24232.896397,18039.36,25.558,ACCEPTED,,BOTH PU (-5287.12) [ZERO_FORMULA],"[MES] chiller PU insulation lines carry a literal x0 quantity formula (2.44*1.22*0*2, 1.22*2.44*0*(length+{Waste})/1.22): PU prices at R0 on FRONT/SIDES/ROOF/FLOOR (ZERO_FORMULA); the icecream/freezer bodies use {PANEL PU} tokens and price live. SIDES/ROOF/FLOOR skins also hard-code both roof and floor deductions where Burt's cells deduct only the roof under PU."
4.9_+_UP_CHILLER_AND_2.5~L5.8~W2.5~H2.56~all_pu, 4.9 & UP CHILLER AND 2.5 WIDE ,27,CHILLER LARGE,all_pu,5.8,2.5,2.56,ROOF,ROOF,11473.76508,8091.99,29.474,ACCEPTED,,BOTH PU (-3348.51) [ZERO_FORMULA],"[MES] chiller PU insulation lines carry a literal x0 quantity formula (2.44*1.22*0*2, 1.22*2.44*0*(length+{Waste})/1.22): PU prices at R0 on FRONT/SIDES/ROOF/FLOOR (ZERO_FORMULA); the icecream/freezer bodies use {PANEL PU} tokens and price live. SIDES/ROOF/FLOOR skins also hard-code both roof and floor deductions where Burt's cells deduct only the roof under PU."
4.9_+_UP_CHILLER_AND_2.5~L5.8~W2.5~H2.56~all_pu, 4.9 & UP CHILLER AND 2.5 WIDE ,27,CHILLER LARGE,all_pu,5.8,2.5,2.56,FLOOR,FLOOR,19194.494253,15845.99,17.445,ACCEPTED,,BOTH PU (-3348.51) [ZERO_FORMULA],"[MES] chiller PU insulation lines carry a literal x0 quantity formula (2.44*1.22*0*2, 1.22*2.44*0*(length+{Waste})/1.22): PU prices at R0 on FRONT/SIDES/ROOF/FLOOR (ZERO_FORMULA); the icecream/freezer bodies use {PANEL PU} tokens and price live. SIDES/ROOF/FLOOR skins also hard-code both roof and floor deductions where Burt's cells deduct only the roof under PU."
4.9_+_UP_CHILLER_AND_2.5~L5.8~W2.5~H2.56~all_pu, 4.9 & UP CHILLER AND 2.5 WIDE ,27,CHILLER LARGE,all_pu,5.8,2.5,2.56,ALUMINIUM,ALUMINIUM,11607.1011,11607.1,0.0,PASS,,,
4.9_+_UP_CHILLER_AND_2.5~L5.8~W2.5~H2.56~all_pu, 4.9 & UP CHILLER AND 2.5 WIDE ,27,CHILLER LARGE,all_pu,5.8,2.5,2.56,SUB FRAME + LIGHT BOX ASSY,SUB FRAME + LIGHT BOX ASSY,8437.023068,8197.31,2.841,ACCEPTED,,MISSING_IN_MES 1MM GALV PLATE (-239.72),[DATA] Excel line 1MM GALV PLATE (R157-R240) has no MES line on this body.
4.9_+_UP_CHILLER_AND_2.5~L5.8~W2.5~H2.56~all_pu, 4.9 & UP CHILLER AND 2.5 WIDE ,27,CHILLER LARGE,all_pu,5.8,2.5,2.56,REAR FRAME + FLOOR PLATE,REAR FRAME & FLOOR PLATE,5472.944561,5472.97,0.0,PASS,,,
4.9_+_UP_CHILLER_AND_2.5~L5.8~W2.5~H2.56~all_pu, 4.9 & UP CHILLER AND 2.5 WIDE ,27,CHILLER LARGE,all_pu,5.8,2.5,2.56,SPRAY PAINTING,SPRAY PAINTING,750.0,750.0,0.0,PASS,,,
4.9_+_UP_CHILLER_AND_2.5~L5.8~W2.5~H2.56~all_pu, 4.9 & UP CHILLER AND 2.5 WIDE ,27,CHILLER LARGE,all_pu,5.8,2.5,2.56,REFLEXITE TAPE,REFLEXITE TAPE,256.5,256.5,0.0,PASS,,,
4.9_+_UP_CHILLER_AND_2.5~L5.8~W2.5~H2.56~srd, 4.9 & UP CHILLER AND 2.5 WIDE ,27,CHILLER LARGE,srd,5.8,2.5,2.56,FRONT,FRONT,4566.529064,4574.34,0.171,PASS,,,
4.9_+_UP_CHILLER_AND_2.5~L5.8~W2.5~H2.56~srd, 4.9 & UP CHILLER AND 2.5 WIDE ,27,CHILLER LARGE,srd,5.8,2.5,2.56,SRD,SRD,4777.751788,3969.73,16.912,ACCEPTED,,BOTH EPS (-747.97) [ZERO_FORMULA],[MES] SRD EPS line formula ends in *0 (ZERO_FORMULA) on the chillers: EPS on a single rear door prices at R0 (-R400 to -R780); the 4MM PF PLYWOOD / GLUE LINE rows under SRD are R0 on Burt's side instead.
4.9_+_UP_CHILLER_AND_2.5~L5.8~W2.5~H2.56~srd, 4.9 & UP CHILLER AND 2.5 WIDE ,27,CHILLER LARGE,srd,5.8,2.5,2.56,SRD DOOR FITTINGS,SRD DOOR FITTINGS,6683.48854,7127.79,6.648,ACCEPTED,,MISSING_IN_MES 28780 BIG VERTICAL (-763.29),"[DATA] SRD DOOR FITTINGS on every body: MES CSLB HINGES R293.46 x2 (Excel R146.73 x2 - the pair price applied per hinge) and SILPLUS X WHITE R232.30 (Excel R116.15); per body also 34MM LOCKING POLE R126 (Excel R42), 28782 BIG HORIZ CAPPING R197.20 (Excel R240.58), ALU CORNERS R45 (Excel R54.90), 28780 BIG VERTICAL renamed 28778; Burt prices 2317 DOOR RUBBER / 28777 DOOR CAPPING at R0 on some sheets."
4.9_+_UP_CHILLER_AND_2.5~L5.8~W2.5~H2.56~srd, 4.9 & UP CHILLER AND 2.5 WIDE ,27,CHILLER LARGE,srd,5.8,2.5,2.56,DRD,,0.0,,,SKIP,,,
4.9_+_UP_CHILLER_AND_2.5~L5.8~W2.5~H2.56~srd, 4.9 & UP CHILLER AND 2.5 WIDE ,27,CHILLER LARGE,srd,5.8,2.5,2.56,DRD DOOR FITTINGS,,0.0,,,SKIP,,,
4.9_+_UP_CHILLER_AND_2.5~L5.8~W2.5~H2.56~srd, 4.9 & UP CHILLER AND 2.5 WIDE ,27,CHILLER LARGE,srd,5.8,2.5,2.56,SIDES,SIDES,21672.037843,21640.68,0.145,PASS,,,
4.9_+_UP_CHILLER_AND_2.5~L5.8~W2.5~H2.56~srd, 4.9 & UP CHILLER AND 2.5 WIDE ,27,CHILLER LARGE,srd,5.8,2.5,2.56,ROOF,ROOF,11198.263497,11164.99,0.297,PASS,,,
4.9_+_UP_CHILLER_AND_2.5~L5.8~W2.5~H2.56~srd, 4.9 & UP CHILLER AND 2.5 WIDE ,27,CHILLER LARGE,srd,5.8,2.5,2.56,FLOOR,FLOOR,18918.99267,18918.99,0.0,PASS,,,
4.9_+_UP_CHILLER_AND_2.5~L5.8~W2.5~H2.56~srd, 4.9 & UP CHILLER AND 2.5 WIDE ,27,CHILLER LARGE,srd,5.8,2.5,2.56,ALUMINIUM,ALUMINIUM,11607.1011,11607.1,0.0,PASS,,,
4.9_+_UP_CHILLER_AND_2.5~L5.8~W2.5~H2.56~srd, 4.9 & UP CHILLER AND 2.5 WIDE ,27,CHILLER LARGE,srd,5.8,2.5,2.56,SUB FRAME + LIGHT BOX ASSY,SUB FRAME + LIGHT BOX ASSY,8437.023068,8197.31,2.841,ACCEPTED,,MISSING_IN_MES 1MM GALV PLATE (-239.72),[DATA] Excel line 1MM GALV PLATE (R157-R240) has no MES line on this body.
4.9_+_UP_CHILLER_AND_2.5~L5.8~W2.5~H2.56~srd, 4.9 & UP CHILLER AND 2.5 WIDE ,27,CHILLER LARGE,srd,5.8,2.5,2.56,REAR FRAME + FLOOR PLATE,REAR FRAME & FLOOR PLATE,0.0,5472.97,,ACCEPTED,EXTRA_IN_MES,,"[RULING] Burt gates REAR FRAME + FLOOR PLATE on the DRD flags, so a single-rear-door body carries R0 there; MES always includes the section (R2.4k-R5.5k). Which is right needs Burt/Michael."
4.9_+_UP_CHILLER_AND_2.5~L5.8~W2.5~H2.56~srd, 4.9 & UP CHILLER AND 2.5 WIDE ,27,CHILLER LARGE,srd,5.8,2.5,2.56,SPRAY PAINTING,SPRAY PAINTING,750.0,750.0,0.0,PASS,,,
4.9_+_UP_CHILLER_AND_2.5~L5.8~W2.5~H2.56~srd, 4.9 & UP CHILLER AND 2.5 WIDE ,27,CHILLER LARGE,srd,5.8,2.5,2.56,REFLEXITE TAPE,REFLEXITE TAPE,256.5,256.5,0.0,PASS,,,
4.9_+_UP_CHILLER_AND_2.5~L5.8~W2.5~H2.56~drd, 4.9 & UP CHILLER AND 2.5 WIDE ,27,CHILLER LARGE,drd,5.8,2.5,2.56,FRONT,FRONT,4566.529064,4574.34,0.171,PASS,,,
4.9_+_UP_CHILLER_AND_2.5~L5.8~W2.5~H2.56~drd, 4.9 & UP CHILLER AND 2.5 WIDE ,27,CHILLER LARGE,drd,5.8,2.5,2.56,SRD,,0.0,,,SKIP,,,
4.9_+_UP_CHILLER_AND_2.5~L5.8~W2.5~H2.56~drd, 4.9 & UP CHILLER AND 2.5 WIDE ,27,CHILLER LARGE,drd,5.8,2.5,2.56,SRD DOOR FITTINGS,,0.0,,,SKIP,,,
4.9_+_UP_CHILLER_AND_2.5~L5.8~W2.5~H2.56~drd, 4.9 & UP CHILLER AND 2.5 WIDE ,27,CHILLER LARGE,drd,5.8,2.5,2.56,DRD,DRD,5715.188449,5595.13,2.101,ACCEPTED,,GROUP_DIFF 130*62MM TAPPING BLOCKS ~ 2 MES line(s) (-120.00),"[DATA] 130*62MM TAPPING BLOCKS: Excel 2 x R234 per size (R936 a double door) vs MES 6 x R68 per size (R816): R60 per size, 1-3 % of the door section."
4.9_+_UP_CHILLER_AND_2.5~L5.8~W2.5~H2.56~drd, 4.9 & UP CHILLER AND 2.5 WIDE ,27,CHILLER LARGE,drd,5.8,2.5,2.56,DRD DOOR FITTINGS,DRD DOOR FITTINGS,6200.61678,6200.62,0.0,PASS,,,
4.9_+_UP_CHILLER_AND_2.5~L5.8~W2.5~H2.56~drd, 4.9 & UP CHILLER AND 2.5 WIDE ,27,CHILLER LARGE,drd,5.8,2.5,2.56,SIDES,SIDES,21672.037843,21640.68,0.145,PASS,,,
4.9_+_UP_CHILLER_AND_2.5~L5.8~W2.5~H2.56~drd, 4.9 & UP CHILLER AND 2.5 WIDE ,27,CHILLER LARGE,drd,5.8,2.5,2.56,ROOF,ROOF,11198.263497,11164.99,0.297,PASS,,,
4.9_+_UP_CHILLER_AND_2.5~L5.8~W2.5~H2.56~drd, 4.9 & UP CHILLER AND 2.5 WIDE ,27,CHILLER LARGE,drd,5.8,2.5,2.56,FLOOR,FLOOR,18918.99267,18918.99,0.0,PASS,,,
4.9_+_UP_CHILLER_AND_2.5~L5.8~W2.5~H2.56~drd, 4.9 & UP CHILLER AND 2.5 WIDE ,27,CHILLER LARGE,drd,5.8,2.5,2.56,ALUMINIUM,ALUMINIUM,11607.1011,11607.1,0.0,PASS,,,
4.9_+_UP_CHILLER_AND_2.5~L5.8~W2.5~H2.56~drd, 4.9 & UP CHILLER AND 2.5 WIDE ,27,CHILLER LARGE,drd,5.8,2.5,2.56,SUB FRAME + LIGHT BOX ASSY,SUB FRAME + LIGHT BOX ASSY,8437.023068,8197.31,2.841,ACCEPTED,,MISSING_IN_MES 1MM GALV PLATE (-239.72),[DATA] Excel line 1MM GALV PLATE (R157-R240) has no MES line on this body.
4.9_+_UP_CHILLER_AND_2.5~L5.8~W2.5~H2.56~drd, 4.9 & UP CHILLER AND 2.5 WIDE ,27,CHILLER LARGE,drd,5.8,2.5,2.56,REAR FRAME + FLOOR PLATE,REAR FRAME & FLOOR PLATE,5472.944561,5472.97,0.0,PASS,,,
4.9_+_UP_CHILLER_AND_2.5~L5.8~W2.5~H2.56~drd, 4.9 & UP CHILLER AND 2.5 WIDE ,27,CHILLER LARGE,drd,5.8,2.5,2.56,SPRAY PAINTING,SPRAY PAINTING,750.0,750.0,0.0,PASS,,,
4.9_+_UP_CHILLER_AND_2.5~L5.8~W2.5~H2.56~drd, 4.9 & UP CHILLER AND 2.5 WIDE ,27,CHILLER LARGE,drd,5.8,2.5,2.56,REFLEXITE TAPE,REFLEXITE TAPE,256.5,256.5,0.0,PASS,,,
4.9_+_UP_CHILLER_AND_2.5~L5.8~W2.5~H2.56~foam_4g, 4.9 & UP CHILLER AND 2.5 WIDE ,27,CHILLER LARGE,foam_4g,5.8,2.5,2.56,FRONT,FRONT,4566.529064,4574.34,0.171,PASS,,,
4.9_+_UP_CHILLER_AND_2.5~L5.8~W2.5~H2.56~foam_4g, 4.9 & UP CHILLER AND 2.5 WIDE ,27,CHILLER LARGE,foam_4g,5.8,2.5,2.56,SRD,,0.0,,,SKIP,,,
4.9_+_UP_CHILLER_AND_2.5~L5.8~W2.5~H2.56~foam_4g, 4.9 & UP CHILLER AND 2.5 WIDE ,27,CHILLER LARGE,foam_4g,5.8,2.5,2.56,SRD DOOR FITTINGS,,0.0,,,SKIP,,,
4.9_+_UP_CHILLER_AND_2.5~L5.8~W2.5~H2.56~foam_4g, 4.9 & UP CHILLER AND 2.5 WIDE ,27,CHILLER LARGE,foam_4g,5.8,2.5,2.56,DRD,DRD,5715.188449,5595.13,2.101,ACCEPTED,,GROUP_DIFF 130*62MM TAPPING BLOCKS ~ 2 MES line(s) (-120.00),"[DATA] 130*62MM TAPPING BLOCKS: Excel 2 x R234 per size (R936 a double door) vs MES 6 x R68 per size (R816): R60 per size, 1-3 % of the door section."
4.9_+_UP_CHILLER_AND_2.5~L5.8~W2.5~H2.56~foam_4g, 4.9 & UP CHILLER AND 2.5 WIDE ,27,CHILLER LARGE,foam_4g,5.8,2.5,2.56,DRD DOOR FITTINGS,DRD DOOR FITTINGS,6200.61678,6200.62,0.0,PASS,,,
4.9_+_UP_CHILLER_AND_2.5~L5.8~W2.5~H2.56~foam_4g, 4.9 & UP CHILLER AND 2.5 WIDE ,27,CHILLER LARGE,foam_4g,5.8,2.5,2.56,SIDES,SIDES,21672.037843,21640.68,0.145,PASS,,,
4.9_+_UP_CHILLER_AND_2.5~L5.8~W2.5~H2.56~foam_4g, 4.9 & UP CHILLER AND 2.5 WIDE ,27,CHILLER LARGE,foam_4g,5.8,2.5,2.56,ROOF,ROOF,11198.263497,11164.99,0.297,PASS,,,
4.9_+_UP_CHILLER_AND_2.5~L5.8~W2.5~H2.56~foam_4g, 4.9 & UP CHILLER AND 2.5 WIDE ,27,CHILLER LARGE,foam_4g,5.8,2.5,2.56,FLOOR,FLOOR,18918.99267,18918.99,0.0,PASS,,,
4.9_+_UP_CHILLER_AND_2.5~L5.8~W2.5~H2.56~foam_4g, 4.9 & UP CHILLER AND 2.5 WIDE ,27,CHILLER LARGE,foam_4g,5.8,2.5,2.56,ALUMINIUM,ALUMINIUM,11607.1011,11607.1,0.0,PASS,,,
4.9_+_UP_CHILLER_AND_2.5~L5.8~W2.5~H2.56~foam_4g, 4.9 & UP CHILLER AND 2.5 WIDE ,27,CHILLER LARGE,foam_4g,5.8,2.5,2.56,SUB FRAME + LIGHT BOX ASSY,SUB FRAME + LIGHT BOX ASSY,8437.023068,8197.31,2.841,ACCEPTED,,MISSING_IN_MES 1MM GALV PLATE (-239.72),[DATA] Excel line 1MM GALV PLATE (R157-R240) has no MES line on this body.
4.9_+_UP_CHILLER_AND_2.5~L5.8~W2.5~H2.56~foam_4g, 4.9 & UP CHILLER AND 2.5 WIDE ,27,CHILLER LARGE,foam_4g,5.8,2.5,2.56,REAR FRAME + FLOOR PLATE,REAR FRAME & FLOOR PLATE,5472.944561,5472.97,0.0,PASS,,,
4.9_+_UP_CHILLER_AND_2.5~L5.8~W2.5~H2.56~foam_4g, 4.9 & UP CHILLER AND 2.5 WIDE ,27,CHILLER LARGE,foam_4g,5.8,2.5,2.56,SPRAY PAINTING,SPRAY PAINTING,750.0,750.0,0.0,PASS,,,
4.9_+_UP_CHILLER_AND_2.5~L5.8~W2.5~H2.56~foam_4g, 4.9 & UP CHILLER AND 2.5 WIDE ,27,CHILLER LARGE,foam_4g,5.8,2.5,2.56,REFLEXITE TAPE,REFLEXITE TAPE,256.5,256.5,0.0,PASS,,,
4.9_+_UP_CHILLER_AND_2.5~L5.8~W2.6~H2.56~as_sheet, 4.9 & UP CHILLER AND 2.5 WIDE ,27,CHILLER LARGE,as_sheet,5.8,2.6,2.56,FRONT,FRONT,4747.056155,4755.03,0.168,PASS,,,
4.9_+_UP_CHILLER_AND_2.5~L5.8~W2.6~H2.56~as_sheet, 4.9 & UP CHILLER AND 2.5 WIDE ,27,CHILLER LARGE,as_sheet,5.8,2.6,2.56,SRD,,0.0,,,SKIP,,,
4.9_+_UP_CHILLER_AND_2.5~L5.8~W2.6~H2.56~as_sheet, 4.9 & UP CHILLER AND 2.5 WIDE ,27,CHILLER LARGE,as_sheet,5.8,2.6,2.56,SRD DOOR FITTINGS,,0.0,,,SKIP,,,
4.9_+_UP_CHILLER_AND_2.5~L5.8~W2.6~H2.56~as_sheet, 4.9 & UP CHILLER AND 2.5 WIDE ,27,CHILLER LARGE,as_sheet,5.8,2.6,2.56,DRD,DRD,5907.123728,5787.06,2.033,ACCEPTED,,GROUP_DIFF 130*62MM TAPPING BLOCKS ~ 2 MES line(s) (-120.00),"[DATA] 130*62MM TAPPING BLOCKS: Excel 2 x R234 per size (R936 a double door) vs MES 6 x R68 per size (R816): R60 per size, 1-3 % of the door section."
4.9_+_UP_CHILLER_AND_2.5~L5.8~W2.6~H2.56~as_sheet, 4.9 & UP CHILLER AND 2.5 WIDE ,27,CHILLER LARGE,as_sheet,5.8,2.6,2.56,DRD DOOR FITTINGS,DRD DOOR FITTINGS,6247.51278,6247.51,0.0,PASS,,,
4.9_+_UP_CHILLER_AND_2.5~L5.8~W2.6~H2.56~as_sheet, 4.9 & UP CHILLER AND 2.5 WIDE ,27,CHILLER LARGE,as_sheet,5.8,2.6,2.56,SIDES,SIDES,21672.037843,21640.68,0.145,PASS,,,
4.9_+_UP_CHILLER_AND_2.5~L5.8~W2.6~H2.56~as_sheet, 4.9 & UP CHILLER AND 2.5 WIDE ,27,CHILLER LARGE,as_sheet,5.8,2.6,2.56,ROOF,ROOF,11617.03602,11583.37,0.29,PASS,,,
4.9_+_UP_CHILLER_AND_2.5~L5.8~W2.6~H2.56~as_sheet, 4.9 & UP CHILLER AND 2.5 WIDE ,27,CHILLER LARGE,as_sheet,5.8,2.6,2.56,FLOOR,FLOOR,19508.811542,19508.81,0.0,PASS,,,
4.9_+_UP_CHILLER_AND_2.5~L5.8~W2.6~H2.56~as_sheet, 4.9 & UP CHILLER AND 2.5 WIDE ,27,CHILLER LARGE,as_sheet,5.8,2.6,2.56,ALUMINIUM,ALUMINIUM,11642.848767,11642.85,0.0,PASS,,,
4.9_+_UP_CHILLER_AND_2.5~L5.8~W2.6~H2.56~as_sheet, 4.9 & UP CHILLER AND 2.5 WIDE ,27,CHILLER LARGE,as_sheet,5.8,2.6,2.56,SUB FRAME + LIGHT BOX ASSY,SUB FRAME + LIGHT BOX ASSY,8437.023068,8197.31,2.841,ACCEPTED,,MISSING_IN_MES 1MM GALV PLATE (-239.72),[DATA] Excel line 1MM GALV PLATE (R157-R240) has no MES line on this body.
4.9_+_UP_CHILLER_AND_2.5~L5.8~W2.6~H2.56~as_sheet, 4.9 & UP CHILLER AND 2.5 WIDE ,27,CHILLER LARGE,as_sheet,5.8,2.6,2.56,REAR FRAME + FLOOR PLATE,REAR FRAME & FLOOR PLATE,5502.400241,5502.42,0.0,PASS,,,
4.9_+_UP_CHILLER_AND_2.5~L5.8~W2.6~H2.56~as_sheet, 4.9 & UP CHILLER AND 2.5 WIDE ,27,CHILLER LARGE,as_sheet,5.8,2.6,2.56,SPRAY PAINTING,SPRAY PAINTING,750.0,750.0,0.0,PASS,,,
4.9_+_UP_CHILLER_AND_2.5~L5.8~W2.6~H2.56~as_sheet, 4.9 & UP CHILLER AND 2.5 WIDE ,27,CHILLER LARGE,as_sheet,5.8,2.6,2.56,REFLEXITE TAPE,REFLEXITE TAPE,258.3,258.3,0.0,PASS,,,
4.9_+_UP_CHILLER_AND_2.5~L5.8~W2.6~H2.56~all_eps, 4.9 & UP CHILLER AND 2.5 WIDE ,27,CHILLER LARGE,all_eps,5.8,2.6,2.56,FRONT,FRONT,4747.056155,4755.03,0.168,PASS,,,
4.9_+_UP_CHILLER_AND_2.5~L5.8~W2.6~H2.56~all_eps, 4.9 & UP CHILLER AND 2.5 WIDE ,27,CHILLER LARGE,all_eps,5.8,2.6,2.56,SRD,,0.0,,,SKIP,,,
4.9_+_UP_CHILLER_AND_2.5~L5.8~W2.6~H2.56~all_eps, 4.9 & UP CHILLER AND 2.5 WIDE ,27,CHILLER LARGE,all_eps,5.8,2.6,2.56,SRD DOOR FITTINGS,,0.0,,,SKIP,,,
4.9_+_UP_CHILLER_AND_2.5~L5.8~W2.6~H2.56~all_eps, 4.9 & UP CHILLER AND 2.5 WIDE ,27,CHILLER LARGE,all_eps,5.8,2.6,2.56,DRD,DRD,5907.123728,5787.06,2.033,ACCEPTED,,GROUP_DIFF 130*62MM TAPPING BLOCKS ~ 2 MES line(s) (-120.00),"[DATA] 130*62MM TAPPING BLOCKS: Excel 2 x R234 per size (R936 a double door) vs MES 6 x R68 per size (R816): R60 per size, 1-3 % of the door section."
4.9_+_UP_CHILLER_AND_2.5~L5.8~W2.6~H2.56~all_eps, 4.9 & UP CHILLER AND 2.5 WIDE ,27,CHILLER LARGE,all_eps,5.8,2.6,2.56,DRD DOOR FITTINGS,DRD DOOR FITTINGS,6247.51278,6247.51,0.0,PASS,,,
4.9_+_UP_CHILLER_AND_2.5~L5.8~W2.6~H2.56~all_eps, 4.9 & UP CHILLER AND 2.5 WIDE ,27,CHILLER LARGE,all_eps,5.8,2.6,2.56,SIDES,SIDES,21672.037843,21640.68,0.145,PASS,,,
4.9_+_UP_CHILLER_AND_2.5~L5.8~W2.6~H2.56~all_eps, 4.9 & UP CHILLER AND 2.5 WIDE ,27,CHILLER LARGE,all_eps,5.8,2.6,2.56,ROOF,ROOF,11617.03602,11583.37,0.29,PASS,,,
4.9_+_UP_CHILLER_AND_2.5~L5.8~W2.6~H2.56~all_eps, 4.9 & UP CHILLER AND 2.5 WIDE ,27,CHILLER LARGE,all_eps,5.8,2.6,2.56,FLOOR,FLOOR,19508.811542,19508.81,0.0,PASS,,,
4.9_+_UP_CHILLER_AND_2.5~L5.8~W2.6~H2.56~all_eps, 4.9 & UP CHILLER AND 2.5 WIDE ,27,CHILLER LARGE,all_eps,5.8,2.6,2.56,ALUMINIUM,ALUMINIUM,11642.848767,11642.85,0.0,PASS,,,
4.9_+_UP_CHILLER_AND_2.5~L5.8~W2.6~H2.56~all_eps, 4.9 & UP CHILLER AND 2.5 WIDE ,27,CHILLER LARGE,all_eps,5.8,2.6,2.56,SUB FRAME + LIGHT BOX ASSY,SUB FRAME + LIGHT BOX ASSY,8437.023068,8197.31,2.841,ACCEPTED,,MISSING_IN_MES 1MM GALV PLATE (-239.72),[DATA] Excel line 1MM GALV PLATE (R157-R240) has no MES line on this body.
4.9_+_UP_CHILLER_AND_2.5~L5.8~W2.6~H2.56~all_eps, 4.9 & UP CHILLER AND 2.5 WIDE ,27,CHILLER LARGE,all_eps,5.8,2.6,2.56,REAR FRAME + FLOOR PLATE,REAR FRAME & FLOOR PLATE,5502.400241,5502.42,0.0,PASS,,,
4.9_+_UP_CHILLER_AND_2.5~L5.8~W2.6~H2.56~all_eps, 4.9 & UP CHILLER AND 2.5 WIDE ,27,CHILLER LARGE,all_eps,5.8,2.6,2.56,SPRAY PAINTING,SPRAY PAINTING,750.0,750.0,0.0,PASS,,,
4.9_+_UP_CHILLER_AND_2.5~L5.8~W2.6~H2.56~all_eps, 4.9 & UP CHILLER AND 2.5 WIDE ,27,CHILLER LARGE,all_eps,5.8,2.6,2.56,REFLEXITE TAPE,REFLEXITE TAPE,258.3,258.3,0.0,PASS,,,
4.9_+_UP_CHILLER_AND_2.5~L5.8~W2.6~H2.56~all_pu, 4.9 & UP CHILLER AND 2.5 WIDE ,27,CHILLER LARGE,all_pu,5.8,2.6,2.56,FRONT,FRONT,5265.392232,5264.59,0.015,PASS,,,
4.9_+_UP_CHILLER_AND_2.5~L5.8~W2.6~H2.56~all_pu, 4.9 & UP CHILLER AND 2.5 WIDE ,27,CHILLER LARGE,all_pu,5.8,2.6,2.56,SRD,,0.0,,,SKIP,,,
4.9_+_UP_CHILLER_AND_2.5~L5.8~W2.6~H2.56~all_pu, 4.9 & UP CHILLER AND 2.5 WIDE ,27,CHILLER LARGE,all_pu,5.8,2.6,2.56,SRD DOOR FITTINGS,,0.0,,,SKIP,,,
4.9_+_UP_CHILLER_AND_2.5~L5.8~W2.6~H2.56~all_pu, 4.9 & UP CHILLER AND 2.5 WIDE ,27,CHILLER LARGE,all_pu,5.8,2.6,2.56,DRD,DRD,5913.521182,29100.6,392.103,ACCEPTED,,BOTH PU (+23307.15),[MES] DRD PU line priced at the raw 32D rate (R4 100 x 2.98 sheets) instead of the per-sheet price Burt uses (R185.20/sheet): MES DRD +R11.6k (2.3 chiller) / +R23.3k (4.9 chiller) under PU.
4.9_+_UP_CHILLER_AND_2.5~L5.8~W2.6~H2.56~all_pu, 4.9 & UP CHILLER AND 2.5 WIDE ,27,CHILLER LARGE,all_pu,5.8,2.6,2.56,DRD DOOR FITTINGS,DRD DOOR FITTINGS,6351.12346,6334.55,0.261,PASS,,,
4.9_+_UP_CHILLER_AND_2.5~L5.8~W2.6~H2.56~all_pu, 4.9 & UP CHILLER AND 2.5 WIDE ,27,CHILLER LARGE,all_pu,5.8,2.6,2.56,SIDES,SIDES,24232.896397,18039.36,25.558,ACCEPTED,,BOTH PU (-5287.12) [ZERO_FORMULA],"[MES] chiller PU insulation lines carry a literal x0 quantity formula (2.44*1.22*0*2, 1.22*2.44*0*(length+{Waste})/1.22): PU prices at R0 on FRONT/SIDES/ROOF/FLOOR (ZERO_FORMULA); the icecream/freezer bodies use {PANEL PU} tokens and price live. SIDES/ROOF/FLOOR skins also hard-code both roof and floor deductions where Burt's cells deduct only the roof under PU."
4.9_+_UP_CHILLER_AND_2.5~L5.8~W2.6~H2.56~all_pu, 4.9 & UP CHILLER AND 2.5 WIDE ,27,CHILLER LARGE,all_pu,5.8,2.6,2.56,ROOF,ROOF,11772.027602,8389.85,28.731,ACCEPTED,,BOTH PU (-3348.51) [ZERO_FORMULA],"[MES] chiller PU insulation lines carry a literal x0 quantity formula (2.44*1.22*0*2, 1.22*2.44*0*(length+{Waste})/1.22): PU prices at R0 on FRONT/SIDES/ROOF/FLOOR (ZERO_FORMULA); the icecream/freezer bodies use {PANEL PU} tokens and price live. SIDES/ROOF/FLOOR skins also hard-code both roof and floor deductions where Burt's cells deduct only the roof under PU."
4.9_+_UP_CHILLER_AND_2.5~L5.8~W2.6~H2.56~all_pu, 4.9 & UP CHILLER AND 2.5 WIDE ,27,CHILLER LARGE,all_pu,5.8,2.6,2.56,FLOOR,FLOOR,19663.803124,16315.3,17.029,ACCEPTED,,BOTH PU (-3348.51) [ZERO_FORMULA],"[MES] chiller PU insulation lines carry a literal x0 quantity formula (2.44*1.22*0*2, 1.22*2.44*0*(length+{Waste})/1.22): PU prices at R0 on FRONT/SIDES/ROOF/FLOOR (ZERO_FORMULA); the icecream/freezer bodies use {PANEL PU} tokens and price live. SIDES/ROOF/FLOOR skins also hard-code both roof and floor deductions where Burt's cells deduct only the roof under PU."
4.9_+_UP_CHILLER_AND_2.5~L5.8~W2.6~H2.56~all_pu, 4.9 & UP CHILLER AND 2.5 WIDE ,27,CHILLER LARGE,all_pu,5.8,2.6,2.56,ALUMINIUM,ALUMINIUM,11642.848767,11642.85,0.0,PASS,,,
4.9_+_UP_CHILLER_AND_2.5~L5.8~W2.6~H2.56~all_pu, 4.9 & UP CHILLER AND 2.5 WIDE ,27,CHILLER LARGE,all_pu,5.8,2.6,2.56,SUB FRAME + LIGHT BOX ASSY,SUB FRAME + LIGHT BOX ASSY,8437.023068,8197.31,2.841,ACCEPTED,,MISSING_IN_MES 1MM GALV PLATE (-239.72),[DATA] Excel line 1MM GALV PLATE (R157-R240) has no MES line on this body.
4.9_+_UP_CHILLER_AND_2.5~L5.8~W2.6~H2.56~all_pu, 4.9 & UP CHILLER AND 2.5 WIDE ,27,CHILLER LARGE,all_pu,5.8,2.6,2.56,REAR FRAME + FLOOR PLATE,REAR FRAME & FLOOR PLATE,5502.400241,5502.42,0.0,PASS,,,
4.9_+_UP_CHILLER_AND_2.5~L5.8~W2.6~H2.56~all_pu, 4.9 & UP CHILLER AND 2.5 WIDE ,27,CHILLER LARGE,all_pu,5.8,2.6,2.56,SPRAY PAINTING,SPRAY PAINTING,750.0,750.0,0.0,PASS,,,
4.9_+_UP_CHILLER_AND_2.5~L5.8~W2.6~H2.56~all_pu, 4.9 & UP CHILLER AND 2.5 WIDE ,27,CHILLER LARGE,all_pu,5.8,2.6,2.56,REFLEXITE TAPE,REFLEXITE TAPE,258.3,258.3,0.0,PASS,,,
4.9_+_UP_CHILLER_AND_2.5~L5.8~W2.6~H2.56~srd, 4.9 & UP CHILLER AND 2.5 WIDE ,27,CHILLER LARGE,srd,5.8,2.6,2.56,FRONT,FRONT,4747.056155,4755.03,0.168,PASS,,,
4.9_+_UP_CHILLER_AND_2.5~L5.8~W2.6~H2.56~srd, 4.9 & UP CHILLER AND 2.5 WIDE ,27,CHILLER LARGE,srd,5.8,2.6,2.56,SRD,SRD,4955.107829,4116.3,16.928,ACCEPTED,,BOTH EPS (-778.75) [ZERO_FORMULA],[MES] SRD EPS line formula ends in *0 (ZERO_FORMULA) on the chillers: EPS on a single rear door prices at R0 (-R400 to -R780); the 4MM PF PLYWOOD / GLUE LINE rows under SRD are R0 on Burt's side instead.
4.9_+_UP_CHILLER_AND_2.5~L5.8~W2.6~H2.56~srd, 4.9 & UP CHILLER AND 2.5 WIDE ,27,CHILLER LARGE,srd,5.8,2.6,2.56,SRD DOOR FITTINGS,SRD DOOR FITTINGS,6731.60454,7167.23,6.471,ACCEPTED,,MISSING_IN_MES 28780 BIG VERTICAL (-763.29),"[DATA] SRD DOOR FITTINGS on every body: MES CSLB HINGES R293.46 x2 (Excel R146.73 x2 - the pair price applied per hinge) and SILPLUS X WHITE R232.30 (Excel R116.15); per body also 34MM LOCKING POLE R126 (Excel R42), 28782 BIG HORIZ CAPPING R197.20 (Excel R240.58), ALU CORNERS R45 (Excel R54.90), 28780 BIG VERTICAL renamed 28778; Burt prices 2317 DOOR RUBBER / 28777 DOOR CAPPING at R0 on some sheets."
4.9_+_UP_CHILLER_AND_2.5~L5.8~W2.6~H2.56~srd, 4.9 & UP CHILLER AND 2.5 WIDE ,27,CHILLER LARGE,srd,5.8,2.6,2.56,DRD,,0.0,,,SKIP,,,
4.9_+_UP_CHILLER_AND_2.5~L5.8~W2.6~H2.56~srd, 4.9 & UP CHILLER AND 2.5 WIDE ,27,CHILLER LARGE,srd,5.8,2.6,2.56,DRD DOOR FITTINGS,,0.0,,,SKIP,,,
4.9_+_UP_CHILLER_AND_2.5~L5.8~W2.6~H2.56~srd, 4.9 & UP CHILLER AND 2.5 WIDE ,27,CHILLER LARGE,srd,5.8,2.6,2.56,SIDES,SIDES,21672.037843,21640.68,0.145,PASS,,,
4.9_+_UP_CHILLER_AND_2.5~L5.8~W2.6~H2.56~srd, 4.9 & UP CHILLER AND 2.5 WIDE ,27,CHILLER LARGE,srd,5.8,2.6,2.56,ROOF,ROOF,11617.03602,11583.37,0.29,PASS,,,
4.9_+_UP_CHILLER_AND_2.5~L5.8~W2.6~H2.56~srd, 4.9 & UP CHILLER AND 2.5 WIDE ,27,CHILLER LARGE,srd,5.8,2.6,2.56,FLOOR,FLOOR,19508.811542,19508.81,0.0,PASS,,,
4.9_+_UP_CHILLER_AND_2.5~L5.8~W2.6~H2.56~srd, 4.9 & UP CHILLER AND 2.5 WIDE ,27,CHILLER LARGE,srd,5.8,2.6,2.56,ALUMINIUM,ALUMINIUM,11642.848767,11642.85,0.0,PASS,,,
4.9_+_UP_CHILLER_AND_2.5~L5.8~W2.6~H2.56~srd, 4.9 & UP CHILLER AND 2.5 WIDE ,27,CHILLER LARGE,srd,5.8,2.6,2.56,SUB FRAME + LIGHT BOX ASSY,SUB FRAME + LIGHT BOX ASSY,8437.023068,8197.31,2.841,ACCEPTED,,MISSING_IN_MES 1MM GALV PLATE (-239.72),[DATA] Excel line 1MM GALV PLATE (R157-R240) has no MES line on this body.
4.9_+_UP_CHILLER_AND_2.5~L5.8~W2.6~H2.56~srd, 4.9 & UP CHILLER AND 2.5 WIDE ,27,CHILLER LARGE,srd,5.8,2.6,2.56,REAR FRAME + FLOOR PLATE,REAR FRAME & FLOOR PLATE,0.0,5502.42,,ACCEPTED,EXTRA_IN_MES,,"[RULING] Burt gates REAR FRAME + FLOOR PLATE on the DRD flags, so a single-rear-door body carries R0 there; MES always includes the section (R2.4k-R5.5k). Which is right needs Burt/Michael."
4.9_+_UP_CHILLER_AND_2.5~L5.8~W2.6~H2.56~srd, 4.9 & UP CHILLER AND 2.5 WIDE ,27,CHILLER LARGE,srd,5.8,2.6,2.56,SPRAY PAINTING,SPRAY PAINTING,750.0,750.0,0.0,PASS,,,
4.9_+_UP_CHILLER_AND_2.5~L5.8~W2.6~H2.56~srd, 4.9 & UP CHILLER AND 2.5 WIDE ,27,CHILLER LARGE,srd,5.8,2.6,2.56,REFLEXITE TAPE,REFLEXITE TAPE,258.3,258.3,0.0,PASS,,,
4.9_+_UP_CHILLER_AND_2.5~L5.8~W2.6~H2.56~drd, 4.9 & UP CHILLER AND 2.5 WIDE ,27,CHILLER LARGE,drd,5.8,2.6,2.56,FRONT,FRONT,4747.056155,4755.03,0.168,PASS,,,
4.9_+_UP_CHILLER_AND_2.5~L5.8~W2.6~H2.56~drd, 4.9 & UP CHILLER AND 2.5 WIDE ,27,CHILLER LARGE,drd,5.8,2.6,2.56,SRD,,0.0,,,SKIP,,,
4.9_+_UP_CHILLER_AND_2.5~L5.8~W2.6~H2.56~drd, 4.9 & UP CHILLER AND 2.5 WIDE ,27,CHILLER LARGE,drd,5.8,2.6,2.56,SRD DOOR FITTINGS,,0.0,,,SKIP,,,
4.9_+_UP_CHILLER_AND_2.5~L5.8~W2.6~H2.56~drd, 4.9 & UP CHILLER AND 2.5 WIDE ,27,CHILLER LARGE,drd,5.8,2.6,2.56,DRD,DRD,5907.123728,5787.06,2.033,ACCEPTED,,GROUP_DIFF 130*62MM TAPPING BLOCKS ~ 2 MES line(s) (-120.00),"[DATA] 130*62MM TAPPING BLOCKS: Excel 2 x R234 per size (R936 a double door) vs MES 6 x R68 per size (R816): R60 per size, 1-3 % of the door section."
4.9_+_UP_CHILLER_AND_2.5~L5.8~W2.6~H2.56~drd, 4.9 & UP CHILLER AND 2.5 WIDE ,27,CHILLER LARGE,drd,5.8,2.6,2.56,DRD DOOR FITTINGS,DRD DOOR FITTINGS,6247.51278,6247.51,0.0,PASS,,,
4.9_+_UP_CHILLER_AND_2.5~L5.8~W2.6~H2.56~drd, 4.9 & UP CHILLER AND 2.5 WIDE ,27,CHILLER LARGE,drd,5.8,2.6,2.56,SIDES,SIDES,21672.037843,21640.68,0.145,PASS,,,
4.9_+_UP_CHILLER_AND_2.5~L5.8~W2.6~H2.56~drd, 4.9 & UP CHILLER AND 2.5 WIDE ,27,CHILLER LARGE,drd,5.8,2.6,2.56,ROOF,ROOF,11617.03602,11583.37,0.29,PASS,,,
4.9_+_UP_CHILLER_AND_2.5~L5.8~W2.6~H2.56~drd, 4.9 & UP CHILLER AND 2.5 WIDE ,27,CHILLER LARGE,drd,5.8,2.6,2.56,FLOOR,FLOOR,19508.811542,19508.81,0.0,PASS,,,
4.9_+_UP_CHILLER_AND_2.5~L5.8~W2.6~H2.56~drd, 4.9 & UP CHILLER AND 2.5 WIDE ,27,CHILLER LARGE,drd,5.8,2.6,2.56,ALUMINIUM,ALUMINIUM,11642.848767,11642.85,0.0,PASS,,,
4.9_+_UP_CHILLER_AND_2.5~L5.8~W2.6~H2.56~drd, 4.9 & UP CHILLER AND 2.5 WIDE ,27,CHILLER LARGE,drd,5.8,2.6,2.56,SUB FRAME + LIGHT BOX ASSY,SUB FRAME + LIGHT BOX ASSY,8437.023068,8197.31,2.841,ACCEPTED,,MISSING_IN_MES 1MM GALV PLATE (-239.72),[DATA] Excel line 1MM GALV PLATE (R157-R240) has no MES line on this body.
4.9_+_UP_CHILLER_AND_2.5~L5.8~W2.6~H2.56~drd, 4.9 & UP CHILLER AND 2.5 WIDE ,27,CHILLER LARGE,drd,5.8,2.6,2.56,REAR FRAME + FLOOR PLATE,REAR FRAME & FLOOR PLATE,5502.400241,5502.42,0.0,PASS,,,
4.9_+_UP_CHILLER_AND_2.5~L5.8~W2.6~H2.56~drd, 4.9 & UP CHILLER AND 2.5 WIDE ,27,CHILLER LARGE,drd,5.8,2.6,2.56,SPRAY PAINTING,SPRAY PAINTING,750.0,750.0,0.0,PASS,,,
4.9_+_UP_CHILLER_AND_2.5~L5.8~W2.6~H2.56~drd, 4.9 & UP CHILLER AND 2.5 WIDE ,27,CHILLER LARGE,drd,5.8,2.6,2.56,REFLEXITE TAPE,REFLEXITE TAPE,258.3,258.3,0.0,PASS,,,
4.9_+_UP_CHILLER_AND_2.5~L5.8~W2.6~H2.56~foam_4g, 4.9 & UP CHILLER AND 2.5 WIDE ,27,CHILLER LARGE,foam_4g,5.8,2.6,2.56,FRONT,FRONT,4747.056155,4755.03,0.168,PASS,,,
4.9_+_UP_CHILLER_AND_2.5~L5.8~W2.6~H2.56~foam_4g, 4.9 & UP CHILLER AND 2.5 WIDE ,27,CHILLER LARGE,foam_4g,5.8,2.6,2.56,SRD,,0.0,,,SKIP,,,
4.9_+_UP_CHILLER_AND_2.5~L5.8~W2.6~H2.56~foam_4g, 4.9 & UP CHILLER AND 2.5 WIDE ,27,CHILLER LARGE,foam_4g,5.8,2.6,2.56,SRD DOOR FITTINGS,,0.0,,,SKIP,,,
4.9_+_UP_CHILLER_AND_2.5~L5.8~W2.6~H2.56~foam_4g, 4.9 & UP CHILLER AND 2.5 WIDE ,27,CHILLER LARGE,foam_4g,5.8,2.6,2.56,DRD,DRD,5907.123728,5787.06,2.033,ACCEPTED,,GROUP_DIFF 130*62MM TAPPING BLOCKS ~ 2 MES line(s) (-120.00),"[DATA] 130*62MM TAPPING BLOCKS: Excel 2 x R234 per size (R936 a double door) vs MES 6 x R68 per size (R816): R60 per size, 1-3 % of the door section."
4.9_+_UP_CHILLER_AND_2.5~L5.8~W2.6~H2.56~foam_4g, 4.9 & UP CHILLER AND 2.5 WIDE ,27,CHILLER LARGE,foam_4g,5.8,2.6,2.56,DRD DOOR FITTINGS,DRD DOOR FITTINGS,6247.51278,6247.51,0.0,PASS,,,
4.9_+_UP_CHILLER_AND_2.5~L5.8~W2.6~H2.56~foam_4g, 4.9 & UP CHILLER AND 2.5 WIDE ,27,CHILLER LARGE,foam_4g,5.8,2.6,2.56,SIDES,SIDES,21672.037843,21640.68,0.145,PASS,,,
4.9_+_UP_CHILLER_AND_2.5~L5.8~W2.6~H2.56~foam_4g, 4.9 & UP CHILLER AND 2.5 WIDE ,27,CHILLER LARGE,foam_4g,5.8,2.6,2.56,ROOF,ROOF,11617.03602,11583.37,0.29,PASS,,,
4.9_+_UP_CHILLER_AND_2.5~L5.8~W2.6~H2.56~foam_4g, 4.9 & UP CHILLER AND 2.5 WIDE ,27,CHILLER LARGE,foam_4g,5.8,2.6,2.56,FLOOR,FLOOR,19508.811542,19508.81,0.0,PASS,,,
4.9_+_UP_CHILLER_AND_2.5~L5.8~W2.6~H2.56~foam_4g, 4.9 & UP CHILLER AND 2.5 WIDE ,27,CHILLER LARGE,foam_4g,5.8,2.6,2.56,ALUMINIUM,ALUMINIUM,11642.848767,11642.85,0.0,PASS,,,
4.9_+_UP_CHILLER_AND_2.5~L5.8~W2.6~H2.56~foam_4g, 4.9 & UP CHILLER AND 2.5 WIDE ,27,CHILLER LARGE,foam_4g,5.8,2.6,2.56,SUB FRAME + LIGHT BOX ASSY,SUB FRAME + LIGHT BOX ASSY,8437.023068,8197.31,2.841,ACCEPTED,,MISSING_IN_MES 1MM GALV PLATE (-239.72),[DATA] Excel line 1MM GALV PLATE (R157-R240) has no MES line on this body.
4.9_+_UP_CHILLER_AND_2.5~L5.8~W2.6~H2.56~foam_4g, 4.9 & UP CHILLER AND 2.5 WIDE ,27,CHILLER LARGE,foam_4g,5.8,2.6,2.56,REAR FRAME + FLOOR PLATE,REAR FRAME & FLOOR PLATE,5502.400241,5502.42,0.0,PASS,,,
4.9_+_UP_CHILLER_AND_2.5~L5.8~W2.6~H2.56~foam_4g, 4.9 & UP CHILLER AND 2.5 WIDE ,27,CHILLER LARGE,foam_4g,5.8,2.6,2.56,SPRAY PAINTING,SPRAY PAINTING,750.0,750.0,0.0,PASS,,,
4.9_+_UP_CHILLER_AND_2.5~L5.8~W2.6~H2.56~foam_4g, 4.9 & UP CHILLER AND 2.5 WIDE ,27,CHILLER LARGE,foam_4g,5.8,2.6,2.56,REFLEXITE TAPE,REFLEXITE TAPE,258.3,258.3,0.0,PASS,,,
4.9_+_UP_CHILLER_AND_2.5~L7.5~W2.5~H2.56~as_sheet, 4.9 & UP CHILLER AND 2.5 WIDE ,27,CHILLER LARGE,as_sheet,7.5,2.5,2.56,FRONT,FRONT,4566.529064,4574.34,0.171,PASS,,,
4.9_+_UP_CHILLER_AND_2.5~L7.5~W2.5~H2.56~as_sheet, 4.9 & UP CHILLER AND 2.5 WIDE ,27,CHILLER LARGE,as_sheet,7.5,2.5,2.56,SRD,,0.0,,,SKIP,,,
4.9_+_UP_CHILLER_AND_2.5~L7.5~W2.5~H2.56~as_sheet, 4.9 & UP CHILLER AND 2.5 WIDE ,27,CHILLER LARGE,as_sheet,7.5,2.5,2.56,SRD DOOR FITTINGS,,0.0,,,SKIP,,,
4.9_+_UP_CHILLER_AND_2.5~L7.5~W2.5~H2.56~as_sheet, 4.9 & UP CHILLER AND 2.5 WIDE ,27,CHILLER LARGE,as_sheet,7.5,2.5,2.56,DRD,DRD,5715.188449,5595.13,2.101,ACCEPTED,,GROUP_DIFF 130*62MM TAPPING BLOCKS ~ 2 MES line(s) (-120.00),"[DATA] 130*62MM TAPPING BLOCKS: Excel 2 x R234 per size (R936 a double door) vs MES 6 x R68 per size (R816): R60 per size, 1-3 % of the door section."
4.9_+_UP_CHILLER_AND_2.5~L7.5~W2.5~H2.56~as_sheet, 4.9 & UP CHILLER AND 2.5 WIDE ,27,CHILLER LARGE,as_sheet,7.5,2.5,2.56,DRD DOOR FITTINGS,DRD DOOR FITTINGS,6200.61678,6200.62,0.0,PASS,,,
4.9_+_UP_CHILLER_AND_2.5~L7.5~W2.5~H2.56~as_sheet, 4.9 & UP CHILLER AND 2.5 WIDE ,27,CHILLER LARGE,as_sheet,7.5,2.5,2.56,SIDES,SIDES,27809.958949,27772.2,0.136,PASS,,,
4.9_+_UP_CHILLER_AND_2.5~L7.5~W2.5~H2.56~as_sheet, 4.9 & UP CHILLER AND 2.5 WIDE ,27,CHILLER LARGE,as_sheet,7.5,2.5,2.56,ROOF,ROOF,14379.57191,14339.56,0.278,PASS,,,
4.9_+_UP_CHILLER_AND_2.5~L7.5~W2.5~H2.56~as_sheet, 4.9 & UP CHILLER AND 2.5 WIDE ,27,CHILLER LARGE,as_sheet,7.5,2.5,2.56,FLOOR,FLOOR,24034.103368,24034.1,0.0,PASS,,,
4.9_+_UP_CHILLER_AND_2.5~L7.5~W2.5~H2.56~as_sheet, 4.9 & UP CHILLER AND 2.5 WIDE ,27,CHILLER LARGE,as_sheet,7.5,2.5,2.56,ALUMINIUM,ALUMINIUM,14102.9051,14102.91,0.0,PASS,,,
4.9_+_UP_CHILLER_AND_2.5~L7.5~W2.5~H2.56~as_sheet, 4.9 & UP CHILLER AND 2.5 WIDE ,27,CHILLER LARGE,as_sheet,7.5,2.5,2.56,SUB FRAME + LIGHT BOX ASSY,SUB FRAME + LIGHT BOX ASSY,9263.223068,9023.51,2.588,ACCEPTED,,MISSING_IN_MES 1MM GALV PLATE (-239.72),[DATA] Excel line 1MM GALV PLATE (R157-R240) has no MES line on this body.
4.9_+_UP_CHILLER_AND_2.5~L7.5~W2.5~H2.56~as_sheet, 4.9 & UP CHILLER AND 2.5 WIDE ,27,CHILLER LARGE,as_sheet,7.5,2.5,2.56,REAR FRAME + FLOOR PLATE,REAR FRAME & FLOOR PLATE,5472.944561,5472.97,0.0,PASS,,,
4.9_+_UP_CHILLER_AND_2.5~L7.5~W2.5~H2.56~as_sheet, 4.9 & UP CHILLER AND 2.5 WIDE ,27,CHILLER LARGE,as_sheet,7.5,2.5,2.56,SPRAY PAINTING,SPRAY PAINTING,750.0,750.0,0.0,PASS,,,
4.9_+_UP_CHILLER_AND_2.5~L7.5~W2.5~H2.56~as_sheet, 4.9 & UP CHILLER AND 2.5 WIDE ,27,CHILLER LARGE,as_sheet,7.5,2.5,2.56,REFLEXITE TAPE,REFLEXITE TAPE,317.7,317.7,0.0,PASS,,,
4.9_+_UP_CHILLER_AND_2.5~L7.5~W2.5~H2.56~all_eps, 4.9 & UP CHILLER AND 2.5 WIDE ,27,CHILLER LARGE,all_eps,7.5,2.5,2.56,FRONT,FRONT,4566.529064,4574.34,0.171,PASS,,,
4.9_+_UP_CHILLER_AND_2.5~L7.5~W2.5~H2.56~all_eps, 4.9 & UP CHILLER AND 2.5 WIDE ,27,CHILLER LARGE,all_eps,7.5,2.5,2.56,SRD,,0.0,,,SKIP,,,
4.9_+_UP_CHILLER_AND_2.5~L7.5~W2.5~H2.56~all_eps, 4.9 & UP CHILLER AND 2.5 WIDE ,27,CHILLER LARGE,all_eps,7.5,2.5,2.56,SRD DOOR FITTINGS,,0.0,,,SKIP,,,
4.9_+_UP_CHILLER_AND_2.5~L7.5~W2.5~H2.56~all_eps, 4.9 & UP CHILLER AND 2.5 WIDE ,27,CHILLER LARGE,all_eps,7.5,2.5,2.56,DRD,DRD,5715.188449,5595.13,2.101,ACCEPTED,,GROUP_DIFF 130*62MM TAPPING BLOCKS ~ 2 MES line(s) (-120.00),"[DATA] 130*62MM TAPPING BLOCKS: Excel 2 x R234 per size (R936 a double door) vs MES 6 x R68 per size (R816): R60 per size, 1-3 % of the door section."
4.9_+_UP_CHILLER_AND_2.5~L7.5~W2.5~H2.56~all_eps, 4.9 & UP CHILLER AND 2.5 WIDE ,27,CHILLER LARGE,all_eps,7.5,2.5,2.56,DRD DOOR FITTINGS,DRD DOOR FITTINGS,6200.61678,6200.62,0.0,PASS,,,
4.9_+_UP_CHILLER_AND_2.5~L7.5~W2.5~H2.56~all_eps, 4.9 & UP CHILLER AND 2.5 WIDE ,27,CHILLER LARGE,all_eps,7.5,2.5,2.56,SIDES,SIDES,27809.958949,27772.2,0.136,PASS,,,
4.9_+_UP_CHILLER_AND_2.5~L7.5~W2.5~H2.56~all_eps, 4.9 & UP CHILLER AND 2.5 WIDE ,27,CHILLER LARGE,all_eps,7.5,2.5,2.56,ROOF,ROOF,14379.57191,14339.56,0.278,PASS,,,
4.9_+_UP_CHILLER_AND_2.5~L7.5~W2.5~H2.56~all_eps, 4.9 & UP CHILLER AND 2.5 WIDE ,27,CHILLER LARGE,all_eps,7.5,2.5,2.56,FLOOR,FLOOR,24034.103368,24034.1,0.0,PASS,,,
4.9_+_UP_CHILLER_AND_2.5~L7.5~W2.5~H2.56~all_eps, 4.9 & UP CHILLER AND 2.5 WIDE ,27,CHILLER LARGE,all_eps,7.5,2.5,2.56,ALUMINIUM,ALUMINIUM,14102.9051,14102.91,0.0,PASS,,,
4.9_+_UP_CHILLER_AND_2.5~L7.5~W2.5~H2.56~all_eps, 4.9 & UP CHILLER AND 2.5 WIDE ,27,CHILLER LARGE,all_eps,7.5,2.5,2.56,SUB FRAME + LIGHT BOX ASSY,SUB FRAME + LIGHT BOX ASSY,9263.223068,9023.51,2.588,ACCEPTED,,MISSING_IN_MES 1MM GALV PLATE (-239.72),[DATA] Excel line 1MM GALV PLATE (R157-R240) has no MES line on this body.
4.9_+_UP_CHILLER_AND_2.5~L7.5~W2.5~H2.56~all_eps, 4.9 & UP CHILLER AND 2.5 WIDE ,27,CHILLER LARGE,all_eps,7.5,2.5,2.56,REAR FRAME + FLOOR PLATE,REAR FRAME & FLOOR PLATE,5472.944561,5472.97,0.0,PASS,,,
4.9_+_UP_CHILLER_AND_2.5~L7.5~W2.5~H2.56~all_eps, 4.9 & UP CHILLER AND 2.5 WIDE ,27,CHILLER LARGE,all_eps,7.5,2.5,2.56,SPRAY PAINTING,SPRAY PAINTING,750.0,750.0,0.0,PASS,,,
4.9_+_UP_CHILLER_AND_2.5~L7.5~W2.5~H2.56~all_eps, 4.9 & UP CHILLER AND 2.5 WIDE ,27,CHILLER LARGE,all_eps,7.5,2.5,2.56,REFLEXITE TAPE,REFLEXITE TAPE,317.7,317.7,0.0,PASS,,,
4.9_+_UP_CHILLER_AND_2.5~L7.5~W2.5~H2.56~all_pu, 4.9 & UP CHILLER AND 2.5 WIDE ,27,CHILLER LARGE,all_pu,7.5,2.5,2.56,FRONT,FRONT,5108.324552,5107.72,0.012,PASS,,,
4.9_+_UP_CHILLER_AND_2.5~L7.5~W2.5~H2.56~all_pu, 4.9 & UP CHILLER AND 2.5 WIDE ,27,CHILLER LARGE,all_pu,7.5,2.5,2.56,SRD,,0.0,,,SKIP,,,
4.9_+_UP_CHILLER_AND_2.5~L7.5~W2.5~H2.56~all_pu, 4.9 & UP CHILLER AND 2.5 WIDE ,27,CHILLER LARGE,all_pu,7.5,2.5,2.56,SRD DOOR FITTINGS,,0.0,,,SKIP,,,
4.9_+_UP_CHILLER_AND_2.5~L7.5~W2.5~H2.56~all_pu, 4.9 & UP CHILLER AND 2.5 WIDE ,27,CHILLER LARGE,all_pu,7.5,2.5,2.56,DRD,DRD,5763.910795,28951.0,402.281,ACCEPTED,,BOTH PU (+23307.15),[MES] DRD PU line priced at the raw 32D rate (R4 100 x 2.98 sheets) instead of the per-sheet price Burt uses (R185.20/sheet): MES DRD +R11.6k (2.3 chiller) / +R23.3k (4.9 chiller) under PU.
4.9_+_UP_CHILLER_AND_2.5~L7.5~W2.5~H2.56~all_pu, 4.9 & UP CHILLER AND 2.5 WIDE ,27,CHILLER LARGE,all_pu,7.5,2.5,2.56,DRD DOOR FITTINGS,DRD DOOR FITTINGS,6304.22746,6287.66,0.263,PASS,,,
4.9_+_UP_CHILLER_AND_2.5~L7.5~W2.5~H2.56~all_pu, 4.9 & UP CHILLER AND 2.5 WIDE ,27,CHILLER LARGE,all_pu,7.5,2.5,2.56,SIDES,SIDES,31109.624271,23124.34,25.668,ACCEPTED,,BOTH PU (-6823.54) [ZERO_FORMULA],"[MES] chiller PU insulation lines carry a literal x0 quantity formula (2.44*1.22*0*2, 1.22*2.44*0*(length+{Waste})/1.22): PU prices at R0 on FRONT/SIDES/ROOF/FLOOR (ZERO_FORMULA); the icecream/freezer bodies use {PANEL PU} tokens and price live. SIDES/ROOF/FLOOR skins also hard-code both roof and floor deductions where Burt's cells deduct only the roof under PU."
4.9_+_UP_CHILLER_AND_2.5~L7.5~W2.5~H2.56~all_pu, 4.9 & UP CHILLER AND 2.5 WIDE ,27,CHILLER LARGE,all_pu,7.5,2.5,2.56,ROOF,ROOF,14735.133781,10373.54,29.6,ACCEPTED,,BOTH PU (-4321.58) [ZERO_FORMULA],"[MES] chiller PU insulation lines carry a literal x0 quantity formula (2.44*1.22*0*2, 1.22*2.44*0*(length+{Waste})/1.22): PU prices at R0 on FRONT/SIDES/ROOF/FLOOR (ZERO_FORMULA); the icecream/freezer bodies use {PANEL PU} tokens and price live. SIDES/ROOF/FLOOR skins also hard-code both roof and floor deductions where Burt's cells deduct only the roof under PU."
4.9_+_UP_CHILLER_AND_2.5~L7.5~W2.5~H2.56~all_pu, 4.9 & UP CHILLER AND 2.5 WIDE ,27,CHILLER LARGE,all_pu,7.5,2.5,2.56,FLOOR,FLOOR,24389.66524,20068.09,17.719,ACCEPTED,,BOTH PU (-4321.58) [ZERO_FORMULA],"[MES] chiller PU insulation lines carry a literal x0 quantity formula (2.44*1.22*0*2, 1.22*2.44*0*(length+{Waste})/1.22): PU prices at R0 on FRONT/SIDES/ROOF/FLOOR (ZERO_FORMULA); the icecream/freezer bodies use {PANEL PU} tokens and price live. SIDES/ROOF/FLOOR skins also hard-code both roof and floor deductions where Burt's cells deduct only the roof under PU."
4.9_+_UP_CHILLER_AND_2.5~L7.5~W2.5~H2.56~all_pu, 4.9 & UP CHILLER AND 2.5 WIDE ,27,CHILLER LARGE,all_pu,7.5,2.5,2.56,ALUMINIUM,ALUMINIUM,14102.9051,14102.91,0.0,PASS,,,
4.9_+_UP_CHILLER_AND_2.5~L7.5~W2.5~H2.56~all_pu, 4.9 & UP CHILLER AND 2.5 WIDE ,27,CHILLER LARGE,all_pu,7.5,2.5,2.56,SUB FRAME + LIGHT BOX ASSY,SUB FRAME + LIGHT BOX ASSY,9263.223068,9023.51,2.588,ACCEPTED,,MISSING_IN_MES 1MM GALV PLATE (-239.72),[DATA] Excel line 1MM GALV PLATE (R157-R240) has no MES line on this body.
4.9_+_UP_CHILLER_AND_2.5~L7.5~W2.5~H2.56~all_pu, 4.9 & UP CHILLER AND 2.5 WIDE ,27,CHILLER LARGE,all_pu,7.5,2.5,2.56,REAR FRAME + FLOOR PLATE,REAR FRAME & FLOOR PLATE,5472.944561,5472.97,0.0,PASS,,,
4.9_+_UP_CHILLER_AND_2.5~L7.5~W2.5~H2.56~all_pu, 4.9 & UP CHILLER AND 2.5 WIDE ,27,CHILLER LARGE,all_pu,7.5,2.5,2.56,SPRAY PAINTING,SPRAY PAINTING,750.0,750.0,0.0,PASS,,,
4.9_+_UP_CHILLER_AND_2.5~L7.5~W2.5~H2.56~all_pu, 4.9 & UP CHILLER AND 2.5 WIDE ,27,CHILLER LARGE,all_pu,7.5,2.5,2.56,REFLEXITE TAPE,REFLEXITE TAPE,317.7,317.7,0.0,PASS,,,
4.9_+_UP_CHILLER_AND_2.5~L7.5~W2.5~H2.56~srd, 4.9 & UP CHILLER AND 2.5 WIDE ,27,CHILLER LARGE,srd,7.5,2.5,2.56,FRONT,FRONT,4566.529064,4574.34,0.171,PASS,,,
4.9_+_UP_CHILLER_AND_2.5~L7.5~W2.5~H2.56~srd, 4.9 & UP CHILLER AND 2.5 WIDE ,27,CHILLER LARGE,srd,7.5,2.5,2.56,SRD,SRD,4777.751788,3969.73,16.912,ACCEPTED,,BOTH EPS (-747.97) [ZERO_FORMULA],[MES] SRD EPS line formula ends in *0 (ZERO_FORMULA) on the chillers: EPS on a single rear door prices at R0 (-R400 to -R780); the 4MM PF PLYWOOD / GLUE LINE rows under SRD are R0 on Burt's side instead.
4.9_+_UP_CHILLER_AND_2.5~L7.5~W2.5~H2.56~srd, 4.9 & UP CHILLER AND 2.5 WIDE ,27,CHILLER LARGE,srd,7.5,2.5,2.56,SRD DOOR FITTINGS,SRD DOOR FITTINGS,6683.48854,7127.79,6.648,ACCEPTED,,MISSING_IN_MES 28780 BIG VERTICAL (-763.29),"[DATA] SRD DOOR FITTINGS on every body: MES CSLB HINGES R293.46 x2 (Excel R146.73 x2 - the pair price applied per hinge) and SILPLUS X WHITE R232.30 (Excel R116.15); per body also 34MM LOCKING POLE R126 (Excel R42), 28782 BIG HORIZ CAPPING R197.20 (Excel R240.58), ALU CORNERS R45 (Excel R54.90), 28780 BIG VERTICAL renamed 28778; Burt prices 2317 DOOR RUBBER / 28777 DOOR CAPPING at R0 on some sheets."
4.9_+_UP_CHILLER_AND_2.5~L7.5~W2.5~H2.56~srd, 4.9 & UP CHILLER AND 2.5 WIDE ,27,CHILLER LARGE,srd,7.5,2.5,2.56,DRD,,0.0,,,SKIP,,,
4.9_+_UP_CHILLER_AND_2.5~L7.5~W2.5~H2.56~srd, 4.9 & UP CHILLER AND 2.5 WIDE ,27,CHILLER LARGE,srd,7.5,2.5,2.56,DRD DOOR FITTINGS,,0.0,,,SKIP,,,
4.9_+_UP_CHILLER_AND_2.5~L7.5~W2.5~H2.56~srd, 4.9 & UP CHILLER AND 2.5 WIDE ,27,CHILLER LARGE,srd,7.5,2.5,2.56,SIDES,SIDES,27809.958949,27772.2,0.136,PASS,,,
4.9_+_UP_CHILLER_AND_2.5~L7.5~W2.5~H2.56~srd, 4.9 & UP CHILLER AND 2.5 WIDE ,27,CHILLER LARGE,srd,7.5,2.5,2.56,ROOF,ROOF,14379.57191,14339.56,0.278,PASS,,,
4.9_+_UP_CHILLER_AND_2.5~L7.5~W2.5~H2.56~srd, 4.9 & UP CHILLER AND 2.5 WIDE ,27,CHILLER LARGE,srd,7.5,2.5,2.56,FLOOR,FLOOR,24034.103368,24034.1,0.0,PASS,,,
4.9_+_UP_CHILLER_AND_2.5~L7.5~W2.5~H2.56~srd, 4.9 & UP CHILLER AND 2.5 WIDE ,27,CHILLER LARGE,srd,7.5,2.5,2.56,ALUMINIUM,ALUMINIUM,14102.9051,14102.91,0.0,PASS,,,
4.9_+_UP_CHILLER_AND_2.5~L7.5~W2.5~H2.56~srd, 4.9 & UP CHILLER AND 2.5 WIDE ,27,CHILLER LARGE,srd,7.5,2.5,2.56,SUB FRAME + LIGHT BOX ASSY,SUB FRAME + LIGHT BOX ASSY,9263.223068,9023.51,2.588,ACCEPTED,,MISSING_IN_MES 1MM GALV PLATE (-239.72),[DATA] Excel line 1MM GALV PLATE (R157-R240) has no MES line on this body.
4.9_+_UP_CHILLER_AND_2.5~L7.5~W2.5~H2.56~srd, 4.9 & UP CHILLER AND 2.5 WIDE ,27,CHILLER LARGE,srd,7.5,2.5,2.56,REAR FRAME + FLOOR PLATE,REAR FRAME & FLOOR PLATE,0.0,5472.97,,ACCEPTED,EXTRA_IN_MES,,"[RULING] Burt gates REAR FRAME + FLOOR PLATE on the DRD flags, so a single-rear-door body carries R0 there; MES always includes the section (R2.4k-R5.5k). Which is right needs Burt/Michael."
4.9_+_UP_CHILLER_AND_2.5~L7.5~W2.5~H2.56~srd, 4.9 & UP CHILLER AND 2.5 WIDE ,27,CHILLER LARGE,srd,7.5,2.5,2.56,SPRAY PAINTING,SPRAY PAINTING,750.0,750.0,0.0,PASS,,,
4.9_+_UP_CHILLER_AND_2.5~L7.5~W2.5~H2.56~srd, 4.9 & UP CHILLER AND 2.5 WIDE ,27,CHILLER LARGE,srd,7.5,2.5,2.56,REFLEXITE TAPE,REFLEXITE TAPE,317.7,317.7,0.0,PASS,,,
4.9_+_UP_CHILLER_AND_2.5~L7.5~W2.5~H2.56~drd, 4.9 & UP CHILLER AND 2.5 WIDE ,27,CHILLER LARGE,drd,7.5,2.5,2.56,FRONT,FRONT,4566.529064,4574.34,0.171,PASS,,,
4.9_+_UP_CHILLER_AND_2.5~L7.5~W2.5~H2.56~drd, 4.9 & UP CHILLER AND 2.5 WIDE ,27,CHILLER LARGE,drd,7.5,2.5,2.56,SRD,,0.0,,,SKIP,,,
4.9_+_UP_CHILLER_AND_2.5~L7.5~W2.5~H2.56~drd, 4.9 & UP CHILLER AND 2.5 WIDE ,27,CHILLER LARGE,drd,7.5,2.5,2.56,SRD DOOR FITTINGS,,0.0,,,SKIP,,,
4.9_+_UP_CHILLER_AND_2.5~L7.5~W2.5~H2.56~drd, 4.9 & UP CHILLER AND 2.5 WIDE ,27,CHILLER LARGE,drd,7.5,2.5,2.56,DRD,DRD,5715.188449,5595.13,2.101,ACCEPTED,,GROUP_DIFF 130*62MM TAPPING BLOCKS ~ 2 MES line(s) (-120.00),"[DATA] 130*62MM TAPPING BLOCKS: Excel 2 x R234 per size (R936 a double door) vs MES 6 x R68 per size (R816): R60 per size, 1-3 % of the door section."
4.9_+_UP_CHILLER_AND_2.5~L7.5~W2.5~H2.56~drd, 4.9 & UP CHILLER AND 2.5 WIDE ,27,CHILLER LARGE,drd,7.5,2.5,2.56,DRD DOOR FITTINGS,DRD DOOR FITTINGS,6200.61678,6200.62,0.0,PASS,,,
4.9_+_UP_CHILLER_AND_2.5~L7.5~W2.5~H2.56~drd, 4.9 & UP CHILLER AND 2.5 WIDE ,27,CHILLER LARGE,drd,7.5,2.5,2.56,SIDES,SIDES,27809.958949,27772.2,0.136,PASS,,,
4.9_+_UP_CHILLER_AND_2.5~L7.5~W2.5~H2.56~drd, 4.9 & UP CHILLER AND 2.5 WIDE ,27,CHILLER LARGE,drd,7.5,2.5,2.56,ROOF,ROOF,14379.57191,14339.56,0.278,PASS,,,
4.9_+_UP_CHILLER_AND_2.5~L7.5~W2.5~H2.56~drd, 4.9 & UP CHILLER AND 2.5 WIDE ,27,CHILLER LARGE,drd,7.5,2.5,2.56,FLOOR,FLOOR,24034.103368,24034.1,0.0,PASS,,,
4.9_+_UP_CHILLER_AND_2.5~L7.5~W2.5~H2.56~drd, 4.9 & UP CHILLER AND 2.5 WIDE ,27,CHILLER LARGE,drd,7.5,2.5,2.56,ALUMINIUM,ALUMINIUM,14102.9051,14102.91,0.0,PASS,,,
4.9_+_UP_CHILLER_AND_2.5~L7.5~W2.5~H2.56~drd, 4.9 & UP CHILLER AND 2.5 WIDE ,27,CHILLER LARGE,drd,7.5,2.5,2.56,SUB FRAME + LIGHT BOX ASSY,SUB FRAME + LIGHT BOX ASSY,9263.223068,9023.51,2.588,ACCEPTED,,MISSING_IN_MES 1MM GALV PLATE (-239.72),[DATA] Excel line 1MM GALV PLATE (R157-R240) has no MES line on this body.
4.9_+_UP_CHILLER_AND_2.5~L7.5~W2.5~H2.56~drd, 4.9 & UP CHILLER AND 2.5 WIDE ,27,CHILLER LARGE,drd,7.5,2.5,2.56,REAR FRAME + FLOOR PLATE,REAR FRAME & FLOOR PLATE,5472.944561,5472.97,0.0,PASS,,,
4.9_+_UP_CHILLER_AND_2.5~L7.5~W2.5~H2.56~drd, 4.9 & UP CHILLER AND 2.5 WIDE ,27,CHILLER LARGE,drd,7.5,2.5,2.56,SPRAY PAINTING,SPRAY PAINTING,750.0,750.0,0.0,PASS,,,
4.9_+_UP_CHILLER_AND_2.5~L7.5~W2.5~H2.56~drd, 4.9 & UP CHILLER AND 2.5 WIDE ,27,CHILLER LARGE,drd,7.5,2.5,2.56,REFLEXITE TAPE,REFLEXITE TAPE,317.7,317.7,0.0,PASS,,,
4.9_+_UP_CHILLER_AND_2.5~L7.5~W2.5~H2.56~foam_4g, 4.9 & UP CHILLER AND 2.5 WIDE ,27,CHILLER LARGE,foam_4g,7.5,2.5,2.56,FRONT,FRONT,4566.529064,4574.34,0.171,PASS,,,
4.9_+_UP_CHILLER_AND_2.5~L7.5~W2.5~H2.56~foam_4g, 4.9 & UP CHILLER AND 2.5 WIDE ,27,CHILLER LARGE,foam_4g,7.5,2.5,2.56,SRD,,0.0,,,SKIP,,,
4.9_+_UP_CHILLER_AND_2.5~L7.5~W2.5~H2.56~foam_4g, 4.9 & UP CHILLER AND 2.5 WIDE ,27,CHILLER LARGE,foam_4g,7.5,2.5,2.56,SRD DOOR FITTINGS,,0.0,,,SKIP,,,
4.9_+_UP_CHILLER_AND_2.5~L7.5~W2.5~H2.56~foam_4g, 4.9 & UP CHILLER AND 2.5 WIDE ,27,CHILLER LARGE,foam_4g,7.5,2.5,2.56,DRD,DRD,5715.188449,5595.13,2.101,ACCEPTED,,GROUP_DIFF 130*62MM TAPPING BLOCKS ~ 2 MES line(s) (-120.00),"[DATA] 130*62MM TAPPING BLOCKS: Excel 2 x R234 per size (R936 a double door) vs MES 6 x R68 per size (R816): R60 per size, 1-3 % of the door section."
4.9_+_UP_CHILLER_AND_2.5~L7.5~W2.5~H2.56~foam_4g, 4.9 & UP CHILLER AND 2.5 WIDE ,27,CHILLER LARGE,foam_4g,7.5,2.5,2.56,DRD DOOR FITTINGS,DRD DOOR FITTINGS,6200.61678,6200.62,0.0,PASS,,,
4.9_+_UP_CHILLER_AND_2.5~L7.5~W2.5~H2.56~foam_4g, 4.9 & UP CHILLER AND 2.5 WIDE ,27,CHILLER LARGE,foam_4g,7.5,2.5,2.56,SIDES,SIDES,27809.958949,27772.2,0.136,PASS,,,
4.9_+_UP_CHILLER_AND_2.5~L7.5~W2.5~H2.56~foam_4g, 4.9 & UP CHILLER AND 2.5 WIDE ,27,CHILLER LARGE,foam_4g,7.5,2.5,2.56,ROOF,ROOF,14379.57191,14339.56,0.278,PASS,,,
4.9_+_UP_CHILLER_AND_2.5~L7.5~W2.5~H2.56~foam_4g, 4.9 & UP CHILLER AND 2.5 WIDE ,27,CHILLER LARGE,foam_4g,7.5,2.5,2.56,FLOOR,FLOOR,24034.103368,24034.1,0.0,PASS,,,
4.9_+_UP_CHILLER_AND_2.5~L7.5~W2.5~H2.56~foam_4g, 4.9 & UP CHILLER AND 2.5 WIDE ,27,CHILLER LARGE,foam_4g,7.5,2.5,2.56,ALUMINIUM,ALUMINIUM,14102.9051,14102.91,0.0,PASS,,,
4.9_+_UP_CHILLER_AND_2.5~L7.5~W2.5~H2.56~foam_4g, 4.9 & UP CHILLER AND 2.5 WIDE ,27,CHILLER LARGE,foam_4g,7.5,2.5,2.56,SUB FRAME + LIGHT BOX ASSY,SUB FRAME + LIGHT BOX ASSY,9263.223068,9023.51,2.588,ACCEPTED,,MISSING_IN_MES 1MM GALV PLATE (-239.72),[DATA] Excel line 1MM GALV PLATE (R157-R240) has no MES line on this body.
4.9_+_UP_CHILLER_AND_2.5~L7.5~W2.5~H2.56~foam_4g, 4.9 & UP CHILLER AND 2.5 WIDE ,27,CHILLER LARGE,foam_4g,7.5,2.5,2.56,REAR FRAME + FLOOR PLATE,REAR FRAME & FLOOR PLATE,5472.944561,5472.97,0.0,PASS,,,
4.9_+_UP_CHILLER_AND_2.5~L7.5~W2.5~H2.56~foam_4g, 4.9 & UP CHILLER AND 2.5 WIDE ,27,CHILLER LARGE,foam_4g,7.5,2.5,2.56,SPRAY PAINTING,SPRAY PAINTING,750.0,750.0,0.0,PASS,,,
4.9_+_UP_CHILLER_AND_2.5~L7.5~W2.5~H2.56~foam_4g, 4.9 & UP CHILLER AND 2.5 WIDE ,27,CHILLER LARGE,foam_4g,7.5,2.5,2.56,REFLEXITE TAPE,REFLEXITE TAPE,317.7,317.7,0.0,PASS,,,
4.9_+_UP_CHILLER_AND_2.5~L7.5~W2.6~H2.56~as_sheet, 4.9 & UP CHILLER AND 2.5 WIDE ,27,CHILLER LARGE,as_sheet,7.5,2.6,2.56,FRONT,FRONT,4747.056155,4755.03,0.168,PASS,,,
4.9_+_UP_CHILLER_AND_2.5~L7.5~W2.6~H2.56~as_sheet, 4.9 & UP CHILLER AND 2.5 WIDE ,27,CHILLER LARGE,as_sheet,7.5,2.6,2.56,SRD,,0.0,,,SKIP,,,
4.9_+_UP_CHILLER_AND_2.5~L7.5~W2.6~H2.56~as_sheet, 4.9 & UP CHILLER AND 2.5 WIDE ,27,CHILLER LARGE,as_sheet,7.5,2.6,2.56,SRD DOOR FITTINGS,,0.0,,,SKIP,,,
4.9_+_UP_CHILLER_AND_2.5~L7.5~W2.6~H2.56~as_sheet, 4.9 & UP CHILLER AND 2.5 WIDE ,27,CHILLER LARGE,as_sheet,7.5,2.6,2.56,DRD,DRD,5907.123728,5787.06,2.033,ACCEPTED,,GROUP_DIFF 130*62MM TAPPING BLOCKS ~ 2 MES line(s) (-120.00),"[DATA] 130*62MM TAPPING BLOCKS: Excel 2 x R234 per size (R936 a double door) vs MES 6 x R68 per size (R816): R60 per size, 1-3 % of the door section."
4.9_+_UP_CHILLER_AND_2.5~L7.5~W2.6~H2.56~as_sheet, 4.9 & UP CHILLER AND 2.5 WIDE ,27,CHILLER LARGE,as_sheet,7.5,2.6,2.56,DRD DOOR FITTINGS,DRD DOOR FITTINGS,6247.51278,6247.51,0.0,PASS,,,
4.9_+_UP_CHILLER_AND_2.5~L7.5~W2.6~H2.56~as_sheet, 4.9 & UP CHILLER AND 2.5 WIDE ,27,CHILLER LARGE,as_sheet,7.5,2.6,2.56,SIDES,SIDES,27809.958949,27772.2,0.136,PASS,,,
4.9_+_UP_CHILLER_AND_2.5~L7.5~W2.6~H2.56~as_sheet, 4.9 & UP CHILLER AND 2.5 WIDE ,27,CHILLER LARGE,as_sheet,7.5,2.6,2.56,ROOF,ROOF,14917.180665,14876.77,0.271,PASS,,,
4.9_+_UP_CHILLER_AND_2.5~L7.5~W2.6~H2.56~as_sheet, 4.9 & UP CHILLER AND 2.5 WIDE ,27,CHILLER LARGE,as_sheet,7.5,2.6,2.56,FLOOR,FLOOR,24793.623991,24793.62,0.0,PASS,,,
4.9_+_UP_CHILLER_AND_2.5~L7.5~W2.6~H2.56~as_sheet, 4.9 & UP CHILLER AND 2.5 WIDE ,27,CHILLER LARGE,as_sheet,7.5,2.6,2.56,ALUMINIUM,ALUMINIUM,14138.652767,14138.65,0.0,PASS,,,
4.9_+_UP_CHILLER_AND_2.5~L7.5~W2.6~H2.56~as_sheet, 4.9 & UP CHILLER AND 2.5 WIDE ,27,CHILLER LARGE,as_sheet,7.5,2.6,2.56,SUB FRAME + LIGHT BOX ASSY,SUB FRAME + LIGHT BOX ASSY,9263.223068,9023.51,2.588,ACCEPTED,,MISSING_IN_MES 1MM GALV PLATE (-239.72),[DATA] Excel line 1MM GALV PLATE (R157-R240) has no MES line on this body.
4.9_+_UP_CHILLER_AND_2.5~L7.5~W2.6~H2.56~as_sheet, 4.9 & UP CHILLER AND 2.5 WIDE ,27,CHILLER LARGE,as_sheet,7.5,2.6,2.56,REAR FRAME + FLOOR PLATE,REAR FRAME & FLOOR PLATE,5502.400241,5502.42,0.0,PASS,,,
4.9_+_UP_CHILLER_AND_2.5~L7.5~W2.6~H2.56~as_sheet, 4.9 & UP CHILLER AND 2.5 WIDE ,27,CHILLER LARGE,as_sheet,7.5,2.6,2.56,SPRAY PAINTING,SPRAY PAINTING,750.0,750.0,0.0,PASS,,,
4.9_+_UP_CHILLER_AND_2.5~L7.5~W2.6~H2.56~as_sheet, 4.9 & UP CHILLER AND 2.5 WIDE ,27,CHILLER LARGE,as_sheet,7.5,2.6,2.56,REFLEXITE TAPE,REFLEXITE TAPE,319.5,319.5,0.0,PASS,,,
4.9_+_UP_CHILLER_AND_2.5~L7.5~W2.6~H2.56~all_eps, 4.9 & UP CHILLER AND 2.5 WIDE ,27,CHILLER LARGE,all_eps,7.5,2.6,2.56,FRONT,FRONT,4747.056155,4755.03,0.168,PASS,,,
4.9_+_UP_CHILLER_AND_2.5~L7.5~W2.6~H2.56~all_eps, 4.9 & UP CHILLER AND 2.5 WIDE ,27,CHILLER LARGE,all_eps,7.5,2.6,2.56,SRD,,0.0,,,SKIP,,,
4.9_+_UP_CHILLER_AND_2.5~L7.5~W2.6~H2.56~all_eps, 4.9 & UP CHILLER AND 2.5 WIDE ,27,CHILLER LARGE,all_eps,7.5,2.6,2.56,SRD DOOR FITTINGS,,0.0,,,SKIP,,,
4.9_+_UP_CHILLER_AND_2.5~L7.5~W2.6~H2.56~all_eps, 4.9 & UP CHILLER AND 2.5 WIDE ,27,CHILLER LARGE,all_eps,7.5,2.6,2.56,DRD,DRD,5907.123728,5787.06,2.033,ACCEPTED,,GROUP_DIFF 130*62MM TAPPING BLOCKS ~ 2 MES line(s) (-120.00),"[DATA] 130*62MM TAPPING BLOCKS: Excel 2 x R234 per size (R936 a double door) vs MES 6 x R68 per size (R816): R60 per size, 1-3 % of the door section."
4.9_+_UP_CHILLER_AND_2.5~L7.5~W2.6~H2.56~all_eps, 4.9 & UP CHILLER AND 2.5 WIDE ,27,CHILLER LARGE,all_eps,7.5,2.6,2.56,DRD DOOR FITTINGS,DRD DOOR FITTINGS,6247.51278,6247.51,0.0,PASS,,,
4.9_+_UP_CHILLER_AND_2.5~L7.5~W2.6~H2.56~all_eps, 4.9 & UP CHILLER AND 2.5 WIDE ,27,CHILLER LARGE,all_eps,7.5,2.6,2.56,SIDES,SIDES,27809.958949,27772.2,0.136,PASS,,,
4.9_+_UP_CHILLER_AND_2.5~L7.5~W2.6~H2.56~all_eps, 4.9 & UP CHILLER AND 2.5 WIDE ,27,CHILLER LARGE,all_eps,7.5,2.6,2.56,ROOF,ROOF,14917.180665,14876.77,0.271,PASS,,,
4.9_+_UP_CHILLER_AND_2.5~L7.5~W2.6~H2.56~all_eps, 4.9 & UP CHILLER AND 2.5 WIDE ,27,CHILLER LARGE,all_eps,7.5,2.6,2.56,FLOOR,FLOOR,24793.623991,24793.62,0.0,PASS,,,
4.9_+_UP_CHILLER_AND_2.5~L7.5~W2.6~H2.56~all_eps, 4.9 & UP CHILLER AND 2.5 WIDE ,27,CHILLER LARGE,all_eps,7.5,2.6,2.56,ALUMINIUM,ALUMINIUM,14138.652767,14138.65,0.0,PASS,,,
4.9_+_UP_CHILLER_AND_2.5~L7.5~W2.6~H2.56~all_eps, 4.9 & UP CHILLER AND 2.5 WIDE ,27,CHILLER LARGE,all_eps,7.5,2.6,2.56,SUB FRAME + LIGHT BOX ASSY,SUB FRAME + LIGHT BOX ASSY,9263.223068,9023.51,2.588,ACCEPTED,,MISSING_IN_MES 1MM GALV PLATE (-239.72),[DATA] Excel line 1MM GALV PLATE (R157-R240) has no MES line on this body.
4.9_+_UP_CHILLER_AND_2.5~L7.5~W2.6~H2.56~all_eps, 4.9 & UP CHILLER AND 2.5 WIDE ,27,CHILLER LARGE,all_eps,7.5,2.6,2.56,REAR FRAME + FLOOR PLATE,REAR FRAME & FLOOR PLATE,5502.400241,5502.42,0.0,PASS,,,
4.9_+_UP_CHILLER_AND_2.5~L7.5~W2.6~H2.56~all_eps, 4.9 & UP CHILLER AND 2.5 WIDE ,27,CHILLER LARGE,all_eps,7.5,2.6,2.56,SPRAY PAINTING,SPRAY PAINTING,750.0,750.0,0.0,PASS,,,
4.9_+_UP_CHILLER_AND_2.5~L7.5~W2.6~H2.56~all_eps, 4.9 & UP CHILLER AND 2.5 WIDE ,27,CHILLER LARGE,all_eps,7.5,2.6,2.56,REFLEXITE TAPE,REFLEXITE TAPE,319.5,319.5,0.0,PASS,,,
4.9_+_UP_CHILLER_AND_2.5~L7.5~W2.6~H2.56~all_pu, 4.9 & UP CHILLER AND 2.5 WIDE ,27,CHILLER LARGE,all_pu,7.5,2.6,2.56,FRONT,FRONT,5265.392232,5264.59,0.015,PASS,,,
4.9_+_UP_CHILLER_AND_2.5~L7.5~W2.6~H2.56~all_pu, 4.9 & UP CHILLER AND 2.5 WIDE ,27,CHILLER LARGE,all_pu,7.5,2.6,2.56,SRD,,0.0,,,SKIP,,,
4.9_+_UP_CHILLER_AND_2.5~L7.5~W2.6~H2.56~all_pu, 4.9 & UP CHILLER AND 2.5 WIDE ,27,CHILLER LARGE,all_pu,7.5,2.6,2.56,SRD DOOR FITTINGS,,0.0,,,SKIP,,,
4.9_+_UP_CHILLER_AND_2.5~L7.5~W2.6~H2.56~all_pu, 4.9 & UP CHILLER AND 2.5 WIDE ,27,CHILLER LARGE,all_pu,7.5,2.6,2.56,DRD,DRD,5913.521182,29100.6,392.103,ACCEPTED,,BOTH PU (+23307.15),[MES] DRD PU line priced at the raw 32D rate (R4 100 x 2.98 sheets) instead of the per-sheet price Burt uses (R185.20/sheet): MES DRD +R11.6k (2.3 chiller) / +R23.3k (4.9 chiller) under PU.
4.9_+_UP_CHILLER_AND_2.5~L7.5~W2.6~H2.56~all_pu, 4.9 & UP CHILLER AND 2.5 WIDE ,27,CHILLER LARGE,all_pu,7.5,2.6,2.56,DRD DOOR FITTINGS,DRD DOOR FITTINGS,6351.12346,6334.55,0.261,PASS,,,
4.9_+_UP_CHILLER_AND_2.5~L7.5~W2.6~H2.56~all_pu, 4.9 & UP CHILLER AND 2.5 WIDE ,27,CHILLER LARGE,all_pu,7.5,2.6,2.56,SIDES,SIDES,31109.624271,23124.34,25.668,ACCEPTED,,BOTH PU (-6823.54) [ZERO_FORMULA],"[MES] chiller PU insulation lines carry a literal x0 quantity formula (2.44*1.22*0*2, 1.22*2.44*0*(length+{Waste})/1.22): PU prices at R0 on FRONT/SIDES/ROOF/FLOOR (ZERO_FORMULA); the icecream/freezer bodies use {PANEL PU} tokens and price live. SIDES/ROOF/FLOOR skins also hard-code both roof and floor deductions where Burt's cells deduct only the roof under PU."
4.9_+_UP_CHILLER_AND_2.5~L7.5~W2.6~H2.56~all_pu, 4.9 & UP CHILLER AND 2.5 WIDE ,27,CHILLER LARGE,all_pu,7.5,2.6,2.56,ROOF,ROOF,15117.212537,10755.22,28.854,ACCEPTED,,BOTH PU (-4321.58) [ZERO_FORMULA],"[MES] chiller PU insulation lines carry a literal x0 quantity formula (2.44*1.22*0*2, 1.22*2.44*0*(length+{Waste})/1.22): PU prices at R0 on FRONT/SIDES/ROOF/FLOOR (ZERO_FORMULA); the icecream/freezer bodies use {PANEL PU} tokens and price live. SIDES/ROOF/FLOOR skins also hard-code both roof and floor deductions where Burt's cells deduct only the roof under PU."
4.9_+_UP_CHILLER_AND_2.5~L7.5~W2.6~H2.56~all_pu, 4.9 & UP CHILLER AND 2.5 WIDE ,27,CHILLER LARGE,all_pu,7.5,2.6,2.56,FLOOR,FLOOR,24993.655863,20672.08,17.291,ACCEPTED,,BOTH PU (-4321.58) [ZERO_FORMULA],"[MES] chiller PU insulation lines carry a literal x0 quantity formula (2.44*1.22*0*2, 1.22*2.44*0*(length+{Waste})/1.22): PU prices at R0 on FRONT/SIDES/ROOF/FLOOR (ZERO_FORMULA); the icecream/freezer bodies use {PANEL PU} tokens and price live. SIDES/ROOF/FLOOR skins also hard-code both roof and floor deductions where Burt's cells deduct only the roof under PU."
4.9_+_UP_CHILLER_AND_2.5~L7.5~W2.6~H2.56~all_pu, 4.9 & UP CHILLER AND 2.5 WIDE ,27,CHILLER LARGE,all_pu,7.5,2.6,2.56,ALUMINIUM,ALUMINIUM,14138.652767,14138.65,0.0,PASS,,,
4.9_+_UP_CHILLER_AND_2.5~L7.5~W2.6~H2.56~all_pu, 4.9 & UP CHILLER AND 2.5 WIDE ,27,CHILLER LARGE,all_pu,7.5,2.6,2.56,SUB FRAME + LIGHT BOX ASSY,SUB FRAME + LIGHT BOX ASSY,9263.223068,9023.51,2.588,ACCEPTED,,MISSING_IN_MES 1MM GALV PLATE (-239.72),[DATA] Excel line 1MM GALV PLATE (R157-R240) has no MES line on this body.
4.9_+_UP_CHILLER_AND_2.5~L7.5~W2.6~H2.56~all_pu, 4.9 & UP CHILLER AND 2.5 WIDE ,27,CHILLER LARGE,all_pu,7.5,2.6,2.56,REAR FRAME + FLOOR PLATE,REAR FRAME & FLOOR PLATE,5502.400241,5502.42,0.0,PASS,,,
4.9_+_UP_CHILLER_AND_2.5~L7.5~W2.6~H2.56~all_pu, 4.9 & UP CHILLER AND 2.5 WIDE ,27,CHILLER LARGE,all_pu,7.5,2.6,2.56,SPRAY PAINTING,SPRAY PAINTING,750.0,750.0,0.0,PASS,,,
4.9_+_UP_CHILLER_AND_2.5~L7.5~W2.6~H2.56~all_pu, 4.9 & UP CHILLER AND 2.5 WIDE ,27,CHILLER LARGE,all_pu,7.5,2.6,2.56,REFLEXITE TAPE,REFLEXITE TAPE,319.5,319.5,0.0,PASS,,,
4.9_+_UP_CHILLER_AND_2.5~L7.5~W2.6~H2.56~srd, 4.9 & UP CHILLER AND 2.5 WIDE ,27,CHILLER LARGE,srd,7.5,2.6,2.56,FRONT,FRONT,4747.056155,4755.03,0.168,PASS,,,
4.9_+_UP_CHILLER_AND_2.5~L7.5~W2.6~H2.56~srd, 4.9 & UP CHILLER AND 2.5 WIDE ,27,CHILLER LARGE,srd,7.5,2.6,2.56,SRD,SRD,4955.107829,4116.3,16.928,ACCEPTED,,BOTH EPS (-778.75) [ZERO_FORMULA],[MES] SRD EPS line formula ends in *0 (ZERO_FORMULA) on the chillers: EPS on a single rear door prices at R0 (-R400 to -R780); the 4MM PF PLYWOOD / GLUE LINE rows under SRD are R0 on Burt's side instead.
4.9_+_UP_CHILLER_AND_2.5~L7.5~W2.6~H2.56~srd, 4.9 & UP CHILLER AND 2.5 WIDE ,27,CHILLER LARGE,srd,7.5,2.6,2.56,SRD DOOR FITTINGS,SRD DOOR FITTINGS,6731.60454,7167.23,6.471,ACCEPTED,,MISSING_IN_MES 28780 BIG VERTICAL (-763.29),"[DATA] SRD DOOR FITTINGS on every body: MES CSLB HINGES R293.46 x2 (Excel R146.73 x2 - the pair price applied per hinge) and SILPLUS X WHITE R232.30 (Excel R116.15); per body also 34MM LOCKING POLE R126 (Excel R42), 28782 BIG HORIZ CAPPING R197.20 (Excel R240.58), ALU CORNERS R45 (Excel R54.90), 28780 BIG VERTICAL renamed 28778; Burt prices 2317 DOOR RUBBER / 28777 DOOR CAPPING at R0 on some sheets."
4.9_+_UP_CHILLER_AND_2.5~L7.5~W2.6~H2.56~srd, 4.9 & UP CHILLER AND 2.5 WIDE ,27,CHILLER LARGE,srd,7.5,2.6,2.56,DRD,,0.0,,,SKIP,,,
4.9_+_UP_CHILLER_AND_2.5~L7.5~W2.6~H2.56~srd, 4.9 & UP CHILLER AND 2.5 WIDE ,27,CHILLER LARGE,srd,7.5,2.6,2.56,DRD DOOR FITTINGS,,0.0,,,SKIP,,,
4.9_+_UP_CHILLER_AND_2.5~L7.5~W2.6~H2.56~srd, 4.9 & UP CHILLER AND 2.5 WIDE ,27,CHILLER LARGE,srd,7.5,2.6,2.56,SIDES,SIDES,27809.958949,27772.2,0.136,PASS,,,
4.9_+_UP_CHILLER_AND_2.5~L7.5~W2.6~H2.56~srd, 4.9 & UP CHILLER AND 2.5 WIDE ,27,CHILLER LARGE,srd,7.5,2.6,2.56,ROOF,ROOF,14917.180665,14876.77,0.271,PASS,,,
4.9_+_UP_CHILLER_AND_2.5~L7.5~W2.6~H2.56~srd, 4.9 & UP CHILLER AND 2.5 WIDE ,27,CHILLER LARGE,srd,7.5,2.6,2.56,FLOOR,FLOOR,24793.623991,24793.62,0.0,PASS,,,
4.9_+_UP_CHILLER_AND_2.5~L7.5~W2.6~H2.56~srd, 4.9 & UP CHILLER AND 2.5 WIDE ,27,CHILLER LARGE,srd,7.5,2.6,2.56,ALUMINIUM,ALUMINIUM,14138.652767,14138.65,0.0,PASS,,,
4.9_+_UP_CHILLER_AND_2.5~L7.5~W2.6~H2.56~srd, 4.9 & UP CHILLER AND 2.5 WIDE ,27,CHILLER LARGE,srd,7.5,2.6,2.56,SUB FRAME + LIGHT BOX ASSY,SUB FRAME + LIGHT BOX ASSY,9263.223068,9023.51,2.588,ACCEPTED,,MISSING_IN_MES 1MM GALV PLATE (-239.72),[DATA] Excel line 1MM GALV PLATE (R157-R240) has no MES line on this body.
4.9_+_UP_CHILLER_AND_2.5~L7.5~W2.6~H2.56~srd, 4.9 & UP CHILLER AND 2.5 WIDE ,27,CHILLER LARGE,srd,7.5,2.6,2.56,REAR FRAME + FLOOR PLATE,REAR FRAME & FLOOR PLATE,0.0,5502.42,,ACCEPTED,EXTRA_IN_MES,,"[RULING] Burt gates REAR FRAME + FLOOR PLATE on the DRD flags, so a single-rear-door body carries R0 there; MES always includes the section (R2.4k-R5.5k). Which is right needs Burt/Michael."
4.9_+_UP_CHILLER_AND_2.5~L7.5~W2.6~H2.56~srd, 4.9 & UP CHILLER AND 2.5 WIDE ,27,CHILLER LARGE,srd,7.5,2.6,2.56,SPRAY PAINTING,SPRAY PAINTING,750.0,750.0,0.0,PASS,,,
4.9_+_UP_CHILLER_AND_2.5~L7.5~W2.6~H2.56~srd, 4.9 & UP CHILLER AND 2.5 WIDE ,27,CHILLER LARGE,srd,7.5,2.6,2.56,REFLEXITE TAPE,REFLEXITE TAPE,319.5,319.5,0.0,PASS,,,
4.9_+_UP_CHILLER_AND_2.5~L7.5~W2.6~H2.56~drd, 4.9 & UP CHILLER AND 2.5 WIDE ,27,CHILLER LARGE,drd,7.5,2.6,2.56,FRONT,FRONT,4747.056155,4755.03,0.168,PASS,,,
4.9_+_UP_CHILLER_AND_2.5~L7.5~W2.6~H2.56~drd, 4.9 & UP CHILLER AND 2.5 WIDE ,27,CHILLER LARGE,drd,7.5,2.6,2.56,SRD,,0.0,,,SKIP,,,
4.9_+_UP_CHILLER_AND_2.5~L7.5~W2.6~H2.56~drd, 4.9 & UP CHILLER AND 2.5 WIDE ,27,CHILLER LARGE,drd,7.5,2.6,2.56,SRD DOOR FITTINGS,,0.0,,,SKIP,,,
4.9_+_UP_CHILLER_AND_2.5~L7.5~W2.6~H2.56~drd, 4.9 & UP CHILLER AND 2.5 WIDE ,27,CHILLER LARGE,drd,7.5,2.6,2.56,DRD,DRD,5907.123728,5787.06,2.033,ACCEPTED,,GROUP_DIFF 130*62MM TAPPING BLOCKS ~ 2 MES line(s) (-120.00),"[DATA] 130*62MM TAPPING BLOCKS: Excel 2 x R234 per size (R936 a double door) vs MES 6 x R68 per size (R816): R60 per size, 1-3 % of the door section."
4.9_+_UP_CHILLER_AND_2.5~L7.5~W2.6~H2.56~drd, 4.9 & UP CHILLER AND 2.5 WIDE ,27,CHILLER LARGE,drd,7.5,2.6,2.56,DRD DOOR FITTINGS,DRD DOOR FITTINGS,6247.51278,6247.51,0.0,PASS,,,
4.9_+_UP_CHILLER_AND_2.5~L7.5~W2.6~H2.56~drd, 4.9 & UP CHILLER AND 2.5 WIDE ,27,CHILLER LARGE,drd,7.5,2.6,2.56,SIDES,SIDES,27809.958949,27772.2,0.136,PASS,,,
4.9_+_UP_CHILLER_AND_2.5~L7.5~W2.6~H2.56~drd, 4.9 & UP CHILLER AND 2.5 WIDE ,27,CHILLER LARGE,drd,7.5,2.6,2.56,ROOF,ROOF,14917.180665,14876.77,0.271,PASS,,,
4.9_+_UP_CHILLER_AND_2.5~L7.5~W2.6~H2.56~drd, 4.9 & UP CHILLER AND 2.5 WIDE ,27,CHILLER LARGE,drd,7.5,2.6,2.56,FLOOR,FLOOR,24793.623991,24793.62,0.0,PASS,,,
4.9_+_UP_CHILLER_AND_2.5~L7.5~W2.6~H2.56~drd, 4.9 & UP CHILLER AND 2.5 WIDE ,27,CHILLER LARGE,drd,7.5,2.6,2.56,ALUMINIUM,ALUMINIUM,14138.652767,14138.65,0.0,PASS,,,
4.9_+_UP_CHILLER_AND_2.5~L7.5~W2.6~H2.56~drd, 4.9 & UP CHILLER AND 2.5 WIDE ,27,CHILLER LARGE,drd,7.5,2.6,2.56,SUB FRAME + LIGHT BOX ASSY,SUB FRAME + LIGHT BOX ASSY,9263.223068,9023.51,2.588,ACCEPTED,,MISSING_IN_MES 1MM GALV PLATE (-239.72),[DATA] Excel line 1MM GALV PLATE (R157-R240) has no MES line on this body.
4.9_+_UP_CHILLER_AND_2.5~L7.5~W2.6~H2.56~drd, 4.9 & UP CHILLER AND 2.5 WIDE ,27,CHILLER LARGE,drd,7.5,2.6,2.56,REAR FRAME + FLOOR PLATE,REAR FRAME & FLOOR PLATE,5502.400241,5502.42,0.0,PASS,,,
4.9_+_UP_CHILLER_AND_2.5~L7.5~W2.6~H2.56~drd, 4.9 & UP CHILLER AND 2.5 WIDE ,27,CHILLER LARGE,drd,7.5,2.6,2.56,SPRAY PAINTING,SPRAY PAINTING,750.0,750.0,0.0,PASS,,,
4.9_+_UP_CHILLER_AND_2.5~L7.5~W2.6~H2.56~drd, 4.9 & UP CHILLER AND 2.5 WIDE ,27,CHILLER LARGE,drd,7.5,2.6,2.56,REFLEXITE TAPE,REFLEXITE TAPE,319.5,319.5,0.0,PASS,,,
4.9_+_UP_CHILLER_AND_2.5~L7.5~W2.6~H2.56~foam_4g, 4.9 & UP CHILLER AND 2.5 WIDE ,27,CHILLER LARGE,foam_4g,7.5,2.6,2.56,FRONT,FRONT,4747.056155,4755.03,0.168,PASS,,,
4.9_+_UP_CHILLER_AND_2.5~L7.5~W2.6~H2.56~foam_4g, 4.9 & UP CHILLER AND 2.5 WIDE ,27,CHILLER LARGE,foam_4g,7.5,2.6,2.56,SRD,,0.0,,,SKIP,,,
4.9_+_UP_CHILLER_AND_2.5~L7.5~W2.6~H2.56~foam_4g, 4.9 & UP CHILLER AND 2.5 WIDE ,27,CHILLER LARGE,foam_4g,7.5,2.6,2.56,SRD DOOR FITTINGS,,0.0,,,SKIP,,,
4.9_+_UP_CHILLER_AND_2.5~L7.5~W2.6~H2.56~foam_4g, 4.9 & UP CHILLER AND 2.5 WIDE ,27,CHILLER LARGE,foam_4g,7.5,2.6,2.56,DRD,DRD,5907.123728,5787.06,2.033,ACCEPTED,,GROUP_DIFF 130*62MM TAPPING BLOCKS ~ 2 MES line(s) (-120.00),"[DATA] 130*62MM TAPPING BLOCKS: Excel 2 x R234 per size (R936 a double door) vs MES 6 x R68 per size (R816): R60 per size, 1-3 % of the door section."
4.9_+_UP_CHILLER_AND_2.5~L7.5~W2.6~H2.56~foam_4g, 4.9 & UP CHILLER AND 2.5 WIDE ,27,CHILLER LARGE,foam_4g,7.5,2.6,2.56,DRD DOOR FITTINGS,DRD DOOR FITTINGS,6247.51278,6247.51,0.0,PASS,,,
4.9_+_UP_CHILLER_AND_2.5~L7.5~W2.6~H2.56~foam_4g, 4.9 & UP CHILLER AND 2.5 WIDE ,27,CHILLER LARGE,foam_4g,7.5,2.6,2.56,SIDES,SIDES,27809.958949,27772.2,0.136,PASS,,,
4.9_+_UP_CHILLER_AND_2.5~L7.5~W2.6~H2.56~foam_4g, 4.9 & UP CHILLER AND 2.5 WIDE ,27,CHILLER LARGE,foam_4g,7.5,2.6,2.56,ROOF,ROOF,14917.180665,14876.77,0.271,PASS,,,
4.9_+_UP_CHILLER_AND_2.5~L7.5~W2.6~H2.56~foam_4g, 4.9 & UP CHILLER AND 2.5 WIDE ,27,CHILLER LARGE,foam_4g,7.5,2.6,2.56,FLOOR,FLOOR,24793.623991,24793.62,0.0,PASS,,,
4.9_+_UP_CHILLER_AND_2.5~L7.5~W2.6~H2.56~foam_4g, 4.9 & UP CHILLER AND 2.5 WIDE ,27,CHILLER LARGE,foam_4g,7.5,2.6,2.56,ALUMINIUM,ALUMINIUM,14138.652767,14138.65,0.0,PASS,,,
4.9_+_UP_CHILLER_AND_2.5~L7.5~W2.6~H2.56~foam_4g, 4.9 & UP CHILLER AND 2.5 WIDE ,27,CHILLER LARGE,foam_4g,7.5,2.6,2.56,SUB FRAME + LIGHT BOX ASSY,SUB FRAME + LIGHT BOX ASSY,9263.223068,9023.51,2.588,ACCEPTED,,MISSING_IN_MES 1MM GALV PLATE (-239.72),[DATA] Excel line 1MM GALV PLATE (R157-R240) has no MES line on this body.
4.9_+_UP_CHILLER_AND_2.5~L7.5~W2.6~H2.56~foam_4g, 4.9 & UP CHILLER AND 2.5 WIDE ,27,CHILLER LARGE,foam_4g,7.5,2.6,2.56,REAR FRAME + FLOOR PLATE,REAR FRAME & FLOOR PLATE,5502.400241,5502.42,0.0,PASS,,,
4.9_+_UP_CHILLER_AND_2.5~L7.5~W2.6~H2.56~foam_4g, 4.9 & UP CHILLER AND 2.5 WIDE ,27,CHILLER LARGE,foam_4g,7.5,2.6,2.56,SPRAY PAINTING,SPRAY PAINTING,750.0,750.0,0.0,PASS,,,
4.9_+_UP_CHILLER_AND_2.5~L7.5~W2.6~H2.56~foam_4g, 4.9 & UP CHILLER AND 2.5 WIDE ,27,CHILLER LARGE,foam_4g,7.5,2.6,2.56,REFLEXITE TAPE,REFLEXITE TAPE,319.5,319.5,0.0,PASS,,,
4.9_+_UP_CHILLER_AND_2.5~L8.5~W2.5~H2.56~as_sheet, 4.9 & UP CHILLER AND 2.5 WIDE ,27,CHILLER LARGE,as_sheet,8.5,2.5,2.56,FRONT,FRONT,4566.529064,4574.34,0.171,PASS,,,
4.9_+_UP_CHILLER_AND_2.5~L8.5~W2.5~H2.56~as_sheet, 4.9 & UP CHILLER AND 2.5 WIDE ,27,CHILLER LARGE,as_sheet,8.5,2.5,2.56,SRD,,0.0,,,SKIP,,,
4.9_+_UP_CHILLER_AND_2.5~L8.5~W2.5~H2.56~as_sheet, 4.9 & UP CHILLER AND 2.5 WIDE ,27,CHILLER LARGE,as_sheet,8.5,2.5,2.56,SRD DOOR FITTINGS,,0.0,,,SKIP,,,
4.9_+_UP_CHILLER_AND_2.5~L8.5~W2.5~H2.56~as_sheet, 4.9 & UP CHILLER AND 2.5 WIDE ,27,CHILLER LARGE,as_sheet,8.5,2.5,2.56,DRD,DRD,5715.188449,5595.13,2.101,ACCEPTED,,GROUP_DIFF 130*62MM TAPPING BLOCKS ~ 2 MES line(s) (-120.00),"[DATA] 130*62MM TAPPING BLOCKS: Excel 2 x R234 per size (R936 a double door) vs MES 6 x R68 per size (R816): R60 per size, 1-3 % of the door section."
4.9_+_UP_CHILLER_AND_2.5~L8.5~W2.5~H2.56~as_sheet, 4.9 & UP CHILLER AND 2.5 WIDE ,27,CHILLER LARGE,as_sheet,8.5,2.5,2.56,DRD DOOR FITTINGS,DRD DOOR FITTINGS,6200.61678,6200.62,0.0,PASS,,,
4.9_+_UP_CHILLER_AND_2.5~L8.5~W2.5~H2.56~as_sheet, 4.9 & UP CHILLER AND 2.5 WIDE ,27,CHILLER LARGE,as_sheet,8.5,2.5,2.56,SIDES,SIDES,31420.500776,31378.97,0.132,PASS,,,
4.9_+_UP_CHILLER_AND_2.5~L8.5~W2.5~H2.56~as_sheet, 4.9 & UP CHILLER AND 2.5 WIDE ,27,CHILLER LARGE,as_sheet,8.5,2.5,2.56,ROOF,ROOF,16250.929799,16206.95,0.271,PASS,,,
4.9_+_UP_CHILLER_AND_2.5~L8.5~W2.5~H2.56~as_sheet, 4.9 & UP CHILLER AND 2.5 WIDE ,27,CHILLER LARGE,as_sheet,8.5,2.5,2.56,FLOOR,FLOOR,27042.992014,27042.99,0.0,PASS,,,
4.9_+_UP_CHILLER_AND_2.5~L8.5~W2.5~H2.56~as_sheet, 4.9 & UP CHILLER AND 2.5 WIDE ,27,CHILLER LARGE,as_sheet,8.5,2.5,2.56,ALUMINIUM,ALUMINIUM,15571.0251,15571.03,0.0,PASS,,,
4.9_+_UP_CHILLER_AND_2.5~L8.5~W2.5~H2.56~as_sheet, 4.9 & UP CHILLER AND 2.5 WIDE ,27,CHILLER LARGE,as_sheet,8.5,2.5,2.56,SUB FRAME + LIGHT BOX ASSY,SUB FRAME + LIGHT BOX ASSY,9749.223068,9509.51,2.459,ACCEPTED,,MISSING_IN_MES 1MM GALV PLATE (-239.72),[DATA] Excel line 1MM GALV PLATE (R157-R240) has no MES line on this body.
4.9_+_UP_CHILLER_AND_2.5~L8.5~W2.5~H2.56~as_sheet, 4.9 & UP CHILLER AND 2.5 WIDE ,27,CHILLER LARGE,as_sheet,8.5,2.5,2.56,REAR FRAME + FLOOR PLATE,REAR FRAME & FLOOR PLATE,5472.944561,5472.97,0.0,PASS,,,
4.9_+_UP_CHILLER_AND_2.5~L8.5~W2.5~H2.56~as_sheet, 4.9 & UP CHILLER AND 2.5 WIDE ,27,CHILLER LARGE,as_sheet,8.5,2.5,2.56,SPRAY PAINTING,SPRAY PAINTING,750.0,750.0,0.0,PASS,,,
4.9_+_UP_CHILLER_AND_2.5~L8.5~W2.5~H2.56~as_sheet, 4.9 & UP CHILLER AND 2.5 WIDE ,27,CHILLER LARGE,as_sheet,8.5,2.5,2.56,REFLEXITE TAPE,REFLEXITE TAPE,353.7,353.7,0.0,PASS,,,
4.9_+_UP_CHILLER_AND_2.5~L8.5~W2.5~H2.56~all_eps, 4.9 & UP CHILLER AND 2.5 WIDE ,27,CHILLER LARGE,all_eps,8.5,2.5,2.56,FRONT,FRONT,4566.529064,4574.34,0.171,PASS,,,
4.9_+_UP_CHILLER_AND_2.5~L8.5~W2.5~H2.56~all_eps, 4.9 & UP CHILLER AND 2.5 WIDE ,27,CHILLER LARGE,all_eps,8.5,2.5,2.56,SRD,,0.0,,,SKIP,,,
4.9_+_UP_CHILLER_AND_2.5~L8.5~W2.5~H2.56~all_eps, 4.9 & UP CHILLER AND 2.5 WIDE ,27,CHILLER LARGE,all_eps,8.5,2.5,2.56,SRD DOOR FITTINGS,,0.0,,,SKIP,,,
4.9_+_UP_CHILLER_AND_2.5~L8.5~W2.5~H2.56~all_eps, 4.9 & UP CHILLER AND 2.5 WIDE ,27,CHILLER LARGE,all_eps,8.5,2.5,2.56,DRD,DRD,5715.188449,5595.13,2.101,ACCEPTED,,GROUP_DIFF 130*62MM TAPPING BLOCKS ~ 2 MES line(s) (-120.00),"[DATA] 130*62MM TAPPING BLOCKS: Excel 2 x R234 per size (R936 a double door) vs MES 6 x R68 per size (R816): R60 per size, 1-3 % of the door section."
4.9_+_UP_CHILLER_AND_2.5~L8.5~W2.5~H2.56~all_eps, 4.9 & UP CHILLER AND 2.5 WIDE ,27,CHILLER LARGE,all_eps,8.5,2.5,2.56,DRD DOOR FITTINGS,DRD DOOR FITTINGS,6200.61678,6200.62,0.0,PASS,,,
4.9_+_UP_CHILLER_AND_2.5~L8.5~W2.5~H2.56~all_eps, 4.9 & UP CHILLER AND 2.5 WIDE ,27,CHILLER LARGE,all_eps,8.5,2.5,2.56,SIDES,SIDES,31420.500776,31378.97,0.132,PASS,,,
4.9_+_UP_CHILLER_AND_2.5~L8.5~W2.5~H2.56~all_eps, 4.9 & UP CHILLER AND 2.5 WIDE ,27,CHILLER LARGE,all_eps,8.5,2.5,2.56,ROOF,ROOF,16250.929799,16206.95,0.271,PASS,,,
4.9_+_UP_CHILLER_AND_2.5~L8.5~W2.5~H2.56~all_eps, 4.9 & UP CHILLER AND 2.5 WIDE ,27,CHILLER LARGE,all_eps,8.5,2.5,2.56,FLOOR,FLOOR,27042.992014,27042.99,0.0,PASS,,,
4.9_+_UP_CHILLER_AND_2.5~L8.5~W2.5~H2.56~all_eps, 4.9 & UP CHILLER AND 2.5 WIDE ,27,CHILLER LARGE,all_eps,8.5,2.5,2.56,ALUMINIUM,ALUMINIUM,15571.0251,15571.03,0.0,PASS,,,
4.9_+_UP_CHILLER_AND_2.5~L8.5~W2.5~H2.56~all_eps, 4.9 & UP CHILLER AND 2.5 WIDE ,27,CHILLER LARGE,all_eps,8.5,2.5,2.56,SUB FRAME + LIGHT BOX ASSY,SUB FRAME + LIGHT BOX ASSY,9749.223068,9509.51,2.459,ACCEPTED,,MISSING_IN_MES 1MM GALV PLATE (-239.72),[DATA] Excel line 1MM GALV PLATE (R157-R240) has no MES line on this body.
4.9_+_UP_CHILLER_AND_2.5~L8.5~W2.5~H2.56~all_eps, 4.9 & UP CHILLER AND 2.5 WIDE ,27,CHILLER LARGE,all_eps,8.5,2.5,2.56,REAR FRAME + FLOOR PLATE,REAR FRAME & FLOOR PLATE,5472.944561,5472.97,0.0,PASS,,,
4.9_+_UP_CHILLER_AND_2.5~L8.5~W2.5~H2.56~all_eps, 4.9 & UP CHILLER AND 2.5 WIDE ,27,CHILLER LARGE,all_eps,8.5,2.5,2.56,SPRAY PAINTING,SPRAY PAINTING,750.0,750.0,0.0,PASS,,,
4.9_+_UP_CHILLER_AND_2.5~L8.5~W2.5~H2.56~all_eps, 4.9 & UP CHILLER AND 2.5 WIDE ,27,CHILLER LARGE,all_eps,8.5,2.5,2.56,REFLEXITE TAPE,REFLEXITE TAPE,353.7,353.7,0.0,PASS,,,
4.9_+_UP_CHILLER_AND_2.5~L8.5~W2.5~H2.56~all_pu, 4.9 & UP CHILLER AND 2.5 WIDE ,27,CHILLER LARGE,all_pu,8.5,2.5,2.56,FRONT,FRONT,5108.324552,5107.72,0.012,PASS,,,
4.9_+_UP_CHILLER_AND_2.5~L8.5~W2.5~H2.56~all_pu, 4.9 & UP CHILLER AND 2.5 WIDE ,27,CHILLER LARGE,all_pu,8.5,2.5,2.56,SRD,,0.0,,,SKIP,,,
4.9_+_UP_CHILLER_AND_2.5~L8.5~W2.5~H2.56~all_pu, 4.9 & UP CHILLER AND 2.5 WIDE ,27,CHILLER LARGE,all_pu,8.5,2.5,2.56,SRD DOOR FITTINGS,,0.0,,,SKIP,,,
4.9_+_UP_CHILLER_AND_2.5~L8.5~W2.5~H2.56~all_pu, 4.9 & UP CHILLER AND 2.5 WIDE ,27,CHILLER LARGE,all_pu,8.5,2.5,2.56,DRD,DRD,5763.910795,28951.0,402.281,ACCEPTED,,BOTH PU (+23307.15),[MES] DRD PU line priced at the raw 32D rate (R4 100 x 2.98 sheets) instead of the per-sheet price Burt uses (R185.20/sheet): MES DRD +R11.6k (2.3 chiller) / +R23.3k (4.9 chiller) under PU.
4.9_+_UP_CHILLER_AND_2.5~L8.5~W2.5~H2.56~all_pu, 4.9 & UP CHILLER AND 2.5 WIDE ,27,CHILLER LARGE,all_pu,8.5,2.5,2.56,DRD DOOR FITTINGS,DRD DOOR FITTINGS,6304.22746,6287.66,0.263,PASS,,,
4.9_+_UP_CHILLER_AND_2.5~L8.5~W2.5~H2.56~all_pu, 4.9 & UP CHILLER AND 2.5 WIDE ,27,CHILLER LARGE,all_pu,8.5,2.5,2.56,SIDES,SIDES,35154.758315,26115.51,25.713,ACCEPTED,,BOTH PU (-7727.32) [ZERO_FORMULA],"[MES] chiller PU insulation lines carry a literal x0 quantity formula (2.44*1.22*0*2, 1.22*2.44*0*(length+{Waste})/1.22): PU prices at R0 on FRONT/SIDES/ROOF/FLOOR (ZERO_FORMULA); the icecream/freezer bodies use {PANEL PU} tokens and price live. SIDES/ROOF/FLOOR skins also hard-code both roof and floor deductions where Burt's cells deduct only the roof under PU."
4.9_+_UP_CHILLER_AND_2.5~L8.5~W2.5~H2.56~all_pu, 4.9 & UP CHILLER AND 2.5 WIDE ,27,CHILLER LARGE,all_pu,8.5,2.5,2.56,ROOF,ROOF,16653.585959,11715.64,29.651,ACCEPTED,,BOTH PU (-4893.97) [ZERO_FORMULA],"[MES] chiller PU insulation lines carry a literal x0 quantity formula (2.44*1.22*0*2, 1.22*2.44*0*(length+{Waste})/1.22): PU prices at R0 on FRONT/SIDES/ROOF/FLOOR (ZERO_FORMULA); the icecream/freezer bodies use {PANEL PU} tokens and price live. SIDES/ROOF/FLOOR skins also hard-code both roof and floor deductions where Burt's cells deduct only the roof under PU."
4.9_+_UP_CHILLER_AND_2.5~L8.5~W2.5~H2.56~all_pu, 4.9 & UP CHILLER AND 2.5 WIDE ,27,CHILLER LARGE,all_pu,8.5,2.5,2.56,FLOOR,FLOOR,27445.648174,22551.68,17.831,ACCEPTED,,BOTH PU (-4893.97) [ZERO_FORMULA],"[MES] chiller PU insulation lines carry a literal x0 quantity formula (2.44*1.22*0*2, 1.22*2.44*0*(length+{Waste})/1.22): PU prices at R0 on FRONT/SIDES/ROOF/FLOOR (ZERO_FORMULA); the icecream/freezer bodies use {PANEL PU} tokens and price live. SIDES/ROOF/FLOOR skins also hard-code both roof and floor deductions where Burt's cells deduct only the roof under PU."
4.9_+_UP_CHILLER_AND_2.5~L8.5~W2.5~H2.56~all_pu, 4.9 & UP CHILLER AND 2.5 WIDE ,27,CHILLER LARGE,all_pu,8.5,2.5,2.56,ALUMINIUM,ALUMINIUM,15571.0251,15571.03,0.0,PASS,,,
4.9_+_UP_CHILLER_AND_2.5~L8.5~W2.5~H2.56~all_pu, 4.9 & UP CHILLER AND 2.5 WIDE ,27,CHILLER LARGE,all_pu,8.5,2.5,2.56,SUB FRAME + LIGHT BOX ASSY,SUB FRAME + LIGHT BOX ASSY,9749.223068,9509.51,2.459,ACCEPTED,,MISSING_IN_MES 1MM GALV PLATE (-239.72),[DATA] Excel line 1MM GALV PLATE (R157-R240) has no MES line on this body.
4.9_+_UP_CHILLER_AND_2.5~L8.5~W2.5~H2.56~all_pu, 4.9 & UP CHILLER AND 2.5 WIDE ,27,CHILLER LARGE,all_pu,8.5,2.5,2.56,REAR FRAME + FLOOR PLATE,REAR FRAME & FLOOR PLATE,5472.944561,5472.97,0.0,PASS,,,
4.9_+_UP_CHILLER_AND_2.5~L8.5~W2.5~H2.56~all_pu, 4.9 & UP CHILLER AND 2.5 WIDE ,27,CHILLER LARGE,all_pu,8.5,2.5,2.56,SPRAY PAINTING,SPRAY PAINTING,750.0,750.0,0.0,PASS,,,
4.9_+_UP_CHILLER_AND_2.5~L8.5~W2.5~H2.56~all_pu, 4.9 & UP CHILLER AND 2.5 WIDE ,27,CHILLER LARGE,all_pu,8.5,2.5,2.56,REFLEXITE TAPE,REFLEXITE TAPE,353.7,353.7,0.0,PASS,,,
4.9_+_UP_CHILLER_AND_2.5~L8.5~W2.5~H2.56~srd, 4.9 & UP CHILLER AND 2.5 WIDE ,27,CHILLER LARGE,srd,8.5,2.5,2.56,FRONT,FRONT,4566.529064,4574.34,0.171,PASS,,,
4.9_+_UP_CHILLER_AND_2.5~L8.5~W2.5~H2.56~srd, 4.9 & UP CHILLER AND 2.5 WIDE ,27,CHILLER LARGE,srd,8.5,2.5,2.56,SRD,SRD,4777.751788,3969.73,16.912,ACCEPTED,,BOTH EPS (-747.97) [ZERO_FORMULA],[MES] SRD EPS line formula ends in *0 (ZERO_FORMULA) on the chillers: EPS on a single rear door prices at R0 (-R400 to -R780); the 4MM PF PLYWOOD / GLUE LINE rows under SRD are R0 on Burt's side instead.
4.9_+_UP_CHILLER_AND_2.5~L8.5~W2.5~H2.56~srd, 4.9 & UP CHILLER AND 2.5 WIDE ,27,CHILLER LARGE,srd,8.5,2.5,2.56,SRD DOOR FITTINGS,SRD DOOR FITTINGS,6683.48854,7127.79,6.648,ACCEPTED,,MISSING_IN_MES 28780 BIG VERTICAL (-763.29),"[DATA] SRD DOOR FITTINGS on every body: MES CSLB HINGES R293.46 x2 (Excel R146.73 x2 - the pair price applied per hinge) and SILPLUS X WHITE R232.30 (Excel R116.15); per body also 34MM LOCKING POLE R126 (Excel R42), 28782 BIG HORIZ CAPPING R197.20 (Excel R240.58), ALU CORNERS R45 (Excel R54.90), 28780 BIG VERTICAL renamed 28778; Burt prices 2317 DOOR RUBBER / 28777 DOOR CAPPING at R0 on some sheets."
4.9_+_UP_CHILLER_AND_2.5~L8.5~W2.5~H2.56~srd, 4.9 & UP CHILLER AND 2.5 WIDE ,27,CHILLER LARGE,srd,8.5,2.5,2.56,DRD,,0.0,,,SKIP,,,
4.9_+_UP_CHILLER_AND_2.5~L8.5~W2.5~H2.56~srd, 4.9 & UP CHILLER AND 2.5 WIDE ,27,CHILLER LARGE,srd,8.5,2.5,2.56,DRD DOOR FITTINGS,,0.0,,,SKIP,,,
4.9_+_UP_CHILLER_AND_2.5~L8.5~W2.5~H2.56~srd, 4.9 & UP CHILLER AND 2.5 WIDE ,27,CHILLER LARGE,srd,8.5,2.5,2.56,SIDES,SIDES,31420.500776,31378.97,0.132,PASS,,,
4.9_+_UP_CHILLER_AND_2.5~L8.5~W2.5~H2.56~srd, 4.9 & UP CHILLER AND 2.5 WIDE ,27,CHILLER LARGE,srd,8.5,2.5,2.56,ROOF,ROOF,16250.929799,16206.95,0.271,PASS,,,
4.9_+_UP_CHILLER_AND_2.5~L8.5~W2.5~H2.56~srd, 4.9 & UP CHILLER AND 2.5 WIDE ,27,CHILLER LARGE,srd,8.5,2.5,2.56,FLOOR,FLOOR,27042.992014,27042.99,0.0,PASS,,,
4.9_+_UP_CHILLER_AND_2.5~L8.5~W2.5~H2.56~srd, 4.9 & UP CHILLER AND 2.5 WIDE ,27,CHILLER LARGE,srd,8.5,2.5,2.56,ALUMINIUM,ALUMINIUM,15571.0251,15571.03,0.0,PASS,,,
4.9_+_UP_CHILLER_AND_2.5~L8.5~W2.5~H2.56~srd, 4.9 & UP CHILLER AND 2.5 WIDE ,27,CHILLER LARGE,srd,8.5,2.5,2.56,SUB FRAME + LIGHT BOX ASSY,SUB FRAME + LIGHT BOX ASSY,9749.223068,9509.51,2.459,ACCEPTED,,MISSING_IN_MES 1MM GALV PLATE (-239.72),[DATA] Excel line 1MM GALV PLATE (R157-R240) has no MES line on this body.
4.9_+_UP_CHILLER_AND_2.5~L8.5~W2.5~H2.56~srd, 4.9 & UP CHILLER AND 2.5 WIDE ,27,CHILLER LARGE,srd,8.5,2.5,2.56,REAR FRAME + FLOOR PLATE,REAR FRAME & FLOOR PLATE,0.0,5472.97,,ACCEPTED,EXTRA_IN_MES,,"[RULING] Burt gates REAR FRAME + FLOOR PLATE on the DRD flags, so a single-rear-door body carries R0 there; MES always includes the section (R2.4k-R5.5k). Which is right needs Burt/Michael."
4.9_+_UP_CHILLER_AND_2.5~L8.5~W2.5~H2.56~srd, 4.9 & UP CHILLER AND 2.5 WIDE ,27,CHILLER LARGE,srd,8.5,2.5,2.56,SPRAY PAINTING,SPRAY PAINTING,750.0,750.0,0.0,PASS,,,
4.9_+_UP_CHILLER_AND_2.5~L8.5~W2.5~H2.56~srd, 4.9 & UP CHILLER AND 2.5 WIDE ,27,CHILLER LARGE,srd,8.5,2.5,2.56,REFLEXITE TAPE,REFLEXITE TAPE,353.7,353.7,0.0,PASS,,,
4.9_+_UP_CHILLER_AND_2.5~L8.5~W2.5~H2.56~drd, 4.9 & UP CHILLER AND 2.5 WIDE ,27,CHILLER LARGE,drd,8.5,2.5,2.56,FRONT,FRONT,4566.529064,4574.34,0.171,PASS,,,
4.9_+_UP_CHILLER_AND_2.5~L8.5~W2.5~H2.56~drd, 4.9 & UP CHILLER AND 2.5 WIDE ,27,CHILLER LARGE,drd,8.5,2.5,2.56,SRD,,0.0,,,SKIP,,,
4.9_+_UP_CHILLER_AND_2.5~L8.5~W2.5~H2.56~drd, 4.9 & UP CHILLER AND 2.5 WIDE ,27,CHILLER LARGE,drd,8.5,2.5,2.56,SRD DOOR FITTINGS,,0.0,,,SKIP,,,
4.9_+_UP_CHILLER_AND_2.5~L8.5~W2.5~H2.56~drd, 4.9 & UP CHILLER AND 2.5 WIDE ,27,CHILLER LARGE,drd,8.5,2.5,2.56,DRD,DRD,5715.188449,5595.13,2.101,ACCEPTED,,GROUP_DIFF 130*62MM TAPPING BLOCKS ~ 2 MES line(s) (-120.00),"[DATA] 130*62MM TAPPING BLOCKS: Excel 2 x R234 per size (R936 a double door) vs MES 6 x R68 per size (R816): R60 per size, 1-3 % of the door section."
4.9_+_UP_CHILLER_AND_2.5~L8.5~W2.5~H2.56~drd, 4.9 & UP CHILLER AND 2.5 WIDE ,27,CHILLER LARGE,drd,8.5,2.5,2.56,DRD DOOR FITTINGS,DRD DOOR FITTINGS,6200.61678,6200.62,0.0,PASS,,,
4.9_+_UP_CHILLER_AND_2.5~L8.5~W2.5~H2.56~drd, 4.9 & UP CHILLER AND 2.5 WIDE ,27,CHILLER LARGE,drd,8.5,2.5,2.56,SIDES,SIDES,31420.500776,31378.97,0.132,PASS,,,
4.9_+_UP_CHILLER_AND_2.5~L8.5~W2.5~H2.56~drd, 4.9 & UP CHILLER AND 2.5 WIDE ,27,CHILLER LARGE,drd,8.5,2.5,2.56,ROOF,ROOF,16250.929799,16206.95,0.271,PASS,,,
4.9_+_UP_CHILLER_AND_2.5~L8.5~W2.5~H2.56~drd, 4.9 & UP CHILLER AND 2.5 WIDE ,27,CHILLER LARGE,drd,8.5,2.5,2.56,FLOOR,FLOOR,27042.992014,27042.99,0.0,PASS,,,
4.9_+_UP_CHILLER_AND_2.5~L8.5~W2.5~H2.56~drd, 4.9 & UP CHILLER AND 2.5 WIDE ,27,CHILLER LARGE,drd,8.5,2.5,2.56,ALUMINIUM,ALUMINIUM,15571.0251,15571.03,0.0,PASS,,,
4.9_+_UP_CHILLER_AND_2.5~L8.5~W2.5~H2.56~drd, 4.9 & UP CHILLER AND 2.5 WIDE ,27,CHILLER LARGE,drd,8.5,2.5,2.56,SUB FRAME + LIGHT BOX ASSY,SUB FRAME + LIGHT BOX ASSY,9749.223068,9509.51,2.459,ACCEPTED,,MISSING_IN_MES 1MM GALV PLATE (-239.72),[DATA] Excel line 1MM GALV PLATE (R157-R240) has no MES line on this body.
4.9_+_UP_CHILLER_AND_2.5~L8.5~W2.5~H2.56~drd, 4.9 & UP CHILLER AND 2.5 WIDE ,27,CHILLER LARGE,drd,8.5,2.5,2.56,REAR FRAME + FLOOR PLATE,REAR FRAME & FLOOR PLATE,5472.944561,5472.97,0.0,PASS,,,
4.9_+_UP_CHILLER_AND_2.5~L8.5~W2.5~H2.56~drd, 4.9 & UP CHILLER AND 2.5 WIDE ,27,CHILLER LARGE,drd,8.5,2.5,2.56,SPRAY PAINTING,SPRAY PAINTING,750.0,750.0,0.0,PASS,,,
4.9_+_UP_CHILLER_AND_2.5~L8.5~W2.5~H2.56~drd, 4.9 & UP CHILLER AND 2.5 WIDE ,27,CHILLER LARGE,drd,8.5,2.5,2.56,REFLEXITE TAPE,REFLEXITE TAPE,353.7,353.7,0.0,PASS,,,
4.9_+_UP_CHILLER_AND_2.5~L8.5~W2.5~H2.56~foam_4g, 4.9 & UP CHILLER AND 2.5 WIDE ,27,CHILLER LARGE,foam_4g,8.5,2.5,2.56,FRONT,FRONT,4566.529064,4574.34,0.171,PASS,,,
4.9_+_UP_CHILLER_AND_2.5~L8.5~W2.5~H2.56~foam_4g, 4.9 & UP CHILLER AND 2.5 WIDE ,27,CHILLER LARGE,foam_4g,8.5,2.5,2.56,SRD,,0.0,,,SKIP,,,
4.9_+_UP_CHILLER_AND_2.5~L8.5~W2.5~H2.56~foam_4g, 4.9 & UP CHILLER AND 2.5 WIDE ,27,CHILLER LARGE,foam_4g,8.5,2.5,2.56,SRD DOOR FITTINGS,,0.0,,,SKIP,,,
4.9_+_UP_CHILLER_AND_2.5~L8.5~W2.5~H2.56~foam_4g, 4.9 & UP CHILLER AND 2.5 WIDE ,27,CHILLER LARGE,foam_4g,8.5,2.5,2.56,DRD,DRD,5715.188449,5595.13,2.101,ACCEPTED,,GROUP_DIFF 130*62MM TAPPING BLOCKS ~ 2 MES line(s) (-120.00),"[DATA] 130*62MM TAPPING BLOCKS: Excel 2 x R234 per size (R936 a double door) vs MES 6 x R68 per size (R816): R60 per size, 1-3 % of the door section."
4.9_+_UP_CHILLER_AND_2.5~L8.5~W2.5~H2.56~foam_4g, 4.9 & UP CHILLER AND 2.5 WIDE ,27,CHILLER LARGE,foam_4g,8.5,2.5,2.56,DRD DOOR FITTINGS,DRD DOOR FITTINGS,6200.61678,6200.62,0.0,PASS,,,
4.9_+_UP_CHILLER_AND_2.5~L8.5~W2.5~H2.56~foam_4g, 4.9 & UP CHILLER AND 2.5 WIDE ,27,CHILLER LARGE,foam_4g,8.5,2.5,2.56,SIDES,SIDES,31420.500776,31378.97,0.132,PASS,,,
4.9_+_UP_CHILLER_AND_2.5~L8.5~W2.5~H2.56~foam_4g, 4.9 & UP CHILLER AND 2.5 WIDE ,27,CHILLER LARGE,foam_4g,8.5,2.5,2.56,ROOF,ROOF,16250.929799,16206.95,0.271,PASS,,,
4.9_+_UP_CHILLER_AND_2.5~L8.5~W2.5~H2.56~foam_4g, 4.9 & UP CHILLER AND 2.5 WIDE ,27,CHILLER LARGE,foam_4g,8.5,2.5,2.56,FLOOR,FLOOR,27042.992014,27042.99,0.0,PASS,,,
4.9_+_UP_CHILLER_AND_2.5~L8.5~W2.5~H2.56~foam_4g, 4.9 & UP CHILLER AND 2.5 WIDE ,27,CHILLER LARGE,foam_4g,8.5,2.5,2.56,ALUMINIUM,ALUMINIUM,15571.0251,15571.03,0.0,PASS,,,
4.9_+_UP_CHILLER_AND_2.5~L8.5~W2.5~H2.56~foam_4g, 4.9 & UP CHILLER AND 2.5 WIDE ,27,CHILLER LARGE,foam_4g,8.5,2.5,2.56,SUB FRAME + LIGHT BOX ASSY,SUB FRAME + LIGHT BOX ASSY,9749.223068,9509.51,2.459,ACCEPTED,,MISSING_IN_MES 1MM GALV PLATE (-239.72),[DATA] Excel line 1MM GALV PLATE (R157-R240) has no MES line on this body.
4.9_+_UP_CHILLER_AND_2.5~L8.5~W2.5~H2.56~foam_4g, 4.9 & UP CHILLER AND 2.5 WIDE ,27,CHILLER LARGE,foam_4g,8.5,2.5,2.56,REAR FRAME + FLOOR PLATE,REAR FRAME & FLOOR PLATE,5472.944561,5472.97,0.0,PASS,,,
4.9_+_UP_CHILLER_AND_2.5~L8.5~W2.5~H2.56~foam_4g, 4.9 & UP CHILLER AND 2.5 WIDE ,27,CHILLER LARGE,foam_4g,8.5,2.5,2.56,SPRAY PAINTING,SPRAY PAINTING,750.0,750.0,0.0,PASS,,,
4.9_+_UP_CHILLER_AND_2.5~L8.5~W2.5~H2.56~foam_4g, 4.9 & UP CHILLER AND 2.5 WIDE ,27,CHILLER LARGE,foam_4g,8.5,2.5,2.56,REFLEXITE TAPE,REFLEXITE TAPE,353.7,353.7,0.0,PASS,,,
4.9_+_UP_CHILLER_AND_2.5~L8.5~W2.6~H2.56~as_sheet, 4.9 & UP CHILLER AND 2.5 WIDE ,27,CHILLER LARGE,as_sheet,8.5,2.6,2.56,FRONT,FRONT,4747.056155,4755.03,0.168,PASS,,,
4.9_+_UP_CHILLER_AND_2.5~L8.5~W2.6~H2.56~as_sheet, 4.9 & UP CHILLER AND 2.5 WIDE ,27,CHILLER LARGE,as_sheet,8.5,2.6,2.56,SRD,,0.0,,,SKIP,,,
4.9_+_UP_CHILLER_AND_2.5~L8.5~W2.6~H2.56~as_sheet, 4.9 & UP CHILLER AND 2.5 WIDE ,27,CHILLER LARGE,as_sheet,8.5,2.6,2.56,SRD DOOR FITTINGS,,0.0,,,SKIP,,,
4.9_+_UP_CHILLER_AND_2.5~L8.5~W2.6~H2.56~as_sheet, 4.9 & UP CHILLER AND 2.5 WIDE ,27,CHILLER LARGE,as_sheet,8.5,2.6,2.56,DRD,DRD,5907.123728,5787.06,2.033,ACCEPTED,,GROUP_DIFF 130*62MM TAPPING BLOCKS ~ 2 MES line(s) (-120.00),"[DATA] 130*62MM TAPPING BLOCKS: Excel 2 x R234 per size (R936 a double door) vs MES 6 x R68 per size (R816): R60 per size, 1-3 % of the door section."
4.9_+_UP_CHILLER_AND_2.5~L8.5~W2.6~H2.56~as_sheet, 4.9 & UP CHILLER AND 2.5 WIDE ,27,CHILLER LARGE,as_sheet,8.5,2.6,2.56,DRD DOOR FITTINGS,DRD DOOR FITTINGS,6247.51278,6247.51,0.0,PASS,,,
4.9_+_UP_CHILLER_AND_2.5~L8.5~W2.6~H2.56~as_sheet, 4.9 & UP CHILLER AND 2.5 WIDE ,27,CHILLER LARGE,as_sheet,8.5,2.6,2.56,SIDES,SIDES,31420.500776,31378.97,0.132,PASS,,,
4.9_+_UP_CHILLER_AND_2.5~L8.5~W2.6~H2.56~as_sheet, 4.9 & UP CHILLER AND 2.5 WIDE ,27,CHILLER LARGE,as_sheet,8.5,2.6,2.56,ROOF,ROOF,16858.442221,16814.06,0.263,PASS,,,
4.9_+_UP_CHILLER_AND_2.5~L8.5~W2.6~H2.56~as_sheet, 4.9 & UP CHILLER AND 2.5 WIDE ,27,CHILLER LARGE,as_sheet,8.5,2.6,2.56,FLOOR,FLOOR,27902.337196,27902.34,0.0,PASS,,,
4.9_+_UP_CHILLER_AND_2.5~L8.5~W2.6~H2.56~as_sheet, 4.9 & UP CHILLER AND 2.5 WIDE ,27,CHILLER LARGE,as_sheet,8.5,2.6,2.56,ALUMINIUM,ALUMINIUM,15606.772767,15606.77,0.0,PASS,,,
4.9_+_UP_CHILLER_AND_2.5~L8.5~W2.6~H2.56~as_sheet, 4.9 & UP CHILLER AND 2.5 WIDE ,27,CHILLER LARGE,as_sheet,8.5,2.6,2.56,SUB FRAME + LIGHT BOX ASSY,SUB FRAME + LIGHT BOX ASSY,9749.223068,9509.51,2.459,ACCEPTED,,MISSING_IN_MES 1MM GALV PLATE (-239.72),[DATA] Excel line 1MM GALV PLATE (R157-R240) has no MES line on this body.
4.9_+_UP_CHILLER_AND_2.5~L8.5~W2.6~H2.56~as_sheet, 4.9 & UP CHILLER AND 2.5 WIDE ,27,CHILLER LARGE,as_sheet,8.5,2.6,2.56,REAR FRAME + FLOOR PLATE,REAR FRAME & FLOOR PLATE,5502.400241,5502.42,0.0,PASS,,,
4.9_+_UP_CHILLER_AND_2.5~L8.5~W2.6~H2.56~as_sheet, 4.9 & UP CHILLER AND 2.5 WIDE ,27,CHILLER LARGE,as_sheet,8.5,2.6,2.56,SPRAY PAINTING,SPRAY PAINTING,750.0,750.0,0.0,PASS,,,
4.9_+_UP_CHILLER_AND_2.5~L8.5~W2.6~H2.56~as_sheet, 4.9 & UP CHILLER AND 2.5 WIDE ,27,CHILLER LARGE,as_sheet,8.5,2.6,2.56,REFLEXITE TAPE,REFLEXITE TAPE,355.5,355.5,0.0,PASS,,,
4.9_+_UP_CHILLER_AND_2.5~L8.5~W2.6~H2.56~all_eps, 4.9 & UP CHILLER AND 2.5 WIDE ,27,CHILLER LARGE,all_eps,8.5,2.6,2.56,FRONT,FRONT,4747.056155,4755.03,0.168,PASS,,,
4.9_+_UP_CHILLER_AND_2.5~L8.5~W2.6~H2.56~all_eps, 4.9 & UP CHILLER AND 2.5 WIDE ,27,CHILLER LARGE,all_eps,8.5,2.6,2.56,SRD,,0.0,,,SKIP,,,
4.9_+_UP_CHILLER_AND_2.5~L8.5~W2.6~H2.56~all_eps, 4.9 & UP CHILLER AND 2.5 WIDE ,27,CHILLER LARGE,all_eps,8.5,2.6,2.56,SRD DOOR FITTINGS,,0.0,,,SKIP,,,
4.9_+_UP_CHILLER_AND_2.5~L8.5~W2.6~H2.56~all_eps, 4.9 & UP CHILLER AND 2.5 WIDE ,27,CHILLER LARGE,all_eps,8.5,2.6,2.56,DRD,DRD,5907.123728,5787.06,2.033,ACCEPTED,,GROUP_DIFF 130*62MM TAPPING BLOCKS ~ 2 MES line(s) (-120.00),"[DATA] 130*62MM TAPPING BLOCKS: Excel 2 x R234 per size (R936 a double door) vs MES 6 x R68 per size (R816): R60 per size, 1-3 % of the door section."
4.9_+_UP_CHILLER_AND_2.5~L8.5~W2.6~H2.56~all_eps, 4.9 & UP CHILLER AND 2.5 WIDE ,27,CHILLER LARGE,all_eps,8.5,2.6,2.56,DRD DOOR FITTINGS,DRD DOOR FITTINGS,6247.51278,6247.51,0.0,PASS,,,
4.9_+_UP_CHILLER_AND_2.5~L8.5~W2.6~H2.56~all_eps, 4.9 & UP CHILLER AND 2.5 WIDE ,27,CHILLER LARGE,all_eps,8.5,2.6,2.56,SIDES,SIDES,31420.500776,31378.97,0.132,PASS,,,
4.9_+_UP_CHILLER_AND_2.5~L8.5~W2.6~H2.56~all_eps, 4.9 & UP CHILLER AND 2.5 WIDE ,27,CHILLER LARGE,all_eps,8.5,2.6,2.56,ROOF,ROOF,16858.442221,16814.06,0.263,PASS,,,
4.9_+_UP_CHILLER_AND_2.5~L8.5~W2.6~H2.56~all_eps, 4.9 & UP CHILLER AND 2.5 WIDE ,27,CHILLER LARGE,all_eps,8.5,2.6,2.56,FLOOR,FLOOR,27902.337196,27902.34,0.0,PASS,,,
4.9_+_UP_CHILLER_AND_2.5~L8.5~W2.6~H2.56~all_eps, 4.9 & UP CHILLER AND 2.5 WIDE ,27,CHILLER LARGE,all_eps,8.5,2.6,2.56,ALUMINIUM,ALUMINIUM,15606.772767,15606.77,0.0,PASS,,,
4.9_+_UP_CHILLER_AND_2.5~L8.5~W2.6~H2.56~all_eps, 4.9 & UP CHILLER AND 2.5 WIDE ,27,CHILLER LARGE,all_eps,8.5,2.6,2.56,SUB FRAME + LIGHT BOX ASSY,SUB FRAME + LIGHT BOX ASSY,9749.223068,9509.51,2.459,ACCEPTED,,MISSING_IN_MES 1MM GALV PLATE (-239.72),[DATA] Excel line 1MM GALV PLATE (R157-R240) has no MES line on this body.
4.9_+_UP_CHILLER_AND_2.5~L8.5~W2.6~H2.56~all_eps, 4.9 & UP CHILLER AND 2.5 WIDE ,27,CHILLER LARGE,all_eps,8.5,2.6,2.56,REAR FRAME + FLOOR PLATE,REAR FRAME & FLOOR PLATE,5502.400241,5502.42,0.0,PASS,,,
4.9_+_UP_CHILLER_AND_2.5~L8.5~W2.6~H2.56~all_eps, 4.9 & UP CHILLER AND 2.5 WIDE ,27,CHILLER LARGE,all_eps,8.5,2.6,2.56,SPRAY PAINTING,SPRAY PAINTING,750.0,750.0,0.0,PASS,,,
4.9_+_UP_CHILLER_AND_2.5~L8.5~W2.6~H2.56~all_eps, 4.9 & UP CHILLER AND 2.5 WIDE ,27,CHILLER LARGE,all_eps,8.5,2.6,2.56,REFLEXITE TAPE,REFLEXITE TAPE,355.5,355.5,0.0,PASS,,,
4.9_+_UP_CHILLER_AND_2.5~L8.5~W2.6~H2.56~all_pu, 4.9 & UP CHILLER AND 2.5 WIDE ,27,CHILLER LARGE,all_pu,8.5,2.6,2.56,FRONT,FRONT,5265.392232,5264.59,0.015,PASS,,,
4.9_+_UP_CHILLER_AND_2.5~L8.5~W2.6~H2.56~all_pu, 4.9 & UP CHILLER AND 2.5 WIDE ,27,CHILLER LARGE,all_pu,8.5,2.6,2.56,SRD,,0.0,,,SKIP,,,
4.9_+_UP_CHILLER_AND_2.5~L8.5~W2.6~H2.56~all_pu, 4.9 & UP CHILLER AND 2.5 WIDE ,27,CHILLER LARGE,all_pu,8.5,2.6,2.56,SRD DOOR FITTINGS,,0.0,,,SKIP,,,
4.9_+_UP_CHILLER_AND_2.5~L8.5~W2.6~H2.56~all_pu, 4.9 & UP CHILLER AND 2.5 WIDE ,27,CHILLER LARGE,all_pu,8.5,2.6,2.56,DRD,DRD,5913.521182,29100.6,392.103,ACCEPTED,,BOTH PU (+23307.15),[MES] DRD PU line priced at the raw 32D rate (R4 100 x 2.98 sheets) instead of the per-sheet price Burt uses (R185.20/sheet): MES DRD +R11.6k (2.3 chiller) / +R23.3k (4.9 chiller) under PU.
4.9_+_UP_CHILLER_AND_2.5~L8.5~W2.6~H2.56~all_pu, 4.9 & UP CHILLER AND 2.5 WIDE ,27,CHILLER LARGE,all_pu,8.5,2.6,2.56,DRD DOOR FITTINGS,DRD DOOR FITTINGS,6351.12346,6334.55,0.261,PASS,,,
4.9_+_UP_CHILLER_AND_2.5~L8.5~W2.6~H2.56~all_pu, 4.9 & UP CHILLER AND 2.5 WIDE ,27,CHILLER LARGE,all_pu,8.5,2.6,2.56,SIDES,SIDES,35154.758315,26115.51,25.713,ACCEPTED,,BOTH PU (-7727.32) [ZERO_FORMULA],"[MES] chiller PU insulation lines carry a literal x0 quantity formula (2.44*1.22*0*2, 1.22*2.44*0*(length+{Waste})/1.22): PU prices at R0 on FRONT/SIDES/ROOF/FLOOR (ZERO_FORMULA); the icecream/freezer bodies use {PANEL PU} tokens and price live. SIDES/ROOF/FLOOR skins also hard-code both roof and floor deductions where Burt's cells deduct only the roof under PU."
4.9_+_UP_CHILLER_AND_2.5~L8.5~W2.6~H2.56~all_pu, 4.9 & UP CHILLER AND 2.5 WIDE ,27,CHILLER LARGE,all_pu,8.5,2.6,2.56,ROOF,ROOF,17084.968381,12146.62,28.905,ACCEPTED,,BOTH PU (-4893.97) [ZERO_FORMULA],"[MES] chiller PU insulation lines carry a literal x0 quantity formula (2.44*1.22*0*2, 1.22*2.44*0*(length+{Waste})/1.22): PU prices at R0 on FRONT/SIDES/ROOF/FLOOR (ZERO_FORMULA); the icecream/freezer bodies use {PANEL PU} tokens and price live. SIDES/ROOF/FLOOR skins also hard-code both roof and floor deductions where Burt's cells deduct only the roof under PU."
4.9_+_UP_CHILLER_AND_2.5~L8.5~W2.6~H2.56~all_pu, 4.9 & UP CHILLER AND 2.5 WIDE ,27,CHILLER LARGE,all_pu,8.5,2.6,2.56,FLOOR,FLOOR,28128.863356,23234.89,17.398,ACCEPTED,,BOTH PU (-4893.97) [ZERO_FORMULA],"[MES] chiller PU insulation lines carry a literal x0 quantity formula (2.44*1.22*0*2, 1.22*2.44*0*(length+{Waste})/1.22): PU prices at R0 on FRONT/SIDES/ROOF/FLOOR (ZERO_FORMULA); the icecream/freezer bodies use {PANEL PU} tokens and price live. SIDES/ROOF/FLOOR skins also hard-code both roof and floor deductions where Burt's cells deduct only the roof under PU."
4.9_+_UP_CHILLER_AND_2.5~L8.5~W2.6~H2.56~all_pu, 4.9 & UP CHILLER AND 2.5 WIDE ,27,CHILLER LARGE,all_pu,8.5,2.6,2.56,ALUMINIUM,ALUMINIUM,15606.772767,15606.77,0.0,PASS,,,
4.9_+_UP_CHILLER_AND_2.5~L8.5~W2.6~H2.56~all_pu, 4.9 & UP CHILLER AND 2.5 WIDE ,27,CHILLER LARGE,all_pu,8.5,2.6,2.56,SUB FRAME + LIGHT BOX ASSY,SUB FRAME + LIGHT BOX ASSY,9749.223068,9509.51,2.459,ACCEPTED,,MISSING_IN_MES 1MM GALV PLATE (-239.72),[DATA] Excel line 1MM GALV PLATE (R157-R240) has no MES line on this body.
4.9_+_UP_CHILLER_AND_2.5~L8.5~W2.6~H2.56~all_pu, 4.9 & UP CHILLER AND 2.5 WIDE ,27,CHILLER LARGE,all_pu,8.5,2.6,2.56,REAR FRAME + FLOOR PLATE,REAR FRAME & FLOOR PLATE,5502.400241,5502.42,0.0,PASS,,,
4.9_+_UP_CHILLER_AND_2.5~L8.5~W2.6~H2.56~all_pu, 4.9 & UP CHILLER AND 2.5 WIDE ,27,CHILLER LARGE,all_pu,8.5,2.6,2.56,SPRAY PAINTING,SPRAY PAINTING,750.0,750.0,0.0,PASS,,,
4.9_+_UP_CHILLER_AND_2.5~L8.5~W2.6~H2.56~all_pu, 4.9 & UP CHILLER AND 2.5 WIDE ,27,CHILLER LARGE,all_pu,8.5,2.6,2.56,REFLEXITE TAPE,REFLEXITE TAPE,355.5,355.5,0.0,PASS,,,
4.9_+_UP_CHILLER_AND_2.5~L8.5~W2.6~H2.56~srd, 4.9 & UP CHILLER AND 2.5 WIDE ,27,CHILLER LARGE,srd,8.5,2.6,2.56,FRONT,FRONT,4747.056155,4755.03,0.168,PASS,,,
4.9_+_UP_CHILLER_AND_2.5~L8.5~W2.6~H2.56~srd, 4.9 & UP CHILLER AND 2.5 WIDE ,27,CHILLER LARGE,srd,8.5,2.6,2.56,SRD,SRD,4955.107829,4116.3,16.928,ACCEPTED,,BOTH EPS (-778.75) [ZERO_FORMULA],[MES] SRD EPS line formula ends in *0 (ZERO_FORMULA) on the chillers: EPS on a single rear door prices at R0 (-R400 to -R780); the 4MM PF PLYWOOD / GLUE LINE rows under SRD are R0 on Burt's side instead.
4.9_+_UP_CHILLER_AND_2.5~L8.5~W2.6~H2.56~srd, 4.9 & UP CHILLER AND 2.5 WIDE ,27,CHILLER LARGE,srd,8.5,2.6,2.56,SRD DOOR FITTINGS,SRD DOOR FITTINGS,6731.60454,7167.23,6.471,ACCEPTED,,MISSING_IN_MES 28780 BIG VERTICAL (-763.29),"[DATA] SRD DOOR FITTINGS on every body: MES CSLB HINGES R293.46 x2 (Excel R146.73 x2 - the pair price applied per hinge) and SILPLUS X WHITE R232.30 (Excel R116.15); per body also 34MM LOCKING POLE R126 (Excel R42), 28782 BIG HORIZ CAPPING R197.20 (Excel R240.58), ALU CORNERS R45 (Excel R54.90), 28780 BIG VERTICAL renamed 28778; Burt prices 2317 DOOR RUBBER / 28777 DOOR CAPPING at R0 on some sheets."
4.9_+_UP_CHILLER_AND_2.5~L8.5~W2.6~H2.56~srd, 4.9 & UP CHILLER AND 2.5 WIDE ,27,CHILLER LARGE,srd,8.5,2.6,2.56,DRD,,0.0,,,SKIP,,,
4.9_+_UP_CHILLER_AND_2.5~L8.5~W2.6~H2.56~srd, 4.9 & UP CHILLER AND 2.5 WIDE ,27,CHILLER LARGE,srd,8.5,2.6,2.56,DRD DOOR FITTINGS,,0.0,,,SKIP,,,
4.9_+_UP_CHILLER_AND_2.5~L8.5~W2.6~H2.56~srd, 4.9 & UP CHILLER AND 2.5 WIDE ,27,CHILLER LARGE,srd,8.5,2.6,2.56,SIDES,SIDES,31420.500776,31378.97,0.132,PASS,,,
4.9_+_UP_CHILLER_AND_2.5~L8.5~W2.6~H2.56~srd, 4.9 & UP CHILLER AND 2.5 WIDE ,27,CHILLER LARGE,srd,8.5,2.6,2.56,ROOF,ROOF,16858.442221,16814.06,0.263,PASS,,,
4.9_+_UP_CHILLER_AND_2.5~L8.5~W2.6~H2.56~srd, 4.9 & UP CHILLER AND 2.5 WIDE ,27,CHILLER LARGE,srd,8.5,2.6,2.56,FLOOR,FLOOR,27902.337196,27902.34,0.0,PASS,,,
4.9_+_UP_CHILLER_AND_2.5~L8.5~W2.6~H2.56~srd, 4.9 & UP CHILLER AND 2.5 WIDE ,27,CHILLER LARGE,srd,8.5,2.6,2.56,ALUMINIUM,ALUMINIUM,15606.772767,15606.77,0.0,PASS,,,
4.9_+_UP_CHILLER_AND_2.5~L8.5~W2.6~H2.56~srd, 4.9 & UP CHILLER AND 2.5 WIDE ,27,CHILLER LARGE,srd,8.5,2.6,2.56,SUB FRAME + LIGHT BOX ASSY,SUB FRAME + LIGHT BOX ASSY,9749.223068,9509.51,2.459,ACCEPTED,,MISSING_IN_MES 1MM GALV PLATE (-239.72),[DATA] Excel line 1MM GALV PLATE (R157-R240) has no MES line on this body.
4.9_+_UP_CHILLER_AND_2.5~L8.5~W2.6~H2.56~srd, 4.9 & UP CHILLER AND 2.5 WIDE ,27,CHILLER LARGE,srd,8.5,2.6,2.56,REAR FRAME + FLOOR PLATE,REAR FRAME & FLOOR PLATE,0.0,5502.42,,ACCEPTED,EXTRA_IN_MES,,"[RULING] Burt gates REAR FRAME + FLOOR PLATE on the DRD flags, so a single-rear-door body carries R0 there; MES always includes the section (R2.4k-R5.5k). Which is right needs Burt/Michael."
4.9_+_UP_CHILLER_AND_2.5~L8.5~W2.6~H2.56~srd, 4.9 & UP CHILLER AND 2.5 WIDE ,27,CHILLER LARGE,srd,8.5,2.6,2.56,SPRAY PAINTING,SPRAY PAINTING,750.0,750.0,0.0,PASS,,,
4.9_+_UP_CHILLER_AND_2.5~L8.5~W2.6~H2.56~srd, 4.9 & UP CHILLER AND 2.5 WIDE ,27,CHILLER LARGE,srd,8.5,2.6,2.56,REFLEXITE TAPE,REFLEXITE TAPE,355.5,355.5,0.0,PASS,,,
4.9_+_UP_CHILLER_AND_2.5~L8.5~W2.6~H2.56~drd, 4.9 & UP CHILLER AND 2.5 WIDE ,27,CHILLER LARGE,drd,8.5,2.6,2.56,FRONT,FRONT,4747.056155,4755.03,0.168,PASS,,,
4.9_+_UP_CHILLER_AND_2.5~L8.5~W2.6~H2.56~drd, 4.9 & UP CHILLER AND 2.5 WIDE ,27,CHILLER LARGE,drd,8.5,2.6,2.56,SRD,,0.0,,,SKIP,,,
4.9_+_UP_CHILLER_AND_2.5~L8.5~W2.6~H2.56~drd, 4.9 & UP CHILLER AND 2.5 WIDE ,27,CHILLER LARGE,drd,8.5,2.6,2.56,SRD DOOR FITTINGS,,0.0,,,SKIP,,,
4.9_+_UP_CHILLER_AND_2.5~L8.5~W2.6~H2.56~drd, 4.9 & UP CHILLER AND 2.5 WIDE ,27,CHILLER LARGE,drd,8.5,2.6,2.56,DRD,DRD,5907.123728,5787.06,2.033,ACCEPTED,,GROUP_DIFF 130*62MM TAPPING BLOCKS ~ 2 MES line(s) (-120.00),"[DATA] 130*62MM TAPPING BLOCKS: Excel 2 x R234 per size (R936 a double door) vs MES 6 x R68 per size (R816): R60 per size, 1-3 % of the door section."
4.9_+_UP_CHILLER_AND_2.5~L8.5~W2.6~H2.56~drd, 4.9 & UP CHILLER AND 2.5 WIDE ,27,CHILLER LARGE,drd,8.5,2.6,2.56,DRD DOOR FITTINGS,DRD DOOR FITTINGS,6247.51278,6247.51,0.0,PASS,,,
4.9_+_UP_CHILLER_AND_2.5~L8.5~W2.6~H2.56~drd, 4.9 & UP CHILLER AND 2.5 WIDE ,27,CHILLER LARGE,drd,8.5,2.6,2.56,SIDES,SIDES,31420.500776,31378.97,0.132,PASS,,,
4.9_+_UP_CHILLER_AND_2.5~L8.5~W2.6~H2.56~drd, 4.9 & UP CHILLER AND 2.5 WIDE ,27,CHILLER LARGE,drd,8.5,2.6,2.56,ROOF,ROOF,16858.442221,16814.06,0.263,PASS,,,
4.9_+_UP_CHILLER_AND_2.5~L8.5~W2.6~H2.56~drd, 4.9 & UP CHILLER AND 2.5 WIDE ,27,CHILLER LARGE,drd,8.5,2.6,2.56,FLOOR,FLOOR,27902.337196,27902.34,0.0,PASS,,,
4.9_+_UP_CHILLER_AND_2.5~L8.5~W2.6~H2.56~drd, 4.9 & UP CHILLER AND 2.5 WIDE ,27,CHILLER LARGE,drd,8.5,2.6,2.56,ALUMINIUM,ALUMINIUM,15606.772767,15606.77,0.0,PASS,,,
4.9_+_UP_CHILLER_AND_2.5~L8.5~W2.6~H2.56~drd, 4.9 & UP CHILLER AND 2.5 WIDE ,27,CHILLER LARGE,drd,8.5,2.6,2.56,SUB FRAME + LIGHT BOX ASSY,SUB FRAME + LIGHT BOX ASSY,9749.223068,9509.51,2.459,ACCEPTED,,MISSING_IN_MES 1MM GALV PLATE (-239.72),[DATA] Excel line 1MM GALV PLATE (R157-R240) has no MES line on this body.
4.9_+_UP_CHILLER_AND_2.5~L8.5~W2.6~H2.56~drd, 4.9 & UP CHILLER AND 2.5 WIDE ,27,CHILLER LARGE,drd,8.5,2.6,2.56,REAR FRAME + FLOOR PLATE,REAR FRAME & FLOOR PLATE,5502.400241,5502.42,0.0,PASS,,,
4.9_+_UP_CHILLER_AND_2.5~L8.5~W2.6~H2.56~drd, 4.9 & UP CHILLER AND 2.5 WIDE ,27,CHILLER LARGE,drd,8.5,2.6,2.56,SPRAY PAINTING,SPRAY PAINTING,750.0,750.0,0.0,PASS,,,
4.9_+_UP_CHILLER_AND_2.5~L8.5~W2.6~H2.56~drd, 4.9 & UP CHILLER AND 2.5 WIDE ,27,CHILLER LARGE,drd,8.5,2.6,2.56,REFLEXITE TAPE,REFLEXITE TAPE,355.5,355.5,0.0,PASS,,,
4.9_+_UP_CHILLER_AND_2.5~L8.5~W2.6~H2.56~foam_4g, 4.9 & UP CHILLER AND 2.5 WIDE ,27,CHILLER LARGE,foam_4g,8.5,2.6,2.56,FRONT,FRONT,4747.056155,4755.03,0.168,PASS,,,
4.9_+_UP_CHILLER_AND_2.5~L8.5~W2.6~H2.56~foam_4g, 4.9 & UP CHILLER AND 2.5 WIDE ,27,CHILLER LARGE,foam_4g,8.5,2.6,2.56,SRD,,0.0,,,SKIP,,,
4.9_+_UP_CHILLER_AND_2.5~L8.5~W2.6~H2.56~foam_4g, 4.9 & UP CHILLER AND 2.5 WIDE ,27,CHILLER LARGE,foam_4g,8.5,2.6,2.56,SRD DOOR FITTINGS,,0.0,,,SKIP,,,
4.9_+_UP_CHILLER_AND_2.5~L8.5~W2.6~H2.56~foam_4g, 4.9 & UP CHILLER AND 2.5 WIDE ,27,CHILLER LARGE,foam_4g,8.5,2.6,2.56,DRD,DRD,5907.123728,5787.06,2.033,ACCEPTED,,GROUP_DIFF 130*62MM TAPPING BLOCKS ~ 2 MES line(s) (-120.00),"[DATA] 130*62MM TAPPING BLOCKS: Excel 2 x R234 per size (R936 a double door) vs MES 6 x R68 per size (R816): R60 per size, 1-3 % of the door section."
4.9_+_UP_CHILLER_AND_2.5~L8.5~W2.6~H2.56~foam_4g, 4.9 & UP CHILLER AND 2.5 WIDE ,27,CHILLER LARGE,foam_4g,8.5,2.6,2.56,DRD DOOR FITTINGS,DRD DOOR FITTINGS,6247.51278,6247.51,0.0,PASS,,,
4.9_+_UP_CHILLER_AND_2.5~L8.5~W2.6~H2.56~foam_4g, 4.9 & UP CHILLER AND 2.5 WIDE ,27,CHILLER LARGE,foam_4g,8.5,2.6,2.56,SIDES,SIDES,31420.500776,31378.97,0.132,PASS,,,
4.9_+_UP_CHILLER_AND_2.5~L8.5~W2.6~H2.56~foam_4g, 4.9 & UP CHILLER AND 2.5 WIDE ,27,CHILLER LARGE,foam_4g,8.5,2.6,2.56,ROOF,ROOF,16858.442221,16814.06,0.263,PASS,,,
4.9_+_UP_CHILLER_AND_2.5~L8.5~W2.6~H2.56~foam_4g, 4.9 & UP CHILLER AND 2.5 WIDE ,27,CHILLER LARGE,foam_4g,8.5,2.6,2.56,FLOOR,FLOOR,27902.337196,27902.34,0.0,PASS,,,
4.9_+_UP_CHILLER_AND_2.5~L8.5~W2.6~H2.56~foam_4g, 4.9 & UP CHILLER AND 2.5 WIDE ,27,CHILLER LARGE,foam_4g,8.5,2.6,2.56,ALUMINIUM,ALUMINIUM,15606.772767,15606.77,0.0,PASS,,,
4.9_+_UP_CHILLER_AND_2.5~L8.5~W2.6~H2.56~foam_4g, 4.9 & UP CHILLER AND 2.5 WIDE ,27,CHILLER LARGE,foam_4g,8.5,2.6,2.56,SUB FRAME + LIGHT BOX ASSY,SUB FRAME + LIGHT BOX ASSY,9749.223068,9509.51,2.459,ACCEPTED,,MISSING_IN_MES 1MM GALV PLATE (-239.72),[DATA] Excel line 1MM GALV PLATE (R157-R240) has no MES line on this body.
4.9_+_UP_CHILLER_AND_2.5~L8.5~W2.6~H2.56~foam_4g, 4.9 & UP CHILLER AND 2.5 WIDE ,27,CHILLER LARGE,foam_4g,8.5,2.6,2.56,REAR FRAME + FLOOR PLATE,REAR FRAME & FLOOR PLATE,5502.400241,5502.42,0.0,PASS,,,
4.9_+_UP_CHILLER_AND_2.5~L8.5~W2.6~H2.56~foam_4g, 4.9 & UP CHILLER AND 2.5 WIDE ,27,CHILLER LARGE,foam_4g,8.5,2.6,2.56,SPRAY PAINTING,SPRAY PAINTING,750.0,750.0,0.0,PASS,,,
4.9_+_UP_CHILLER_AND_2.5~L8.5~W2.6~H2.56~foam_4g, 4.9 & UP CHILLER AND 2.5 WIDE ,27,CHILLER LARGE,foam_4g,8.5,2.6,2.56,REFLEXITE TAPE,REFLEXITE TAPE,355.5,355.5,0.0,PASS,,,
