sheet,section,row,desc_old,desc_new,price_old,price_new,total_old,total_new,desc_changed,price_changed,total_changed,highlighted
Adv Vacuum panels,FRONT,35,LVL PICTURE FRAME,LVL PICTURE FRAME,359,409,3913.1,4458.1,False,True,True,False
Adv Vacuum panels,FRONT,36,LVL PICTURE FRAME,LVL PICTURE FRAME,359,409,2943.7999999999997,3353.7999999999997,False,True,True,False
Adv Vacuum panels,SRD,49,130*62MM TAPPING BLOCKS,130*62MM TAPPING BLOCKS,,,408,468,False,False,True,False
Adv Vacuum panels,DRD,84,130*62MM TAPPING BLOCKS,130*62MM TAPPING BLOCKS,,,816,936,False,False,True,False
Adv Vacuum panels,SIDES,114,LVL FRAME,LVL FRAME,359,409,13175.300000000001,15010.300000000001,False,True,True,False
Adv Vacuum panels,ROOF,127,LVL FRAME,LVL FRAME,359,409,12995.800000000001,14805.800000000001,False,True,True,False
Adv Vacuum panels,FLOOR,140,PLYWOOD,PLYWOOD,725,735,0,0,False,True,False,False
Adv Vacuum panels,FLOOR,141,18MM FINN PLY FLOOR,18MM FINN PLY FLOOR,1990,1120,66830.83333333334,37613.333333333336,False,True,True,False
Adv Vacuum panels,FLOOR,142,12MM FINN PLY FLOOR,12MM FINN PLY FLOOR,1055,798,0,0,False,True,False,False
Adv Vacuum panels,FLOOR,147,LVL BEAMS,LVL BEAMS,359,409,42741.8115942029,48694.710144927536,False,True,True,False
ADVANTICA BODY,FRONT,32,FRIDGE FRAME,FRIDGE FRAME,130.54545454545453,148.72727272727272,1135.7454545454543,1293.9272727272726,False,True,True,False
ADVANTICA BODY,FRONT,33,LVL BOTTOM BEAM,LVL BOTTOM BEAM,130.54545454545453,148.72727272727272,339.4181818181818,386.6909090909091,False,True,True,False
ADVANTICA BODY,SIDES,81,LVL BOTTOM BEAM,LVL BOTTOM BEAM,130.54545454545453,148.72727272727272,763.5677530017152,869.9142367066895,False,True,True,False
ADVANTICA BODY,FLOOR,101,PLYWOOD,PLYWOOD,725,735,0,0,False,True,False,False
ADVANTICA BODY,FLOOR,102,18MM FINN PLY FLOOR,18MM FINN PLY FLOOR,667.7852348993289,375.83892617449663,26911.74496644296,15146.308724832215,False,True,True,False
ADVANTICA BODY,FLOOR,103,12MM FINN PLY FLOOR,12MM FINN PLY FLOOR,1055,798,0,0,False,True,False,False
ADVANTICA BODY,FLOOR,109,LVL BEAM,LVL BEAM,358.99999999999994,409,13683.196721311473,15588.934426229509,False,True,True,False
Manni RIGIDS CB,FRONT,31,RHINO PANEL,RHINO PANEL,272.27,263.65,1779.90740376,1772.5948812000001,False,True,True,False
Manni RIGIDS CB,FRONT,32,PU INJECTION,PU INJECTION,56.61904761904762,56.61904761904762,1606.6515144952386,1247.933407809524,False,False,True,False
Manni RIGIDS CB,FRONT,33,FRIDGE FRAME LVL,FRIDGE FRAME LVL,130.54545454545453,148.72727272727272,1344.6181818181817,1531.8909090909092,False,True,True,False
Manni RIGIDS CB,FRONT,34,58MM PICTURE FRAME,58MM PICTURE FRAME,130.54545454545453,148.72727272727272,339.4181818181818,386.6909090909091,False,True,True,False
Manni RIGIDS CB,FRONT,35,Rhinotex Bioshield,Rhinotex Bioshield,267.84,272.27,1750.9472179200002,1830.5496237600003,False,True,True,False
Manni RIGIDS CB,SRD,43,WOVEX SKIN,WOVEX SKIN,272.27,263.65,1779.90740376,1772.5948812000001,False,True,True,False
Manni RIGIDS CB,SRD,45,WOVEX SKIN,WOVEX SKIN,267.84,272.27,1750.9472179200002,1830.5496237600003,False,True,True,False
Manni RIGIDS CB,DOOR FITTINGS,54,28779 DOOR CAPPING,28779 DOOR CAPPING,149.08,149.08,1025.07408,1032.22992,False,False,True,False
Manni RIGIDS CB,DOOR FITTINGS,55,28777 DOOR CAPPING,28777 DOOR CAPPING,132.13,132.13,796.21538,802.5576199999999,False,False,True,False
Manni RIGIDS CB,DOOR FITTINGS,56,2316 DOOR RUBBER,2316 DOOR RUBBER,24.72,24.72,169.97472,171.16127999999998,False,False,True,False
Manni RIGIDS CB,DOOR FITTINGS,57,2317 DOOR RUBBER,2317 DOOR RUBBER,60.18,60.18,413.79767999999996,416.68631999999997,False,False,True,False
Manni RIGIDS CB,DRD,75,RHINO PANEL,RHINO PANEL,272.27,263.65,1701.29434212,1679.2216518000002,False,True,True,False
Manni RIGIDS CB,DRD,76,PU INJECTION,PU INJECTION,56.61904761904762,56.61904761904762,1720.1138025908576,753.6836529200002,False,False,True,False
Manni RIGIDS CB,DRD,77,Rhinotex Bioshield,Rhinotex Bioshield,267.84,272.27,1673.61323904,1734.1235696400001,False,True,True,False
Manni RIGIDS CB,DOOR FITTINGS,86,28779 DOOR CAPPING,28779 DOOR CAPPING,149.08,149.08,1857.8349600000004,1875.7245600000003,False,False,True,False
Manni RIGIDS CB,DOOR FITTINGS,87,28777 DOOR CAPPING,28777 DOOR CAPPING,132.13,132.13,325.30406,328.47518,False,False,True,False
Manni RIGIDS CB,DOOR FITTINGS,88,2316 DOOR RUBBER,2316 DOOR RUBBER,24.72,24.72,308.06064000000003,311.02704,False,False,True,False
Manni RIGIDS CB,DOOR FITTINGS,89,2317 DOOR RUBBER,2317 DOOR RUBBER,60.18,60.18,749.9631600000001,757.1847600000001,False,False,True,False
Manni RIGIDS CB,SIDES,103,WOVEX SKIN,WOVEX SKIN,272.27,263.65,5027.46555,4915.75425,False,True,True,False
Manni RIGIDS CB,SIDES,104,PU INJECTION,PU INJECTION,56.61904761904762,56.61904761904762,4634.571676428572,2206.3338785714295,False,False,True,False
Manni RIGIDS CB,SIDES,105,LVL BOTTOM BEAM,LVL BOTTOM BEAM,130.54545454545453,148.72727272727272,979.090909090909,1115.4545454545455,False,True,True,False
Manni RIGIDS CB,SIDES,106,WOVEX SKIN,WOVEX SKIN,267.84,272.27,4945.665599999999,5076.474150000001,False,True,True,False
Manni RIGIDS CB,ROOF,113,WOVEX SKIN,WOVEX SKIN,240.09,213.11,4681.755,4155.645,False,True,True,False
Manni RIGIDS CB,ROOF,114,PU INJECTION,PU INJECTION,56.61904761904762,56.61904761904762,4894.348642857144,2307.509285714286,False,False,True,False
Manni RIGIDS CB,ROOF,115,WOVEX SKIN,WOVEX SKIN,267.84,272.27,5222.879999999999,5309.264999999999,False,True,True,False
Manni RIGIDS CB,FLOOR,122,WOVEX SKIN,WOVEX SKIN,272.27,222.76,5309.264999999999,4343.82,False,True,True,False
Manni RIGIDS CB,FLOOR,124,PLYWOOD,PLYWOOD,725,735,0,0,False,True,False,False
Manni RIGIDS CB,FLOOR,125,18MM FINN PLY FLOOR,18MM FINN PLY FLOOR,667.7852348993289,375.83892617449663,13021.812080536913,7328.859060402684,False,True,True,False
Manni RIGIDS CB,FLOOR,126,12MM FINN PLY FLOOR,12MM FINN PLY FLOOR,1055,798,0,0,False,True,False,False
Manni RIGIDS CB,FLOOR,132,76*50 LVL BEAMS,76*50 LVL BEAMS,130.54545454545453,148.72727272727272,6380.141579731742,7268.740685543964,False,True,True,False
Manni RIGIDS CB,FLOOR,133,2*300 INT LAMINATION,2*300 INT LAMINATION,100.30799999999999,50.153999999999996,5230.05912,2615.02956,False,True,True,False
Manni Bakkie Rigids,FRONT,31,RHINO PANEL,RHINO PANEL,272.27,263.65,746.2615757599999,722.6351212,False,True,True,False
Manni Bakkie Rigids,FRONT,33,FRIDGE FRAME LVL,FRIDGE FRAME LVL,130.54545454545453,148.72727272727272,417.74545454545455,475.92727272727274,False,True,True,False
Manni Bakkie Rigids,FRONT,34,EVAPORATOR LVL BEAMS IN ROOF,EVAPORATOR LVL BEAMS IN ROOF,130.54545454545453,148.72727272727272,469.96363636363634,535.4181818181818,False,True,True,False
Manni Bakkie Rigids,FRONT,35,Rhinotex Bioshield,Rhinotex Bioshield,267.84,272.27,734.11944192,746.2615757599999,False,True,True,False
Manni Bakkie Rigids,SRD,43,WOVEX SKIN,WOVEX SKIN,272.27,263.65,746.2615757599999,722.6351212,False,True,True,False
Manni Bakkie Rigids,SRD,45,WOVEX SKIN,WOVEX SKIN,267.84,272.27,734.11944192,746.2615757599999,False,True,True,False
Manni Bakkie Rigids,DRD,75,RHINO PANEL,RHINO PANEL,272.27,263.65,704.12942688,681.8368655999999,False,True,True,False
Manni Bakkie Rigids,DRD,77,Rhinotex Bioshield,Rhinotex Bioshield,267.84,272.27,692.6728089599999,704.12942688,False,True,True,False
Manni Bakkie Rigids,SIDES,103,WOVEX SKIN,WOVEX SKIN,272.27,263.65,931.8168479999998,902.3157599999998,False,True,True,False
Manni Bakkie Rigids,SIDES,105,LVL BOTTOM BEAM,LVL BOTTOM BEAM,130.54545454545453,148.72727272727272,300.2545454545454,342.0727272727272,False,True,True,False
Manni Bakkie Rigids,SIDES,106,WOVEX SKIN,WOVEX SKIN,267.84,272.27,916.6556159999998,931.8168479999998,False,True,True,False
Manni Bakkie Rigids,ROOF,113,WOVEX SKIN,WOVEX SKIN,240.09,222.76,993.9725999999999,922.2263999999999,False,True,True,False
Manni Bakkie Rigids,ROOF,115,WOVEX SKIN,WOVEX SKIN,267.84,272.27,1108.8575999999998,1127.1978,False,True,True,False
Manni Bakkie Rigids,FLOOR,122,WOVEX SKIN,WOVEX SKIN,240.09,222.76,993.9725999999999,922.2263999999999,False,True,True,False
Manni Bakkie Rigids,FLOOR,124,6MM PHENOL PLY FLOOR,6MM PHENOL PLY FLOOR,95.63758389261746,86.57718120805369,0,0,False,True,False,False
Manni Bakkie Rigids,FLOOR,125,6MM FINN PLY FLOOR,6MM FINN PLY FLOOR,234.73154362416108,171.14093959731542,971.7885906040268,708.5234899328858,False,True,True,False
Manni Bakkie Rigids,FLOOR,131,76(50)*50 LVL BEAMS,76(50)*50 LVL BEAMS,112.45283018867924,106.79245283018868,1353.2131147540981,1285.0983606557375,False,True,True,False
Manni Bakkie Rigids,FLOOR,132,2*300 INT LAMINATION,2*300 INT LAMINATION,100.30799999999999,50.153999999999996,0,0,False,True,False,False
Manni RIGIDS FB,FRONT,31,RHINO PANEL,RHINO PANEL,272.27,193.11,1768.90333944,1252.6597684800001,False,True,True,False
Manni RIGIDS FB,FRONT,32,PU INJECTION,PU INJECTION,56.61904761904762,56.61904761904762,1596.2102373904763,1593.5999181142859,False,False,True,False
Manni RIGIDS FB,FRONT,33,FRIDGE FRAME LVL,FRIDGE FRAME LVL,130.54545454545453,148.72727272727272,1344.6181818181817,1531.8909090909092,False,True,True,False
Manni RIGIDS FB,FRONT,34,Rhinotex Bioshield,Rhinotex Bioshield,267.84,0,1740.12219648,0,False,True,True,False
Manni RIGIDS FB,SRD,42,WOVEX SKIN,WOVEX SKIN,272.27,193.11,1768.90333944,1252.6597684800001,False,True,True,False
Manni RIGIDS FB,SRD,44,WOVEX SKIN,WOVEX SKIN,267.84,0,1740.12219648,0,False,True,True,False
Manni RIGIDS FB,DOOR FITTINGS,53,28779 DOOR CAPPING,28779 DOOR CAPPING,149.08,149.08,1020.30352,1019.11088,False,False,True,False
Manni RIGIDS FB,DOOR FITTINGS,54,28777 DOOR CAPPING,28777 DOOR CAPPING,132.13,132.13,791.98722,790.93018,False,False,True,False
Manni RIGIDS FB,DOOR FITTINGS,55,2316 DOOR RUBBER,2316 DOOR RUBBER,24.72,24.72,169.18367999999998,168.98591999999996,False,False,True,False
Manni RIGIDS FB,DOOR FITTINGS,56,2317 DOOR RUBBER,2317 DOOR RUBBER,60.18,60.18,411.87192,411.39047999999997,False,False,True,False
Manni RIGIDS FB,DRD,74,RHINO PANEL,RHINO PANEL,272.27,193.11,1690.2380019600002,1196.8563855600003,False,True,True,False
Manni RIGIDS FB,DRD,75,PU INJECTION,PU INJECTION,56.61904761904762,56.61904761904762,1683.803759474572,1555.5986892977148,False,False,True,False
Manni RIGIDS FB,DRD,76,Rhinotex Bioshield,Rhinotex Bioshield,267.84,0,1662.7367923200002,0,False,True,True,False
Manni RIGIDS FB,DOOR FITTINGS,85,28779 DOOR CAPPING,28779 DOOR CAPPING,149.08,149.08,1850.6791200000005,1848.8901600000004,False,False,True,False
Manni RIGIDS FB,DOOR FITTINGS,86,28777 DOOR CAPPING,28777 DOOR CAPPING,132.13,132.13,323.18998,322.66146000000003,False,False,True,False
Manni RIGIDS FB,DOOR FITTINGS,87,2316 DOOR RUBBER,2316 DOOR RUBBER,24.72,24.72,306.87408000000005,306.57744,False,False,True,False
Manni RIGIDS FB,DOOR FITTINGS,88,2317 DOOR RUBBER,2317 DOOR RUBBER,60.18,60.18,747.0745200000001,746.3523600000001,False,False,True,False
Manni RIGIDS FB,SIDES,102,WOVEX SKIN,WOVEX SKIN,272.27,193.11,4994.79315,3536.8096500000006,False,True,True,False
Manni RIGIDS FB,SIDES,103,PU INJECTION,PU INJECTION,56.61904761904762,56.61904761904762,4604.452607857143,4596.922840714287,False,False,True,False
Manni RIGIDS FB,SIDES,104,LVL BOTTOM BEAM,LVL BOTTOM BEAM,130.54545454545453,148.72727272727272,979.090909090909,1115.4545454545455,False,True,True,False
Manni RIGIDS FB,SIDES,105,WOVEX SKIN,WOVEX SKIN,267.84,0,4913.5248,0,False,True,True,False
Manni RIGIDS FB,ROOF,112,WOVEX SKIN,WOVEX SKIN,240.09,193.11,4681.755,3765.6450000000004,False,True,True,False
Manni RIGIDS FB,ROOF,113,PU INJECTION,PU INJECTION,56.61904761904762,56.61904761904762,6157.406357142858,6473.1707857142865,False,False,True,False
Manni RIGIDS FB,ROOF,114,WOVEX SKIN,WOVEX SKIN,267.84,0,5222.879999999999,0,False,True,True,False
Manni RIGIDS FB,FLOOR,121,WOVEX SKIN,WOVEX SKIN,272.27,193.11,5309.264999999999,3765.6450000000004,False,True,True,False
Manni RIGIDS FB,FLOOR,123,PLYWOOD,PLYWOOD,725,735,0,0,False,True,False,False
Manni RIGIDS FB,FLOOR,124,18MM FINN PLY FLOOR,18MM FINN PLY FLOOR,671.1409395973154,454.6979865771812,13087.24832214765,8866.610738255034,False,True,True,False
Manni RIGIDS FB,FLOOR,125,12MM FINN PLY FLOOR,12MM FINN PLY FLOOR,1055,798,0,0,False,True,False,False
Manni RIGIDS FB,FLOOR,126,RICE GRAIN FLOOR,RICE GRAIN FLOOR,3163.1493506493507,3163.1493506493507,0,23723.62012987013,False,False,True,False
Manni RIGIDS FB,FLOOR,127,ALU KICK PLATES,ALU KICK PLATES,496.05,496.05,0,8730.480000000001,False,False,True,False
Manni RIGIDS FB,FLOOR,131,76*50 LVL BEAMS,76*50 LVL BEAMS,130.54545454545453,148.72727272727272,6380.141579731742,7268.740685543964,False,True,True,False
Manni RIGIDS FB,FLOOR,132,2*300 INT LAMINATION,2*300 INT LAMINATION,100.30799999999999,50.153999999999996,5230.05912,0,False,True,True,False
Manni RIGIDS FB,FLOOR,133,ANTI-SKID FINAL COAT,ANTI-SKID FINAL COAT,45.821999999999996,45.821999999999996,1194.57954,0,False,False,True,False
Manni TRAILERS,FRONT,31,Rhinopanel V2,Crystex V2,272.27,272.27,1938.09082836,1938.09082836,True,False,False,False
Manni TRAILERS,FRONT,33,FRIDGE FRAME,FRIDGE FRAME,130.54545454545453,148.72727272727272,1135.7454545454543,1293.9272727272726,False,True,True,False
Manni TRAILERS,FRONT,34,58MM PICTURE FRAME,58MM PICTURE FRAME,130.54545454545453,148.72727272727272,339.4181818181818,386.6909090909091,False,True,True,False
Manni TRAILERS,FRONT,35,Bioshield 4800,Rhinotex 2100 Bioshield,295.39,295.39,2102.66518452,2102.66518452,True,False,False,False
Manni TRAILERS,SRD,51,Rhinopanel V2,Crystex V2,272.27,272.27,1938.09082836,1938.09082836,True,False,False,False
Manni TRAILERS,SRD,53,Bioshiled 4800,Rhinotex 2100 Bioshield,295.39,295.39,2102.66518452,2102.66518452,True,False,False,False
Manni TRAILERS,DRD,83,Rhinopanel V2,Crystex V2,272.27,272.27,1860.2292319200003,1860.2292319200003,True,False,False,False
Manni TRAILERS,DRD,85,Bioshield 4800,Rhinitex 2100 Bioshield,295.39,295.39,2018.1919154400002,2018.1919154400002,True,False,False,False
Manni TRAILERS,SIDES,111,Rhinopanel V2,Crystex V2,272.27,272.27,11360.738019999999,11360.738019999999,True,False,False,False
Manni TRAILERS,SIDES,113,LVL BOTTOM BEAM,LVL BOTTOM BEAM,130.54545454545453,148.72727272727272,2023.4545454545453,2305.272727272727,False,True,True,False
Manni TRAILERS,SIDES,114,Bioshield 4800,Rhinotex 2100 Bioshield,295.39,295.39,12325.44314,12325.44314,True,False,False,False
Manni TRAILERS,ROOF,121,Rhinotex 2400,Rhinotex 1150 BW,240.09,213.11,9675.627,8588.333000000002,True,True,True,False
Manni TRAILERS,ROOF,123,Bioshield 4800,Rhinotex 2100 Bioshield,295.39,295.39,11904.217,11904.217,True,False,False,False
Manni TRAILERS,FLOOR,130,Rhinotex 2400,Rhinotex 1150 BW,272.27,213.11,10972.481,8588.333000000002,True,True,True,False
Manni TRAILERS,FLOOR,132,PLYWOOD,PLYWOOD,725,735,0,0,False,True,False,False
Manni TRAILERS,FLOOR,133,18MM FINN PLY FLOOR,18MM FINN PLY FLOOR,671.1409395973154,454.6979865771812,27046.979865771813,18324.328859060406,False,True,True,False
Manni TRAILERS,FLOOR,134,12MM FINN PLY FLOOR,12MM FINN PLY FLOOR,1055,798,0,0,False,True,False,False
Manni TRAILERS,FLOOR,140,76*50 LVL BEAMS,76*50 LVL BEAMS,130.54545454545453,148.72727272727272,13185.625931445602,15022.064083457524,False,True,True,False
Manni TRAILERS,FLOOR,141,2*300 INT LAMINATION,2*300 INT LAMINATION,100.30799999999999,50.153999999999996,0,0,False,True,False,False
Manni DF,?,35,CHINESE EXTERNAL HIGH GLOSS,CHINESE EXTERNAL HIGH GLOSS,152.23,213.11,1029.0748,1496.0322,False,True,True,False
Manni DF,?,36,30MM PU INJECTION,30MM PU INJECTION,56.61904761904762,56.61904761904762,875.7200152380954,909.4015542857145,False,False,True,False
Manni DF,?,37,100*19mm PICTURE FRAME,100*19mm PICTURE FRAME,24.760928961748633,25.102459016393443,257.5136612021858,266.08606557377055,False,True,True,False
Manni DF,?,38,CHINESE INTERNAL HIGH IMPACT,CHINESE INTERNAL HIGH IMPACT,193.11,213.11,1305.4236000000003,1496.0322,False,True,True,False
Manni DF,?,44,CHINESE EXTERNAL HIGH GLOSS,CHINESE EXTERNAL HIGH GLOSS,152.23,213.11,1029.0748,1496.0322,False,True,True,False
Manni DF,?,45,30MM PU INJECTION,30MM PU INJECTION,56.61904761904762,56.61904761904762,875.7200152380954,909.4015542857145,False,False,True,False
Manni DF,?,46,CHINESE INTERNAL HIGH IMPACT,CHINESE INTERNAL HIGH IMPACT,193.11,213.11,1305.4236000000003,1496.0322,False,True,True,False
Manni DF,?,47,DOOR BLOCKS,DOOR BLOCKS,525.559,587.119,525.559,587.119,False,True,True,False
Manni DF,?,53,CSLB HINGES,CSLB HINGES,146.7300,146.7300,880.3799999999999,1173.84,False,False,True,False
Manni DF,?,57,30258 NEW DOOR CAPPING,30258 NEW DOOR CAPPING,106.14,106.14,1103.856,1146.3120000000001,False,False,True,False
Manni DF,?,58,2316 INNER DOOR RUBBER,2316 INNER DOOR RUBBER,24.72,24.72,381.924,391.812,False,False,True,False
Manni DF,?,59,2317 OUTER DOOR RUBBER,2317 OUTER DOOR RUBBER,60.18,60.18,929.781,953.8530000000001,False,False,True,False
Manni DF,?,61,M 10 NYLOCK NUT,M 10 NYLOCK NUT,0.7374,0.7374,11.39283,11.687790000000001,False,False,True,False
Manni DF,?,72,CHINESE EXTERNAL HIGH GLOSS,CHINESE EXTERNAL HIGH GLOSS,152.23,213.11,1029.0748,1496.0322,False,True,True,False
Manni DF,?,73,30MM PU INJECTION,30MM PU INJECTION,56.61904761904762,56.61904761904762,875.7200152380954,909.4015542857145,False,False,True,False
Manni DF,?,74,CHINESE INTERNAL HIGH IMPACT,CHINESE INTERNAL HIGH IMPACT,193.11,213.11,1305.4236000000003,1496.0322,False,True,True,False
Manni DF,?,75,DOOR BLOCKS,DOOR BLOCKS,525.559,587.119,525.559,587.119,False,True,True,False
Manni DF,?,93,SMALL VERTICAL,SMALL VERTICAL,181.78,181.78,945.2560000000001,981.6120000000001,False,False,True,False
Manni DF,?,95,SILICONE,SILICONE,116.1500,116.1500,603.98,615.5950000000001,False,False,True,False
Manni DF,?,96,0661-0631 LONG RIVETS,0661-0631 LONG RIVETS,0.5150,0.5150,115.36,117.42,False,False,True,False
Manni DF,?,105,CHINESE EXTERNAL HIGH GLOSS,CHINESE EXTERNAL HIGH GLOSS,152.23,213.11,2869.5355,4171.628250000001,False,True,True,False
Manni DF,?,106,30MM PU INJECTION,30MM PU INJECTION,56.61904761904762,56.61904761904762,2441.911580952382,2535.8312571428573,False,False,True,False
Manni DF,?,107,100*19 PICTURE  FRAME,100*19 PICTURE  FRAME,24.760928961748633,25.102459016393443,846.8237704918033,863.5245901639344,False,True,True,False
Manni DF,?,108,CHINESE INTERNAL HIGH IMPACT,CHINESE INTERNAL HIGH IMPACT,193.11,213.11,3640.1235000000006,4171.628250000001,False,True,True,False
Manni DF,?,114,CHINESE EXTERNAL HIGH GLOSS,CHINESE EXTERNAL HIGH GLOSS,152.23,213.11,2924.7188749999996,4094.375875,False,True,True,False
Manni DF,?,116,CHINESE EXTERNAL HIGH GLOSS,CHINESE EXTERNAL HIGH GLOSS,152.23,213.11,2924.7188749999996,4094.375875,False,True,True,False
Manni DF,?,151,5MM PLATE,5MM PLATE,3046.86,2326.21,14726.49,11243.348333333333,False,True,True,False
Manni DF,?,160,24 MM WISA TRANS PLYWOOD,24 MM WISA TRANS PLYWOOD,3150,4295,0,25347.54098360656,False,True,True,False
Manni DF,?,173,SMALL VERTICAL,SMALL VERTICAL,149.08,149.08,775.2160000000001,805.0320000000002,False,False,True,False
Manni DF,?,174,0661-0631 RIVETS,0661-0631 RIVETS,0.5150,0.5150,358.44,360.5,False,False,True,False
AELER PANELS,?,18,WOVEX SKIN,Rhinotex 1375 BW,212.8,226.67,1120.80696,1193.8595564999998,True,True,True,False
AELER PANELS,?,19,30MM PU INJECTION,30MM PU INJECTION,56.61904761904762,56.61904761904762,1085.483282,1194.0316102,False,False,True,False
AELER PANELS,?,20,WOVEX SKIN,Rhinotex 1375 Bioshield,269.05,235.97,1417.0728975,1242.8421915,True,True,True,False
AELER PANELS,?,26,WOVEX SKIN,Rhinotex 1375 BW,212.8,226.67,1094.08992,1175.6239549999998,True,True,True,False
AELER PANELS,?,27,30MM PU INJECTION,30MM PU INJECTION,56.61904761904762,56.61904761904762,946.0788071428569,1049.815518452381,False,False,True,False
AELER PANELS,?,28,WOVEX SKIN,Rhinotex 1375 Bioshield,269.05,235.97,1383.2936699999998,1223.858405,True,True,True,False
AELER PANELS,?,36,WOVEX SKIN,Rhinotex 1375 BW,212.8,226.67,2863.0910000000003,3049.70318125,True,True,True,False
AELER PANELS,?,37,30MM PU INJECTION,30MM PU INJECTION,56.61904761904762,56.61904761904762,1931.0968334821432,2124.2065168303575,False,False,True,False
AELER PANELS,?,38,WOVEX SKIN,Rhinotex 2100 Bioshield,269.05,278.87,3619.8995937500003,3752.0215562500002,True,True,True,False
AELER PANELS,?,44,WOVEX SKIN,Rhinotex 1375 BW,212.8,226.67,2780.8704000000002,2962.1235599999995,True,True,True,False
AELER PANELS,?,45,45MM PU INJECTION,45MM PU INJECTION,56.61904761904762,56.61904761904762,1827.5473542857144,2010.302089714286,False,False,True,False
AELER PANELS,?,46,WOVEX SKIN,Rhinotex 1375 Bioshield,212.8,226.67,2780.8704000000002,2962.1235599999995,True,True,True,False
Sheet1,3MM3CR12 KICK PLATES,39,EXT GRP SKIN 2*300 CSM,Rhinotex 1150 BW,213.11,213.11,1440.6236000000001,1496.0322,True,False,True,True
Sheet1,3MM3CR12 KICK PLATES,40,GLUE LINE,GLUE LINE,28.583333333333332,28.583333333333332,193.22333333333336,200.655,False,False,True,False
Sheet1,3MM3CR12 KICK PLATES,41,20MM EPS,20MM EPS,41.2,41.2,278.51200000000006,289.22400000000005,False,False,True,False
Sheet1,3MM3CR12 KICK PLATES,42,80 DV UNRETHANE,80 DV UNRETHANE,228.65420134228185,228.65420134228185,0,0,False,False,False,True
Sheet1,3MM3CR12 KICK PLATES,43,GLUE LINE,GLUE LINE,28.583333333333332,28.583333333333332,193.22333333333336,200.655,False,False,True,False
Sheet1,3MM3CR12 KICK PLATES,44,4 MM PLYWOOD,4 MM PLYWOOD,71.47651006711409,68.79194630872483,0,436.41610738255036,False,True,True,True
Sheet1,3MM3CR12 KICK PLATES,45,GLUE LINE,GLUE LINE,28.583333333333332,28.583333333333332,0,200.655,False,False,True,False
Sheet1,3MM3CR12 KICK PLATES,46,19MM PHONO BONDED PLYWOOD,19MM PHONO BONDED PLYWOOD,316.77852348993287,223.15436241610738,0,0,False,True,False,True
Sheet1,3MM3CR12 KICK PLATES,47,100*19mm PICTURE FRAME,100*19mm PICTURE FRAME,68.30601092896174,46.27732240437159,710.3825136612021,490.5396174863389,False,True,True,True
Sheet1,3MM3CR12 KICK PLATES,48,INT GRP SKIN 1*450 CSM,Rhinotex 1150 BW,213.11,213.11,1440.6236000000001,1496.0322,True,False,True,True
Sheet1,?,54,EXT GRP SKIN 2*300 CSM,Rhinotex 1150,213.11,213.11,1440.6236000000001,1496.0322,True,False,True,True
Sheet1,?,55,GLUE LINE,GLUE LINE,28.583333333333332,28.583333333333332,193.22333333333336,200.655,False,False,True,False
Sheet1,?,56,20MM EPS,20MM EPS,41.2,41.2,278.51200000000006,289.22400000000005,False,False,True,False
Sheet1,?,57,80DV URETHANE,80DV URETHANE,228.65420134228185,228.65420134228185,0,0,False,False,False,True
Sheet1,?,58,GLUE LINE,GLUE LINE,28.583333333333332,28.583333333333332,0,200.655,False,False,True,False
Sheet1,?,59,4 MM PLYWOOD,4 MM PLYWOOD,71.47651006711409,68.79194630872483,0,436.41610738255036,False,True,True,True
Sheet1,?,60,GLUE LINE,GLUE LINE,28.583333333333332,28.583333333333332,193.22333333333336,200.655,False,False,True,False
Sheet1,?,61,19MM PHONO BONDED PLYWWOD,19MM PHONO BONDED PLYWWOD,316.77852348993287,223.15436241610738,0,0,False,True,False,True
Sheet1,?,62,INT GRP SKIN 1*450 CSM,Rhinotex 1150,213.11,213.11,1440.6236000000001,1496.0322,True,False,True,True
Sheet1,?,63,DOOR BLOCKS,DOOR BLOCKS,264.50775000000004,268.01775000000004,264.50775000000004,268.01775000000004,False,True,True,False
Sheet1,?,73,30258 NEW DOOR CAPPING,30258 NEW DOOR CAPPING,106.14,106.14,1103.856,1146.3120000000001,False,False,True,False
Sheet1,?,74,2316 INNER DOOR RUBBER,2316 INNER DOOR RUBBER,24.72,24.72,381.924,391.812,False,False,True,False
Sheet1,?,75,2317 OUTER DOOR RUBBER,2317 OUTER DOOR RUBBER,60.18,60.18,929.781,953.8530000000001,False,False,True,False
Sheet1,?,88,EXT GRP SKIN 2*300 CSM,Rhinotex 1150,213.11,213.11,1440.6236000000001,1496.0322,True,False,True,True
Sheet1,?,89,GLUE LINE,GLUE LINE,28.583333333333332,28.583333333333332,193.22333333333336,200.655,False,False,True,False
Sheet1,?,90,20MM EPS,20MM EPS,41.2,41.2,278.51200000000006,289.22400000000005,False,False,True,False
Sheet1,?,91,80 DV URETHANE,80 DV URETHANE,228.65420134228185,228.65420134228185,0,0,False,False,False,True
Sheet1,?,92,GLUE LINE,GLUE LINE,28.583333333333332,28.583333333333332,193.22333333333336,200.655,False,False,True,False
Sheet1,?,93,4 MM PLYWOOD,4 MM PLYWOOD,71.47651006711409,68.79194630872483,0,436.41610738255036,False,True,True,True
Sheet1,?,94,GLUE LINE,GLUE LINE,28.583333333333332,28.583333333333332,0,200.655,False,False,True,False
Sheet1,?,95,19MM PHONE BONDED PLYWOOD,19MM PHONE BONDED PLYWOOD,316.77852348993287,223.15436241610738,0,0,False,True,False,True
Sheet1,?,96,INT GRP SKIN 1*450 CSM,Rhinotex 1150,213.11,213.11,1440.6236000000001,1496.0322,True,False,True,True
Sheet1,?,97,DOOR BLOCKS,DOOR BLOCKS,264.50775000000004,268.01775000000004,264.50775000000004,268.01775000000004,False,True,True,False
Sheet1,?,106,28777 DOOR CAPPING,28777 DOOR CAPPING,106.14,106.14,642.1469999999999,663.375,False,False,True,False
Sheet1,?,107,30258 NEW DOOR CAPPING,30258 NEW DOOR CAPPING,106.14,106.14,732.366,753.5939999999999,False,False,True,False
Sheet1,?,108,2136 INNER DOOR RUBBER,2136 INNER DOOR RUBBER,24.72,24.72,175.51199999999997,180.45600000000002,False,False,True,False
Sheet1,?,109,2317 OUTER DOOR RUBBER,2317 OUTER DOOR RUBBER,60.18,60.18,427.27799999999996,439.314,False,False,True,False
Sheet1,?,115,SMALL VERTICAL,SMALL VERTICAL,149.08,149.08,775.2160000000001,805.0320000000002,False,False,True,False
Sheet1,?,117,SILICONE,SILICONE,116.1500,116.1500,603.98,615.5950000000001,False,False,True,False
Sheet1,?,118,0661-0631 LONG RIVETS,0661-0631 LONG RIVETS,0.5150,0.5150,115.36,117.42,False,False,True,False
Sheet1,?,127,EXT GRP SKIN 2*300 CSM,Rhinotex 1150,213.11,213.11,4183.3493,4171.628250000001,True,False,True,True
Sheet1,?,128,GLUE LINE,GLUE LINE,28.583333333333332,28.583333333333332,561.0908333333333,559.5187500000001,False,False,True,False
Sheet1,?,129,20MM EPS,20MM EPS,41.2,41.2,808.756,806.4900000000001,False,False,True,False
Sheet1,?,130,80 DV URETHANE ,80 DV URETHANE ,228.65420134228185,228.65420134228185,0,0,False,False,False,True
Sheet1,?,131,GLUE LINE,GLUE LINE,28.583333333333332,28.583333333333332,0,559.5187500000001,False,False,True,False
Sheet1,?,132,4 MM PLYWOOD,4 MM PLYWOOD,71.47651006711409,68.79194630872483,0,1216.9295302013425,False,True,True,True
Sheet1,?,133,GLUE LINE,GLUE LINE,28.583333333333332,28.583333333333332,561.0908333333333,559.5187500000001,False,False,True,False
Sheet1,?,134,19MM PHENO BONDED PLYWOOD,19MM PHENO BONDED PLYWOOD,316.77852348993287,223.15436241610738,0,0,False,True,False,True
Sheet1,?,135,100*19 PICTURE  FRAME,100*19 PICTURE  FRAME,68.30601092896174,46.27732240437159,2418.0327868852455,1591.9398907103825,False,True,True,True
Sheet1,?,136,INT GRP SKIN 1*450 CSM,Rhinotex 1150,213.11,213.11,4183.3493,4171.628250000001,True,False,True,True
Sheet1,?,142,EXT GRP SKIN 1*450 CSM,Rhinotex 1150,213.11,213.11,4263.798325000001,4094.375875,True,False,True,True
Sheet1,?,143,GLUE LINE,GLUE LINE,28.583333333333332,28.583333333333332,571.8810416666666,549.1572916666667,False,False,True,False
Sheet1,?,144,45MM EPS,45MM EPS,92.7,92.7,1854.69525,1780.99875,False,False,True,False
Sheet1,?,145,80 DV URETHANE,80 DV URETHANE,411.57756241610736,411.57756241610736,0,0,False,False,False,True
Sheet1,?,146,GLUE LINE,GLUE LINE,28.583333333333332,28.583333333333332,571.8810416666666,549.1572916666667,False,False,True,False
Sheet1,?,147,100*45MM PICTURE FRAME,100*45MM PICTURE FRAME,34.958294778384946,34.144961445051614,1148.3799834699455,1080.6880297358834,False,True,True,True
Sheet1,?,148,INT GRP SKIN 1*450 CSM,Rhinotex 1150,213.11,213.11,4263.798325000001,4094.375875,True,False,True,True
Sheet1,?,154,5MM BEND UP SUB FRAME,5MM BEND UP SUB FRAME,243,243,3669.2999999999997,3523.5,False,False,True,False
Sheet1,?,155,80*50*3 CROSSMEMEBERS,80*50*3 CROSSMEMEBERS,124.68,124.68,9259.022950819673,8891.11475409836,False,False,True,False
Sheet1,?,156,2MM PLATE,2MM PLATE,2765,2765,13917.166666666666,13364.166666666666,False,False,True,False
Sheet1,?,163,4 MM BEND UP SUB FRAME,4 MM BEND UP SUB FRAME,243,243,3669.2999999999997,3523.5,False,False,True,False
Sheet1,?,164,80*50*3 CROSSMEMBERS,80*50*3 CROSSMEMBERS,124.68,124.68,9259.022950819673,8891.11475409836,False,False,True,False
Sheet1,?,165,3MM PLATE,3MM PLATE,4345,4345,21869.833333333332,21000.833333333332,False,False,True,False
Sheet1,?,172,4 MM BEND UP SUB FRAME,4 MM BEND UP SUB FRAME,243,243,3669.2999999999997,3523.5,False,False,True,False
Sheet1,?,173,80*50*3 CROSSMEMBERS,80*50*3 CROSSMEMBERS,124.68,124.68,9259.022950819673,8891.11475409836,False,False,True,False
Sheet1,?,174,3MM PLATE,3MM PLATE,1145.56,1145.56,7089.326229508197,6807.631147540983,False,False,True,False
Sheet1,?,182,4 MM BEND UP SUB FRAME,4 MM BEND UP SUB FRAME,243,243,3669.2999999999997,3523.5,False,False,True,False
Sheet1,?,183,80*50*3 CROSSMEMBERS,80*50*3 CROSSMEMBERS,124.68,124.68,9259.022950819673,8891.11475409836,False,False,True,False
Sheet1,?,184,4MM PLATE,4MM PLATE,2326.21,2326.21,11708.590333333334,11243.348333333333,False,False,True,False
Sheet1,?,192,4 MM BEND UP SUB FRAME,4 MM BEND UP SUB FRAME,243,243,3669.2999999999997,3523.5,False,False,True,False
Sheet1,?,193,80*50*3 CROSSMEMBERS,80*50*3 CROSSMEMBERS,124.68,124.68,9259.022950819673,8891.11475409836,False,False,True,False
Sheet1,?,194,5MM PLATE,5MM PLATE,3046.86,3046.86,15335.862000000001,14726.49,False,False,True,False
Sheet1,?,201,4 MM BEND UP SUB FRAME,4 MM BEND UP SUB FRAME,243,243,3669.2999999999997,3523.5,False,False,True,False
Sheet1,?,202,80*50*3 CROSSMEMBERS,80*50*3 CROSSMEMBERS,124.68,124.68,9259.022950819673,8891.11475409836,False,False,True,False
Sheet1,?,204,24 MM WISA TRANS FLOOR,24 MM WISA TRANS FLOOR,4295,4295,0,25523.56557377049,False,False,True,False
Sheet1,?,218,SMALL HORIZONTALE,SMALL HORIZONTALE,203.25,203.25,7154.400000000001,6910.5,False,False,True,False
Sheet1,?,219,SMALL VERTICAL,SMALL VERTICAL,149.08,149.08,775.2160000000001,805.0320000000002,False,False,True,False
Sheet1,?,220,0661-0631 RIVETS,0661-0631 RIVETS,0.5150,0.5150,370.8,360.5,False,False,True,False
Sheet1,?,221,SILPLUS X-WHITE ,SILPLUS X-WHITE ,116.1500,116.1500,1742.25,1672.5600000000002,False,False,True,False
Sheet1,?,223,M10*40 CUP SQ BOLTS,M10*40 CUP SQ BOLTS,1.5,1.5,44.59090909090909,43.09090909090909,False,False,True,False
Sheet1,?,224,M10 NYLOCK NUT,M10 NYLOCK NUT,0.7374,0.7374,21.92089090909091,21.18349090909091,False,False,True,False
Sheet1,?,253,TAPE,TAPE,18.0000,18.0000,316.8,306,False,False,True,False
Sheet1,PAINTING OF SUB FRAME + REAR FRAME,274,"120*1,2 MM GLAV BACKING PLATE","120*1,2 MM GLAV BACKING PLATE",89.63300000000001,89.63300000000001,1344.4950000000001,1290.7152,False,False,True,False
Sheet1,PAINTING OF SUB FRAME + REAR FRAME,275,LOAD LOCK RAIL,LOAD LOCK RAIL,70.0000,70.0000,1050,1008,False,False,True,False
Sheet1,PAINTING OF SUB FRAME + REAR FRAME,276,RIVETS BACKING PLATE,RIVETS BACKING PLATE,0.2798,0.2798,41.97,40.291199999999996,False,False,True,False
Sheet1,PAINTING OF SUB FRAME + REAR FRAME,277,RIVETS LOAD LOCK RAIL,RIVETS LOAD LOCK RAIL,0.2798,0.2798,13.99,13.430399999999999,False,False,True,False
Sheet1,?,284,2MM 3 CR12 PLATE,2MM 3 CR12 PLATE,128,128,1920,1843.2,False,False,True,False
Sheet1,?,285,RIVETS,RIVETS,0.2798,0.2798,13.99,13.430399999999999,False,False,True,False
Sheet1,NOSE CONE,301,2 mm 3 CR 12 plate,2 mm 3 CR 12 plate,192,192,3379.2000000000003,3264,False,False,True,False
Sheet1,NOSE CONE,302,silicone,silicone,116.1500,116.1500,408.84800000000007,394.91,False,False,True,False
Sheet1,NOSE CONE,303,rivets,rivets,0.2798,0.2798,78.79168,76.1056,False,False,True,False
Sheet1,?,310,3 mm 3 CR 12 plate,3 mm 3 CR 12 plate,482.77777777777777,482.77777777777777,8496.888888888889,8207.222222222223,False,False,True,False
Sheet1,?,311,silicone,silicone,116.1500,116.1500,408.84800000000007,394.91,False,False,True,False
Sheet1,?,312,rivets,rivets,0.2798,0.2798,78.79168,76.1056,False,False,True,False
BAKERY BODIES,3MM3CR12 KICK PLATES,39,EXT GRP SKIN 2*300 CSM,Rhinotex 1150,213.11,213.11,1440.6236000000001,1651.6025000000002,True,False,True,True
BAKERY BODIES,3MM3CR12 KICK PLATES,40,GLUE LINE,GLUE LINE,28.583333333333332,28.583333333333332,193.22333333333336,221.52083333333331,False,False,True,False
BAKERY BODIES,3MM3CR12 KICK PLATES,41,20MM EPS,20MM EPS,41.2,41.2,278.51200000000006,319.3,False,False,True,False
BAKERY BODIES,3MM3CR12 KICK PLATES,42,80 DV UNRETHANE,80 DV UNRETHANE,228.65420134228185,228.65420134228185,0,0,False,False,False,True
BAKERY BODIES,3MM3CR12 KICK PLATES,43,GLUE LINE,GLUE LINE,28.583333333333332,28.583333333333332,193.22333333333336,221.52083333333331,False,False,True,False
BAKERY BODIES,3MM3CR12 KICK PLATES,44,4 MM PLYWOOD,4 MM PLYWOOD,71.47651006711409,68.79194630872483,0,0,False,True,False,True
BAKERY BODIES,3MM3CR12 KICK PLATES,46,19MM PHONO BONDED PLYWOOD,19MM PHONO BONDED PLYWOOD,316.77852348993287,223.15436241610738,0,0,False,True,False,True
BAKERY BODIES,3MM3CR12 KICK PLATES,47,100*19mm PICTURE FRAME,100*19mm PICTURE FRAME,68.30601092896174,46.27732240437159,710.3825136612021,518.3060109289618,False,True,True,True
BAKERY BODIES,3MM3CR12 KICK PLATES,48,INT GRP SKIN 1*450 CSM,Rhinotex 1150,213.11,213.11,1440.6236000000001,1651.6025000000002,True,False,True,True
BAKERY BODIES,?,54,EXT GRP SKIN 2*300 CSM,Rhinotex 1150,213.11,213.11,1440.6236000000001,1651.6025000000002,True,False,True,True
BAKERY BODIES,?,55,GLUE LINE,GLUE LINE,28.583333333333332,28.583333333333332,193.22333333333336,221.52083333333331,False,False,True,False
BAKERY BODIES,?,56,20MM EPS,20MM EPS,41.2,41.2,278.51200000000006,319.3,False,False,True,False
BAKERY BODIES,?,57,80DV URETHANE,80DV URETHANE,228.65420134228185,228.65420134228185,0,0,False,False,False,True
BAKERY BODIES,?,59,4 MM PLYWOOD,4 MM PLYWOOD,71.47651006711409,68.79194630872483,0,0,False,True,False,True
BAKERY BODIES,?,60,GLUE LINE,GLUE LINE,28.583333333333332,28.583333333333332,193.22333333333336,221.52083333333331,False,False,True,False
BAKERY BODIES,?,61,19MM PHONO BONDED PLYWWOD,19MM PHONO BONDED PLYWWOD,316.77852348993287,223.15436241610738,0,0,False,True,False,True
BAKERY BODIES,?,62,INT GRP SKIN 1*450 CSM,Rhinotex 1150,213.11,213.11,1440.6236000000001,1651.6025000000002,True,False,True,True
BAKERY BODIES,?,63,DOOR BLOCKS,DOOR BLOCKS,264.50775000000004,268.01775000000004,264.50775000000004,268.01775000000004,False,True,True,False
BAKERY BODIES,?,72,30258 NEW DOOR CAPPING,30258 NEW DOOR CAPPING,106.14,106.14,536.007,514.779,False,False,True,False
BAKERY BODIES,?,73,30258 NEW DOOR CAPPING,30258 NEW DOOR CAPPING,106.14,106.14,1103.856,1316.136,False,False,True,False
BAKERY BODIES,?,74,2316 INNER DOOR RUBBER,2316 INNER DOOR RUBBER,24.72,24.72,381.924,426.41999999999996,False,False,True,False
BAKERY BODIES,?,75,2317 OUTER DOOR RUBBER,2317 OUTER DOOR RUBBER,60.18,60.18,929.781,1038.105,False,False,True,False
BAKERY BODIES,?,88,EXT GRP SKIN 2*300 CSM,Rhinotex 1150,213.11,213.11,1440.6236000000001,1651.6025000000002,True,False,True,True
BAKERY BODIES,?,89,GLUE LINE,GLUE LINE,28.583333333333332,28.583333333333332,193.22333333333336,221.52083333333331,False,False,True,False
BAKERY BODIES,?,90,20MM EPS,20MM EPS,41.2,41.2,278.51200000000006,319.3,False,False,True,False
BAKERY BODIES,?,91,80 DV URETHANE,80 DV URETHANE,228.65420134228185,228.65420134228185,0,0,False,False,False,True
BAKERY BODIES,?,92,GLUE LINE,GLUE LINE,28.583333333333332,28.583333333333332,193.22333333333336,221.52083333333331,False,False,True,False
BAKERY BODIES,?,93,4 MM PLYWOOD,4 MM PLYWOOD,71.47651006711409,68.79194630872483,0,0,False,True,False,True
BAKERY BODIES,?,95,19MM PICTURE FRAME,19MM PICTURE FRAME,68.30601092896174,46.27732240437159,461.74863387978144,358.64924863387984,False,True,True,True
BAKERY BODIES,?,96,INT GRP SKIN 1*450 CSM,Rhinotex 1150,213.11,213.11,1440.6236000000001,1651.6025000000002,True,False,True,True
BAKERY BODIES,?,97,DOOR BLOCKS,DOOR BLOCKS,264.50775000000004,268.01775000000004,264.50775000000004,268.01775000000004,False,True,True,False
BAKERY BODIES,?,114,SMALL HORIZONTAL,SMALL HORIZONTAL,181.78,181.78,945.2560000000001,908.9,False,False,True,False
BAKERY BODIES,?,115,SMALL VERTICAL,SMALL VERTICAL,149.08,149.08,775.2160000000001,924.296,False,False,True,False
BAKERY BODIES,?,117,SILICONE,SILICONE,116.1500,116.1500,603.98,650.4399999999999,False,False,True,False
BAKERY BODIES,?,118,0661-0631 LONG RIVETS,0661-0631 LONG RIVETS,0.5150,0.5150,115.36,123.60000000000001,False,False,True,False
BAKERY BODIES,?,127,EXT GRP SKIN 2*300 CSM,Rhinotex 1150,213.11,213.11,4183.3493,7452.030480000001,True,False,True,True
BAKERY BODIES,?,128,GLUE LINE,GLUE LINE,28.583333333333332,28.583333333333332,561.0908333333333,999.5020000000001,False,False,True,False
BAKERY BODIES,?,129,20MM EPS,20MM EPS,41.2,41.2,808.756,1440.6816000000003,False,False,True,False
BAKERY BODIES,?,130,80 DV URETHANE ,80 DV URETHANE ,228.65420134228185,228.65420134228185,0,0,False,False,False,True
BAKERY BODIES,?,132,4 MM PLYWOOD,4 MM PLYWOOD,71.47651006711409,68.79194630872483,0,0,False,True,False,True
BAKERY BODIES,?,133,GLUE LINE,GLUE LINE,28.583333333333332,28.583333333333332,561.0908333333333,999.5020000000001,False,False,True,False
BAKERY BODIES,?,134,19MM PHENO BONDED PLYWOOD,19MM PHENO BONDED PLYWOOD,68.30601092896174,46.27732240437159,0,0,False,True,False,True
BAKERY BODIES,?,135,100*19 PICTURE  FRAME,100*19 PICTURE  FRAME,68.30601092896174,46.27732240437159,2418.0327868852455,2374.95218579235,False,True,True,True
BAKERY BODIES,?,136,INT GRP SKIN 1*450 CSM,Rhinotex 1150,213.11,213.11,4183.3493,7452.030480000001,True,False,True,True
BAKERY BODIES,?,142,EXT GRP SKIN 1*450 CSM,Rhinotex 1150,213.11,213.11,4263.798325000001,6129.8960400000005,True,False,True,True
BAKERY BODIES,?,143,GLUE LINE,GLUE LINE,28.583333333333332,28.583333333333332,571.8810416666666,822.1709999999999,False,False,True,False
BAKERY BODIES,?,144,45MM EPS,45MM EPS,92.7,92.7,1854.69525,2666.4228,False,False,True,False
BAKERY BODIES,?,145,80 DV URETHANE,80 DV URETHANE,411.57756241610736,411.57756241610736,0,0,False,False,False,True
BAKERY BODIES,?,146,GLUE LINE,GLUE LINE,28.583333333333332,28.583333333333332,571.8810416666666,822.1709999999999,False,False,True,False
BAKERY BODIES,?,147,100*45MM PICTURE FRAME,100*45MM PICTURE FRAME,34.958294778384946,34.144961445051614,1148.3799834699455,1627.6903120856105,False,True,True,True
BAKERY BODIES,?,148,INT GRP SKIN 1*450 CSM,Rhinotex 1150,213.11,213.11,4263.798325000001,6129.8960400000005,True,False,True,True
BAKERY BODIES,?,154,5MM BEND UP SUB FRAME,5MM BEND UP SUB FRAME,243,243,3669.2999999999997,5482.080000000001,False,False,True,False
BAKERY BODIES,?,155,80*50*3 CROSSMEMEBERS,80*50*3 CROSSMEMEBERS,124.68,124.68,9259.022950819673,13833.348196721314,False,False,True,False
BAKERY BODIES,?,156,2MM PLATE,2MM PLATE,2765,2765,13917.166666666666,20792.800000000003,False,False,True,False
BAKERY BODIES,?,163,4 MM BEND UP SUB FRAME,4 MM BEND UP SUB FRAME,243,243,3669.2999999999997,5482.080000000001,False,False,True,False
BAKERY BODIES,?,164,80*50*3 CROSSMEMBERS,80*50*3 CROSSMEMBERS,124.68,124.68,9259.022950819673,13833.348196721314,False,False,True,False
BAKERY BODIES,?,165,3MM PLATE,3MM PLATE,4345,4345,21869.833333333332,32674.4,False,False,True,False
BAKERY BODIES,?,172,4 MM BEND UP SUB FRAME,4 MM BEND UP SUB FRAME,243,243,3669.2999999999997,5482.080000000001,False,False,True,False
BAKERY BODIES,?,173,80*50*3 CROSSMEMBERS,80*50*3 CROSSMEMBERS,124.68,124.68,9259.022950819673,13833.348196721314,False,False,True,False
BAKERY BODIES,?,174,3MM PLATE,3MM PLATE,1145.56,1145.56,7089.326229508197,10591.735081967214,False,False,True,False
BAKERY BODIES,?,182,4 MM BEND UP SUB FRAME,4 MM BEND UP SUB FRAME,243,243,3669.2999999999997,5482.080000000001,False,False,True,False
BAKERY BODIES,?,183,80*50*3 CROSSMEMBERS,80*50*3 CROSSMEMBERS,124.68,124.68,9259.022950819673,13833.348196721314,False,False,True,False
BAKERY BODIES,?,184,4MM PLATE,4MM PLATE,2326.21,2326.21,11708.590333333334,17493.0992,False,False,True,False
BAKERY BODIES,?,192,4 MM BEND UP SUB FRAME,4 MM BEND UP SUB FRAME,243,243,3669.2999999999997,5482.080000000001,False,False,True,False
BAKERY BODIES,?,193,80*50*3 CROSSMEMBERS,80*50*3 CROSSMEMBERS,124.68,124.68,9259.022950819673,13833.348196721314,False,False,True,False
BAKERY BODIES,?,194,5MM PLATE,5MM PLATE,3046.86,3046.86,15335.862000000001,22912.3872,False,False,True,False
BAKERY BODIES,?,201,4 MM BEND UP SUB FRAME,4 MM BEND UP SUB FRAME,243,243,3669.2999999999997,5482.080000000001,False,False,True,False
BAKERY BODIES,?,202,80*50*3 CROSSMEMBERS,80*50*3 CROSSMEMBERS,124.68,124.68,9259.022950819673,13833.348196721314,False,False,True,False
BAKERY BODIES,?,218,SMALL HORIZONTALE,SMALL HORIZONTALE,203.25,203.25,7154.400000000001,10146.24,False,False,True,False
BAKERY BODIES,?,219,SMALL VERTICAL,SMALL VERTICAL,149.08,149.08,775.2160000000001,924.296,False,False,True,False
BAKERY BODIES,?,220,0661-0631 RIVETS,0661-0631 RIVETS,0.5150,0.5150,370.8,534.7760000000001,False,False,True,False
BAKERY BODIES,?,221,SILPLUS X-WHITE ,SILPLUS X-WHITE ,116.1500,116.1500,1742.25,2608.7290000000003,False,False,True,False
BAKERY BODIES,?,223,M10*40 CUP SQ BOLTS,M10*40 CUP SQ BOLTS,1.5,1.5,44.59090909090909,62.968181818181826,False,False,True,False
BAKERY BODIES,?,224,M10 NYLOCK NUT,M10 NYLOCK NUT,0.7374,0.7374,21.92089090909091,30.955158181818188,False,False,True,False
BAKERY BODIES,?,253,TAPE,TAPE,18.0000,18.0000,316.8,449.28000000000003,False,False,True,False
BAKERY BODIES,?,259,3MM 3CR12 REAR FRAME,3MM 3CR12 REAR FRAME,965.76,965.76,524.793984,504.60959999999994,False,False,True,False
BAKERY BODIES,?,260,TOP FRAME RAIN GUTTER,TOP FRAME RAIN GUTTER,965.76,965.76,765.8476800000001,736.3919999999999,False,False,True,False
BAKERY BODIES,?,261,3MM 3CR12 FLOOR PLATE,3MM 3CR12 FLOOR PLATE,965.76,965.76,326.42688000000004,313.872,False,False,True,False
BAKERY BODIES,PAINTING OF SUB FRAME + REAR FRAME,274,"120*1,2 MM GLAV BACKING PLATE","120*1,2 MM GLAV BACKING PLATE",89.63300000000001,89.63300000000001,1344.4950000000001,2013.1571800000004,False,False,True,False
BAKERY BODIES,PAINTING OF SUB FRAME + REAR FRAME,275,LOAD LOCK RAIL,LOAD LOCK RAIL,70.0000,70.0000,1050,1572.2,False,False,True,False
BAKERY BODIES,PAINTING OF SUB FRAME + REAR FRAME,276,RIVETS BACKING PLATE,RIVETS BACKING PLATE,0.2798,0.2798,41.97,62.84307999999999,False,False,True,False
BAKERY BODIES,PAINTING OF SUB FRAME + REAR FRAME,277,RIVETS LOAD LOCK RAIL,RIVETS LOAD LOCK RAIL,0.2798,0.2798,13.99,20.947693333333333,False,False,True,False
BAKERY BODIES,?,284,2MM 3 CR12 PLATE,2MM 3 CR12 PLATE,128,128,1920,2874.88,False,False,True,False
BAKERY BODIES,?,285,RIVETS,RIVETS,0.2798,0.2798,13.99,20.947693333333333,False,False,True,False
BAKERY BODIES,NOSE CONE,301,2 mm 3 CR 12 plate,2 mm 3 CR 12 plate,192,192,3379.2000000000003,4792.32,False,False,True,False
BAKERY BODIES,NOSE CONE,302,silicone,silicone,116.1500,116.1500,408.84800000000007,579.8208000000001,False,False,True,False
BAKERY BODIES,NOSE CONE,303,rivets,rivets,0.2798,0.2798,78.79168,111.740928,False,False,True,False
BAKERY BODIES,?,310,3 mm 3 CR 12 plate,3 mm 3 CR 12 plate,482.77777777777777,482.77777777777777,8496.888888888889,12050.133333333333,False,False,True,False
BAKERY BODIES,?,311,silicone,silicone,116.1500,116.1500,408.84800000000007,579.8208000000001,False,False,True,False
BAKERY BODIES,?,312,rivets,rivets,0.2798,0.2798,78.79168,111.740928,False,False,True,False
TAUT LINER RIGID,?,28,EXT GRP SKIN 2*300 CSM,EXT GRP SKIN 2*300 CSM,272.27,263.65,1840.5452,1782.2740000000001,False,True,True,False
TAUT LINER RIGID,?,32,4 MM PLYWOOD,4 MM PLYWOOD,213,205,1351.2720000000002,1300.52,False,True,True,False
TAUT LINER RIGID,?,34,INT GRP SKIN 2*300 CSM,INT GRP SKIN 2*300 CSM,272.27,263.65,1840.5452,1782.2740000000001,False,True,True,False
TAUT LINER RIGID,?,35,DOOR BLOCKS,DOOR BLOCKS,791.00775,794.51775,791.00775,794.51775,False,True,True,False
TAUT LINER RIGID,ROOF,81,EXT GRP SKIN 2*300 CSM,EXT GRP SKIN 2*300 CSM,272.27,263.65,5230.987375,5065.375624999999,False,True,True,False
CHESTER SPEC MEAT BODY,FRONT,24,EXT GRP SKIN 2*450,EXT GRP SKIN 2*450,272.27,263.65,1894.3185249999995,1834.3448749999995,False,True,True,False
CHESTER SPEC MEAT BODY,FRONT,27,PU,PU,258.3223087248322,245.73583892617447,1537.9476972241612,1463.0128906308723,False,True,True,False
CHESTER SPEC MEAT BODY,FRONT,29,6MM PF PLYWOOD,6MM PF PLYWOOD,95.63758389261746,86.57718120805369,665.3984899328858,602.3607382550334,False,True,True,False
CHESTER SPEC MEAT BODY,FRONT,31,100*62 PICTURE FRAME,100*62 PICTURE FRAME,38.09979477838494,37.28646144505161,402.3338328597449,393.7450328597449,False,True,True,False
CHESTER SPEC MEAT BODY,FRONT,32,INT GRP SKIN 1*450,INT GRP SKIN 1*450,267.84,272.27,1863.4967999999994,1894.3185249999995,False,True,True,False
CHESTER SPEC MEAT BODY,SRD,38,EXT GRP SKIN 2*450,EXT GRP SKIN 2*450,272.27,263.65,1894.3185249999995,1834.3448749999995,False,True,True,False
CHESTER SPEC MEAT BODY,SRD,43,6MM PF PLYWWOD,6MM PF PLYWWOD,95.63758389261746,86.57718120805369,665.3984899328858,602.3607382550334,False,True,True,False
CHESTER SPEC MEAT BODY,SRD,45,INT GRP SKIN 1*450,INT GRP SKIN 1*450,267.84,272.27,1863.4967999999994,1894.3185249999995,False,True,True,False
CHESTER SPEC MEAT BODY,SRD,46,130*62MM TAPPING BLOCKS,130*62MM TAPPING BLOCKS,,,680,780,False,False,True,False
CHESTER SPEC MEAT BODY,DRD,75,EXT GRP SKIN 2*300,EXT GRP SKIN 2*300,272.27,263.65,1939.2430749999996,1877.8471249999996,False,True,True,False
CHESTER SPEC MEAT BODY,DRD,78,PU,PU,258.3223087248322,245.73583892617447,1537.9476972241612,1463.0128906308723,False,True,True,False
CHESTER SPEC MEAT BODY,DRD,80,6MM PF PLYWOOD,6MM PF PLYWOOD,95.63758389261746,86.57718120805369,681.1786912751677,616.6459731543623,False,True,True,False
CHESTER SPEC MEAT BODY,DRD,82,INT GRP SKIN 1*450,INT GRP SKIN 1*450,267.84,272.27,1907.6903999999995,1939.2430749999996,False,True,True,False
CHESTER SPEC MEAT BODY,DRD,83,130*62MM TAPPING BLOCKS,130*62MM TAPPING BLOCKS,,,952,1092,False,False,True,False
CHESTER SPEC MEAT BODY,SIDES,108,EXT GRP SKIN 2*450,EXT GRP SKIN 2*450,272.27,263.65,6401.748374999999,6199.070624999999,False,True,True,False
CHESTER SPEC MEAT BODY,SIDES,111,PU,PU,258.3223087248322,245.73583892617447,5389.120004617451,5126.541071677852,False,True,True,False
CHESTER SPEC MEAT BODY,SIDES,113,60*50 LVL BEAMS,60*50 LVL BEAMS,359,409,13586.090163934428,15478.303278688529,False,True,True,False
CHESTER SPEC MEAT BODY,SIDES,114,4MM PF PLYWOOD,4MM PF PLYWOOD,285,258,6701.0625,6066.224999999999,False,True,True,False
CHESTER SPEC MEAT BODY,SIDES,116,INT GRP SKIN1*450,INT GRP SKIN1*450,267.84,272.27,6297.587999999999,6401.748374999999,False,True,True,False
CHESTER SPEC MEAT BODY,SIDES,117,58MM PICTURE FRAME,58MM PICTURE FRAME,38.09979477838494,37.28646144505161,756.2809263509411,740.1362596842745,False,True,True,False
CHESTER SPEC MEAT BODY,ROOF,124,EXT GRP SKIN 2*300,EXT GRP SKIN 2*300,267.84,272.27,6068.5848,6168.957525,False,True,True,False
CHESTER SPEC MEAT BODY,ROOF,127,PU,PU,430.5371812080537,409.5597315436242,8981.866674362416,8544.235119463088,False,True,True,False
CHESTER SPEC MEAT BODY,ROOF,130,6MM PF PLYWOOD,6MM PF PLYWOOD,285,258,6457.387500000001,5845.635,False,True,True,False
CHESTER SPEC MEAT BODY,ROOF,132,INT GRP SKIN 2*450,INT GRP SKIN 2*450,267.84,272.27,6068.5848,6168.957525,False,True,True,False
CHESTER SPEC MEAT BODY,ROOF,133,94MM PICTURE FRAME,94MM PICTURE FRAME,45.22052811171828,44.40719477838495,2049.168231382514,2012.312031382514,False,True,True,False
CHESTER SPEC MEAT BODY,FLOOR,141,PU,PU,430.5371812080537,409.5597315436242,8981.866674362416,8544.235119463088,False,True,True,False
"SMALL MEAT BODY UP TO 5,2",FRONT,29,EXT GRP SKIN 2*450,Rhinotex 1150 BW,272.27,213.11,1334.5422957999995,1044.5671893999997,True,True,True,True
"SMALL MEAT BODY UP TO 5,2",FRONT,32,PU,PU,0,0,0,0,False,False,False,True
"SMALL MEAT BODY UP TO 5,2",FRONT,34,6MM PF PLYWOOD,6MM PF PLYWOOD,95.63758389261746,86.57718120805369,468.77144295301997,424.3615167785233,False,True,True,True
"SMALL MEAT BODY UP TO 5,2",FRONT,36,100*62 PICTURE FRAME,100*62 PICTURE FRAME,38.09979477838494,37.28646144505161,337.41178255737697,330.208902557377,False,True,True,True
"SMALL MEAT BODY UP TO 5,2",FRONT,37,INT GRP SKIN 1*450,Rhinotex 1150 Bioshield,267.84,222.76,1312.8284735999994,1091.8670503999995,True,True,True,True
"SMALL MEAT BODY UP TO 5,2",SRD,43,EXT GRP SKIN 2*450,Rhinotex 1150 BW,272.27,213.11,1334.5422957999995,1044.5671893999997,True,True,True,True
"SMALL MEAT BODY UP TO 5,2",SRD,46,PU,PU,0,0,0,0,False,False,False,True
"SMALL MEAT BODY UP TO 5,2",SRD,48,6MM PF PLYWWOD,6MM PF PLYWWOD,95.63758389261746,86.57718120805369,468.77144295301997,424.3615167785233,False,True,True,True
"SMALL MEAT BODY UP TO 5,2",SRD,50,INT GRP SKIN 1*450,Rhinotex 1150 Bioshield,267.84,222.76,1312.8284735999994,1091.8670503999995,True,True,True,True
"SMALL MEAT BODY UP TO 5,2",SRD,51,130*62MM TAPPING BLOCKS,130*62MM TAPPING BLOCKS,,,680,780,False,False,True,False
"SMALL MEAT BODY UP TO 5,2",DRD,80,EXT GRP SKIN 2*300,Rhinotex 1150 BW,272.27,213.11,1370.4492633999994,1072.6721361999996,True,True,True,True
"SMALL MEAT BODY UP TO 5,2",DRD,85,6MM PF PLYWOOD,6MM PF PLYWOOD,95.63758389261746,86.57718120805369,481.38412751677834,435.7793154362414,False,True,True,True
"SMALL MEAT BODY UP TO 5,2",DRD,87,INT GRP SKIN 1*450,Rhinotex 1150 Bioshield,267.84,222.76,1348.1512127999993,1121.2446391999995,True,True,True,True
"SMALL MEAT BODY UP TO 5,2",DRD,88,130*62MM TAPPING BLOCKS,130*62MM TAPPING BLOCKS,,,952,1092,False,False,True,False
"SMALL MEAT BODY UP TO 5,2",SIDES,113,EXT GRP SKIN 2*450,Rhinotex 1150 BW,272.27,213.11,3141.859664999999,2459.1828449999994,True,True,True,True
"SMALL MEAT BODY UP TO 5,2",SIDES,116,PU,PU,0,0,0,0,False,False,False,True
"SMALL MEAT BODY UP TO 5,2",SIDES,118,60*50 LVL BEAMS,60*50 LVL BEAMS,128.67383512544802,146.59498207885304,1351.0752688172042,1539.2473118279568,False,True,True,True
"SMALL MEAT BODY UP TO 5,2",SIDES,119,4MM PF PLYWOOD,4MM PF PLYWOOD,234.73154362416108,171.14093959731542,2708.684647651006,1974.8808724832209,False,True,True,True
"SMALL MEAT BODY UP TO 5,2",SIDES,121,INT GRP SKIN1*450,Rhinotex 1150 Bioshield,267.84,222.76,3090.7396799999988,2570.5390199999993,True,True,True,True
"SMALL MEAT BODY UP TO 5,2",SIDES,122,58MM PICTURE FRAME,58MM PICTURE FRAME,38.09979477838494,37.28646144505161,483.791194095932,473.46348742926534,False,True,True,True
"SMALL MEAT BODY UP TO 5,2",ROOF,129,EXT GRP SKIN 2*300,Rhinotex 1150 BW,267.84,213.11,3304.475999999999,2629.244625,True,True,True,True
"SMALL MEAT BODY UP TO 5,2",ROOF,132,PU,PU,0,0,0,0,False,False,False,True
"SMALL MEAT BODY UP TO 5,2",ROOF,135,6MM PF PLYWOOD,6MM PF PLYWOOD,71.47651006711409,68.79194630872483,881.84144295302,848.7206375838925,False,True,True,True
"SMALL MEAT BODY UP TO 5,2",ROOF,137,INT GRP SKIN 2*450,Rhinotex 1150 Bioshield,267.84,222.76,3304.475999999999,2748.3014999999996,True,True,True,True
"SMALL MEAT BODY UP TO 5,2",ROOF,138,94MM PICTURE FRAME,94MM PICTURE FRAME,45.22052811171828,44.40719477838495,1115.8165311566484,1095.7475311566484,False,True,True,True
"SMALL MEAT BODY UP TO 5,2",FLOOR,145,EXT GRP SKIN 2*450,Rhinotex 1150 BW,267.84,213.11,3304.475999999999,2629.244625,True,True,True,True
"SMALL MEAT BODY UP TO 5,2",FLOOR,148,PU,PU,0,0,0,0,False,False,False,True
"SMALL MEAT BODY UP TO 5,2",FLOOR,150,12 MM PF PLYWOOD,12 MM PF PLYWOOD,162.751677852349,149.66442953020135,0,0,False,True,False,True
"SMALL MEAT BODY UP TO 5,2",FLOOR,151,12 MM FINN PLYWOOD,12 MM FINN PLYWOOD,354.0268456375839,267.7852348993289,4367.806208053691,3303.8003355704695,False,True,True,True
"SMALL MEAT BODY UP TO 5,2",FLOOR,154,100*50 LVL,100*50 LVL,128.67383512544802,146.59498207885304,3762.625347348073,4286.667874833876,False,True,True,True
MEAT BODY,FRONT,29,EXT GRP SKIN 2*450,Rhinotex 1150 BW,272.27,213.11,1303.0569929999997,1426.5370289999998,True,True,True,True
MEAT BODY,FRONT,30,GLUE LINE,GLUE LINE,28.583333333333332,28.583333333333332,136.79697499999997,191.33397499999998,False,False,True,False
MEAT BODY,FRONT,31,EPS,EPS,127.72,127.72,611.2551479999998,854.9449079999999,False,False,True,False
MEAT BODY,FRONT,32,PU,PU,0,0,0,0,False,False,False,True
MEAT BODY,FRONT,33,GLUE LINE,GLUE LINE,28.583333333333332,28.583333333333332,136.79697499999997,191.33397499999998,False,False,True,False
MEAT BODY,FRONT,34,6MM PF PLYWOOD,6MM PF PLYWOOD,95.63758389261746,86.57718120805369,457.7119127516778,579.5389932885905,False,True,True,True
MEAT BODY,FRONT,35,GLUE LINE,GLUE LINE,28.583333333333332,28.583333333333332,136.79697499999997,191.33397499999998,False,False,True,False
MEAT BODY,FRONT,36,100*62 PICTURE FRAME,100*62 PICTURE FRAME,38.09979477838494,37.28646144505161,333.44940390042495,385.98944887917423,False,True,True,True
MEAT BODY,FRONT,37,INT GRP SKIN 1*450,Rhinotex 1150 Bioshield,267.84,222.76,1281.8554559999995,1491.1331639999999,True,True,True,True
MEAT BODY,SRD,43,EXT GRP SKIN 2*450,Rhinotex 1150 BW,272.27,213.11,1303.0569929999997,1426.5370289999998,True,True,True,True
MEAT BODY,SRD,44,GLUE LINE,GLUE LINE,28.583333333333332,28.583333333333332,136.79697499999997,191.33397499999998,False,False,True,False
MEAT BODY,SRD,46,PU,PU,0,0,0,0,False,False,False,True
MEAT BODY,SRD,47,GLUE LINE,GLUE LINE,28.583333333333332,28.583333333333332,136.79697499999997,191.33397499999998,False,False,True,False
MEAT BODY,SRD,48,6MM PF PLYWWOD,6MM PF PLYWWOD,95.63758389261746,86.57718120805369,457.7119127516778,579.5389932885905,False,True,True,True
MEAT BODY,SRD,49,GLUE LINE,GLUE LINE,28.583333333333332,28.583333333333332,136.79697499999997,191.33397499999998,False,False,True,False
MEAT BODY,SRD,50,INT GRP SKIN 1*450,Rhinotex 1150 Bioshield,267.84,222.76,1281.8554559999995,1491.1331639999999,True,True,True,True
MEAT BODY,SRD,51,130*62MM TAPPING BLOCKS,130*62MM TAPPING BLOCKS,,,680,780,False,False,True,False
MEAT BODY,DOOR FITTINGS,59,28779 DOOR CAPPING,28779 DOOR CAPPING,149.08,149.08,894.4799999999998,1043.5599999999997,False,False,True,False
MEAT BODY,DOOR FITTINGS,60,28777 DOOR CAPPING,28777 DOOR CAPPING,132.13,132.13,680.4694999999998,812.5994999999998,False,False,True,False
MEAT BODY,DOOR FITTINGS,61,2316 DOOR RUBBER,2316 DOOR RUBBER,24.72,24.72,148.31999999999994,173.03999999999994,False,False,True,False
MEAT BODY,DOOR FITTINGS,62,2317 DOOR RUBBER,2317 DOOR RUBBER,60.18,60.18,361.07999999999987,421.2599999999999,False,False,True,False
MEAT BODY,DOOR FITTINGS,67,28782SBIG HORIZ CAPPING,28782SBIG HORIZ CAPPING,203.25,203.25,934.9499999999999,1056.9,False,False,True,False
MEAT BODY,DOOR FITTINGS,68,28780 BIG VERTICAL ,28780 BIG VERTICAL ,181.78,181.78,836.188,1017.968,False,False,True,False
MEAT BODY,DOOR FITTINGS,69,0661-0631 LONG RIVETS,0661-0631 LONG RIVETS,0.5150,0.5150,65.199,75.80799999999999,False,False,True,False
MEAT BODY,DRD,80,EXT GRP SKIN 2*300,Rhinotex 1150 BW,272.27,213.11,1339.3505839999993,1461.551002,True,True,True,True
MEAT BODY,DRD,81,GLUE LINE,GLUE LINE,28.583333333333332,28.583333333333332,140.60713333333328,196.03021666666663,False,False,True,False
MEAT BODY,DRD,82,EPS,EPS,127.72,127.72,628.2802239999997,875.9293039999999,False,False,True,False
MEAT BODY,DRD,83,PU,PU,0,0,0,0,False,False,False,True
MEAT BODY,DRD,84,GLUE LINE,GLUE LINE,28.583333333333332,28.583333333333332,140.60713333333328,196.03021666666663,False,False,True,False
MEAT BODY,DRD,85,6MM PF PLYWOOD,6MM PF PLYWOOD,95.63758389261746,86.57718120805369,470.46040268456363,593.7636241610737,False,True,True,True
MEAT BODY,DRD,86,GLUE LINE,GLUE LINE,28.583333333333332,28.583333333333332,140.60713333333328,196.03021666666663,False,False,True,False
MEAT BODY,DRD,87,INT GRP SKIN 1*450,Rhinotex 1150 Bioshield,267.84,222.76,1317.5585279999993,1527.7326319999997,True,True,True,True
MEAT BODY,DRD,88,130*62MM TAPPING BLOCKS,130*62MM TAPPING BLOCKS,,,952,1092,False,False,True,False
MEAT BODY,DOOR FITTINGS,96,28779 DOOR CAPPING,28779 DOOR CAPPING,149.08,149.08,1714.42,2027.4879999999998,False,False,True,False
MEAT BODY,DOOR FITTINGS,97,28777 DOOR CAPPING,28777 DOOR CAPPING,132.13,132.13,303.89899999999994,369.96399999999994,False,False,True,False
MEAT BODY,DOOR FITTINGS,98,2316 DOOR RUBBER,2316 DOOR RUBBER,24.72,24.72,284.28,336.19199999999995,False,False,True,False
MEAT BODY,DOOR FITTINGS,99,2317 DOOR RUBBER,2317 DOOR RUBBER,60.18,60.18,692.07,818.4479999999999,False,False,True,False
MEAT BODY,SIDES,113,EXT GRP SKIN 2*450,Rhinotex 1150 BW,272.27,213.11,3073.247624999999,4772.065675,True,True,True,True
MEAT BODY,SIDES,114,GLUE LINE,GLUE LINE,28.583333333333332,28.583333333333332,322.6343749999999,640.0522916666666,False,False,True,False
MEAT BODY,SIDES,115,EPS,EPS,127.72,127.72,1441.6394999999998,2859.9700999999995,False,False,True,False
MEAT BODY,SIDES,116,PU,PU,0,0,0,0,False,False,False,True
MEAT BODY,SIDES,117,GLUE LINE,GLUE LINE,28.583333333333332,28.583333333333332,322.6343749999999,640.0522916666666,False,False,True,False
MEAT BODY,SIDES,118,60*50 LVL BEAMS,60*50 LVL BEAMS,128.67383512544802,146.59498207885304,1627.9349550502377,2985.130442446677,False,True,True,True
MEAT BODY,SIDES,119,4MM PF PLYWOOD,4MM PF PLYWOOD,234.73154362416108,171.14093959731542,2649.5322986577175,3832.2734899328852,False,True,True,True
MEAT BODY,SIDES,120,GLUE LINE,GLUE LINE,28.583333333333332,28.583333333333332,322.6343749999999,640.0522916666666,False,False,True,False
MEAT BODY,SIDES,121,INT GRP SKIN1*450,Rhinotex 1150 Bioshield,267.84,222.76,3023.2439999999992,4988.153299999999,True,True,True,True
MEAT BODY,SIDES,122,58MM PICTURE FRAME,58MM PICTURE FRAME,38.09979477838494,37.28646144505161,481.96240394656945,728.950321250759,False,True,True,True
MEAT BODY,SIDES,123,3MM MILD STEEL PLATE,3MM MILD STEEL PLATE,384.4161073825503,384.4161073825503,82.64946308724831,101.87026845637581,False,False,True,False
MEAT BODY,ROOF,129,EXT GRP SKIN 2*300,Rhinotex 1150 BW,267.84,213.11,3304.475999999999,4772.065675000001,True,True,True,True
MEAT BODY,ROOF,130,GLUE LINE,GLUE LINE,28.583333333333332,28.583333333333332,352.64687499999997,640.0522916666667,False,False,True,False
MEAT BODY,ROOF,131,EPS,EPS,206,206,2541.5249999999996,4612.8550000000005,False,False,True,False
MEAT BODY,ROOF,132,PU,PU,0,0,0,0,False,False,False,True
MEAT BODY,ROOF,133,100*50*3 R.T.TUBE,100*50*3 R.T.TUBE,124,124,3201.639344262295,5153.114754098362,False,False,True,False
MEAT BODY,ROOF,134,GLUE LINE,GLUE LINE,28.583333333333332,28.583333333333332,352.64687499999997,640.0522916666667,False,False,True,False
MEAT BODY,ROOF,135,6MM PF PLYWOOD,6MM PF PLYWOOD,71.47651006711409,68.79194630872483,881.84144295302,1540.423657718121,False,True,True,True
MEAT BODY,ROOF,136,GLUE LINE,GLUE LINE,28.583333333333332,28.583333333333332,352.64687499999997,640.0522916666667,False,False,True,False
MEAT BODY,ROOF,137,INT GRP SKIN 2*450,Rhinotex 1150 Bioshield,267.84,222.76,3304.475999999999,4988.1533,True,True,True,True
MEAT BODY,ROOF,138,94MM PICTURE FRAME,94MM PICTURE FRAME,45.22052811171828,44.40719477838495,1115.8165311566484,1988.77621814997,False,True,True,True
MEAT BODY,ROOF,139,3MM MILD STEEL PLATE,3MM MILD STEEL PLATE,384.4161073825503,384.4161073825503,90.33778523489931,101.87026845637584,False,False,True,False
MEAT BODY,FLOOR,145,EXT GRP SKIN 2*450,Rhinotex 1150 BW,267.84,222.76,3304.475999999999,4988.1533,True,True,True,True
MEAT BODY,FLOOR,146,GLUE LINE,GLUE LINE,28.583333333333332,28.583333333333332,352.64687499999997,640.0522916666667,False,False,True,False
MEAT BODY,FLOOR,147,EPS,EPS,206,206,2541.5249999999996,4612.8550000000005,False,False,True,False
MEAT BODY,FLOOR,148,PU,PU,0,0,0,0,False,False,False,True
MEAT BODY,FLOOR,149,GLUE LINE,GLUE LINE,28.583333333333332,28.583333333333332,352.64687499999997,640.0522916666667,False,False,True,False
MEAT BODY,FLOOR,150,18 MM PF PLYWOOD,18 MM PF PLYWOOD,243.28859060402684,246.64429530201343,0,0,False,True,False,True
MEAT BODY,FLOOR,151,18 MM FINN PLYWOOD,18 MM FINN PLYWOOD,667.7852348993289,375.83892617449663,8238.80033557047,8415.973154362417,False,True,True,True
MEAT BODY,FLOOR,152,100*50 R.T. TUBE,100*50 R.T. TUBE,124,124,1860,2993.714285714286,False,False,True,False
MEAT BODY,FLOOR,153,40*16 TAPPING FLAT BAR,40*16 TAPPING FLAT BAR,97,97,388,624.4952380952382,False,False,True,False
MEAT BODY,FLOOR,154,100*50 LVL,100*50 LVL,128.67383512544802,146.59498207885304,3762.625347348073,6899.494008065956,False,True,True,True
MEAT BODY,FLOOR,158,2*300 INT LAMINATION,2*300 INT LAMINATION,31.939500000000002,31.939500000000002,1100.7948675000002,1893.8526525000002,False,False,True,False
MEAT BODY,FLOOR,159,ANTI-SKID FINAL COAT,ANTI-SKID FINAL COAT,32.0943,32.0943,553.06502475,951.51575925,False,False,True,False
MEAT BODY,ALUMINIUM,166,28782 BIG HORIZONTALE CAP,28782 BIG HORIZONTALE CAP,242.9,242.9,6218.240000000001,9570.26,False,False,True,False
MEAT BODY,ALUMINIUM,167,28780 BIG VERTICAL,28780 BIG VERTICAL,203.25,203.25,955.2749999999999,1077.225,False,False,True,False
MEAT BODY,ALUMINIUM,168,0661-0631 LONG RIVETS,0661-0631 LONG RIVETS,0.5150,0.5150,320.33,468.65000000000003,False,False,True,False
MEAT BODY,ALUMINIUM,169,SILPLUS - X WHITE,SILPLUS - X WHITE,116.1500,116.1500,1207.96,1951.3200000000002,False,False,True,False
MEAT BODY,SUB FRAME + LIGHT BOX ASSY,177,5MM 300 WA PLATE,5MM 300 WA PLATE,243,243,2551.5,4106.700000000001,False,False,True,False
MEAT BODY,SUB FRAME + LIGHT BOX ASSY,178,180*50*5MM CROSS MEMBER,180*50*5MM CROSS MEMBER,243,243,981.3461538461538,1579.5000000000002,False,False,True,False
MEAT BODY,REAR FRAME + FLOOR PLATE,208,3MM 3CR12 REAR FRAME,3MM 3CR12 REAR FRAME,965.76,965.76,1199.47392,1460.22912,False,False,True,False
MEAT BODY,REAR FRAME + FLOOR PLATE,209,TOP FRAME RAIN GUTTER,TOP FRAME RAIN GUTTER,965.76,965.76,677.4806399999999,765.8476800000001,False,False,True,False
MEAT BODY,MEAT RAILS,227,50*10 FLAT BAR,50*10 FLAT BAR,57.5,57.5,1509.375,2429.3750000000005,False,False,True,False
MEAT BODY,MEAT RAILS,228,J- BRACKET,J- BRACKET,39.791666666666664,39.791666666666664,1976.5368852459014,3228.995901639344,False,False,True,False
MEAT BODY,MEAT RAILS,229,M10*30 GALV BOLTS,M10*30 GALV BOLTS,0.5,0.5,74.50819672131146,121.72131147540983,False,False,True,False
MEAT BODY,MEAT RAILS,230,M10 NYLOCK NUT,M10 NYLOCK NUT,0.7374,0.7374,109.88468852459016,179.51459016393443,False,False,True,False
MEAT BODY,MEAT RAILS,233,REFLEXITE TAPE,REFLEXITE TAPE,18.0000,18.0000,228.6,349.20000000000005,False,False,True,False
DRY FREIGHT TRAILER,FRONT,28,EXT GRP SKIN 2*450,Rhinotex 1150 BW,272.27,213.11,2835.14751,2219.11443,True,True,True,True
DRY FREIGHT TRAILER,FRONT,31,PU,PU,0,0,0,0,False,False,False,True
DRY FREIGHT TRAILER,FRONT,33,6MM PF PLYWOOD,6MM PF PLYWOOD,95.63758389261746,86.57718120805369,995.8741610738256,901.5281879194631,False,True,True,True
DRY FREIGHT TRAILER,FRONT,35,94MM PICTURE FRAME,94MM PICTURE FRAME,45.22052811171828,44.40719477838495,597.3631763557985,586.6190430224652,False,True,True,True
DRY FREIGHT TRAILER,FRONT,36,INT GRP SKIN 1*450,Rhinotex 1150 Bioshield,267.84,222.76,2789.01792,2319.5998799999998,True,True,True,True
DRY FREIGHT TRAILER,DRD,41,EXT GRP SKIN 2*300,Rhinotex 1150 BW,272.27,213.11,2862.40854375,2240.4520687500003,True,True,True,True
DRY FREIGHT TRAILER,DRD,44,PU,PU,0,0,0,0,False,False,False,True
DRY FREIGHT TRAILER,DRD,46,4MM PF PLYWOOD,4MM PF PLYWOOD,95.63758389261746,86.57718120805369,1005.4498741610739,910.1967281879195,False,True,True,True
DRY FREIGHT TRAILER,DRD,48,INT GRP SKIN 1*450,Rhinoetx 1150 Bioshield,267.84,222.76,2815.8354,2341.903725,True,True,True,True
DRY FREIGHT TRAILER,DRD,49,130*62MM TAPPING BLOCKS,130*62MM TAPPING BLOCKS,,,952,1092,False,False,True,False
DRY FREIGHT TRAILER,SIDES,74,EXT GRP SKIN 2*450,Rhinotex 1150 BW,272.27,213.11,16956.3629925,13272.011302500001,True,True,True,True
DRY FREIGHT TRAILER,SIDES,77,PU,PU,0,0,0,0,False,False,False,True
DRY FREIGHT TRAILER,SIDES,79,6MM PF PLYWOOD,6MM PF PLYWOOD,95.63758389261746,86.57718120805369,5956.093540268457,5391.832046979866,False,True,True,True
DRY FREIGHT TRAILER,SIDES,81,INT GRP SKIN 1*450,Rhinotex 1150 Bioshield,267.84,222.76,16680.47256,13872.99159,True,True,True,True
DRY FREIGHT TRAILER,SIDES,82,56MM PICTURE FRAME,56MM PICTURE FRAME,24.760928961748633,25.102459016393443,869.2324112021859,881.2218237704919,False,True,True,True
DRY FREIGHT TRAILER,ROOF,89,EXT GRP SKIN 2*300,Rhinotex 1150 BW,267.84,213.11,11037.0168,8781.730325,True,True,True,True
DRY FREIGHT TRAILER,ROOF,92,PU,PU,0,0,0,0,False,False,False,True
DRY FREIGHT TRAILER,ROOF,94,INT GRP SKIN 1*450,Rhinotex 1150 Bioshield,267.84,222.76,11037.0168,9179.3827,True,True,True,True
DRY FREIGHT TRAILER,ROOF,95,94MM PICTURE FRAME,94MM PICTURE FRAME,45.22052811171828,44.40719477838495,1526.192823770492,1498.742823770492,False,True,True,True
DRY FREIGHT TRAILER,FLOOR,103,EXT GRP SKIN 2*450,Rhinotex 1150 BW,267.84,213.11,11037.0168,8781.730325,True,True,True,True
DRY FREIGHT TRAILER,FLOOR,105,18MM BIRCH PLY,18MM BIRCH PLY,1990,1120,0,0,False,True,False,True
DRY FREIGHT TRAILER,FLOOR,106,2*300 INT LAMINATION,2*300 INT LAMINATION,100.30799999999999,50.153999999999996,11430.598139999998,5715.299069999999,False,True,True,False
GRP TRAILERS,FRONT,31,EXT GRP SKIN 2*450,Crystex V2,272.27,272.27,1838.4214939999995,1838.4214939999995,True,False,False,True
GRP TRAILERS,FRONT,34,PU,PU,467.59161073825504,444.80872483221475,3023.447355033557,2876.1332147651,False,True,True,True
GRP TRAILERS,FRONT,36,4MM PF PLYWOOD,4MM PF PLYWOOD,71.47651006711409,68.79194630872483,482.62369127516763,464.4969798657717,False,True,True,True
GRP TRAILERS,FRONT,38,94MM PICTURE FRAME,94MM PICTURE FRAME,45.22052811171828,44.40719477838495,470.1126102494232,461.6571969160899,False,True,True,True
GRP TRAILERS,FRONT,39,INT GRP SKIN 1*450,Rhinotex 2100 Bioshield,267.84,295.39,1808.5092479999994,1994.5323579999995,True,True,True,True
GRP TRAILERS,DRD,51,EXT GRP SKIN 2*300,Crystex V2,272.27,272.27,1875.2187844999996,1875.2187844999996,True,False,False,True
GRP TRAILERS,DRD,54,PU,PU,280.554966442953,266.88523489932885,1814.068413020134,1725.67992885906,False,True,True,True
GRP TRAILERS,DRD,56,4MM PF PLYWOOD,4MM PF PLYWOOD,71.47651006711409,68.79194630872483,492.28374161073816,473.79421140939587,False,True,True,True
GRP TRAILERS,DRD,58,INT GRP SKIN 1*450,Rhinotex 2100 Bioshield,267.84,295.39,1844.7078239999994,2034.4543164999995,True,True,True,True
GRP TRAILERS,DRD,59,130*62MM TAPPING BLOCKS,130*62MM TAPPING BLOCKS,,,952,1092,False,False,True,True
GRP TRAILERS,SIDES,84,EXT GRP SKIN 2*450,Crystex V2,272.27,272.27,11219.566025,11219.566025,True,False,False,True
GRP TRAILERS,SIDES,87,PU,PU,238.47172147651003,226.8524496644295,9826.823462743287,9348.022319546979,False,True,True,True
GRP TRAILERS,SIDES,89,4MM PF PLYWOOD,4MM PF PLYWOOD,71.47651006711409,68.79194630872483,2945.368288590604,2834.744127516779,False,True,True,True
GRP TRAILERS,SIDES,91,INT GRP SKIN 1*450,Rhinotex 2100 Bioshield,267.84,295.39,11037.0168,12172.283425,True,True,True,True
GRP TRAILERS,SIDES,92,56MM PICTURE FRAME,56MM PICTURE FRAME,38.09979477838494,37.28646144505161,1285.8680737704917,1258.4180737704917,False,True,True,True
GRP TRAILERS,ROOF,99,EXT GRP SKIN 2*300,Rhinotex 1150 BW,267.84,213.11,11037.0168,8781.730325,True,True,True,True
GRP TRAILERS,ROOF,102,PU,PU,467.59161073825504,444.80872483221475,19268.281299496644,18329.455528523486,False,True,True,True
GRP TRAILERS,ROOF,104,INT GRP SKIN 1*450,Rhinotex 1150 Bioshield,267.84,222.76,11037.0168,9179.3827,True,True,True,True
GRP TRAILERS,ROOF,105,94MM PICTURE FRAME,94MM PICTURE FRAME,45.22052811171828,44.40719477838495,1526.192823770492,1498.742823770492,False,True,True,True
GRP TRAILERS,FLOOR,112,EXT GRP SKIN 2*450,Rhinotex 1150 BW,267.84,213.11,11037.0168,8781.730325,True,True,True,True
GRP TRAILERS,FLOOR,115,PU,PU,467.59161073825504,444.80872483221475,19268.281299496644,18329.455528523486,False,True,True,True
GRP TRAILERS,FLOOR,117,12MM BIRCH PLY,12MM BIRCH PLY,354.0268456375839,267.7852348993289,0,0,False,True,False,True
GRP TRAILERS,FLOOR,118,18MM BIRCH PLY,18MM BIRCH PLY,667.7852348993289,375.83892617449663,27517.760067114097,15487.382550335571,False,True,True,True
GRP TRAILERS,FLOOR,120,100*50 TIMBER,100*50 LVL Beam,130.54545454545453,148.72727272727272,13388.185394932936,15252.835171385992,True,True,True,True
GRP TRAILERS,FLOOR,121,2*300 INT LAMINATION,2*300 INT LAMINATION,100.30799999999999,50.153999999999996,11430.598139999998,5715.299069999999,False,True,True,False
GRP TRAILERS,FLOOR,131,19MM SHATTER PLYWOOD,19MM SHATTER PLYWOOD,243.28859060402684,246.64429530201343,0,0,False,True,False,False
RHINORANGE TRAILER,FRONT,31,EXT GRP SKIN 2*450,Crystex V2,272.27,272.27,1838.4214939999995,1838.4214939999995,True,False,False,True
RHINORANGE TRAILER,FRONT,34,PU,PU,637.3783557046979,585.8456375838927,4121.288447986576,3788.0778926174494,False,True,True,True
RHINORANGE TRAILER,FRONT,36,4MM PF PLYWOOD,4MM PF PLYWOOD,71.47651006711409,68.79194630872483,482.62369127516763,464.4969798657717,False,True,True,True
RHINORANGE TRAILER,FRONT,38,94MM PICTURE FRAME,94MM PICTURE FRAME,45.22052811171828,44.40719477838495,470.1126102494232,461.6571969160899,False,True,True,True
RHINORANGE TRAILER,FRONT,39,INT GRP SKIN 1*450,Rhinotex 2100 Bioshiled,267.84,295.39,1808.5092479999994,1994.5323579999995,True,True,True,True
RHINORANGE TRAILER,DRD,51,EXT GRP SKIN 2*300,Crystex V2,272.27,272.27,1875.2187844999996,1875.2187844999996,True,False,False,True
RHINORANGE TRAILER,DRD,54,PU,PU,382.4270134228188,351.50738255033554,2472.773068791946,2272.8467355704693,False,True,True,True
RHINORANGE TRAILER,DRD,56,4MM PF PLYWOOD,4MM PF PLYWOOD,95.63758389261746,86.57718120805369,658.6895134228188,596.2873489932884,False,True,True,True
RHINORANGE TRAILER,DRD,58,INT GRP SKIN 1*450,Rhinotex 2100 Bioshield,267.84,295.39,1844.7078239999994,2034.4543164999995,True,True,True,True
RHINORANGE TRAILER,DRD,59,130*62MM TAPPING BLOCKS,130*62MM TAPPING BLOCKS,,,952,1092,False,False,True,True
RHINORANGE TRAILER,SIDES,84,EXT GRP SKIN 2*450,Crystex V2,272.27,272.27,11219.566025,11219.566025,True,False,False,True
RHINORANGE TRAILER,SIDES,87,PU,PU,325.0629614093959,298.7812751677852,13395.031982277678,12312.029396476508,False,True,True,True
RHINORANGE TRAILER,SIDES,89,4MM PF PLYWOOD,4MM PF PLYWOOD,71.47651006711409,68.79194630872483,2945.368288590604,2834.744127516779,False,True,True,True
RHINORANGE TRAILER,SIDES,91,INT GRP SKIN 1*450,Rhinotex 2100 Bioshield,267.84,295.39,11037.0168,12172.283425,True,True,True,True
RHINORANGE TRAILER,SIDES,92,56MM PICTURE FRAME,56MM PICTURE FRAME,38.09979477838494,37.28646144505161,1285.8680737704917,1258.4180737704917,False,True,True,True
RHINORANGE TRAILER,ROOF,99,EXT GRP SKIN 2*300,Rhinotex 1150 BW,240.09,213.11,9893.508675000001,8781.730325,True,True,True,True
RHINORANGE TRAILER,ROOF,102,PU,PU,637.3783557046979,585.8456375838927,26264.768592701337,24141.234110738253,False,True,True,True
RHINORANGE TRAILER,ROOF,104,INT GRP SKIN 1*450,Rhinotex 1150 Bioshield,267.84,222.76,11037.0168,9179.3827,True,True,True,True
RHINORANGE TRAILER,ROOF,105,94MM PICTURE FRAME,94MM PICTURE FRAME,45.22052811171828,44.40719477838495,1526.192823770492,1498.742823770492,False,True,True,True
RHINORANGE TRAILER,FLOOR,112,EXT GRP SKIN 2*450,Rhinotex 1150 BW,240.09,213.11,9893.508675000001,8781.730325,True,True,True,True
RHINORANGE TRAILER,FLOOR,115,PU,PU,637.3783557046979,585.8456375838927,26264.768592701337,24141.234110738253,False,True,True,True
RHINORANGE TRAILER,FLOOR,117,12MM BIRCH PLY,12MM BIRCH PLY,354.0268456375839,267.7852348993289,0,0,False,True,False,True
RHINORANGE TRAILER,FLOOR,118,18MM BIRCH PLY,18MM BIRCH PLY,667.7852348993289,375.83892617449663,27517.760067114097,15487.382550335571,False,True,True,True
RHINORANGE TRAILER,FLOOR,120,100*50 TIMBER,100*50 LVL Beam,130.54545454545453,148.72727272727272,13388.185394932936,15252.835171385992,True,True,True,True
RHINORANGE TRAILER,FLOOR,121,2*300 INT LAMINATION,2*300 INT LAMINATION,100.30799999999999,50.153999999999996,5715.299069999999,2857.6495349999996,False,True,True,False
RHINORANGE TRAILER,FLOOR,131,19MM SHATTER PLYWOOD,19MM SHATTER PLYWOOD,725,735,0,0,False,True,False,False
"icecream up to 3,2",FRONT,24,EXT GRP SKIN 2*300,Rhinotex 1150 BW,272.27,213.11,1035.3066749999998,810.350775,True,True,True,True
"icecream up to 3,2",FRONT,27,PU,PU,430.5371812080537,409.5597315436242,2563.2461620402682,2438.354817718121,False,True,True,True
"icecream up to 3,2",FRONT,29,INT GRP SKIN 2*300,Rhinotex 1150 Bioshield,267.84,222.76,1018.4615999999999,847.0448999999999,True,True,True,True
"icecream up to 3,2",SRD,35,EXT GRP SKIN 2*300,Rhinotex 1150 BW,272.27,213.11,1035.3066749999998,810.350775,True,True,True,True
"icecream up to 3,2",SRD,38,PU,PU,0,0,0,0,False,False,False,True
"icecream up to 3,2",SRD,40,INT GRP SKIN 2*300,Rhinotex 1150 Bioshield,267.84,222.76,1018.4615999999999,847.0448999999999,True,True,True,True
"icecream up to 3,2",SRD,41,130*62MM TAPPING BLOCKS,130*62MM TAPPING BLOCKS,,,969.725,1039.725,False,False,True,True
"icecream up to 3,2",DRD,71,EXT GRP SKIN 2*300,Rhinotex 1150 BW,272.27,213.11,1088.3993249999999,851.9072249999999,True,True,True,True
"icecream up to 3,2",DRD,74,PU,PU,430.5371812080537,409.5597315436242,2563.2461620402682,2438.354817718121,False,True,True,True
"icecream up to 3,2",DRD,76,INT GRP SKIN 2*300,Rhinotex 1150 Bioshield,267.84,222.76,1070.6903999999997,890.4830999999999,True,True,True,True
"icecream up to 3,2",DRD,77,130*62MM TAPPING BLOCKS,130*62MM TAPPING BLOCKS,,,969.725,1039.725,False,False,True,True
"icecream up to 3,2",SIDES,103,EXT GRP SKIN 2*300,Rhinotex 1150 BW,272.27,213.11,1725.5111249999998,1350.584625,True,True,True,True
"icecream up to 3,2",SIDES,106,PU,PU,430.5371812080537,409.5597315436242,3414.1598469798655,3247.80867114094,False,True,True,True
"icecream up to 3,2",SIDES,108,INT GRP SKIN 2*300,Rhinotex 1150 Bioshield,267.84,222.76,1697.4359999999997,1411.7414999999999,True,True,True,True
"icecream up to 3,2",ROOF,115,EXT GRP SKIN 2*300,Rhinotex 1150 BW,267.84,213.11,1871.5319999999997,1489.106125,True,True,True,True
"icecream up to 3,2",ROOF,118,PU,PU,430.5371812080537,409.5597315436242,3414.1598469798655,3247.80867114094,False,True,True,True
"icecream up to 3,2",ROOF,120,INT GRP SKIN 2*300,Rhinotex 1150 Bioshield,267.84,222.76,1871.5319999999997,1556.5355,True,True,True,True
"icecream up to 3,2",FLOOR,127,EXT GRP SKIN 2*300,Rhinotex 1150 BW,267.84,213.11,1871.5319999999997,1489.106125,True,True,True,True
"icecream up to 3,2",FLOOR,130,PU,PU,430.5371812080537,409.5597315436242,3414.1598469798655,3247.80867114094,False,True,True,True
"icecream up to 3,2",FLOOR,132,12MM PF PLYWOOD,12MM PF PLYWOOD,124.16107382550335,112.75167785234899,867.5755033557047,787.8523489932885,False,True,True,True
"icecream up to 3,2",FLOOR,135,100*50 TIMBER,100*50 LVL Beam,128.67383512544802,146.59498207885304,3015.793010752688,3435.8198924731178,True,True,True,True
"icecream up to 3,2",FLOOR,136,2*300 INT LAMINATION,2*300 INT LAMINATION,100.30799999999999,50.153999999999996,1860.7133999999999,930.3566999999999,False,True,True,False
icecream up to 4.8,FRONT,24,EXT GRP SKIN 2*300,Rhinotex 1150 BW,272.27,213.11,1266.7497884999993,991.5049304999997,True,True,True,True
icecream up to 4.8,FRONT,27,PU,PU,516.6446174496645,491.47167785234893,3075.8953944483223,2926.0257812617447,False,True,True,True
icecream up to 4.8,FRONT,29,4MM PF PLYWOOD,4MM PF PLYWOOD,71.47651006711409,68.79194630872483,0,0,False,True,False,True
icecream up to 4.8,FRONT,31,INT GRP SKIN 1*450,Rhinotex 1150 Bioshield,267.84,222.76,1246.1389919999992,1036.4020379999995,True,True,True,True
icecream up to 4.8,SRD,37,EXT GRP SKIN 2*300,Rhinotex 1150 BW,272.27,213.11,1266.7497884999993,991.5049304999997,True,True,True,True
icecream up to 4.8,SRD,40,PU,PU,516.6446174496645,491.47167785234893,3075.8953944483223,2926.0257812617447,False,True,True,True
icecream up to 4.8,SRD,42,4MM PF PLYWOOD,4MM PF PLYWOOD,71.47651006711409,68.79194630872483,0,0,False,True,False,True
icecream up to 4.8,SRD,44,INT GRP SKIN 1*450,Rhinotex 1150 Bioshiled,267.84,222.76,1246.1389919999992,1036.4020379999995,True,True,True,True
icecream up to 4.8,SRD,45,130*62MM TAPPING BLOCKS,130*62MM TAPPING BLOCKS,,,969.725,1039.725,False,False,True,True
icecream up to 4.8,DRD,75,EXT GRP SKIN 2*300,Rhinotex 1150 BW,272.27,213.11,1266.7497884999993,991.5049304999997,True,True,True,True
icecream up to 4.8,DRD,78,PU,PU,0,0,0,0,False,False,False,True
icecream up to 4.8,DRD,80,4MM PF PLYWOOD,4MM PF PLYWOOD,71.47651006711409,68.79194630872483,0,0,False,True,False,True
icecream up to 4.8,DRD,82,INT GRP SKIN 2*300,Rhinotex 1150 Bioshield,267.84,222.76,1246.1389919999992,1036.4020379999995,True,True,True,True
icecream up to 4.8,DRD,83,130*62MM TAPPING BLOCKS,130*62MM TAPPING BLOCKS,,,969.725,1039.725,False,False,True,True
icecream up to 4.8,SIDES,109,EXT GRP SKIN 2*300,Rhinotex 1150 BW,272.27,213.11,3211.901122499999,2514.0053924999997,True,True,True,True
icecream up to 4.8,SIDES,112,PU,PU,516.6446174496645,491.47167785234893,6744.278836187919,6415.671282684562,False,True,True,True
icecream up to 4.8,SIDES,114,4MM PF PLYWOOD,4MM PF PLYWOOD,71.47651006711409,68.79194630872483,0,0,False,True,False,True
icecream up to 4.8,SIDES,116,INT GRP SKIN 2*300,Rhinotex 1150 Bioshield,267.84,222.76,3159.641519999999,2627.8440299999993,True,True,True,True
icecream up to 4.8,ROOF,123,EXT GRP SKIN 2*300,Rhinotex 1150 BW,267.84,213.11,3367.418399999999,2679.3254749999996,True,True,True,True
icecream up to 4.8,ROOF,126,PU,PU,624.2789127516778,593.861610738255,8149.336927060402,7752.26946657718,False,True,True,True
icecream up to 4.8,ROOF,128,INT GRP SKIN 2*300,Rhinotex 1150 Bioshield,267.84,222.76,3367.418399999999,2800.6500999999994,True,True,True,True
icecream up to 4.8,FLOOR,135,EXT GRP SKIN 2*300,Rhinotex 1150 BW,267.84,213.11,3367.418399999999,2679.3254749999996,True,True,True,True
icecream up to 4.8,FLOOR,138,PU,PU,624.2789127516778,593.861610738255,8149.336927060402,7752.26946657718,False,True,True,True
icecream up to 4.8,FLOOR,140,12MM PF PLYWOOD,12MM PF PLYWOOD,316.77852348993287,223.15436241610738,3982.6979865771805,2805.6082214765097,False,True,True,True
icecream up to 4.8,FLOOR,143,100*50 TIMBER,100*50 LVL Beam,128.67383512544802,146.59498207885304,2997.5877840797198,3415.0791189097636,True,True,True,True
icecream up to 4.8,FLOOR,144,2*300 INT LAMINATION,2*300 INT LAMINATION,100.30799999999999,50.153999999999996,3518.303099999999,1759.1515499999996,False,True,True,False
 icecream 4.9 up,FRONT,24,EXT GRP SKIN 2*300,Rhinotex 1150 BW,272.27,213.11,1656.8310174999997,1296.8276275,True,True,True,True
 icecream 4.9 up,FRONT,27,PU,PU,516.6446174496645,491.47167785234893,3075.8953944483223,2926.0257812617447,False,True,True,True
 icecream 4.9 up,FRONT,29,4MM PF PLYWOOD,4MM PF PLYWOOD,71.47651006711409,68.79194630872483,0,0,False,True,False,True
 icecream 4.9 up,FRONT,31,INT GRP SKIN 1*450,Rhinotex 1150 Bioshield,267.84,222.76,1629.8733599999996,1355.55029,True,True,True,True
 icecream 4.9 up,SRD,37,EXT GRP SKIN 2*300,Rhinotex 1150 BW,272.27,213.11,1656.8310174999997,1296.8276275,True,True,True,True
 icecream 4.9 up,SRD,40,PU,PU,0,0,0,0,False,False,False,True
 icecream 4.9 up,SRD,42,4MM PF PLYWOOD,4MM PF PLYWOOD,71.47651006711409,68.79194630872483,0,0,False,True,False,True
 icecream 4.9 up,SRD,44,INT GRP SKIN 1*450,Rhinotex 1150 Bioshield,267.84,222.76,1629.8733599999996,1355.55029,True,True,True,True
 icecream 4.9 up,SRD,45,130*62MM TAPPING BLOCKS,130*62MM TAPPING BLOCKS,,,680,780,False,False,True,True
 icecream 4.9 up,DRD,75,EXT GRP SKIN 2*300,Rhinotex 1150 BW,272.27,213.11,1739.3288274999998,1361.3999575,True,True,True,True
 icecream 4.9 up,DRD,78,PU,PU,516.6446174496645,491.47167785234893,3075.8953944483223,2926.0257812617447,False,True,True,True
 icecream 4.9 up,DRD,80,4MM PF PLYWOOD,4MM PF PLYWOOD,71.47651006711409,68.79194630872483,0,0,False,True,False,True
 icecream 4.9 up,DRD,82,INT GRP SKIN 1*450,Rhinotex 1150 Bioshield,267.84,222.76,1711.0288799999996,1423.0465699999997,True,True,True,True
 icecream 4.9 up,DRD,83,130*62MM TAPPING BLOCKS,130*62MM TAPPING BLOCKS,,,680,780,False,False,True,True
 icecream 4.9 up,SIDES,109,EXT GRP SKIN 2*300,Rhinotex 1150 BW,272.27,213.11,4640.5018125,3632.1935625,True,True,True,True
 icecream 4.9 up,SIDES,112,PU,PU,516.6446174496645,491.47167785234893,8509.136849395974,8094.538534228188,False,True,True,True
 icecream 4.9 up,SIDES,114,4MM PF PLYWOOD,4MM PF PLYWOOD,71.47651006711409,68.79194630872483,0,0,False,True,False,True
 icecream 4.9 up,SIDES,116,INT GRP SKIN 1*450,Rhinotex 1150 Bioshield,267.84,222.76,4564.998,3796.6657499999997,True,True,True,True
 icecream 4.9 up,ROOF,123,EXT GRP SKIN 2*300,Rhinotex 1150 BW,267.84,213.11,4790.987999999999,3812.005125,True,True,True,True
 icecream 4.9 up,ROOF,126,PU,PU,538.1714765100671,511.9496644295302,8863.684218120805,8431.810973154363,False,True,True,True
 icecream 4.9 up,ROOF,128,INT GRP SKIN 1*450,Rhinotex 1150 Bioshield,267.84,222.76,4790.987999999999,3984.6195,True,True,True,True
 icecream 4.9 up,FLOOR,135,EXT GRP SKIN 2*450,Rhinotex 1150 BW,267.84,213.11,4790.987999999999,3812.005125,True,True,True,True
 icecream 4.9 up,FLOOR,138,PU,PU,430.5371812080537,409.5597315436242,7090.947374496644,6745.4487785234915,False,True,True,True
 icecream 4.9 up,FLOOR,140,18 MM PF PLYWOOD,18 MM PF PLYWOOD,354.0268456375839,267.7852348993289,6332.6552013422815,4790.008389261745,False,True,True,True
 icecream 4.9 up,FLOOR,142,228*50 TIMBER,228*50 TIMBER,128.67383512544802,146.59498207885304,681.9713261648745,776.9534050179211,False,True,True,False
 icecream 4.9 up,FLOOR,143,100*50 TIMBER,100*50 LVL Beam,128.67383512544802,146.59498207885304,3782.0032789790866,4308.744682736619,True,True,True,True
 icecream 4.9 up,FLOOR,144,2*300 INT LAMINATION,2*300 INT LAMINATION,100.30799999999999,50.153999999999996,4805.254739999999,2402.6273699999997,False,True,True,False
" UP TO 2,3 MTR FREEZER ",FRONT,24,EXT GRP SKIN 2*300,Rhinotex 1150 BW,272.27,213.11,705.5985958,552.2830894000001,True,True,True,True
" UP TO 2,3 MTR FREEZER ",FRONT,27,PU,PU,258.3223087248322,245.73583892617447,1537.9476972241612,1463.0128906308723,False,True,True,True
" UP TO 2,3 MTR FREEZER ",FRONT,29,58MM PICTURE FRAME,58MM PICTURE FRAME,38.09979477838494,37.28646144505161,245.97227508925315,240.72139508925315,False,True,True,True
" UP TO 2,3 MTR FREEZER ",FRONT,30,INT GRP SKIN 1*450,Rhinotex 1150 Bioshield,267.84,222.76,694.1180736,577.2914504,True,True,True,True
" UP TO 2,3 MTR FREEZER ",SRD,36,EXT GRP SKIN 2*300,Rhinotex 1150 BW,272.27,213.11,705.5985958,552.2830894000001,True,True,True,True
" UP TO 2,3 MTR FREEZER ",SRD,39,PU,PU,0,0,0,0,False,False,False,True
" UP TO 2,3 MTR FREEZER ",SRD,41,INT GRP SKIN 2*300,Rhinotex 1150 Bioshield,267.84,222.76,694.1180736,577.2914504,True,True,True,True
" UP TO 2,3 MTR FREEZER ",SRD,42,130*62MM TAPPING BLOCKS,130*62MM TAPPING BLOCKS,,,408,468,False,False,True,True
" UP TO 2,3 MTR FREEZER ",DRD,71,EXT GRP SKIN 2*300,Rhinotex 1150 BW,272.27,213.11,730.0702234,571.4374162,True,True,True,True
" UP TO 2,3 MTR FREEZER ",DRD,74,PU,PU,258.3223087248322,245.73583892617447,1537.9476972241612,1463.0128906308723,False,True,True,True
" UP TO 2,3 MTR FREEZER ",DRD,76,INT GRP SKIN 2*300,Rhinotex 1150 Bioshield,267.84,222.76,718.1915328,597.3131192,True,True,True,True
" UP TO 2,3 MTR FREEZER ",DRD,77,130*62MM TAPPING BLOCKS,130*62MM TAPPING BLOCKS,,,816,936,False,False,True,True
" UP TO 2,3 MTR FREEZER ",SIDES,102,EXT GRP SKIN 2*300,Rhinotex 1150 BW,272.27,213.11,958.4720809999998,750.2111329999999,True,True,True,True
" UP TO 2,3 MTR FREEZER ",SIDES,105,PU,PU,258.3223087248322,245.73583892617447,1481.2201182281879,1409.0493004026844,False,True,True,True
" UP TO 2,3 MTR FREEZER ",SIDES,107,58MM PICTURE FARME,58MM PICTURE FARME,38.09979477838494,37.28646144505161,236.14252803642984,231.10148803642986,False,True,True,True
" UP TO 2,3 MTR FREEZER ",SIDES,108,INT GRP SKIN 1*450,Rhinotex 1150 Bioshield,267.84,222.76,942.8771519999997,784.1820279999998,True,True,True,True
" UP TO 2,3 MTR FREEZER ",ROOF,115,EXT GRP SKIN 1*450,Rhinotex 1150 BW,267.84,213.11,1164.4343999999996,926.4957249999999,True,True,True,True
" UP TO 2,3 MTR FREEZER ",ROOF,118,PU,PU,0,0,0,0,False,False,False,True
" UP TO 2,3 MTR FREEZER ",ROOF,120,94MM PICTURE FRAME,94MM PICTURE FRAME,45.22052811171828,44.40719477838495,379.8524361384335,373.0204361384335,False,True,True,True
" UP TO 2,3 MTR FREEZER ",ROOF,121,INT GRP SKIN 2*300,Rhinotex 1150 Bioshield,267.84,222.76,1164.4343999999996,968.4490999999998,True,True,True,True
" UP TO 2,3 MTR FREEZER ",FLOOR,128,EXT GRP SKIN 2*300,Rhinotex 1150 BW,267.84,213.11,1164.4343999999996,926.4957249999999,True,True,True,True
" UP TO 2,3 MTR FREEZER ",FLOOR,131,PU,PU,0,0,0,0,False,False,False,True
" UP TO 2,3 MTR FREEZER ",FLOOR,133,9MM PF PLYWOOD,9MM PF PLYWOOD,124.16107382550335,112.75167785234899,539.7902684563758,490.18791946308716,False,True,True,True
" UP TO 2,3 MTR FREEZER ",FLOOR,135,228*50 TIMBER,228*50 TIMBER,128.67383512544802,146.59498207885304,0,0,False,True,False,False
" UP TO 2,3 MTR FREEZER ",FLOOR,136,100*50 TIMBER,100*50 LVL Beam,128.67383512544802,146.59498207885304,1698.783778341589,1935.38319036688,True,True,True,True
" UP TO 2,3 MTR FREEZER ",FLOOR,137,2*300 INT LAMINATION,2*300 INT LAMINATION,100.30799999999999,50.153999999999996,1225.7637599999998,612.8818799999999,False,True,True,False
 UP TO 4.8 MT FREEZER  (2,FRONT,30,EXT GRP SKIN 2*300,Rhinotex 1150 BW,272.27,213.11,1570.6766213999997,1229.3932301999998,True,True,True,True
 UP TO 4.8 MT FREEZER  (2,FRONT,33,PU,PU,258.3223087248322,245.73583892617447,1537.9476972241612,1463.0128906308723,False,True,True,True
 UP TO 4.8 MT FREEZER  (2,FRONT,35,4MM PF PLYWOOD,4MM PF PLYWOOD,71.47651006711409,68.79194630872483,412.33512080536906,396.8483557046979,False,True,True,True
 UP TO 4.8 MT FREEZER  (2,FRONT,37,58MM PICTURE FRAME,58MM PICTURE FRAME,38.09979477838494,37.28646144505161,366.06282823072246,358.2483215640558,False,True,True,True
 UP TO 4.8 MT FREEZER  (2,FRONT,38,INT GRP SKIN 1*450,Rhinotex 1150 Bioshield,267.84,222.76,1545.1207487999995,1285.0623431999998,True,True,True,True
 UP TO 4.8 MT FREEZER  (2,SRD,44,EXT GRP SKIN 2*300,Rhinotex 1150 BW,272.27,213.11,1570.6766213999997,1229.3932301999998,True,True,True,True
 UP TO 4.8 MT FREEZER  (2,SRD,47,PU,PU,0,0,0,0,False,False,False,True
 UP TO 4.8 MT FREEZER  (2,SRD,49,4MM PF PLYWOOD,4MM PF PLYWOOD,95.63758389261746,86.57718120805369,551.7160067114094,499.4481744966442,False,True,True,True
 UP TO 4.8 MT FREEZER  (2,SRD,51,INT GRP SKIN 1*450,Rhinotex 1150 Bioshield,267.84,222.76,1545.1207487999995,1285.0623431999998,True,True,True,True
 UP TO 4.8 MT FREEZER  (2,SRD,52,130*62MM TAPPING BLOCKS,130*62MM TAPPING BLOCKS,,,408,468,False,False,True,True
 UP TO 4.8 MT FREEZER  (2,DRD,81,EXT GRP SKIN 2*300,Rhinotex 1150 BW,272.27,213.11,1609.4587601999995,1259.7486185999999,True,True,True,True
 UP TO 4.8 MT FREEZER  (2,DRD,84,PU,PU,258.3223087248322,245.73583892617447,1537.9476972241612,1463.0128906308723,False,True,True,True
 UP TO 4.8 MT FREEZER  (2,DRD,86,4MM PF PLYWOOD,4MM PF PLYWOOD,95.63758389261746,86.57718120805369,565.3386241610738,511.7802281879193,False,True,True,True
 UP TO 4.8 MT FREEZER  (2,DRD,88,INT GRP SKIN 2*300,Rhinotex 1150 Bioshield,267.84,222.76,1583.2718783999994,1316.7922775999996,True,True,True,True
 UP TO 4.8 MT FREEZER  (2,DRD,89,130*62MM TAPPING BLOCKS,130*62MM TAPPING BLOCKS,,,816,936,False,False,True,True
 UP TO 4.8 MT FREEZER  (2,SIDES,114,EXT GRP SKIN 2*300,EXT GRP SKIN 2*300,272.27,213.11,3651.984736999999,2858.4657409999995,False,True,True,True
 UP TO 4.8 MT FREEZER  (2,SIDES,117,PU,PU,258.3223087248322,245.73583892617447,3561.2313480805365,3387.7142754362408,False,True,True,True
 UP TO 4.8 MT FREEZER  (2,SIDES,119,4MM PF PLYWOOD,4MM PF PLYWOOD,71.47651006711409,68.79194630872483,958.7215771812077,922.7132550335568,False,True,True,True
 UP TO 4.8 MT FREEZER  (2,SIDES,121,58MM PICTURE FRAME,58MM PICTURE FRAME,38.09979477838494,37.28646144505161,520.9765937996357,509.85507379963565,False,True,True,True
 UP TO 4.8 MT FREEZER  (2,SIDES,122,INT GRP SKIN 1*450,INT GRP SKIN 1*450,267.84,222.76,3592.5647039999985,2987.902155999999,False,True,True,True
 UP TO 4.8 MT FREEZER  (2,ROOF,129,EXT GRP SKIN 1*450,Rhinotex 1150 BW,267.84,213.11,3858.904799999999,3070.3823249999996,True,True,True,True
 UP TO 4.8 MT FREEZER  (2,ROOF,132,PU,PU,327.2082577181208,311.26539597315434,4510.893040902013,4291.104748885905,False,True,True,True
 UP TO 4.8 MT FREEZER  (2,ROOF,134,94MM PICTURE FRAME,94MM PICTURE FRAME,45.22052811171828,44.40719477838495,626.3043143472981,615.0396476806314,False,True,True,True
 UP TO 4.8 MT FREEZER  (2,ROOF,135,INT GRP SKIN 1*450,Rhinotex 1150 Bioshield,267.84,222.76,3858.904799999999,3209.4146999999994,True,True,True,True
 UP TO 4.8 MT FREEZER  (2,FLOOR,142,EXT GRP SKIN 2*300,Rhinotex 1150 BW,267.84,213.11,3858.904799999999,3070.3823249999996,True,True,True,True
 UP TO 4.8 MT FREEZER  (2,FLOOR,145,PU,PU,327.2082577181208,311.26539597315434,4510.893040902013,4291.104748885905,False,True,True,True
 UP TO 4.8 MT FREEZER  (2,FLOOR,147,12MM PF PLYWOOD,12MM PF PLYWOOD,316.77852348993287,223.15436241610738,4563.9865771812065,3215.096476510066,False,True,True,True
 UP TO 4.8 MT FREEZER  (2,FLOOR,149,228*50 TIMBER,228*50 TIMBER,128.67383512544802,146.59498207885304,0,0,False,True,False,False
 UP TO 4.8 MT FREEZER  (2,FLOOR,150,100*50 TIMBER,100*50 LVL Beam,128.67383512544802,146.59498207885304,3832.5557489943485,4366.337886737294,True,True,True,True
 UP TO 4.8 MT FREEZER  (2,FLOOR,151,2*300 INT LAMINATION,2*300 INT LAMINATION,100.30799999999999,50.153999999999996,3944.6120999999994,1972.3060499999997,False,True,True,False
 4.9 & UP FREEZER BODY (2,FRONT,29,EXT GRP SKIN 2*300,Rhinotex 1150 BW,272.27,213.11,1753.772751,1374.879165,True,True,True,True
 4.9 & UP FREEZER BODY (2,FRONT,30,GLUE LINE,GLUE LINE,28.583333333333332,28.583333333333332,184.113825,184.40537499999996,False,False,True,False
 4.9 & UP FREEZER BODY (2,FRONT,32,PU,PU,266.9330523489933,245.73583892617447,1589.2126204649662,1463.0128906308723,False,True,True,True
 4.9 & UP FREEZER BODY (2,FRONT,33,GLUE LINE,GLUE LINE,28.583333333333332,28.583333333333332,184.113825,184.40537499999996,False,False,True,False
 4.9 & UP FREEZER BODY (2,FRONT,34,4MM PF PLYWOOD,4MM PF PLYWOOD,71.47651006711409,68.79194630872483,460.401644295302,443.8112416107382,False,True,True,True
 4.9 & UP FREEZER BODY (2,FRONT,35,GLUE LINE,GLUE LINE,28.583333333333332,28.583333333333332,184.113825,184.40537499999996,False,False,True,False
 4.9 & UP FREEZER BODY (2,FRONT,36,58MM PICTURE FRAME,58MM PICTURE FRAME,38.09979477838494,37.28646144505161,386.7891165901639,378.83044828172433,False,True,True,True
 4.9 & UP FREEZER BODY (2,FRONT,37,INT GRP SKIN 1*450,Rhinotex 1150 Bioshield,267.84,222.76,1725.237792,1437.1361399999998,True,True,True,True
 4.9 & UP FREEZER BODY (2,SRD,43,EXT GRP SKIN 2*300,Rhinotex 1150 BW,272.27,213.11,1753.772751,1374.879165,True,True,True,True
 4.9 & UP FREEZER BODY (2,SRD,44,GLUE LINE,GLUE LINE,28.583333333333332,28.583333333333332,184.113825,184.40537499999996,False,False,True,False
 4.9 & UP FREEZER BODY (2,SRD,46,PU,PU,0,0,0,0,False,False,False,True
 4.9 & UP FREEZER BODY (2,SRD,47,GLUE LINE,GLUE LINE,28.583333333333332,28.583333333333332,184.113825,184.40537499999996,False,False,True,False
 4.9 & UP FREEZER BODY (2,SRD,48,4MM PF PLYWOOD,4MM PF PLYWOOD,71.47651006711409,68.79194630872483,460.401644295302,443.8112416107382,False,True,True,True
 4.9 & UP FREEZER BODY (2,SRD,49,GLUE LINE,GLUE LINE,28.583333333333332,28.583333333333332,184.113825,184.40537499999996,False,False,True,False
 4.9 & UP FREEZER BODY (2,SRD,50,INT GRP SKIN 1*450,Rhinotex 1150 Bioshield,267.84,222.76,1725.237792,1437.1361399999998,True,True,True,True
 4.9 & UP FREEZER BODY (2,SRD,51,130*62MM TAPPING BLOCKS,130*62MM TAPPING BLOCKS,,,408,468,False,False,True,True
 4.9 & UP FREEZER BODY (2,DRD,81,EXT GRP SKIN 2*300,Rhinotex 1150 BW,272.27,213.11,1796.818638,1407.4849949999998,True,True,True,True
 4.9 & UP FREEZER BODY (2,DRD,82,GLUE LINE,GLUE LINE,28.583333333333332,28.583333333333332,188.63285,188.77862499999995,False,False,True,False
 4.9 & UP FREEZER BODY (2,DRD,84,PU,PU,258.3223087248322,245.73583892617447,1537.9476972241612,1463.0128906308723,False,True,True,True
 4.9 & UP FREEZER BODY (2,DRD,85,GLUE LINE,GLUE LINE,28.583333333333332,28.583333333333332,188.63285,188.77862499999995,False,False,True,False
 4.9 & UP FREEZER BODY (2,DRD,86,4MM PF PLYWOOD,4MM PF PLYWOOD,95.63758389261746,86.57718120805369,631.1506711409396,571.7989932885905,False,True,True,True
 4.9 & UP FREEZER BODY (2,DRD,87,GLUE LINE,GLUE LINE,28.583333333333332,28.583333333333332,188.63285,188.77862499999995,False,False,True,False
 4.9 & UP FREEZER BODY (2,DRD,88,INT GRP SKIN 1*450,Rhinotex 1150 Bioshield,267.84,222.76,1767.5832959999998,1471.2184199999997,True,True,True,True
 4.9 & UP FREEZER BODY (2,DRD,89,130*62MM TAPPING BLOCKS,130*62MM TAPPING BLOCKS,,,816,936,False,False,True,True
 4.9 & UP FREEZER BODY (2,DOOR FITTINGS,98,28779 DOOR CAPPING,28779 DOOR CAPPING,149.08,149.08,1912.1000800000002,1912.6963999999998,False,False,True,False
 4.9 & UP FREEZER BODY (2,DOOR FITTINGS,100,2316 DOOR RUBBER,2316 DOOR RUBBER,24.72,24.72,317.05872,317.15759999999995,False,False,True,False
 4.9 & UP FREEZER BODY (2,DOOR FITTINGS,101,2317 DOOR RUBBER,2317 DOOR RUBBER,60.18,60.18,771.86868,772.1093999999999,False,False,True,False
 4.9 & UP FREEZER BODY (2,SIDES,115,EXT GRP SKIN 2*300,Rhinotex 1150 BW,240.09,213.11,4622.332724999999,4102.900275,True,True,True,True
 4.9 & UP FREEZER BODY (2,SIDES,118,PU,PU,266.9330523489933,245.73583892617447,4917.440690373154,4526.945624697986,False,True,True,True
 4.9 & UP FREEZER BODY (2,SIDES,120,4MM PF PLYWOOD,4MM PF PLYWOOD,71.47651006711409,68.79194630872483,1376.1015100671138,1324.4169463087246,False,True,True,True
 4.9 & UP FREEZER BODY (2,SIDES,122,58MM PICTURE FRAME,58MM PICTURE FRAME,38.09979477838494,37.28646144505161,672.4613778384942,658.1060445051609,False,True,True,True
 4.9 & UP FREEZER BODY (2,SIDES,123,INT GRP SKIN 1*450,Rhinotex 1150 Bioshield,267.84,222.76,5156.589599999999,4288.6869,True,True,True,True
 4.9 & UP FREEZER BODY (2,ROOF,130,EXT GRP SKIN 1*450,Rhinotex 1150 BW,240.09,213.11,4803.600675,4263.798325000001,True,True,True,True
 4.9 & UP FREEZER BODY (2,ROOF,133,PU,PU,430.5371812080537,409.5597315436242,7931.355952214765,7544.909374496645,False,True,True,True
 4.9 & UP FREEZER BODY (2,ROOF,135,94MM PICTURE FRAME,94MM PICTURE FRAME,45.22052811171828,44.40719477838495,802.6643739829995,788.2277073163328,False,True,True,True
 4.9 & UP FREEZER BODY (2,ROOF,136,INT GRP SKIN 1*450,Rhinotex 1150 Bioshield,267.84,222.76,5358.8088,4456.8706999999995,True,True,True,True
 4.9 & UP FREEZER BODY (2,FLOOR,143,EXT GRP SKIN 2*300,Rhinotex 1150 BW,267.84,213.11,5358.8088,4263.798325000001,True,True,True,True
 4.9 & UP FREEZER BODY (2,FLOOR,146,PU,PU,430.5371812080537,409.5597315436242,7931.355952214765,7544.909374496645,False,True,True,True
 4.9 & UP FREEZER BODY (2,FLOOR,148,18 MM PF PLYWOOD,18 MM PF PLYWOOD,667.7852348993289,375.83892617449663,13360.713087248323,7519.597315436242,False,True,True,True
 4.9 & UP FREEZER BODY (2,FLOOR,151,100*50 TIMBER,100*50 LVL Beam,128.67383512544802,146.59498207885304,5121.379806178289,5834.663901746296,True,True,True,True
EXPLOSIVE UP TO 2.7,FRONT,24,EXT GRP SKIN 2*300,Rhinotex 1150 BW,272.27,213.11,511.6802782400001,400.50018032000014,True,True,True,True
EXPLOSIVE UP TO 2.7,FRONT,27,PU,PU,176.520244295302,167.9194899328859,1050.93092643651,999.7254752644295,False,True,True,True
EXPLOSIVE UP TO 2.7,FRONT,29,4MM PF PLYWOOD,4MM PF PLYWOOD,71.47651006711409,68.79194630872483,134.32666308724836,129.28153020134232,False,True,True,True
EXPLOSIVE UP TO 2.7,SRD,37,EXT GRP SKIN 2*300,Rhinotex 1150 BW,272.27,213.11,511.6802782400001,400.50018032000014,True,True,True,True
EXPLOSIVE UP TO 2.7,SRD,40,PU,PU,0,0,0,0,False,False,False,True
EXPLOSIVE UP TO 2.7,SRD,42,4MM PF PLYWOOD,4MM PF PLYWOOD,71.47651006711409,68.79194630872483,134.32666308724836,129.28153020134232,False,True,True,True
EXPLOSIVE UP TO 2.7,SRD,45,130*62MM TAPPING BLOCKS,130*62MM TAPPING BLOCKS,,,680,780,False,False,True,False
EXPLOSIVE UP TO 2.7,DRD,74,EXT GRP SKIN 2*300,Rhinotex 1150 BW,272.27,213.11,529.6416578700001,414.55883391000015,True,True,True,True
EXPLOSIVE UP TO 2.7,DRD,77,PU,PU,176.520244295302,167.9194899328859,1050.93092643651,999.7254752644295,False,True,True,True
EXPLOSIVE UP TO 2.7,DRD,79,4MM PF PLYWOOD,4MM PF PLYWOOD,71.47651006711409,68.79194630872483,139.0418969798658,133.81966610738257,False,True,True,True
EXPLOSIVE UP TO 2.7,DRD,82,130*62MM TAPPING BLOCKS,130*62MM TAPPING BLOCKS,,,1360,1560,False,False,True,True
EXPLOSIVE UP TO 2.7,SIDES,107,EXT GRP SKIN 2*300,Rhinotex 1150 BW,272.27,213.11,1029.4937105,805.8008765,True,True,True,True
EXPLOSIVE UP TO 2.7,SIDES,110,PU,PU,176.520244295302,167.9194899328859,1012.1670807892615,962.8503552751677,False,True,True,True
EXPLOSIVE UP TO 2.7,SIDES,112,4MM PF PLYWOOD,4MM PF PLYWOOD,71.47651006711409,68.79194630872483,270.2634060402684,260.11266778523486,False,True,True,True
EXPLOSIVE UP TO 2.7,ROOF,121,EXT GRP SKIN 2*300,Rhinotex 1150 BW,272.27,213.11,799.7931249999998,626.0106249999999,True,True,True,True
EXPLOSIVE UP TO 2.7,ROOF,124,PU,PU,176.520244295302,167.9194899328859,1012.1670807892615,962.8503552751677,False,True,True,True
EXPLOSIVE UP TO 2.7,ROOF,126,4MM PF PLYWOOD,4MM PF PLYWOOD,71.47651006711409,68.79194630872483,209.96224832214762,202.07634228187916,False,True,True,True
EXPLOSIVE UP TO 2.7,FLOOR,135,EXT GRP SKIN 2*300,Rhinotex 1150 BW,272.27,213.11,799.7931249999998,626.0106249999999,True,True,True,True
EXPLOSIVE UP TO 2.7,FLOOR,137,9MM PF PLYWOOD,9MM PF PLYWOOD,636.8,358.4,1870.5999999999997,1052.7999999999997,False,True,True,True
EXPLOSIVE 2.7 TO 4.8,FRONT,24,EXT GRP SKIN 2*300,Rhinotex 1150 BW,272.27,213.11,1474.59036024,1067.68365732,True,True,True,True
EXPLOSIVE 2.7 TO 4.8,FRONT,25,GLUE LINE,GLUE LINE,28.583333333333332,28.583333333333332,154.804818,143.20284299999997,False,False,True,False
EXPLOSIVE 2.7 TO 4.8,FRONT,27,PU,PU,176.520244295302,167.9194899328859,1050.93092643651,999.7254752644295,False,True,True,True
EXPLOSIVE 2.7 TO 4.8,FRONT,28,GLUE LINE,GLUE LINE,28.583333333333332,28.583333333333332,154.804818,143.20284299999997,False,False,True,False
EXPLOSIVE 2.7 TO 4.8,FRONT,29,4MM PF PLYWOOD,4MM PF PLYWOOD,95.63758389261746,86.57718120805369,517.9647382550337,433.75271677852345,False,True,True,True
EXPLOSIVE 2.7 TO 4.8,FRONT,30,GLUE LINE,GLUE LINE,28.583333333333332,28.583333333333332,154.804818,143.20284299999997,False,False,True,False
EXPLOSIVE 2.7 TO 4.8,FRONT,31,0.9 MM ALU PLATE,0.9 MM ALU PLATE,312.40000000000003,312.40000000000003,2030.6000000000001,1796.3000000000002,False,False,True,False
EXPLOSIVE 2.7 TO 4.8,SRD,37,EXT GRP SKIN 2*300,Rhinotex 1150 BW,272.27,213.11,1474.59036024,1067.68365732,True,True,True,True
EXPLOSIVE 2.7 TO 4.8,SRD,38,GLUE LINE,GLUE LINE,28.583333333333332,28.583333333333332,154.804818,143.20284299999997,False,False,True,False
EXPLOSIVE 2.7 TO 4.8,SRD,40,PU,PU,0,0,0,0,False,False,False,True
EXPLOSIVE 2.7 TO 4.8,SRD,41,GLUE LINE,GLUE LINE,28.583333333333332,28.583333333333332,154.804818,143.20284299999997,False,False,True,False
EXPLOSIVE 2.7 TO 4.8,SRD,42,4MM PF PLYWOOD,4MM PF PLYWOOD,95.63758389261746,86.57718120805369,517.9647382550337,433.75271677852345,False,True,True,True
EXPLOSIVE 2.7 TO 4.8,SRD,43,GLUE LINE,GLUE LINE,28.583333333333332,28.583333333333332,154.804818,143.20284299999997,False,False,True,False
EXPLOSIVE 2.7 TO 4.8,SRD,44,0.9MM ALU PLATE,0.9MM ALU PLATE,312.40000000000003,312.40000000000003,2030.6000000000001,1796.3000000000002,False,False,True,False
EXPLOSIVE 2.7 TO 4.8,SRD,45,130*62MM TAPPING BLOCKS,130*62MM TAPPING BLOCKS,,,680,780,False,False,True,False
EXPLOSIVE 2.7 TO 4.8,DOOR FITTINGS,53,28779 DOOR CAPPING,28779 DOOR CAPPING,149.08,149.08,882.2554399999999,912.0714399999999,False,False,True,False
EXPLOSIVE 2.7 TO 4.8,DOOR FITTINGS,54,28777 DOOR CAPPING,28777 DOOR CAPPING,132.13,132.13,669.6348399999999,696.06084,False,False,True,False
EXPLOSIVE 2.7 TO 4.8,DOOR FITTINGS,55,2316 DOOR RUBBER,2316 DOOR RUBBER,24.72,24.72,146.29295999999997,151.23695999999998,False,False,True,False
EXPLOSIVE 2.7 TO 4.8,DOOR FITTINGS,56,2317 DOOR RUBBER,2317 DOOR RUBBER,60.18,60.18,356.14523999999994,368.18123999999995,False,False,True,False
EXPLOSIVE 2.7 TO 4.8,DOOR FITTINGS,61,28781 SMALL HORIZ CAPPING,28781 SMALL HORIZ CAPPING,240.58,240.58,1251.016,1106.668,False,False,True,False
EXPLOSIVE 2.7 TO 4.8,DOOR FITTINGS,62,28780 SMALL VERTICAL ,28780 SMALL VERTICAL ,181.78,181.78,763.476,799.8320000000001,False,False,True,False
EXPLOSIVE 2.7 TO 4.8,DOOR FITTINGS,63,0661-0631 LONG RIVETS,0661-0631 LONG RIVETS,0.5150,0.5150,54.178000000000004,55.929,False,False,True,False
EXPLOSIVE 2.7 TO 4.8,DOOR FITTINGS,64,SILPLUS X WHITE SILICONE,SILPLUS X WHITE SILICONE,116.1500,116.1500,603.98,534.29,False,False,True,False
EXPLOSIVE 2.7 TO 4.8,DRD,74,EXT GRP SKIN 2*300,Rhinotex 1150 BW,272.27,213.11,1498.13327487,1086.9848169099998,True,True,True,True
EXPLOSIVE 2.7 TO 4.8,DRD,75,GLUE LINE,GLUE LINE,28.583333333333332,28.583333333333332,157.27639025,145.79160691666664,False,False,True,False
EXPLOSIVE 2.7 TO 4.8,DRD,77,PU,PU,176.520244295302,167.9194899328859,1050.93092643651,999.7254752644295,False,True,True,True
EXPLOSIVE 2.7 TO 4.8,DRD,78,GLUE LINE,GLUE LINE,28.583333333333332,28.583333333333332,157.27639025,145.79160691666664,False,False,True,False
EXPLOSIVE 2.7 TO 4.8,DRD,79,4MM PF PLYWOOD,4MM PF PLYWOOD,95.63758389261746,86.57718120805369,526.2344244966444,441.5939255033556,False,True,True,True
EXPLOSIVE 2.7 TO 4.8,DRD,80,GLUE LINE,GLUE LINE,28.583333333333332,28.583333333333332,157.27639025,145.79160691666664,False,False,True,False
EXPLOSIVE 2.7 TO 4.8,DRD,81,0.9MM ALU PLATE,0.9MM ALU PLATE,312.40000000000003,312.40000000000003,2030.6000000000001,1796.3000000000002,False,False,True,False
EXPLOSIVE 2.7 TO 4.8,DRD,82,130*62MM TAPPING BLOCKS,130*62MM TAPPING BLOCKS,,,1360,1560,False,False,True,True
EXPLOSIVE 2.7 TO 4.8,DOOR FITTINGS,90,28779 DOOR CAPPING,28779 DOOR CAPPING,149.08,149.08,1092.30916,1017.76916,False,False,True,False
EXPLOSIVE 2.7 TO 4.8,DOOR FITTINGS,91,28777 DOOR CAPPING,28777 DOOR CAPPING,132.13,132.13,278.66217,291.87517,False,False,True,False
EXPLOSIVE 2.7 TO 4.8,DOOR FITTINGS,92,2316 DOOR RUBBER,2316 DOOR RUBBER,24.72,24.72,181.12344,168.76344,False,False,True,False
EXPLOSIVE 2.7 TO 4.8,DOOR FITTINGS,93,2317 DOOR RUBBER,2317 DOOR RUBBER,60.18,60.18,440.93886,410.84886,False,False,True,False
EXPLOSIVE 2.7 TO 4.8,SIDES,107,EXT GRP SKIN 2*300,Rhinotex 1150 BW,272.27,213.11,4507.6068255,2612.7179445,True,True,True,True
EXPLOSIVE 2.7 TO 4.8,SIDES,108,GLUE LINE,GLUE LINE,28.583333333333332,28.583333333333332,473.2156625,350.4302375,False,False,True,False
EXPLOSIVE 2.7 TO 4.8,SIDES,110,PU,PU,176.520244295302,167.9194899328859,3381.0687592322142,2273.9657326711413,False,True,True,True
EXPLOSIVE 2.7 TO 4.8,SIDES,111,GLUE LINE,GLUE LINE,28.583333333333332,28.583333333333332,473.2156625,350.4302375,False,False,True,False
EXPLOSIVE 2.7 TO 4.8,SIDES,112,4MM PF PLYWOOD,4MM PF PLYWOOD,95.63758389261746,86.57718120805369,1583.3423657718122,1061.4319127516778,False,True,True,True
EXPLOSIVE 2.7 TO 4.8,SIDES,113,GLUE LINE,GLUE LINE,28.583333333333332,28.583333333333332,473.2156625,350.4302375,False,False,True,False
EXPLOSIVE 2.7 TO 4.8,SIDES,114,0.9MM ALU PLATE,0.9MM ALU PLATE,312.40000000000003,312.40000000000003,5076.500000000001,3579.5833333333344,False,False,True,False
EXPLOSIVE 2.7 TO 4.8,ROOF,121,EXT GRP SKIN 2*300,Rhinotex 1150 BW,272.27,213.11,5663.896674999999,2779.4871749999993,True,True,True,True
EXPLOSIVE 2.7 TO 4.8,ROOF,122,GLUE LINE,GLUE LINE,28.583333333333332,28.583333333333332,594.6047916666666,372.7981249999999,False,False,True,False
EXPLOSIVE 2.7 TO 4.8,ROOF,124,PU,PU,176.520244295302,167.9194899328859,3381.0687592322142,2273.9657326711413,False,True,True,True
EXPLOSIVE 2.7 TO 4.8,ROOF,125,GLUE LINE,GLUE LINE,28.583333333333332,28.583333333333332,594.6047916666666,372.7981249999999,False,False,True,False
EXPLOSIVE 2.7 TO 4.8,ROOF,126,4MM PF PLYWOOD,4MM PF PLYWOOD,95.63758389261746,86.57718120805369,1989.5008389261745,1129.18288590604,False,True,True,True
EXPLOSIVE 2.7 TO 4.8,ROOF,127,GLUE LINE,GLUE LINE,28.583333333333332,28.583333333333332,594.6047916666666,372.7981249999999,False,False,True,False
EXPLOSIVE 2.7 TO 4.8,ROOF,128,0.9MM ALU PLATE,0.9MM ALU PLATE,312.40000000000003,312.40000000000003,5109.041666666668,3612.1250000000005,False,False,True,False
EXPLOSIVE 2.7 TO 4.8,FLOOR,135,EXT GRP SKIN 2*300,Rhinotex 1150 BW,272.27,213.11,5663.896674999999,2779.4871749999993,True,True,True,True
EXPLOSIVE 2.7 TO 4.8,FLOOR,136,GLUE LINE,GLUE LINE,28.583333333333332,28.583333333333332,594.6047916666666,372.7981249999999,False,False,True,False
EXPLOSIVE 2.7 TO 4.8,FLOOR,137,18MM PF PLYWOOD,18MM PF PLYWOOD,636.8,358.4,12497.199999999999,4972.799999999999,False,True,True,True
EXPLOSIVE 2.7 TO 4.8,FLOOR,138,GLUE LINE,GLUE LINE,28.583333333333332,28.583333333333332,560.9479166666666,396.59375,False,False,True,False
EXPLOSIVE 2.7 TO 4.8,FLOOR,139,RICE GRAIN,RICE GRAIN,3336.472602739726,3336.472602739726,26191.309931506847,18517.42294520548,False,False,True,False
EXPLOSIVE 2.7 TO 4.8,FLOOR,140,ALU KICK PLATE,ALU KICK PLATE,496.05,496.05,10268.235,7986.405000000001,False,False,True,False
EXPLOSIVE 2.7 TO 4.8,ALUMINIUM,147,28783  SMALL HORIZONTALE CAP,28783  SMALL HORIZONTALE CAP,240.58,240.58,8564.648000000001,6399.428,False,False,True,False
EXPLOSIVE 2.7 TO 4.8,ALUMINIUM,148,28780 SMALL VERTICAL,28780 SMALL VERTICAL,181.78,181.78,963.434,854.3659999999999,False,False,True,False
EXPLOSIVE 2.7 TO 4.8,ALUMINIUM,149,0661-0631 LONG RIVETS,0661-0631 LONG RIVETS,0.5150,0.5150,218.875,169.435,False,False,True,False
EXPLOSIVE 2.7 TO 4.8,ALUMINIUM,150,SILPLUS - X WHITE,SILPLUS - X WHITE,116.1500,116.1500,1811.94,1277.65,False,False,True,False
EXPLOSIVE 2.7 TO 4.8,SUB FRAME + LIGHT BOX ASSY,158,178*54 RSC,178*54 RSC,243,243,3815.1,2697.2999999999997,False,False,True,False
EXPLOSIVE 2.7 TO 4.8,SUB FRAME + LIGHT BOX ASSY,159,100*50*3MM CROSS MEMBER,100*50*3MM CROSS MEMBER,243,243,1979.2947540983612,1395.6565573770495,False,False,True,False
EXPLOSIVE 2.7 TO 4.8,REAR FRAME + FLOOR PLATE,185,3MM 3CR12 REAR FRAME,3MM 3CR12 REAR FRAME,965.76,965.76,847.744128,888.1128960000001,False,False,True,False
EXPLOSIVE 2.7 TO 4.8,REAR FRAME + FLOOR PLATE,186,TOP FRAME RAIN GUTTER,TOP FRAME RAIN GUTTER,965.76,965.76,765.8476800000001,677.4806399999999,False,False,True,False
EXPLOSIVE 2.7 TO 4.8,REFLEXITE TAPE,202,50MM REFLEXITE TAPE,50MM REFLEXITE TAPE,18.0000,18.0000,327.59999999999997,239.4,False,False,True,False
EXPLOSIVE 4.9 AND UP,FRONT,24,EXT GRP SKIN 2*300,Rhinotex 1150 BW,272.27,213.11,1472.7432805600001,1152.7392680800003,True,True,True,True
EXPLOSIVE 4.9 AND UP,FRONT,27,PU,PU,246.48503355704702,226.55645637583896,1467.473295785235,1348.8265186791948,False,True,True,True
EXPLOSIVE 4.9 AND UP,FRONT,29,4MM PF PLYWOOD,4MM PF PLYWOOD,95.63758389261746,86.57718120805369,517.3159328859061,468.3070550335571,False,True,True,True
EXPLOSIVE 4.9 AND UP,SRD,37,EXT GRP SKIN 2*300,Rhinotex 1150 BW,272.27,213.11,1472.7432805600001,1152.7392680800003,True,True,True,True
EXPLOSIVE 4.9 AND UP,SRD,40,PU,PU,0,0,0,0,False,False,False,True
EXPLOSIVE 4.9 AND UP,SRD,42,4MM PF PLYWOOD,4MM PF PLYWOOD,95.63758389261746,86.57718120805369,517.3159328859061,468.3070550335571,False,True,True,True
EXPLOSIVE 4.9 AND UP,SRD,45,130*62MM TAPPING BLOCKS,130*62MM TAPPING BLOCKS,,,680,780,False,False,True,True
EXPLOSIVE 4.9 AND UP,DRD,74,EXT GRP SKIN 2*300,Rhinotex 1150 BW,272.27,213.11,1496.84897728,1171.6071750400001,True,True,True,True
EXPLOSIVE 4.9 AND UP,DRD,77,PU,PU,246.48503355704702,226.55645637583896,1467.473295785235,1348.8265186791948,False,True,True,True
EXPLOSIVE 4.9 AND UP,DRD,79,4MM PF PLYWOOD,4MM PF PLYWOOD,95.63758389261746,86.57718120805369,525.7833020134229,475.9722523489933,False,True,True,True
EXPLOSIVE 4.9 AND UP,DRD,82,130*62MM TAPPING BLOCKS,130*62MM TAPPING BLOCKS,,,1360,1560,False,False,True,True
EXPLOSIVE 4.9 AND UP,SIDES,107,EXT GRP SKIN 2*300,Rhinotex 1150 BW,272.27,213.11,8465.69111,6626.229230000001,True,True,True,True
EXPLOSIVE 4.9 AND UP,SIDES,110,PU,PU,246.48503355704702,226.55645637583896,8870.99635771812,8153.766864966444,False,True,True,True
EXPLOSIVE 4.9 AND UP,SIDES,112,4MM PF PLYWOOD,4MM PF PLYWOOD,95.63758389261746,86.57718120805369,2973.6593959731545,2691.9442953020134,False,True,True,True
EXPLOSIVE 4.9 AND UP,ROOF,121,EXT GRP SKIN 2*300,Rhinotex 1150 BW,272.27,213.11,10642.353625,8329.937125,True,True,True,True
EXPLOSIVE 4.9 AND UP,ROOF,124,PU,PU,246.48503355704702,226.55645637583896,8870.99635771812,8153.766864966444,False,True,True,True
EXPLOSIVE 4.9 AND UP,ROOF,126,4MM PF PLYWOOD,4MM PF PLYWOOD,95.63758389261746,86.57718120805369,3738.234060402685,3384.0855704697983,False,True,True,True
EXPLOSIVE 4.9 AND UP,FLOOR,135,EXT GRP SKIN 2*300,Rhinotex 1150 BW,272.27,213.11,10642.353625,8329.937125,True,True,True,True
EXPLOSIVE 4.9 AND UP,FLOOR,137,18 MM PF PLYWOOD,18 MM PF PLYWOOD,636.8,358.4,24890.92,14008.96,False,True,True,True
UP TO 2.3 CHILLER BODY,FRONT,24,EXT GRP SKIN 2*300,Rhinotex 1150 BW,272.27,213.11,799.8040157999999,626.0191494,True,True,True,True
UP TO 2.3 CHILLER BODY,FRONT,27,PU,PU,0,0,0,0,False,False,False,True
UP TO 2.3 CHILLER BODY,FRONT,29,58MM PICTURE FRAME,58MM PICTURE FRAME,38.09979477838494,37.28646144505161,261.21219300060716,255.6359796672738,False,True,True,True
UP TO 2.3 CHILLER BODY,FRONT,30,INT GRP SKIN 2*300,Rhinotex 1150 Bioshield,267.84,222.76,786.7907135999999,654.3664104,True,True,True,True
UP TO 2.3 CHILLER BODY,SRD,36,EXT GRP SKIN 2*300,Rhinotex 1150 BW,272.27,213.11,799.8040157999999,626.0191494,True,True,True,True
UP TO 2.3 CHILLER BODY,SRD,39,PU,PU,0,0,0,0,False,False,False,True
UP TO 2.3 CHILLER BODY,SRD,41,INT GRP SKIN 2*300,Rhinotex 1150 Bioshield,267.84,222.76,786.7907135999999,654.3664104,True,True,True,True
UP TO 2.3 CHILLER BODY,SRD,42,130*62MM TAPPING BLOCKS,130*62MM TAPPING BLOCKS,,,408,468,False,False,True,True
UP TO 2.3 CHILLER BODY,DRD,71,EXT GRP SKIN 2*300,Rhinotex 1150 BW,272.27,213.11,827.5428833999999,647.7307962,True,True,True,True
UP TO 2.3 CHILLER BODY,DRD,74,PU,PU,0,0,0,0,False,False,False,True
UP TO 2.3 CHILLER BODY,DRD,76,INT GRP SKIN 2*300,Rhinotex 1150 Bioshield,267.84,222.76,814.0782527999999,677.0611991999999,True,True,True,True
UP TO 2.3 CHILLER BODY,DRD,77,130*62MM TAPPING BLOCKS,130*62MM TAPPING BLOCKS,,,816,936,False,False,True,True
UP TO 2.3 CHILLER BODY,SIDES,102,EXT GRP SKIN 2*300,Rhinotex 1150 BW,272.27,213.11,1271.364765,995.1171450000002,True,True,True,True
UP TO 2.3 CHILLER BODY,SIDES,105,PU,PU,0,0,0,0,False,False,False,True
UP TO 2.3 CHILLER BODY,SIDES,107,INT GRP SKIN 2*300,Rhinotex 1150 Bioshield,267.84,222.76,1250.67888,1040.17782,True,True,True,True
UP TO 2.3 CHILLER BODY,SIDES,108,58 MM PICTURE FRAME,58 MM PICTURE FRAME,38.09979477838494,37.28646144505161,338.93577434851244,331.7003610151791,False,True,True,True
UP TO 2.3 CHILLER BODY,ROOF,115,EXT GRP SKIN 2*300,Rhinotex 1150 BW,267.84,213.11,1362.636,1084.1971250000001,True,True,True,True
UP TO 2.3 CHILLER BODY,ROOF,118,PU,PU,0,0,0,0,False,False,False,True
UP TO 2.3 CHILLER BODY,ROOF,120,INT GRP SKIN 2*300,Rhinotex 1150 Bioshield,267.84,222.76,1362.636,1133.2915,True,True,True,True
UP TO 2.3 CHILLER BODY,ROOF,121,94MM PICTURE FRAME,94MM PICTURE FRAME,45.22052811171828,44.40719477838495,416.0288586278082,408.5461919611415,False,True,True,True
UP TO 2.3 CHILLER BODY,FLOOR,128,EXT GRP SKIN 2*300,EXT GRP SKIN 2*300,267.84,213.11,1362.636,1084.1971250000001,False,True,True,True
UP TO 2.3 CHILLER BODY,FLOOR,131,PU,PU,0,0,0,0,False,False,False,True
UP TO 2.3 CHILLER BODY,FLOOR,133,9MM PF PLYWOOD,9MM PF PLYWOOD,124.16107382550335,112.75167785234899,631.6694630872483,573.6241610738256,False,True,True,True
UP TO 2.3 CHILLER BODY,FLOOR,135,100*50 TIMBER,100*50 LVL Beam,128.67383512544802,146.59498207885304,1987.9384640167532,2264.8101163867746,True,True,True,True
UP TO 2.3 CHILLER BODY,FLOOR,136,2*300 INT LAMINATION,2*300 INT LAMINATION,100.30799999999999,50.153999999999996,1414.3428000000001,707.1714000000001,False,True,True,False
UP TO 5.5 CHILLER AND 2.3 WIDE,FRONT,27,EXT GRP SKIN 2*300,Rhinotex 1150 BW,272.27,213.11,1334.5422957999995,1044.5671893999997,True,True,True,True
UP TO 5.5 CHILLER AND 2.3 WIDE,FRONT,30,PU,PU,0,0,0,0,False,False,False,True
UP TO 5.5 CHILLER AND 2.3 WIDE,FRONT,32,4MM PF PLYWOOD,4MM PF PLYWOOD,71.47651006711409,68.79194630872483,350.34497315436226,337.186476510067,False,True,True,True
UP TO 5.5 CHILLER AND 2.3 WIDE,FRONT,34,58 MM PICTURE FRAME,58 MM PICTURE FRAME,38.09979477838494,37.28646144505161,746.9906723921794,731.0443289255127,False,True,True,True
UP TO 5.5 CHILLER AND 2.3 WIDE,FRONT,35,INT GRP SKIN 1*450,Rhinotex 1150 Bioshield,267.84,222.76,1312.8284735999994,1091.8670503999995,True,True,True,True
UP TO 5.5 CHILLER AND 2.3 WIDE,SRD,41,EXT GRP SKIN 2*300,Rhinotex 1150 BW,272.27,213.11,1334.5422957999995,1044.5671893999997,True,True,True,True
UP TO 5.5 CHILLER AND 2.3 WIDE,SRD,44,PU,PU,0,0,0,0,False,False,False,True
UP TO 5.5 CHILLER AND 2.3 WIDE,SRD,46,4MM PF PLYWOOD,4MM PF PLYWOOD,71.47651006711409,68.79194630872483,0,0,False,True,False,True
UP TO 5.5 CHILLER AND 2.3 WIDE,SRD,48,INT GRP SKIN 1*450,Rhinotex 1150 Bioshield,267.84,222.76,1312.8284735999994,1091.8670503999995,True,True,True,True
UP TO 5.5 CHILLER AND 2.3 WIDE,SRD,49,130*62MM TAPPING BLOCKS,130*62MM TAPPING BLOCKS,,,408,468,False,False,True,True
UP TO 5.5 CHILLER AND 2.3 WIDE,DRD,78,EXT GRP SKIN 2*300,Rhinotex 1150 BW,272.27,213.11,1370.4492633999994,1072.6721361999996,True,True,True,True
UP TO 5.5 CHILLER AND 2.3 WIDE,DRD,81,PU,PU,0,0,0,0,False,False,False,True
UP TO 5.5 CHILLER AND 2.3 WIDE,DRD,83,4MM PF PLYWOOD,4MM PF PLYWOOD,71.47651006711409,68.79194630872483,359.77129530201324,346.2587583892616,False,True,True,True
UP TO 5.5 CHILLER AND 2.3 WIDE,DRD,85,INT GRP SKIN 2*300,Rhinotex 1150 Bioshield,267.84,222.76,1348.1512127999993,1121.2446391999995,True,True,True,True
UP TO 5.5 CHILLER AND 2.3 WIDE,DRD,86,130*62MM TAPPING BLOCKS,130*62MM TAPPING BLOCKS,,,816,936,False,False,True,True
UP TO 5.5 CHILLER AND 2.3 WIDE,SIDES,111,EXT GRP SKIN 2*300,Rhinotex 1150 BW,272.27,213.11,3321.3945029999986,2599.7075789999994,True,True,True,True
UP TO 5.5 CHILLER AND 2.3 WIDE,SIDES,114,PU,PU,0,0,0,0,False,False,False,True
UP TO 5.5 CHILLER AND 2.3 WIDE,SIDES,116,4MM PF PLYWOOD,4MM PF PLYWOOD,71.47651006711409,68.79194630872483,871.9347986577178,839.1860738255031,False,True,True,True
UP TO 5.5 CHILLER AND 2.3 WIDE,SIDES,118,INT GRP SKIN 2*300,Rhinotex 1150 Bioshield,267.84,222.76,3267.3533759999987,2717.4269639999993,True,True,True,True
UP TO 5.5 CHILLER AND 2.3 WIDE,SIDES,119,58 MM PICTURE FRAME,58 MM PICTURE FRAME,38.09979477838494,37.28646144505161,590.3944198858529,577.7910065525197,False,True,True,True
UP TO 5.5 CHILLER AND 2.3 WIDE,ROOF,126,EXT GRP SKIN 2*300,Rhinotex 1150 BW,267.84,213.11,3493.303199999999,2779.4871749999993,True,True,True,True
UP TO 5.5 CHILLER AND 2.3 WIDE,ROOF,129,PU,PU,0,0,0,0,False,False,False,True
UP TO 5.5 CHILLER AND 2.3 WIDE,ROOF,131,INT GRP SKIN 2*300,Rhinotex 1150 Bioshield,267.84,222.76,3493.303199999999,2905.347299999999,True,True,True,True
UP TO 5.5 CHILLER AND 2.3 WIDE,ROOF,132,94 MM PICTURE FRAME,94 MM PICTURE FRAME,45.22052811171828,44.40719477838495,714.4843441651487,701.6336774984821,False,True,True,True
UP TO 5.5 CHILLER AND 2.3 WIDE,FLOOR,139,EXT GRP SKIN 2*300,Rhinotex 1150 BW,267.84,213.11,3493.303199999999,2779.4871749999993,True,True,True,True
UP TO 5.5 CHILLER AND 2.3 WIDE,FLOOR,142,PU,PU,0,0,0,0,False,False,False,True
UP TO 5.5 CHILLER AND 2.3 WIDE,FLOOR,144,12MM PF PLYWOOD,12MM PF PLYWOOD,354.0268456375839,267.7852348993289,4617.395134228187,3492.588926174496,False,True,True,True
UP TO 5.5 CHILLER AND 2.3 WIDE,FLOOR,146,228*50 TIMBER,228*50 TIMBER,128.67383512544802,146.59498207885304,0,0,False,True,False,False
UP TO 5.5 CHILLER AND 2.3 WIDE,FLOOR,147,100*50 TIMBER,100*50 LVL Beam,128.67383512544802,146.59498207885304,3109.647140493915,3542.745628027886,True,True,True,True
UP TO 5.5 CHILLER AND 2.3 WIDE,FLOOR,148,2*300 INT LAMINATION,2*300 INT LAMINATION,100.30799999999999,50.153999999999996,3640.67886,1820.33943,False,True,True,False
 4.9 & UP CHILLER AND 2.5 WIDE ,FRONT,26,EXT GRP SKIN 2*300,Rhinotex 1150 BW,272.27,213.11,1687.6655949999997,1320.962335,True,True,True,True
 4.9 & UP CHILLER AND 2.5 WIDE ,FRONT,31,4MM PF PLYWOOD,4MM PF PLYWOOD,71.47651006711409,68.79194630872483,443.04714765100664,426.4068791946308,False,True,True,True
 4.9 & UP CHILLER AND 2.5 WIDE ,FRONT,33,58 MM PICTURE FRAME,58 MM PICTURE FRAME,38.09979477838494,37.28646144505161,379.47395599271397,371.373155992714,False,True,True,True
 4.9 & UP CHILLER AND 2.5 WIDE ,FRONT,34,INT GRP SKIN 1*450,Rhinotex 1150 Bioshield,267.84,222.76,1660.2062399999998,1380.7778599999997,True,True,True,True
 4.9 & UP CHILLER AND 2.5 WIDE ,SRD,40,EXT GRP SKIN 2*300,Rhinotex 1150 BW,272.27,213.11,1687.6655949999997,1320.962335,True,True,True,True
 4.9 & UP CHILLER AND 2.5 WIDE ,SRD,43,PU,PU,0,0,0,0,False,False,False,True
 4.9 & UP CHILLER AND 2.5 WIDE ,SRD,45,4MM PF PLYWOOD,4MM PF PLYWOOD,95.63758389261746,86.57718120805369,592.8095637583892,536.6486577181207,False,True,True,True
 4.9 & UP CHILLER AND 2.5 WIDE ,SRD,47,INT GRP SKIN 1*450,Rhinotex 1150 Bioshield,267.84,222.76,1660.2062399999998,1380.7778599999997,True,True,True,True
 4.9 & UP CHILLER AND 2.5 WIDE ,SRD,48,130*62MM TAPPING BLOCKS,130*62MM TAPPING BLOCKS,,,408,468,False,False,True,True
 4.9 & UP CHILLER AND 2.5 WIDE ,DRD,77,EXT GRP SKIN 2*300,Rhinotex 1150 BW,272.27,213.11,1727.6892849999995,1352.2895049999997,True,True,True,True
 4.9 & UP CHILLER AND 2.5 WIDE ,DRD,80,PU,PU,0,0,0,0,False,False,False,True
 4.9 & UP CHILLER AND 2.5 WIDE ,DRD,82,4MM PF PLYWOOD,4MM PF PLYWOOD,71.47651006711409,68.79194630872483,453.55419463087236,436.51929530201335,False,True,True,True
 4.9 & UP CHILLER AND 2.5 WIDE ,DRD,84,INT GRP SKIN 1*450,Rhinotex 1150 Bioshield,267.84,222.76,1699.5787199999995,1413.5235799999996,True,True,True,True
 4.9 & UP CHILLER AND 2.5 WIDE ,DRD,85,130*62MM TAPPING BLOCKS,130*62MM TAPPING BLOCKS,,,816,936,False,False,True,True
 4.9 & UP CHILLER AND 2.5 WIDE ,SIDES,110,EXT GRP SKIN 2*300,Rhinotex 1150 BW,272.27,213.11,5036.314324999999,3942.002225,True,True,True,True
 4.9 & UP CHILLER AND 2.5 WIDE ,SIDES,113,PU,PU,0,0,0,0,False,False,False,True
 4.9 & UP CHILLER AND 2.5 WIDE ,SIDES,115,4MM PF PLYWOOD,4MM PF PLYWOOD,71.47651006711409,68.79194630872483,1322.1367449664428,1272.4790268456375,False,True,True,True
 4.9 & UP CHILLER AND 2.5 WIDE ,SIDES,117,INT GRP SKIN 1*450,Rhinotex 1150 Bioshield,267.84,222.76,4954.370399999999,4120.5031,True,True,True,True
 4.9 & UP CHILLER AND 2.5 WIDE ,SIDES,118,58 MM PICTURE FRAME,58 MM PICTURE FRAME,38.09979477838494,37.28646144505161,761.9958955676988,745.7292289010321,False,True,True,True
 4.9 & UP CHILLER AND 2.5 WIDE ,ROOF,125,EXT GRP SKIN 1*450,Rhinotex 1150 BW,267.84,213.11,5358.8088,4263.798325000001,True,True,True,True
 4.9 & UP CHILLER AND 2.5 WIDE ,ROOF,128,PU,PU,0,0,0,0,False,False,False,True
 4.9 & UP CHILLER AND 2.5 WIDE ,ROOF,130,INT GRP SKIN 1*450,Rhinotex 1150 Bioshield,267.84,222.76,5358.8088,4456.8706999999995,True,True,True,True
 4.9 & UP CHILLER AND 2.5 WIDE ,ROOF,131,94 MM PICTURE FRAME,94 MM PICTURE FRAME,45.22052811171828,44.40719477838495,922.4987734790528,905.9067734790528,False,True,True,True
 4.9 & UP CHILLER AND 2.5 WIDE ,FLOOR,138,EXT GRP SKIN 2*300,Rhinotex 1150 BW,267.84,213.11,5358.8088,4263.798325000001,True,True,True,True
 4.9 & UP CHILLER AND 2.5 WIDE ,FLOOR,141,PU,PU,0,0,0,0,False,False,False,True
 4.9 & UP CHILLER AND 2.5 WIDE ,FLOOR,143,18 MM PF PLYWOOD,18 MM PF PLYWOOD,667.7852348993289,375.83892617449663,13360.713087248323,7519.597315436242,False,True,True,True
 4.9 & UP CHILLER AND 2.5 WIDE ,FLOOR,145,100*50 timber,100*50 LVL Beam,128.67383512544802,146.59498207885304,1749.4570687006724,1993.114042057312,True,True,True,True
 4.9 & UP CHILLER AND 2.5 WIDE ,FLOOR,146,2*300 INT LAMINATION,2*300 INT LAMINATION,100.30799999999999,50.153999999999996,5342.905619999999,2671.4528099999993,False,True,True,False
